timestamp,trial_id,inspection_point_id,state,grip_event,tcp_x,tcp_y,tcp_z,tcp_rx,tcp_ry,tcp_rz,base_fx,base_fy,base_fz,base_tx,base_ty,base_tz,base_dfx,base_dfy,base_dfz,base_dtx,base_dty,base_dtz,tool_fx,tool_fy,tool_fz,tool_tx,tool_ty,tool_tz,tool_dfx,tool_dfy,tool_dfz,tool_dtx,tool_dty,tool_dtz,entry_force_n,entry_depth_mm,pull_force_n,pull_displacement_mm,gripper_width,gripper_state
2026-09-21T15:51:12.743+09:00,TEST_0001_LAN_L2,LAN_L2,PREPARE_SOFT_GRIP,INITIAL_SOFT_GRIP_OPEN_COMMAND,601.8335571289062,-302.96197509765625,336.94122314453125,90.33450317382812,-90.00147247314453,179.9908447265625,-5.6593,-0.8418,4.9918,-0.1962,-1.5034,1.7412,0.0,0.0,0.0,0.0,0.0,0.0,-4.9909,-5.6649,0.8087,-0.1962,-1.5034,1.7412,0.0,0.0,0.0,0.0,0.0,0.0,,,,,18.9,moving
2026-09-21T15:51:13.379+09:00,TEST_0001_LAN_L2,LAN_L2,PREPARE_SOFT_GRIP,INITIAL_SOFT_GRIP_OPEN_REACHED,601.8331909179688,-302.9640197753906,336.9365234375,90.33429718017578,-90.00193786621094,179.99063110351562,-5.0829,-2.955,2.4015,-0.4233,-1.4796,1.4678,0.0,0.0,0.0,0.0,0.0,0.0,-2.4007,-5.1004,2.9252,-0.4233,-1.4796,1.4678,0.0,0.0,0.0,0.0,0.0,0.0,,,,,25.7,holding
2026-09-21T15:51:18.790+09:00,TEST_0001_LAN_L2,LAN_L2,SOFT_GRIP_ENTRY,SOFT_GRIP_COMMAND,601.7949829101562,-303.10345458984375,336.84283447265625,90.32486724853516,-89.99806213378906,179.97232055664062,-5.3637,-2.0562,2.1587,-0.269,-1.5455,1.4201,0.0,0.0,0.0,0.0,0.0,0.0,-2.156,-5.3764,2.0259,-0.269,-1.5455,1.4201,0.0,0.0,0.0,0.0,0.0,0.0,,,,,25.7,holding
2026-09-21T15:51:18.882+09:00,TEST_0001_LAN_L2,LAN_L2,SOFT_GRIP_ENTRY,ENTRY_MOTION_START_WIDTH_REACHED,601.7951049804688,-303.0962219238281,336.840576171875,90.32498931884766,-89.99833679199219,179.9724884033203,-5.2962,-2.2683,2.1439,-0.3009,-1.5315,1.4717,0.0675,-0.2121,-0.0148,-0.0319,0.014,0.0516,-2.1412,-5.31,2.2383,-0.3009,-1.5315,1.4717,0.0148,0.0663,0.2124,-0.0319,0.014,0.0516,,,,,24.9,moving
2026-09-21T15:51:19.904+09:00,TEST_0001_LAN_L2,LAN_L2,SOFT_GRIP_ENTRY,SOFT_GRIP_STABILIZATION_END,601.795654296875,-303.2037658691406,336.8350524902344,90.32470703125,-89.99800872802734,179.97181701660156,-4.6683,-1.097,3.3219,-0.2697,-1.5398,1.205,0.0,0.0,0.0,0.0,0.0,0.0,-3.3195,-4.6761,1.0707,-0.2697,-1.5398,1.205,0.0,0.0,0.0,0.0,0.0,0.0,,,,,21.8,holding
2026-09-21T15:51:19.958+09:00,TEST_0001_LAN_L2,LAN_L2,HARD_GRIP,HARD_GRIP_COMMAND,601.794921875,-303.204833984375,336.8343505859375,90.3246078491211,-89.99800109863281,179.97171020507812,-4.6683,-1.097,3.3219,-0.2697,-1.5398,1.205,0.0,0.0,0.0,0.0,0.0,0.0,-3.3195,-4.6761,1.0707,-0.2697,-1.5398,1.205,0.0,0.0,0.0,0.0,0.0,0.0,,,,,21.8,holding
2026-09-21T15:51:20.961+09:00,TEST_0001_LAN_L2,LAN_L2,HARD_GRIP,HARD_GRIP_STABILIZATION_END,601.793212890625,-303.20379638671875,336.83514404296875,90.32437896728516,-89.998046875,179.9718017578125,-4.7188,0.8604,5.5001,-0.3411,-1.568,1.298,0.0,0.0,0.0,0.0,0.0,0.0,-5.4978,-4.7166,-0.8869,-0.3411,-1.568,1.298,0.0,0.0,0.0,0.0,0.0,0.0,,,,,18.9,holding
2026-09-21T15:51:20.981+09:00,TEST_0001_LAN_L2,LAN_L2,PULL_TEST,,601.793212890625,-303.20379638671875,336.83514404296875,90.32437896728516,-89.998046875,179.9718017578125,-4.7236,0.8631,5.461,-0.362,-1.5706,1.307,-0.0048,0.0027,-0.039,-0.0209,-0.0026,0.009,-5.4587,-4.7213,-0.8896,-0.362,-1.5706,1.307,0.039,-0.0047,-0.0027,-0.0209,-0.0026,0.009,,,0.0027,0.0,18.9,holding
2026-09-21T15:51:21.038+09:00,TEST_0001_LAN_L2,LAN_L2,PULL_TEST,,601.7942504882812,-303.20172119140625,336.83514404296875,90.32457733154297,-89.998046875,179.9718017578125,-4.7236,0.8631,5.461,-0.362,-1.5706,1.307,-0.0048,0.0027,-0.039,-0.0209,-0.0026,0.009,-5.4587,-4.7213,-0.8896,-0.362,-1.5706,1.307,0.039,-0.0047,-0.0027,-0.0209,-0.0026,0.009,,,0.0027,0.0021,18.9,holding
2026-09-21T15:51:21.093+09:00,TEST_0001_LAN_L2,LAN_L2,PULL_TEST,,601.7815551757812,-303.17803955078125,336.8392333984375,90.32254791259766,-89.9973373413086,179.97178649902344,-4.7006,0.7339,5.3958,-0.3818,-1.5689,1.3209,0.0182,-0.1265,-0.1043,-0.0407,-0.0009,0.0229,-5.3935,-4.6991,-0.7603,-0.3818,-1.5689,1.3209,0.1042,0.0175,0.1266,-0.0407,-0.0009,0.0229,,,0.1265,0.0258,18.9,holding
2026-09-21T15:51:21.148+09:00,TEST_0001_LAN_L2,LAN_L2,PULL_TEST,,601.7308349609375,-303.0697937011719,336.84356689453125,90.31452178955078,-89.99659729003906,179.97164916992188,-4.7006,0.7339,5.3958,-0.3818,-1.5689,1.3209,0.0182,-0.1265,-0.1043,-0.0407,-0.0009,0.0229,-5.3935,-4.6991,-0.7603,-0.3818,-1.5689,1.3209,0.1042,0.0175,0.1266,-0.0407,-0.0009,0.0229,,,0.1265,0.134,18.9,holding
2026-09-21T15:51:21.203+09:00,TEST_0001_LAN_L2,LAN_L2,PULL_TEST,,601.664306640625,-302.81591796875,336.8367919921875,90.30484008789062,-89.997802734375,179.97134399414062,-4.2093,-0.8595,5.3028,-0.3686,-1.5689,1.4324,0.5095,-1.7199,-0.1972,-0.0275,-0.0009,0.1345,-5.3007,-4.2165,0.837,-0.3686,-1.5689,1.4324,0.1971,0.5001,1.7239,-0.0275,-0.0009,0.1345,,,1.7199,0.3879,18.9,holding
2026-09-21T15:51:21.258+09:00,TEST_0001_LAN_L2,LAN_L2,PULL_TEST,,601.6340942382812,-302.3830261230469,336.83148193359375,90.30278015136719,-89.99871063232422,179.9708251953125,-4.2093,-0.8595,5.3028,-0.3686,-1.5689,1.4324,0.5095,-1.7199,-0.1972,-0.0275,-0.0009,0.1345,-5.3007,-4.2165,0.837,-0.3686,-1.5689,1.4324,0.1971,0.5001,1.7239,-0.0275,-0.0009,0.1345,,,1.7199,0.8208,18.9,holding
2026-09-21T15:51:21.313+09:00,TEST_0001_LAN_L2,LAN_L2,PULL_TEST,,601.580322265625,-301.88616943359375,336.83648681640625,90.2969970703125,-89.99727630615234,179.96983337402344,-3.7986,-4.7033,4.9754,-0.3961,-1.5825,1.6094,0.9203,-5.5637,-0.5247,-0.055,-0.0145,0.3114,-4.9732,-3.8258,4.6834,-0.3961,-1.5825,1.6094,0.5245,0.8908,5.5703,-0.055,-0.0145,0.3114,,,5.5637,1.3176,18.9,holding
2026-09-21T15:51:21.368+09:00,TEST_0001_LAN_L2,LAN_L2,PULL_TEST,,601.5576171875,-301.34356689453125,336.82391357421875,90.29623413085938,-89.99700164794922,179.96755981445312,-3.7986,-4.7033,4.9754,-0.3961,-1.5825,1.6094,0.9203,-5.5637,-0.5247,-0.055,-0.0145,0.3114,-4.9732,-3.8258,4.6834,-0.3961,-1.5825,1.6094,0.5245,0.8908,5.5703,-0.055,-0.0145,0.3114,,,5.5637,1.8602,18.9,holding
2026-09-21T15:51:21.424+09:00,TEST_0001_LAN_L2,LAN_L2,PULL_TEST,,601.5515747070312,-300.7726135253906,336.7831115722656,90.29678344726562,-89.99647521972656,179.96163940429688,-3.8827,-9.0534,4.5045,-0.3938,-1.5933,1.833,0.8361,-9.9138,-0.9956,-0.0527,-0.0253,0.535,-4.5018,-3.9321,9.0334,-0.3938,-1.5933,1.833,0.996,0.7845,9.9203,-0.0527,-0.0253,0.535,,,9.9138,2.4312,18.9,holding
2026-09-21T15:51:21.480+09:00,TEST_0001_LAN_L2,LAN_L2,PULL_TEST,,601.5565185546875,-300.185791015625,336.71624755859375,90.29769134521484,-89.99642944335938,179.9461669921875,-4.7673,-12.0384,4.2372,-0.3798,-1.6262,2.0843,-0.0485,-12.8988,-1.2629,-0.0387,-0.0582,0.7864,-4.232,-4.8336,12.0138,-0.3798,-1.6262,2.0843,1.2658,-0.117,12.9007,-0.0387,-0.0582,0.7864,,,12.8988,3.018,18.9,holding
2026-09-21T15:51:21.536+09:00,TEST_0001_LAN_L2,LAN_L2,PULL_TEST,,601.5865478515625,-299.5975341796875,336.64697265625,90.30177307128906,-89.99700927734375,179.93736267089844,-4.7673,-12.0384,4.2372,-0.3798,-1.6262,2.0843,-0.0485,-12.8988,-1.2629,-0.0387,-0.0582,0.7864,-4.232,-4.8336,12.0138,-0.3798,-1.6262,2.0843,1.2658,-0.117,12.9007,-0.0387,-0.0582,0.7864,,,12.8988,3.6063,18.9,holding
2026-09-21T15:51:21.591+09:00,TEST_0001_LAN_L2,LAN_L2,PULL_TEST,,601.59814453125,-299.0237121582031,336.6166687011719,90.30213928222656,-89.99675750732422,179.9341583251953,-5.609,-13.9965,3.8514,-0.4993,-1.6819,2.3012,-0.8902,-14.8568,-1.6486,-0.1582,-0.1139,1.0033,-3.8442,-5.6869,13.967,-0.4993,-1.6819,2.3012,1.6535,-0.9704,14.8539,-0.1582,-0.1139,1.0033,,,14.8568,4.1801,18.8,holding
2026-09-21T15:51:21.646+09:00,TEST_0001_LAN_L2,LAN_L2,PULL_TEST,,601.6637573242188,-298.35870361328125,336.59454345703125,90.31333923339844,-89.99714660644531,179.9320068359375,-5.609,-13.9965,3.8514,-0.4993,-1.6819,2.3012,-0.8902,-14.8568,-1.6486,-0.1582,-0.1139,1.0033,-3.8442,-5.6869,13.967,-0.4993,-1.6819,2.3012,1.6535,-0.9704,14.8539,-0.1582,-0.1139,1.0033,,,14.8568,4.8451,18.4,holding
2026-09-21T15:51:21.702+09:00,TEST_0001_LAN_L2,LAN_L2,PULL_TEST,,601.7578125,-297.6355285644531,336.5892333984375,90.32969665527344,-89.99732208251953,179.9324493408203,-5.9336,-10.2396,4.086,-0.5235,-1.6868,2.3504,-1.2148,-11.1,-1.4141,-0.1824,-0.1187,1.0524,-4.0785,-5.9962,10.2061,-0.5235,-1.6868,2.3504,1.4193,-1.2797,11.093,-0.1824,-0.1187,1.0524,,,11.1,5.5683,18.1,holding
2026-09-21T15:51:21.759+09:00,TEST_0001_LAN_L2,LAN_L2,PULL_TEST,,601.7809448242188,-297.011962890625,336.6194152832031,90.33312225341797,-89.99675750732422,179.9363250732422,-5.9336,-10.2396,4.086,-0.5235,-1.6868,2.3504,-1.2148,-11.1,-1.4141,-0.1824,-0.1187,1.0524,-4.0785,-5.9962,10.2061,-0.5235,-1.6868,2.3504,1.4193,-1.2797,11.093,-0.1824,-0.1187,1.0524,,,11.1,6.1918,18.1,holding
2026-09-21T15:51:21.814+09:00,TEST_0001_LAN_L2,LAN_L2,PULL_TEST,,601.7809448242188,-296.4857482910156,336.64971923828125,90.3321304321289,-89.99713134765625,179.94039916992188,-5.6893,-6.4501,3.7777,-0.5991,-1.6982,2.2862,-0.9705,-7.3105,-1.7224,-0.258,-0.1302,0.9883,-3.7711,-5.7308,6.4172,-0.5991,-1.6982,2.2862,1.7267,-1.0142,7.3041,-0.258,-0.1302,0.9883,,,7.3105,6.718,18.1,holding
2026-09-21T15:51:21.871+09:00,TEST_0001_LAN_L2,LAN_L2,PULL_TEST,,601.776611328125,-295.9427795410156,336.69866943359375,90.32977294921875,-89.99706268310547,179.94688415527344,-5.6893,-6.4501,3.7777,-0.5991,-1.6982,2.2862,-0.9705,-7.3105,-1.7224,-0.258,-0.1302,0.9883,-3.7711,-5.7308,6.4172,-0.5991,-1.6982,2.2862,1.7267,-1.0142,7.3041,-0.258,-0.1302,0.9883,,,7.3105,7.261,18.1,holding
2026-09-21T15:51:21.928+09:00,TEST_0001_LAN_L2,LAN_L2,PULL_TEST,,601.787841796875,-295.385986328125,336.75634765625,90.32909393310547,-89.9986801147461,179.95712280273438,-5.7856,-6.0389,3.0276,-0.6627,-1.7134,2.2824,-1.0668,-6.8993,-2.4724,-0.3216,-0.1454,0.9844,-3.022,-5.823,6.0057,-0.6627,-1.7134,2.2824,2.4758,-1.1064,6.8926,-0.3216,-0.1454,0.9844,,,6.8993,7.8178,18.1,holding
2026-09-21T15:51:21.983+09:00,TEST_0001_LAN_L2,LAN_L2,PULL_TEST,,601.7943725585938,-294.8262634277344,336.7975158691406,90.3287353515625,-89.9992446899414,179.96405029296875,-6.0088,-6.0323,2.7772,-0.6496,-1.7205,2.3453,-1.29,-6.8927,-2.7228,-0.3086,-0.1525,1.0474,-2.7733,-6.0452,5.9977,-0.6496,-1.7205,2.3453,2.7245,-1.3286,6.8846,-0.3086,-0.1525,1.0474,,,6.8927,8.3775,18.1,holding
2026-09-21T15:51:22.039+09:00,TEST_0001_LAN_L2,LAN_L2,PULL_TEST,,601.7869262695312,-294.2843933105469,336.8251953125,90.32688903808594,-89.99915313720703,179.96783447265625,-6.0088,-6.0323,2.7772,-0.6496,-1.7205,2.3453,-1.29,-6.8927,-2.7228,-0.3086,-0.1525,1.0474,-2.7733,-6.0452,5.9977,-0.6496,-1.7205,2.3453,2.7245,-1.3286,6.8846,-0.3086,-0.1525,1.0474,,,6.8927,8.9194,18.1,holding
2026-09-21T15:51:22.094+09:00,TEST_0001_LAN_L2,LAN_L2,PULL_TEST,,601.7831420898438,-293.74786376953125,336.8376770019531,90.32669067382812,-89.99957275390625,179.96856689453125,-5.9651,-5.8498,2.5671,-0.6463,-1.728,2.341,-1.2463,-6.7102,-2.9329,-0.3053,-0.16,1.0431,-2.5638,-5.9996,5.8158,-0.6463,-1.728,2.341,2.934,-1.2831,6.7027,-0.3053,-0.16,1.0431,,,6.7102,9.4559,18.1,holding
2026-09-21T15:51:22.150+09:00,TEST_0001_LAN_L2,LAN_L2,PULL_TEST,,601.7731323242188,-293.1905517578125,336.83892822265625,90.3253173828125,-89.9981689453125,179.9668731689453,-5.9651,-5.8498,2.5671,-0.6463,-1.728,2.341,-1.2463,-6.7102,-2.9329,-0.3053,-0.16,1.0431,-2.5638,-5.9996,5.8158,-0.6463,-1.728,2.341,2.934,-1.2831,6.7027,-0.3053,-0.16,1.0431,,,6.7102,10.0132,18.1,holding
2026-09-21T15:51:22.206+09:00,TEST_0001_LAN_L2,LAN_L2,PULL_TEST,,601.7927856445312,-292.5987243652344,336.8376159667969,90.32872009277344,-89.99781036376953,179.96713256835938,-6.0113,-5.9026,2.3113,-0.6531,-1.7409,2.3646,-1.2925,-6.763,-3.1888,-0.312,-0.1729,1.0667,-2.3076,-6.0462,5.8683,-0.6531,-1.7409,2.3646,3.1902,-1.3296,6.7552,-0.312,-0.1729,1.0667,,,6.763,10.6051,18.1,holding
2026-09-21T15:51:22.261+09:00,TEST_0001_LAN_L2,LAN_L2,PULL_TEST,,601.7952270507812,-292.0492858886719,336.827880859375,90.32846069335938,-89.99771118164062,179.96693420410156,-6.0113,-5.9026,2.3113,-0.6531,-1.7409,2.3646,-1.2925,-6.763,-3.1888,-0.312,-0.1729,1.0667,-2.3076,-6.0462,5.8683,-0.6531,-1.7409,2.3646,3.1902,-1.3296,6.7552,-0.312,-0.1729,1.0667,,,6.763,11.1545,18.1,holding
2026-09-21T15:51:22.316+09:00,TEST_0001_LAN_L2,LAN_L2,PULL_TEST,,601.79541015625,-291.5078430175781,336.80963134765625,90.32698059082031,-89.99791717529297,179.96543884277344,-6.0072,-5.6088,2.2171,-0.6415,-1.7413,2.3715,-1.2884,-6.4692,-3.283,-0.3005,-0.1733,1.0735,-2.2134,-6.0406,5.5743,-0.6415,-1.7413,2.3715,3.2844,-1.324,6.4612,-0.3005,-0.1733,1.0735,,,6.4692,11.696,18.1,holding
2026-09-21T15:51:22.371+09:00,TEST_0001_LAN_L2,LAN_L2,PULL_TEST,,601.8135986328125,-290.9598083496094,336.789794921875,90.3278579711914,-89.99893188476562,179.9650115966797,-6.0072,-5.6088,2.2171,-0.6415,-1.7413,2.3715,-1.2884,-6.4692,-3.283,-0.3005,-0.1733,1.0735,-2.2134,-6.0406,5.5743,-0.6415,-1.7413,2.3715,3.2844,-1.324,6.4612,-0.3005,-0.1733,1.0735,,,6.4692,12.244,18.1,holding
2026-09-21T15:51:22.428+09:00,TEST_0001_LAN_L2,LAN_L2,PULL_TEST,,601.811767578125,-290.4126281738281,336.7846374511719,90.32449340820312,-89.99842834472656,179.96597290039062,-6.1298,-5.4879,1.8972,-0.6688,-1.7472,2.4194,-1.411,-6.3483,-3.6029,-0.3277,-0.1792,1.1214,-1.8933,-6.1623,5.4528,-0.6688,-1.7472,2.4194,3.6045,-1.4457,6.3397,-0.3277,-0.1792,1.1214,,,6.3483,12.7912,18.1,holding
2026-09-21T15:51:22.483+09:00,TEST_0001_LAN_L2,LAN_L2,PULL_TEST,,601.8379516601562,-289.8465881347656,336.77581787109375,90.32612609863281,-89.99906158447266,179.96710205078125,-6.2217,-5.6673,1.739,-0.683,-1.7593,2.4498,-1.5029,-6.5277,-3.761,-0.3419,-0.1913,1.1519,-1.7353,-6.2549,5.6319,-0.683,-1.7593,2.4498,3.7625,-1.5383,6.5188,-0.3419,-0.1913,1.1519,,,6.5277,13.3572,18.1,holding
2026-09-21T15:51:22.539+09:00,TEST_0001_LAN_L2,LAN_L2,PULL_TEST,,601.8494873046875,-289.2901306152344,336.7732238769531,90.326171875,-89.99897766113281,179.96780395507812,-6.2217,-5.6673,1.739,-0.683,-1.7593,2.4498,-1.5029,-6.5277,-3.761,-0.3419,-0.1913,1.1519,-1.7353,-6.2549,5.6319,-0.683,-1.7593,2.4498,3.7625,-1.5383,6.5188,-0.3419,-0.1913,1.1519,,,6.5277,13.9137,18.1,holding
2026-09-21T15:51:22.594+09:00,TEST_0001_LAN_L2,LAN_L2,PULL_TEST,,601.8363647460938,-288.7611083984375,336.78173828125,90.32329559326172,-89.99766540527344,179.9673614501953,-6.1681,-5.6761,1.6958,-0.7019,-1.7654,2.4396,-1.4493,-6.5365,-3.8043,-0.3608,-0.1974,1.1417,-1.6921,-6.2011,5.6411,-0.7019,-1.7654,2.4396,3.8057,-1.4845,6.528,-0.3608,-0.1974,1.1417,,,6.5365,14.4427,17.9,holding
2026-09-21T15:51:22.649+09:00,TEST_0001_LAN_L2,LAN_L2,PULL_TEST,,601.842041015625,-288.20745849609375,336.7828063964844,90.3251953125,-89.9979476928711,179.96719360351562,-6.1681,-5.6761,1.6958,-0.7019,-1.7654,2.4396,-1.4493,-6.5365,-3.8043,-0.3608,-0.1974,1.1417,-1.6921,-6.2011,5.6411,-0.7019,-1.7654,2.4396,3.8057,-1.4845,6.528,-0.3608,-0.1974,1.1417,,,6.5365,14.9963,17.9,holding
2026-09-21T15:51:22.705+09:00,TEST_0001_LAN_L2,LAN_L2,PULL_TEST,,601.8338012695312,-287.62725830078125,336.7846984863281,90.3260726928711,-89.99773406982422,179.96627807617188,-6.1386,-5.7084,1.6451,-0.7105,-1.7722,2.444,-1.4198,-6.5688,-3.8549,-0.3694,-0.2042,1.146,-1.6414,-6.1718,5.6736,-0.7105,-1.7722,2.444,3.8564,-1.4552,6.5605,-0.3694,-0.2042,1.146,,,6.5688,15.5765,17.9,holding
2026-09-21T15:51:22.760+09:00,TEST_0001_LAN_L2,LAN_L2,PULL_TEST,,601.82763671875,-287.0718688964844,336.78753662109375,90.32719421386719,-89.9981460571289,179.9664764404297,-6.1386,-5.7084,1.6451,-0.7105,-1.7722,2.444,-1.4198,-6.5688,-3.8549,-0.3694,-0.2042,1.146,-1.6414,-6.1718,5.6736,-0.7105,-1.7722,2.444,3.8564,-1.4552,6.5605,-0.3694,-0.2042,1.146,,,6.5688,16.1319,17.9,holding
2026-09-21T15:51:22.815+09:00,TEST_0001_LAN_L2,LAN_L2,PULL_TEST,,601.8128051757812,-286.51959228515625,336.7997741699219,90.32679748535156,-89.9985122680664,179.96742248535156,-6.0799,-5.4775,1.6311,-0.7294,-1.7804,2.4283,-1.3611,-6.3379,-3.869,-0.3883,-0.2124,1.1304,-1.6274,-6.1121,5.4427,-0.7294,-1.7804,2.4283,3.8704,-1.3955,6.3296,-0.3883,-0.2124,1.1304,,,6.3379,16.6842,17.9,holding
2026-09-21T15:51:22.870+09:00,TEST_0001_LAN_L2,LAN_L2,PULL_TEST,,601.787841796875,-285.9909362792969,336.8313293457031,90.32367706298828,-89.99807739257812,179.9702911376953,-6.0799,-5.4775,1.6311,-0.7294,-1.7804,2.4283,-1.3611,-6.3379,-3.869,-0.3883,-0.2124,1.1304,-1.6274,-6.1121,5.4427,-0.7294,-1.7804,2.4283,3.8704,-1.3955,6.3296,-0.3883,-0.2124,1.1304,,,6.3379,17.2129,17.9,holding
2026-09-21T15:51:22.925+09:00,TEST_0001_LAN_L2,LAN_L2,PULL_TEST,,601.789794921875,-285.4474182128906,336.8511962890625,90.3249740600586,-89.99835205078125,179.97161865234375,-5.986,-5.4621,1.6657,-0.7237,-1.7844,2.3967,-1.2672,-6.3225,-3.8344,-0.3826,-0.2164,1.0988,-1.6624,-6.0176,5.4282,-0.7237,-1.7844,2.3967,3.8354,-1.3011,6.3151,-0.3826,-0.2164,1.0988,,,6.3225,17.7564,17.9,holding
2026-09-21T15:51:22.980+09:00,TEST_0001_LAN_L2,LAN_L2,PULL_TEST,,601.7828369140625,-284.89422607421875,336.8861083984375,90.3236083984375,-89.9976806640625,179.9756622314453,-6.0175,-5.5386,1.6347,-0.7344,-1.792,2.4057,-1.2987,-6.399,-3.8654,-0.3933,-0.224,1.1078,-1.6318,-6.0495,5.5046,-0.7344,-1.792,2.4057,3.8659,-1.3329,6.3915,-0.3933,-0.224,1.1078,,,6.399,18.3096,17.9,holding
2026-09-21T15:51:23.035+09:00,TEST_0001_LAN_L2,LAN_L2,PULL_TEST,,601.786865234375,-284.35418701171875,336.9156799316406,90.32347869873047,-89.99790954589844,179.98016357421875,-6.0175,-5.5386,1.6347,-0.7344,-1.792,2.4057,-1.2987,-6.399,-3.8654,-0.3933,-0.224,1.1078,-1.6318,-6.0495,5.5046,-0.7344,-1.792,2.4057,3.8659,-1.3329,6.3915,-0.3933,-0.224,1.1078,,,6.399,18.8496,17.9,holding
2026-09-21T15:51:23.091+09:00,TEST_0001_LAN_L2,LAN_L2,PULL_TEST,,601.79296875,-283.79730224609375,336.9324035644531,90.32333374023438,-89.99913024902344,179.98434448242188,-6.0498,-5.5603,1.6678,-0.723,-1.7986,2.4151,-1.331,-6.4207,-3.8323,-0.3819,-0.2306,1.1171,-1.6659,-6.0816,5.526,-0.723,-1.7986,2.4151,3.8319,-1.365,6.4129,-0.3819,-0.2306,1.1171,,,6.4207,19.4065,17.9,holding
2026-09-21T15:51:23.148+09:00,TEST_0001_LAN_L2,LAN_L2,PULL_TEST,,601.7830200195312,-283.258056640625,336.9380798339844,90.32038879394531,-89.9993896484375,179.98629760742188,-6.0498,-5.5603,1.6678,-0.723,-1.7986,2.4151,-1.331,-6.4207,-3.8323,-0.3819,-0.2306,1.1171,-1.6659,-6.0816,5.526,-0.723,-1.7986,2.4151,3.8319,-1.365,6.4129,-0.3819,-0.2306,1.1171,,,6.4207,19.9457,17.9,holding
2026-09-21T15:51:23.204+09:00,TEST_0001_LAN_L2,LAN_L2,PULL_TEST,,601.79541015625,-282.6866455078125,336.9100646972656,90.32195281982422,-90.0002212524414,179.98291015625,-5.9837,-5.6428,1.7657,-0.6932,-1.8002,2.396,-1.2649,-6.5032,-3.7344,-0.3521,-0.2321,1.098,-1.7641,-6.0157,5.6092,-0.6932,-1.8002,2.396,3.7336,-1.2991,6.4961,-0.3521,-0.2321,1.098,,,6.5032,20.5172,17.9,holding
2026-09-21T15:51:23.260+09:00,TEST_0001_LAN_L2,LAN_L2,PULL_TEST,,601.8018798828125,-282.10174560546875,336.87420654296875,90.32275390625,-89.99959564208984,179.97642517089844,-5.9837,-5.6428,1.7657,-0.6932,-1.8002,2.396,-1.2649,-6.5032,-3.7344,-0.3521,-0.2321,1.098,-1.7641,-6.0157,5.6092,-0.6932,-1.8002,2.396,3.7336,-1.2991,6.4961,-0.3521,-0.2321,1.098,,,6.5032,21.1021,17.9,holding
2026-09-21T15:51:23.315+09:00,TEST_0001_LAN_L2,LAN_L2,PULL_TEST,,601.820068359375,-281.5433654785156,336.83770751953125,90.3246841430664,-89.99917602539062,179.97235107421875,-5.9612,-5.7657,1.6353,-0.732,-1.8149,2.3889,-1.2424,-6.6261,-3.8648,-0.3909,-0.2469,1.091,-1.6326,-5.9943,5.732,-0.732,-1.8149,2.3889,3.8652,-1.2777,6.6189,-0.3909,-0.2469,1.091,,,6.6261,21.6604,17.9,holding
2026-09-21T15:51:23.370+09:00,TEST_0001_LAN_L2,LAN_L2,PULL_TEST,,601.8291015625,-280.9879455566406,336.800048828125,90.32460021972656,-89.99781799316406,179.9684600830078,-5.9612,-5.7657,1.6353,-0.732,-1.8149,2.3889,-1.2424,-6.6261,-3.8648,-0.3909,-0.2469,1.091,-1.6326,-5.9943,5.732,-0.732,-1.8149,2.3889,3.8652,-1.2777,6.6189,-0.3909,-0.2469,1.091,,,6.6261,22.2159,17.9,holding
2026-09-21T15:51:23.425+09:00,TEST_0001_LAN_L2,LAN_L2,PULL_TEST,,601.8280639648438,-280.4440002441406,336.7784729003906,90.32304382324219,-89.99726104736328,179.96636962890625,-5.9354,-5.9607,1.6809,-0.7269,-1.8145,2.3896,-1.2166,-6.8211,-3.8192,-0.3858,-0.2465,1.0916,-1.6774,-5.97,5.927,-0.7269,-1.8145,2.3896,3.8204,-1.2534,6.8139,-0.3858,-0.2465,1.0916,,,6.8211,22.7598,17.9,holding
2026-09-21T15:51:23.480+09:00,TEST_0001_LAN_L2,LAN_L2,PULL_TEST,,601.8355712890625,-279.9114990234375,336.7856750488281,90.32324981689453,-89.99781036376953,179.96728515625,-5.8935,-6.0302,1.5652,-0.7715,-1.8227,2.3852,-1.1747,-6.8906,-3.9348,-0.4304,-0.2547,1.0873,-1.5615,-5.9283,5.997,-0.7715,-1.8227,2.3852,3.9362,-1.2117,6.8839,-0.4304,-0.2547,1.0873,,,6.8906,23.2923,17.9,holding
2026-09-21T15:51:23.535+09:00,TEST_0001_LAN_L2,LAN_L2,PULL_TEST,,601.839599609375,-279.3460388183594,336.822021484375,90.32389831542969,-89.99828338623047,179.97186279296875,-5.8935,-6.0302,1.5652,-0.7715,-1.8227,2.3852,-1.1747,-6.8906,-3.9348,-0.4304,-0.2547,1.0873,-1.5615,-5.9283,5.997,-0.7715,-1.8227,2.3852,3.9362,-1.2117,6.8839,-0.4304,-0.2547,1.0873,,,6.8906,23.8578,17.9,holding
2026-09-21T15:51:23.590+09:00,TEST_0001_LAN_L2,LAN_L2,PULL_TEST,,601.84375,-278.7880859375,336.87158203125,90.32525634765625,-89.99937438964844,179.97860717773438,-5.8843,-6.0049,1.549,-0.7727,-1.8264,2.3849,-1.1655,-6.8653,-3.951,-0.4316,-0.2584,1.087,-1.5465,-5.9188,5.9716,-0.7727,-1.8264,2.3849,3.9512,-1.2022,6.8585,-0.4316,-0.2584,1.087,,,6.8653,24.4157,17.9,holding
2026-09-21T15:51:23.645+09:00,TEST_0001_LAN_L2,LAN_L2,PULL_TEST,,601.82421875,-278.2564392089844,336.90423583984375,90.3232192993164,-89.9997787475586,179.982666015625,-5.8843,-6.0049,1.549,-0.7727,-1.8264,2.3849,-1.1655,-6.8653,-3.951,-0.4316,-0.2584,1.087,-1.5465,-5.9188,5.9716,-0.7727,-1.8264,2.3849,3.9512,-1.2022,6.8585,-0.4316,-0.2584,1.087,,,6.8653,24.9474,17.9,holding
2026-09-21T15:51:23.701+09:00,TEST_0001_LAN_L2,LAN_L2,PULL_TEST,,601.8028564453125,-277.71063232421875,336.9148864746094,90.32205200195312,-89.9996109008789,179.98233032226562,-5.7886,-5.9833,1.6268,-0.7446,-1.8284,2.3628,-1.0698,-6.8437,-3.8732,-0.4035,-0.2604,1.0649,-1.625,-5.8226,5.9507,-0.7446,-1.8284,2.3628,3.8727,-1.1061,6.8376,-0.4035,-0.2604,1.0649,,,6.8437,25.4932,17.9,holding
2026-09-21T15:51:23.756+09:00,TEST_0001_LAN_L2,LAN_L2,PULL_TEST,,601.8069458007812,-277.13250732421875,336.90948486328125,90.32563018798828,-89.99942779541016,179.97933959960938,-5.7886,-5.9833,1.6268,-0.7446,-1.8284,2.3628,-1.0698,-6.8437,-3.8732,-0.4035,-0.2604,1.0649,-1.625,-5.8226,5.9507,-0.7446,-1.8284,2.3628,3.8727,-1.1061,6.8376,-0.4035,-0.2604,1.0649,,,6.8437,26.0713,17.9,holding
2026-09-21T15:51:23.811+09:00,TEST_0001_LAN_L2,LAN_L2,PULL_TEST,,601.795166015625,-276.56658935546875,336.8985900878906,90.32569122314453,-89.99820709228516,179.9767303466797,-5.8395,-6.2691,1.6656,-0.7206,-1.8362,2.3768,-1.1207,-7.1295,-3.8344,-0.3795,-0.2682,1.0788,-1.6633,-5.8758,6.2357,-0.7206,-1.8362,2.3768,3.8345,-1.1592,7.1226,-0.3795,-0.2682,1.0788,,,7.1295,26.6372,17.9,holding
2026-09-21T15:51:23.866+09:00,TEST_0001_LAN_L2,LAN_L2,PULL_TEST,,601.8003540039062,-276.0054626464844,336.8741760253906,90.32805633544922,-89.99840545654297,179.97377014160156,-5.8395,-6.2691,1.6656,-0.7206,-1.8362,2.3768,-1.1207,-7.1295,-3.8344,-0.3795,-0.2682,1.0788,-1.6633,-5.8758,6.2357,-0.7206,-1.8362,2.3768,3.8345,-1.1592,7.1226,-0.3795,-0.2682,1.0788,,,7.1295,27.1983,17.9,holding
2026-09-21T15:51:23.921+09:00,TEST_0001_LAN_L2,LAN_L2,PULL_TEST,,601.7933959960938,-275.46856689453125,336.8486633300781,90.3265609741211,-89.9984359741211,179.97035217285156,-5.9297,-6.3513,1.6933,-0.7055,-1.8384,2.4035,-1.2109,-7.2117,-3.8068,-0.3644,-0.2704,1.1055,-1.6903,-5.9667,6.3173,-0.7055,-1.8384,2.4035,3.8074,-1.2502,7.2042,-0.3644,-0.2704,1.1055,,,7.2117,27.7352,18.1,holding
2026-09-21T15:51:23.976+09:00,TEST_0001_LAN_L2,LAN_L2,PULL_TEST,,601.79248046875,-274.9217834472656,336.828369140625,90.32515716552734,-89.99812316894531,179.9677276611328,-6.1089,-6.4163,1.622,-0.7214,-1.8422,2.4784,-1.3901,-7.2767,-3.878,-0.3803,-0.2742,1.1804,-1.6184,-6.1461,6.3815,-0.7214,-1.8422,2.4784,3.8794,-1.4296,7.2684,-0.3803,-0.2742,1.1804,,,7.2767,28.282,18.1,holding
2026-09-21T15:51:24.032+09:00,TEST_0001_LAN_L2,LAN_L2,PULL_TEST,,601.8208618164062,-274.3533935546875,336.7952880859375,90.32758331298828,-89.999267578125,179.9657745361328,-6.1089,-6.4163,1.622,-0.7214,-1.8422,2.4784,-1.3901,-7.2767,-3.878,-0.3803,-0.2742,1.1804,-1.6184,-6.1461,6.3815,-0.7214,-1.8422,2.4784,3.8794,-1.4296,7.2684,-0.3803,-0.2742,1.1804,,,7.2767,28.8504,18.1,holding
2026-09-21T15:51:24.089+09:00,TEST_0001_LAN_L2,LAN_L2,PULL_TEST,,601.8282470703125,-273.7867431640625,336.7937927246094,90.32548522949219,-89.99870300292969,179.96763610839844,-6.1693,-6.362,1.5266,-0.748,-1.8447,2.5113,-1.4505,-7.2224,-3.9735,-0.4069,-0.2767,1.2134,-1.5229,-6.2063,6.3268,-0.748,-1.8447,2.5113,3.9749,-1.4897,7.2137,-0.4069,-0.2767,1.2134,,,7.2224,29.4171,18.1,holding
2026-09-21T15:51:24.144+09:00,TEST_0001_LAN_L2,LAN_L2,PULL_TEST,,601.841552734375,-273.2423095703125,336.7889404296875,90.32565307617188,-89.9986343383789,179.9677276611328,-6.1693,-6.362,1.5266,-0.748,-1.8447,2.5113,-1.4505,-7.2224,-3.9735,-0.4069,-0.2767,1.2134,-1.5229,-6.2063,6.3268,-0.748,-1.8447,2.5113,3.9749,-1.4897,7.2137,-0.4069,-0.2767,1.2134,,,7.2224,29.9615,18.1,holding
2026-09-21T15:51:24.199+09:00,TEST_0001_LAN_L2,LAN_L2,PULL_TEST,,601.8278198242188,-272.71356201171875,336.79345703125,90.32356262207031,-89.9979019165039,179.96742248535156,-6.1622,-6.3374,1.5841,-0.7462,-1.8505,2.5123,-1.4434,-7.1978,-3.916,-0.4052,-0.2825,1.2143,-1.5803,-6.1989,6.3024,-0.7462,-1.8505,2.5123,3.9174,-1.4823,7.1893,-0.4052,-0.2825,1.2143,,,7.1978,30.4902,18.1,holding
2026-09-21T15:51:24.255+09:00,TEST_0001_LAN_L2,LAN_L2,PULL_TEST,,601.8074951171875,-272.15765380859375,336.8044128417969,90.32254028320312,-89.99723815917969,179.968017578125,-6.1622,-6.3374,1.5841,-0.7462,-1.8505,2.5123,-1.4434,-7.1978,-3.916,-0.4052,-0.2825,1.2143,-1.5803,-6.1989,6.3024,-0.7462,-1.8505,2.5123,3.9174,-1.4823,7.1893,-0.4052,-0.2825,1.2143,,,7.1978,31.0461,18.1,holding
2026-09-21T15:51:24.310+09:00,TEST_0001_LAN_L2,LAN_L2,PULL_TEST,,601.8142700195312,-271.5820007324219,336.8200988769531,90.3268051147461,-89.99820709228516,179.96971130371094,-6.0424,-6.4901,1.5289,-0.7714,-1.8498,2.4804,-1.3236,-7.3505,-3.9712,-0.4303,-0.2818,1.1824,-1.5252,-6.0798,6.4559,-0.7714,-1.8498,2.4804,3.9726,-1.3633,7.3428,-0.4303,-0.2818,1.1824,,,7.3505,31.6218,18.1,holding
2026-09-21T15:51:24.365+09:00,TEST_0001_LAN_L2,LAN_L2,PULL_TEST,,601.7963256835938,-271.0329895019531,336.8443298339844,90.32559967041016,-89.99858856201172,179.97161865234375,-6.0424,-6.4901,1.5289,-0.7714,-1.8498,2.4804,-1.3236,-7.3505,-3.9712,-0.4303,-0.2818,1.1824,-1.5252,-6.0798,6.4559,-0.7714,-1.8498,2.4804,3.9726,-1.3633,7.3428,-0.4303,-0.2818,1.1824,,,7.3505,32.1708,18.1,holding
2026-09-21T15:51:24.420+09:00,TEST_0001_LAN_L2,LAN_L2,PULL_TEST,,601.7960815429688,-270.48431396484375,336.865478515625,90.32630920410156,-89.99958038330078,179.97430419921875,-6.1625,-6.3833,1.505,-0.7864,-1.8565,2.5272,-1.4437,-7.2437,-3.9951,-0.4453,-0.2885,1.2293,-1.5018,-6.1994,6.3482,-0.7864,-1.8565,2.5272,3.996,-1.4828,7.2351,-0.4453,-0.2885,1.2293,,,7.2437,32.7195,18.1,holding
2026-09-21T15:51:24.475+09:00,TEST_0001_LAN_L2,LAN_L2,PULL_TEST,,601.8001098632812,-269.9437255859375,336.8990783691406,90.32524108886719,-90.00019073486328,179.97991943359375,-6.2737,-6.428,1.4605,-0.7944,-1.8624,2.5657,-1.5548,-7.2883,-4.0396,-0.4533,-0.2944,1.2678,-1.4583,-6.3106,6.3922,-0.7944,-1.8624,2.5657,4.0395,-1.594,7.2791,-0.4533,-0.2944,1.2678,,,7.2883,33.2601,18.1,holding
2026-09-21T15:51:24.530+09:00,TEST_0001_LAN_L2,LAN_L2,PULL_TEST,,601.7971801757812,-269.4099426269531,336.9337158203125,90.32208251953125,-89.99987030029297,179.986083984375,-6.2737,-6.428,1.4605,-0.7944,-1.8624,2.5657,-1.5548,-7.2883,-4.0396,-0.4533,-0.2944,1.2678,-1.4583,-6.3106,6.3922,-0.7944,-1.8624,2.5657,4.0395,-1.594,7.2791,-0.4533,-0.2944,1.2678,,,7.2883,33.7939,18.1,holding
2026-09-21T15:51:24.585+09:00,TEST_0001_LAN_L2,LAN_L2,PULL_TEST,,601.818115234375,-268.8497619628906,336.9170837402344,90.3250503540039,-90.00003814697266,179.98472595214844,-6.295,-6.7314,1.5881,-0.735,-1.8624,2.568,-1.5762,-7.5918,-3.912,-0.394,-0.2944,1.2701,-1.5865,-6.3335,6.6956,-0.735,-1.8624,2.568,3.9112,-1.6169,7.5825,-0.394,-0.2944,1.2701,,,7.5918,34.354,18.1,holding
2026-09-21T15:51:24.640+09:00,TEST_0001_LAN_L2,LAN_L2,PULL_TEST,,601.8137817382812,-268.3033142089844,336.875732421875,90.32402801513672,-89.99858093261719,179.97894287109375,-6.295,-6.7314,1.5881,-0.735,-1.8624,2.568,-1.5762,-7.5918,-3.912,-0.394,-0.2944,1.2701,-1.5865,-6.3335,6.6956,-0.735,-1.8624,2.568,3.9112,-1.6169,7.5825,-0.394,-0.2944,1.2701,,,7.5918,34.9005,18.1,holding
2026-09-21T15:51:24.695+09:00,TEST_0001_LAN_L2,LAN_L2,PULL_TEST,,601.8094482421875,-267.77215576171875,336.8174133300781,90.32245635986328,-89.99794006347656,179.97145080566406,-6.4279,-6.8846,1.5072,-0.7594,-1.8648,2.6223,-1.709,-7.745,-3.9929,-0.4183,-0.2968,1.3244,-1.504,-6.4672,6.8483,-0.7594,-1.8648,2.6223,3.9937,-1.7507,7.7352,-0.4183,-0.2968,1.3244,,,7.745,35.4316,18.1,holding
2026-09-21T15:51:24.750+09:00,TEST_0001_LAN_L2,LAN_L2,PULL_TEST,,601.8082275390625,-267.2315673828125,336.7706604003906,90.321533203125,-89.9981918334961,179.96478271484375,-6.4279,-6.8846,1.5072,-0.7594,-1.8648,2.6223,-1.709,-7.745,-3.9929,-0.4183,-0.2968,1.3244,-1.504,-6.4672,6.8483,-0.7594,-1.8648,2.6223,3.9937,-1.7507,7.7352,-0.4183,-0.2968,1.3244,,,7.745,35.9722,18.1,holding
2026-09-21T15:51:24.805+09:00,TEST_0001_LAN_L2,LAN_L2,PULL_TEST,,601.8037719726562,-266.6787109375,336.7682189941406,90.32072448730469,-89.99788665771484,179.9647216796875,-6.6005,-7.0439,1.2962,-0.8293,-1.8725,2.6846,-1.8817,-7.9043,-4.2039,-0.4882,-0.3045,1.3867,-1.2917,-6.6407,7.0069,-0.8293,-1.8725,2.6846,4.2061,-1.9241,7.8938,-0.4882,-0.3045,1.3867,,,7.9043,36.5251,18.1,holding
2026-09-21T15:51:24.860+09:00,TEST_0001_LAN_L2,LAN_L2,PULL_TEST,,601.8163452148438,-266.1073913574219,336.7996826171875,90.3238296508789,-89.99908447265625,179.9690399169922,-6.6005,-7.0439,1.2962,-0.8293,-1.8725,2.6846,-1.8817,-7.9043,-4.2039,-0.4882,-0.3045,1.3867,-1.2917,-6.6407,7.0069,-0.8293,-1.8725,2.6846,4.2061,-1.9241,7.8938,-0.4882,-0.3045,1.3867,,,7.9043,37.0964,18.1,holding
2026-09-21T15:51:24.915+09:00,TEST_0001_LAN_L2,LAN_L2,PULL_TEST,,601.8186645507812,-265.53662109375,336.8697509765625,90.32422637939453,-89.99971008300781,179.97894287109375,-6.6125,-6.9181,1.2251,-0.8561,-1.8759,2.6944,-1.8937,-7.7785,-4.2749,-0.515,-0.3079,1.3965,-1.2217,-6.6521,6.8806,-0.8561,-1.8759,2.6944,4.2761,-1.9356,7.7675,-0.515,-0.3079,1.3965,,,7.7785,37.6672,18.1,holding
2026-09-21T15:51:24.970+09:00,TEST_0001_LAN_L2,LAN_L2,PULL_TEST,,601.8131713867188,-264.9921569824219,336.9140930175781,90.32388305664062,-90.00045013427734,179.984130859375,-6.6125,-6.9181,1.2251,-0.8561,-1.8759,2.6944,-1.8937,-7.7785,-4.2749,-0.515,-0.3079,1.3965,-1.2217,-6.6521,6.8806,-0.8561,-1.8759,2.6944,4.2761,-1.9356,7.7675,-0.515,-0.3079,1.3965,,,7.7785,38.2116,18.1,holding
2026-09-21T15:51:25.026+09:00,TEST_0001_LAN_L2,LAN_L2,PULL_TEST,,601.8052978515625,-264.44952392578125,336.91021728515625,90.32476043701172,-90.00033569335938,179.9817352294922,-6.6176,-6.7003,1.382,-0.8004,-1.8803,2.7014,-1.8988,-7.5607,-4.1181,-0.4593,-0.3123,1.4035,-1.3802,-6.6558,6.6627,-0.8004,-1.8803,2.7014,4.1176,-1.9392,7.5496,-0.4593,-0.3123,1.4035,,,7.5607,38.7543,18.1,holding
2026-09-21T15:51:25.081+09:00,TEST_0001_LAN_L2,LAN_L2,PULL_TEST,,601.7872314453125,-263.8919982910156,336.8998107910156,90.32342529296875,-89.99870300292969,179.97726440429688,-6.61,-6.7406,1.3511,-0.7993,-1.886,2.6949,-1.8912,-7.601,-4.1489,-0.4582,-0.318,1.3969,-1.3485,-6.6484,6.7033,-0.7993,-1.886,2.6949,4.1493,-1.9318,7.5902,-0.4582,-0.318,1.3969,,,7.601,39.3118,18.1,holding
2026-09-21T15:51:25.137+09:00,TEST_0001_LAN_L2,LAN_L2,PULL_TEST,,601.7918090820312,-263.335693359375,336.8713073730469,90.3248291015625,-89.99849700927734,179.97235107421875,-6.61,-6.7406,1.3511,-0.7993,-1.886,2.6949,-1.8912,-7.601,-4.1489,-0.4582,-0.318,1.3969,-1.3485,-6.6484,6.7033,-0.7993,-1.886,2.6949,4.1493,-1.9318,7.5902,-0.4582,-0.318,1.3969,,,7.601,39.8681,18.1,holding
2026-09-21T15:51:25.193+09:00,TEST_0001_LAN_L2,LAN_L2,PULL_TEST,,601.798095703125,-262.7566223144531,336.828125,90.32512664794922,-89.99788665771484,179.96807861328125,-6.7905,-6.8941,1.376,-0.7963,-1.889,2.7585,-2.0717,-7.7545,-4.1241,-0.4553,-0.321,1.4606,-1.3722,-6.8303,6.8554,-0.7963,-1.889,2.7585,4.1256,-2.1138,7.7423,-0.4553,-0.321,1.4606,,,7.7545,40.4472,18.1,holding
2026-09-21T15:51:25.248+09:00,TEST_0001_LAN_L2,LAN_L2,PULL_TEST,,601.812255859375,-262.2298583984375,336.7814636230469,90.32337951660156,-89.99800872802734,179.96450805664062,-6.7905,-6.8941,1.376,-0.7963,-1.889,2.7585,-2.0717,-7.7545,-4.1241,-0.4553,-0.321,1.4606,-1.3722,-6.8303,6.8554,-0.7963,-1.889,2.7585,4.1256,-2.1138,7.7423,-0.4553,-0.321,1.4606,,,7.7545,40.9739,18.1,holding
2026-09-21T15:51:25.304+09:00,TEST_0001_LAN_L2,LAN_L2,PULL_TEST,,601.832275390625,-261.67279052734375,336.7618408203125,90.32299041748047,-89.99829864501953,179.96365356445312,-6.8056,-7.1041,1.3195,-0.8204,-1.8867,2.753,-2.0868,-7.9645,-4.1806,-0.4793,-0.3187,1.455,-1.315,-6.8465,7.0656,-0.8204,-1.8867,2.753,4.1828,-2.1299,7.9525,-0.4793,-0.3187,1.455,,,7.9645,41.531,18.1,holding
2026-09-21T15:51:25.360+09:00,TEST_0001_LAN_L2,LAN_L2,PULL_TEST,,601.8362426757812,-261.08538818359375,336.7705078125,90.32361602783203,-89.99785614013672,179.9626007080078,-6.8056,-7.1041,1.3195,-0.8204,-1.8867,2.753,-2.0868,-7.9645,-4.1806,-0.4793,-0.3187,1.455,-1.315,-6.8465,7.0656,-0.8204,-1.8867,2.753,4.1828,-2.1299,7.9525,-0.4793,-0.3187,1.455,,,7.9645,42.1184,18.1,holding
2026-09-21T15:51:25.415+09:00,TEST_0001_LAN_L2,LAN_L2,PULL_TEST,,601.8308715820312,-260.53515625,336.77276611328125,90.32569885253906,-89.99771118164062,179.9617919921875,-6.7362,-7.3616,1.2775,-0.8241,-1.8963,2.7253,-2.0174,-8.222,-4.2225,-0.483,-0.3283,1.4273,-1.2728,-6.7786,7.3234,-0.8241,-1.8963,2.7253,4.225,-2.062,8.2103,-0.483,-0.3283,1.4273,,,8.222,42.6686,18.1,holding
2026-09-21T15:51:25.470+09:00,TEST_0001_LAN_L2,LAN_L2,PULL_TEST,,601.8064575195312,-259.9812316894531,336.7823791503906,90.32523345947266,-89.99705505371094,179.96202087402344,-6.7362,-7.3616,1.2775,-0.8241,-1.8963,2.7253,-2.0174,-8.222,-4.2225,-0.483,-0.3283,1.4273,-1.2728,-6.7786,7.3234,-0.8241,-1.8963,2.7253,4.225,-2.062,8.2103,-0.483,-0.3283,1.4273,,,8.222,43.2226,18.1,holding
2026-09-21T15:51:25.525+09:00,TEST_0001_LAN_L2,LAN_L2,PULL_TEST,,601.7860717773438,-259.43817138671875,336.79071044921875,90.32456970214844,-89.9970932006836,179.96095275878906,-6.7462,-7.4703,1.2691,-0.8223,-1.8913,2.7338,-2.0274,-8.3307,-4.2309,-0.4812,-0.3233,1.4358,-1.2642,-6.7893,7.432,-0.8223,-1.8913,2.7338,4.2335,-2.0728,8.3189,-0.4812,-0.3233,1.4358,,,8.3307,43.7656,18.1,holding
2026-09-21T15:51:25.581+09:00,TEST_0001_LAN_L2,LAN_L2,PULL_TEST,,601.7787475585938,-258.8897705078125,336.7914123535156,90.3243408203125,-89.99752044677734,179.96034240722656,-6.9277,-7.3929,1.3347,-0.8058,-1.8943,2.791,-2.2089,-8.2533,-4.1654,-0.4648,-0.3263,1.493,-1.3295,-6.9704,7.3535,-0.8058,-1.8943,2.791,4.1683,-2.2538,8.2404,-0.4648,-0.3263,1.493,,,8.2533,44.314,18.1,holding
2026-09-21T15:51:25.637+09:00,TEST_0001_LAN_L2,LAN_L2,PULL_TEST,,601.784423828125,-258.31890869140625,336.8096923828125,90.32408142089844,-89.99781036376953,179.9624786376953,-6.9277,-7.3929,1.3347,-0.8058,-1.8943,2.791,-2.2089,-8.2533,-4.1654,-0.4648,-0.3263,1.493,-1.3295,-6.9704,7.3535,-0.8058,-1.8943,2.791,4.1683,-2.2538,8.2404,-0.4648,-0.3263,1.493,,,8.2533,44.8849,18.1,holding
2026-09-21T15:51:25.692+09:00,TEST_0001_LAN_L2,LAN_L2,PULL_TEST,,601.8147583007812,-257.76922607421875,336.8414611816406,90.32537841796875,-89.99951171875,179.97134399414062,-7.0401,-7.2822,1.2342,-0.8369,-1.9036,2.8307,-2.3213,-8.1426,-4.2658,-0.4958,-0.3356,1.5327,-1.2302,-7.0819,7.2423,-0.8369,-1.9036,2.8307,4.2676,-2.3653,8.1292,-0.4958,-0.3356,1.5327,,,8.1426,45.4346,18.1,holding
2026-09-21T15:51:25.749+09:00,TEST_0001_LAN_L2,LAN_L2,PULL_TEST,,601.8145141601562,-257.22271728515625,336.83026123046875,90.32317352294922,-89.99910736083984,179.9713134765625,-7.0401,-7.2822,1.2342,-0.8369,-1.9036,2.8307,-2.3213,-8.1426,-4.2658,-0.4958,-0.3356,1.5327,-1.2302,-7.0819,7.2423,-0.8369,-1.9036,2.8307,4.2676,-2.3653,8.1292,-0.4958,-0.3356,1.5327,,,8.1426,45.9811,18.1,holding
2026-09-21T15:51:25.804+09:00,TEST_0001_LAN_L2,LAN_L2,PULL_TEST,,601.8047485351562,-256.6733703613281,336.786865234375,90.32173919677734,-89.9984130859375,179.9644012451172,-7.0311,-7.1183,1.4645,-0.7669,-1.9001,2.8321,-2.3123,-7.9787,-4.0356,-0.4259,-0.3321,1.5342,-1.4604,-7.0717,7.0788,-0.7669,-1.9001,2.8321,4.0373,-2.3551,7.9657,-0.4259,-0.3321,1.5342,,,7.9787,46.5304,18.1,holding
2026-09-21T15:51:25.860+09:00,TEST_0001_LAN_L2,LAN_L2,PULL_TEST,,601.8062744140625,-256.1086120605469,336.76849365234375,90.32304382324219,-89.99800872802734,179.96205139160156,-7.0311,-7.1183,1.4645,-0.7669,-1.9001,2.8321,-2.3123,-7.9787,-4.0356,-0.4259,-0.3321,1.5342,-1.4604,-7.0717,7.0788,-0.7669,-1.9001,2.8321,4.0373,-2.3551,7.9657,-0.4259,-0.3321,1.5342,,,7.9787,47.0952,18.1,holding
2026-09-21T15:51:25.915+09:00,TEST_0001_LAN_L2,LAN_L2,PULL_TEST,,601.802734375,-255.53781127929688,336.79266357421875,90.32401275634766,-89.99720001220703,179.96429443359375,-6.9019,-7.3129,1.2725,-0.82,-1.9039,2.7955,-2.1831,-8.1733,-4.2275,-0.4789,-0.3359,1.4975,-1.2678,-6.9439,7.2739,-0.82,-1.9039,2.7955,4.23,-2.2274,8.1608,-0.4789,-0.3359,1.4975,,,8.1733,47.666,18.1,holding
2026-09-21T15:51:25.971+09:00,TEST_0001_LAN_L2,LAN_L2,PULL_TEST,,601.8110961914062,-254.9722137451172,336.86090087890625,90.32550048828125,-89.99858093261719,179.972412109375,-6.9019,-7.3129,1.2725,-0.82,-1.9039,2.7955,-2.1831,-8.1733,-4.2275,-0.4789,-0.3359,1.4975,-1.2678,-6.9439,7.2739,-0.82,-1.9039,2.7955,4.23,-2.2274,8.1608,-0.4789,-0.3359,1.4975,,,8.1733,48.2316,18.1,holding
2026-09-21T15:51:26.028+09:00,TEST_0001_LAN_L2,LAN_L2,PULL_TEST,,601.80712890625,-254.4282684326172,336.9336853027344,90.32435607910156,-89.99986267089844,179.9849090576172,-6.7985,-7.252,1.1436,-0.851,-1.9084,2.769,-2.0797,-8.1124,-4.3565,-0.5099,-0.3404,1.471,-1.1402,-6.8401,7.2133,-0.851,-1.9084,2.769,4.3576,-2.1236,8.1002,-0.5099,-0.3404,1.471,,,8.1124,48.7755,18.1,holding
2026-09-21T15:51:26.084+09:00,TEST_0001_LAN_L2,LAN_L2,PULL_TEST,,601.7986450195312,-253.92044067382812,336.9346008300781,90.3250961303711,-90.00091552734375,179.98521423339844,-6.8182,-7.1129,1.4413,-0.753,-1.8989,2.7723,-2.0993,-7.9733,-4.0587,-0.4119,-0.3309,1.4744,-1.4397,-6.8587,7.0741,-0.753,-1.8989,2.7723,4.058,-2.1422,7.961,-0.4119,-0.3309,1.4744,,,7.9733,49.2834,18.1,holding
2026-09-21T15:52:25.576+09:00,TEST_0001_LAN_L2,LAN_L2,RELEASE,RETURN_SOFT_GRIP_COMMAND,601.793212890625,-253.2036895751953,336.83587646484375,90.32439422607422,-89.99805450439453,179.971923828125,-5.2447,-5.0502,1.6997,-0.6185,-1.6855,1.9251,0.0,0.0,0.0,0.0,0.0,0.0,-1.6969,-5.2741,5.0205,-0.6185,-1.6855,1.9251,0.0,0.0,0.0,0.0,0.0,0.0,,,,,18.1,holding
2026-09-21T15:52:25.773+09:00,TEST_0001_LAN_L2,LAN_L2,RELEASE,RETURN_SOFT_GRIP_OPEN_REACHED,601.793212890625,-253.2036895751953,336.83587646484375,90.32439422607422,-89.99805450439453,179.971923828125,-5.1553,-5.0346,1.6667,-0.608,-1.6823,1.8928,0.0,0.0,0.0,0.0,0.0,0.0,-1.664,-5.1845,5.0054,-0.608,-1.6823,1.8928,0.0,0.0,0.0,0.0,0.0,0.0,,,,,24.1,moving
2026-09-21T15:53:23.761+09:00,TEST_0002_LAN_L2,LAN_L2,PREPARE_SOFT_GRIP,INITIAL_SOFT_GRIP_OPEN_COMMAND,602.361083984375,-36.41194534301758,347.7203063964844,113.13298797607422,-136.4288330078125,-147.8484649658203,0.9127,-2.5797,4.7076,-0.018,-1.8696,1.2102,0.0,0.0,0.0,0.0,0.0,0.0,-4.515,2.6322,-1.5285,-0.018,-1.8696,1.2102,0.0,0.0,0.0,0.0,0.0,0.0,,,,,25.4,holding
2026-09-21T15:53:23.777+09:00,TEST_0002_LAN_L2,LAN_L2,PREPARE_SOFT_GRIP,INITIAL_SOFT_GRIP_OPEN_REACHED,602.361083984375,-36.41194534301758,347.7203063964844,113.13298797607422,-136.4288330078125,-147.8484649658203,0.9149,-2.6071,4.7136,-0.0182,-1.8692,1.2106,0.0,0.0,0.0,0.0,0.0,0.0,-4.5391,2.637,-1.5149,-0.0182,-1.8692,1.2106,0.0,0.0,0.0,0.0,0.0,0.0,,,,,25.4,holding
2026-09-21T15:53:26.590+09:00,TEST_0002_LAN_L2,LAN_L2,SOFT_GRIP_ENTRY,SOFT_GRIP_COMMAND,601.7930297851562,-303.1117248535156,336.82867431640625,90.32431030273438,-89.9977798461914,179.9711151123047,-5.2512,-1.8876,2.1371,-0.2679,-1.5466,1.331,0.0,0.0,0.0,0.0,0.0,0.0,-2.1343,-5.2629,1.8579,-0.2679,-1.5466,1.331,0.0,0.0,0.0,0.0,0.0,0.0,,,,,25.4,holding
2026-09-21T15:53:26.663+09:00,TEST_0002_LAN_L2,LAN_L2,SOFT_GRIP_ENTRY,ENTRY_MOTION_START_WIDTH_REACHED,601.7913818359375,-303.108642578125,336.82720947265625,90.32408905029297,-89.99790954589844,179.9711456298828,-5.2512,-1.8876,2.1371,-0.2679,-1.5466,1.331,0.0,0.0,0.0,0.0,0.0,0.0,-2.1343,-5.2629,1.8579,-0.2679,-1.5466,1.331,0.0,0.0,0.0,0.0,0.0,0.0,,,,,24.9,moving
2026-09-21T15:53:27.695+09:00,TEST_0002_LAN_L2,LAN_L2,SOFT_GRIP_ENTRY,SOFT_GRIP_STABILIZATION_END,601.7936401367188,-303.2110290527344,336.81658935546875,90.32449340820312,-89.99746704101562,179.96937561035156,-5.0511,-1.1424,3.4216,-0.2925,-1.524,1.3685,0.0,0.0,0.0,0.0,0.0,0.0,-3.4188,-5.0593,1.1139,-0.2925,-1.524,1.3685,0.0,0.0,0.0,0.0,0.0,0.0,,,,,21.8,holding
2026-09-21T15:53:27.752+09:00,TEST_0002_LAN_L2,LAN_L2,HARD_GRIP,HARD_GRIP_COMMAND,601.7920532226562,-303.21209716796875,336.8160705566406,90.32420349121094,-89.99755859375,179.96937561035156,-5.0511,-1.1424,3.4216,-0.2925,-1.524,1.3685,0.0,0.0,0.0,0.0,0.0,0.0,-3.4188,-5.0593,1.1139,-0.2925,-1.524,1.3685,0.0,0.0,0.0,0.0,0.0,0.0,,,,,21.8,holding
2026-09-21T15:53:28.755+09:00,TEST_0002_LAN_L2,LAN_L2,HARD_GRIP,HARD_GRIP_STABILIZATION_END,601.789306640625,-303.213134765625,336.8168640136719,90.32377624511719,-89.99760437011719,179.96946716308594,-4.9389,0.5614,5.4725,-0.3494,-1.5546,1.4393,0.0,0.0,0.0,0.0,0.0,0.0,-5.4699,-4.9385,-0.589,-0.3494,-1.5546,1.4393,0.0,0.0,0.0,0.0,0.0,0.0,,,,,18.9,holding
2026-09-21T15:53:28.788+09:00,TEST_0002_LAN_L2,LAN_L2,PULL_TEST,,601.789306640625,-303.213134765625,336.8168640136719,90.32377624511719,-89.99760437011719,179.96946716308594,-4.8433,0.6331,5.4331,-0.3636,-1.5545,1.4105,0.0956,0.0718,-0.0394,-0.0142,0.0002,-0.0288,-5.4305,-4.8425,-0.6603,-0.3636,-1.5545,1.4105,0.0394,0.096,-0.0712,-0.0142,0.0002,-0.0288,,,0.0718,0.0,18.9,holding
2026-09-21T15:53:28.844+09:00,TEST_0002_LAN_L2,LAN_L2,PULL_TEST,,601.7892456054688,-303.2110900878906,336.8163146972656,90.32378387451172,-89.99769592285156,179.96946716308594,-4.8433,0.6331,5.4331,-0.3636,-1.5545,1.4105,0.0956,0.0718,-0.0394,-0.0142,0.0002,-0.0288,-5.4305,-4.8425,-0.6603,-0.3636,-1.5545,1.4105,0.0394,0.096,-0.0712,-0.0142,0.0002,-0.0288,,,0.0718,0.002,18.9,holding
2026-09-21T15:53:28.900+09:00,TEST_0002_LAN_L2,LAN_L2,PULL_TEST,,601.7702026367188,-303.1894836425781,336.8231506347656,90.32063293457031,-89.99650573730469,179.96945190429688,-4.8473,0.5467,5.4038,-0.3734,-1.5547,1.4406,0.0916,-0.0147,-0.0687,-0.024,-0.0,0.0013,-5.4012,-4.847,-0.5738,-0.3734,-1.5547,1.4406,0.0686,0.0915,0.0153,-0.024,-0.0,0.0013,,,0.0147,0.0237,18.9,holding
2026-09-21T15:53:28.956+09:00,TEST_0002_LAN_L2,LAN_L2,PULL_TEST,,601.71435546875,-303.0833435058594,336.82623291015625,90.31169891357422,-89.99598693847656,179.9693145751953,-4.8473,0.5467,5.4038,-0.3734,-1.5547,1.4406,0.0916,-0.0147,-0.0687,-0.024,-0.0,0.0013,-5.4012,-4.847,-0.5738,-0.3734,-1.5547,1.4406,0.0686,0.0915,0.0153,-0.024,-0.0,0.0013,,,0.0147,0.1298,18.9,holding
2026-09-21T15:53:29.012+09:00,TEST_0002_LAN_L2,LAN_L2,PULL_TEST,,601.6458129882812,-302.8232421875,336.82025146484375,90.30168151855469,-89.99718475341797,179.9691162109375,-4.4069,-0.9311,5.2913,-0.3704,-1.5509,1.5787,0.532,-1.4925,-0.1812,-0.021,0.0037,0.1394,-5.2889,-4.4147,0.9077,-0.3704,-1.5509,1.5787,0.181,0.5238,1.4967,-0.021,0.0037,0.1394,,,1.4925,0.3899,18.9,holding
2026-09-21T15:53:29.067+09:00,TEST_0002_LAN_L2,LAN_L2,PULL_TEST,,601.6149291992188,-302.3883056640625,336.81298828125,90.29949188232422,-89.99812316894531,179.9683837890625,-4.4069,-0.9311,5.2913,-0.3704,-1.5509,1.5787,0.532,-1.4925,-0.1812,-0.021,0.0037,0.1394,-5.2889,-4.4147,0.9077,-0.3704,-1.5509,1.5787,0.181,0.5238,1.4967,-0.021,0.0037,0.1394,,,1.4925,0.8248,18.9,holding
2026-09-21T15:53:29.122+09:00,TEST_0002_LAN_L2,LAN_L2,PULL_TEST,,601.5619506835938,-301.8872985839844,336.82012939453125,90.29376983642578,-89.99626922607422,179.96755981445312,-4.0261,-4.8931,4.977,-0.3904,-1.5566,1.7639,0.9127,-5.4544,-0.4955,-0.041,-0.0019,0.3247,-4.9746,-4.0544,4.8722,-0.3904,-1.5566,1.7639,0.4953,0.8842,5.4612,-0.041,-0.0019,0.3247,,,5.4544,1.3258,18.9,holding
2026-09-21T15:53:29.178+09:00,TEST_0002_LAN_L2,LAN_L2,PULL_TEST,,601.5551147460938,-301.30633544921875,336.8042297363281,90.29595947265625,-89.99620819091797,179.9652099609375,-4.4417,-8.7213,4.6845,-0.3756,-1.5769,1.9992,0.4972,-9.2827,-0.788,-0.0262,-0.0223,0.56,-4.6812,-4.4894,8.6986,-0.3756,-1.5769,1.9992,0.7887,0.4491,9.2877,-0.0262,-0.0223,0.56,,,9.2827,1.9068,18.9,holding
2026-09-21T15:53:29.233+09:00,TEST_0002_LAN_L2,LAN_L2,PULL_TEST,,601.5728759765625,-300.6990661621094,336.7630310058594,90.3007583618164,-89.99564361572266,179.9596405029297,-4.4417,-8.7213,4.6845,-0.3756,-1.5769,1.9992,0.4972,-9.2827,-0.788,-0.0262,-0.0223,0.56,-4.6812,-4.4894,8.6986,-0.3756,-1.5769,1.9992,0.7887,0.4491,9.2877,-0.0262,-0.0223,0.56,,,9.2827,2.5141,18.9,holding
2026-09-21T15:53:29.288+09:00,TEST_0002_LAN_L2,LAN_L2,PULL_TEST,,601.5674438476562,-300.1515197753906,336.6995544433594,90.29931640625,-89.99563598632812,179.9495086669922,-5.3457,-9.8344,4.5807,-0.415,-1.601,2.2157,-0.4068,-10.3957,-0.8918,-0.0656,-0.0463,0.7764,-4.5754,-5.4009,9.8066,-0.415,-1.601,2.2157,0.8944,-0.4623,10.3957,-0.0656,-0.0463,0.7764,,,10.3957,3.0616,18.9,holding
2026-09-21T15:53:29.343+09:00,TEST_0002_LAN_L2,LAN_L2,PULL_TEST,,601.5973510742188,-299.5858459472656,336.6369934082031,90.3023910522461,-89.99698638916016,179.93759155273438,-5.3457,-9.8344,4.5807,-0.415,-1.601,2.2157,-0.4068,-10.3957,-0.8918,-0.0656,-0.0463,0.7764,-4.5754,-5.4009,9.8066,-0.415,-1.601,2.2157,0.8944,-0.4623,10.3957,-0.0656,-0.0463,0.7764,,,10.3957,3.6273,18.9,holding
2026-09-21T15:53:29.398+09:00,TEST_0002_LAN_L2,LAN_L2,PULL_TEST,,601.5936889648438,-299.0431213378906,336.599365234375,90.29989624023438,-89.99641418457031,179.93272399902344,-6.2252,-12.9502,4.0292,-0.5514,-1.6688,2.4488,-1.2864,-13.5116,-1.4433,-0.202,-0.1142,1.0095,-4.0211,-6.2977,12.9177,-0.5514,-1.6688,2.4488,1.4488,-1.3592,13.5067,-0.202,-0.1142,1.0095,,,13.5116,4.17,18.9,holding
2026-09-21T15:53:29.454+09:00,TEST_0002_LAN_L2,LAN_L2,PULL_TEST,,601.60791015625,-298.47344970703125,336.5782165527344,90.3011245727539,-89.99713134765625,179.9310302734375,-6.2252,-12.9502,4.0292,-0.5514,-1.6688,2.4488,-1.2864,-13.5116,-1.4433,-0.202,-0.1142,1.0095,-4.0211,-6.2977,12.9177,-0.5514,-1.6688,2.4488,1.4488,-1.3592,13.5067,-0.202,-0.1142,1.0095,,,13.5116,4.7397,18.9,holding
2026-09-21T15:53:29.509+09:00,TEST_0002_LAN_L2,LAN_L2,PULL_TEST,,601.6345825195312,-297.8747863769531,336.5757751464844,90.30526733398438,-89.99701690673828,179.9312286376953,-6.523,-16.1598,3.8525,-0.5593,-1.6857,2.5493,-1.5841,-16.7212,-1.62,-0.2099,-0.131,1.11,-3.8438,-6.6129,16.1253,-0.5593,-1.6857,2.5493,1.6261,-1.6744,16.7144,-0.2099,-0.131,1.11,,,16.7212,5.3383,18.9,holding
2026-09-21T15:53:29.564+09:00,TEST_0002_LAN_L2,LAN_L2,PULL_TEST,,601.644775390625,-297.3082580566406,336.6050109863281,90.30644226074219,-89.99676513671875,179.93536376953125,-6.523,-16.1598,3.8525,-0.5593,-1.6857,2.5493,-1.5841,-16.7212,-1.62,-0.2099,-0.131,1.11,-3.8438,-6.6129,16.1253,-0.5593,-1.6857,2.5493,1.6261,-1.6744,16.7144,-0.2099,-0.131,1.11,,,16.7212,5.9049,18.9,holding
2026-09-21T15:53:29.619+09:00,TEST_0002_LAN_L2,LAN_L2,PULL_TEST,,601.6630859375,-296.7447509765625,336.63836669921875,90.30915069580078,-89.99671173095703,179.93955993652344,-6.6922,-18.5718,3.5617,-0.5682,-1.6913,2.572,-1.7534,-19.1332,-1.9108,-0.2188,-0.1367,1.1328,-3.5531,-6.7956,18.5359,-0.5682,-1.6913,2.572,1.9168,-1.8571,19.1249,-0.2188,-0.1367,1.1328,,,19.1332,6.4684,18.9,holding
2026-09-21T15:53:29.674+09:00,TEST_0002_LAN_L2,LAN_L2,PULL_TEST,,601.6690673828125,-296.1842346191406,336.6871032714844,90.3089828491211,-89.99697875976562,179.9462432861328,-6.6922,-18.5718,3.5617,-0.5682,-1.6913,2.572,-1.7534,-19.1332,-1.9108,-0.2188,-0.1367,1.1328,-3.0127,-6.9837,20.7447,-0.586,-1.6932,2.5933,2.4571,-2.0452,21.3337,-0.2366,-0.1385,1.154,,,19.1332,7.0289,18.9,holding
2026-09-21T15:53:29.729+09:00,TEST_0002_LAN_L2,LAN_L2,PULL_TEST,,601.6834716796875,-295.638916015625,336.73614501953125,90.30928039550781,-89.99846649169922,179.95498657226562,-6.8689,-20.7818,3.0204,-0.586,-1.6932,2.5933,-1.93,-21.3432,-2.4521,-0.2366,-0.1385,1.154,-3.0127,-6.9837,20.7447,-0.586,-1.6932,2.5933,2.4571,-2.0452,21.3337,-0.2366,-0.1385,1.154,,,21.3432,7.5742,18.9,holding
2026-09-21T15:53:29.784+09:00,TEST_0002_LAN_L2,LAN_L2,PULL_TEST,,601.704345703125,-295.0635986328125,336.7743225097656,90.3113784790039,-89.99888610839844,179.9610595703125,-7.0572,-22.8396,2.5077,-0.5838,-1.6978,2.6105,-2.1183,-23.4009,-2.9648,-0.2344,-0.1432,1.1713,-2.5023,-7.1831,22.8009,-0.5838,-1.6978,2.6105,2.9676,-2.2446,23.3899,-0.2344,-0.1432,1.1713,,,23.4009,8.1495,18.9,holding
2026-09-21T15:53:29.839+09:00,TEST_0002_LAN_L2,LAN_L2,PULL_TEST,,601.7100830078125,-294.4895935058594,336.8077697753906,90.31208038330078,-89.99896240234375,179.96572875976562,-7.0572,-22.8396,2.5077,-0.5838,-1.6978,2.6105,-2.1183,-23.4009,-2.9648,-0.2344,-0.1432,1.1713,-2.5023,-7.1831,22.8009,-0.5838,-1.6978,2.6105,2.9676,-2.2446,23.3899,-0.2344,-0.1432,1.1713,,,23.4009,8.7235,18.9,holding
2026-09-21T15:53:29.893+09:00,TEST_0002_LAN_L2,LAN_L2,PULL_TEST,,601.7119140625,-293.9551086425781,336.8167419433594,90.31285858154297,-89.99913024902344,179.96640014648438,-7.2078,-24.2012,2.0166,-0.5967,-1.7039,2.6437,-2.269,-24.7625,-3.4559,-0.2473,-0.1493,1.2045,-2.0119,-7.3409,24.1615,-0.5967,-1.7039,2.6437,3.458,-2.4024,24.7505,-0.2473,-0.1493,1.2045,,,24.7625,9.258,18.9,holding
2026-09-21T15:53:29.949+09:00,TEST_0002_LAN_L2,LAN_L2,PULL_TEST,,601.7116088867188,-293.3956604003906,336.8189392089844,90.31293487548828,-89.99818420410156,179.9650115966797,-7.2078,-24.2012,2.0166,-0.5967,-1.7039,2.6437,-2.269,-24.7625,-3.4559,-0.2473,-0.1493,1.2045,-2.0119,-7.3409,24.1615,-0.5967,-1.7039,2.6437,3.458,-2.4024,24.7505,-0.2473,-0.1493,1.2045,,,24.7625,9.8175,18.9,holding
2026-09-21T15:53:30.003+09:00,TEST_0002_LAN_L2,LAN_L2,PULL_TEST,,601.7318115234375,-292.8060302734375,336.8154602050781,90.31685638427734,-89.99755859375,179.96453857421875,-7.3775,-25.4379,1.6507,-0.5844,-1.7093,2.6726,-2.4386,-25.9993,-3.8218,-0.2351,-0.1547,1.2333,-1.645,-7.5177,25.3972,-0.5844,-1.7093,2.6726,3.8249,-2.5792,25.9862,-0.2351,-0.1547,1.2333,,,25.9993,10.4071,18.9,holding
2026-09-21T15:54:14.451+09:00,TEST_0002_LAN_L2,LAN_L2,RELEASE,RETURN_SOFT_GRIP_COMMAND,601.7911376953125,-292.6318664550781,336.8244323730469,90.32406616210938,-89.99781799316406,179.97071838378906,-7.3453,-13.855,3.3034,-0.4232,-1.5521,2.1917,0.0,0.0,0.0,0.0,0.0,0.0,-3.2991,-7.4252,13.8134,-0.4232,-1.5521,2.1917,0.0,0.0,0.0,0.0,0.0,0.0,,,,,18.9,holding
2026-09-21T15:54:14.872+09:00,TEST_0002_LAN_L2,LAN_L2,RELEASE,RETURN_SOFT_GRIP_OPEN_REACHED,601.8189086914062,-292.576904296875,336.8248596191406,90.32942962646484,-89.99787139892578,179.97084045410156,-6.0413,-6.3603,2.8654,-0.5624,-1.5512,2.0234,0.0,0.0,0.0,0.0,0.0,0.0,-2.8621,-6.0793,6.3255,-0.5624,-1.5512,2.0234,0.0,0.0,0.0,0.0,0.0,0.0,,,,,23.9,moving
2026-09-21T15:56:25.017+09:00,TEST_0003_LAN_L2,LAN_L2,PREPARE_SOFT_GRIP,INITIAL_SOFT_GRIP_OPEN_COMMAND,602.3610229492188,-36.41298294067383,347.7203063964844,113.13288879394531,-136.4288330078125,-147.8484649658203,0.5808,-2.4801,4.7316,-0.2377,-2.0489,1.2356,0.0,0.0,0.0,0.0,0.0,0.0,-4.5344,2.3301,-1.6989,-0.2377,-2.0489,1.2356,0.0,0.0,0.0,0.0,0.0,0.0,,,,,25.3,holding
2026-09-21T15:56:25.031+09:00,TEST_0003_LAN_L2,LAN_L2,PREPARE_SOFT_GRIP,INITIAL_SOFT_GRIP_OPEN_REACHED,602.3610229492188,-36.41298294067383,347.7203063964844,113.13288879394531,-136.4288330078125,-147.8484649658203,0.5808,-2.4801,4.7316,-0.2377,-2.0489,1.2356,0.0,0.0,0.0,0.0,0.0,0.0,-4.5344,2.3301,-1.6989,-0.2377,-2.0489,1.2356,0.0,0.0,0.0,0.0,0.0,0.0,,,,,25.3,holding
2026-09-21T15:56:27.890+09:00,TEST_0003_LAN_L2,LAN_L2,SOFT_GRIP_ENTRY,SOFT_GRIP_COMMAND,601.7930297851562,-303.1045227050781,336.84344482421875,90.32462310791016,-89.99801635742188,179.9733428955078,-5.2972,-1.8179,2.1947,-0.2466,-1.5678,1.3348,0.0,0.0,0.0,0.0,0.0,0.0,-2.1921,-5.3085,1.7879,-0.2466,-1.5678,1.3348,0.0,0.0,0.0,0.0,0.0,0.0,,,,,25.3,holding
2026-09-21T15:56:27.942+09:00,TEST_0003_LAN_L2,LAN_L2,SOFT_GRIP_ENTRY,ENTRY_MOTION_START_WIDTH_REACHED,601.7931518554688,-303.1014404296875,336.84393310546875,90.3247299194336,-89.99810791015625,179.9734344482422,-5.2972,-1.8179,2.1947,-0.2466,-1.5678,1.3348,0.0,0.0,0.0,0.0,0.0,0.0,-2.1921,-5.3085,1.7879,-0.2466,-1.5678,1.3348,0.0,0.0,0.0,0.0,0.0,0.0,,,,,24.9,moving
2026-09-21T15:56:28.974+09:00,TEST_0003_LAN_L2,LAN_L2,SOFT_GRIP_ENTRY,SOFT_GRIP_STABILIZATION_END,601.7957153320312,-303.204833984375,336.8335266113281,90.32493591308594,-89.99795532226562,179.9720458984375,-4.8678,-0.2762,2.6789,-0.2407,-1.5535,1.2484,0.0,0.0,0.0,0.0,0.0,0.0,-2.6765,-4.8706,0.2487,-0.2407,-1.5535,1.2484,0.0,0.0,0.0,0.0,0.0,0.0,,,,,21.9,holding
2026-09-21T15:56:29.032+09:00,TEST_0003_LAN_L2,LAN_L2,HARD_GRIP,HARD_GRIP_COMMAND,601.794921875,-303.2059020996094,336.83282470703125,90.32483673095703,-89.9979476928711,179.971923828125,-4.7975,-0.3075,2.704,-0.2385,-1.5521,1.2431,0.0,0.0,0.0,0.0,0.0,0.0,-2.7016,-4.8005,0.2804,-0.2385,-1.5521,1.2431,0.0,0.0,0.0,0.0,0.0,0.0,,,,,21.9,holding
2026-09-21T15:56:30.035+09:00,TEST_0003_LAN_L2,LAN_L2,HARD_GRIP,HARD_GRIP_STABILIZATION_END,601.7921752929688,-303.2059326171875,336.83477783203125,90.32447052001953,-89.99766540527344,179.97190856933594,-4.4998,1.478,4.94,-0.3155,-1.5769,1.3603,0.0,0.0,0.0,0.0,0.0,0.0,-4.9379,-4.4937,-1.5033,-0.3155,-1.5769,1.3603,0.0,0.0,0.0,0.0,0.0,0.0,,,,,19.3,moving
2026-09-21T15:56:30.069+09:00,TEST_0003_LAN_L2,LAN_L2,PULL_TEST,,601.7921752929688,-303.2059326171875,336.83477783203125,90.32447052001953,-89.99766540527344,179.97190856933594,-4.4998,1.478,4.94,-0.3155,-1.5769,1.3603,0.0,0.0,0.0,0.0,0.0,0.0,-4.9379,-4.4937,-1.5033,-0.3155,-1.5769,1.3603,0.0,0.0,0.0,0.0,0.0,0.0,,,0.0,0.0,19.3,moving
2026-09-21T15:56:30.125+09:00,TEST_0003_LAN_L2,LAN_L2,PULL_TEST,,601.7916259765625,-303.20489501953125,336.8342590332031,90.32437896728516,-89.99775695800781,179.97190856933594,-4.5269,1.5183,4.9819,-0.2972,-1.5712,1.3706,-0.0271,0.0403,0.0418,0.0183,0.0057,0.0103,-4.9797,-4.5206,-1.5437,-0.2972,-1.5712,1.3706,-0.0418,-0.0269,-0.0404,0.0183,0.0057,0.0103,,,0.0403,0.001,19.1,moving
2026-09-21T15:56:30.181+09:00,TEST_0003_LAN_L2,LAN_L2,PULL_TEST,,601.7728271484375,-303.18121337890625,336.84136962890625,90.32128143310547,-89.99652099609375,179.97189331054688,-4.5436,1.3263,4.9723,-0.2989,-1.5754,1.4263,-0.0438,-0.1517,0.0322,0.0165,0.0015,0.066,-4.9701,-4.5385,-1.3516,-0.2989,-1.5754,1.4263,-0.0322,-0.0447,0.1517,0.0165,0.0015,0.066,,,0.1517,0.0247,19.1,moving
2026-09-21T15:56:30.236+09:00,TEST_0003_LAN_L2,LAN_L2,PULL_TEST,,601.7197875976562,-303.07611083984375,336.85137939453125,90.31282806396484,-89.99478912353516,179.97178649902344,-4.5436,1.3263,4.9723,-0.2989,-1.5754,1.4263,-0.0438,-0.1517,0.0322,0.0165,0.0015,0.066,-4.9701,-4.5385,-1.3516,-0.2989,-1.5754,1.4263,-0.0322,-0.0447,0.1517,0.0165,0.0015,0.066,,,0.1517,0.1298,19.1,moving
2026-09-21T15:56:30.292+09:00,TEST_0003_LAN_L2,LAN_L2,PULL_TEST,,601.6513061523438,-302.8211975097656,336.8400573730469,90.30281829833984,-89.99678802490234,179.97145080566406,-4.1219,-0.5762,4.8533,-0.3185,-1.5746,1.5901,0.3779,-2.0542,-0.0867,-0.0031,0.0022,0.2298,-4.8512,-4.1273,0.5545,-0.3185,-1.5746,1.5901,0.0867,0.3664,2.0578,-0.0031,0.0022,0.2298,,,2.0542,0.3847,19.1,moving
2026-09-21T15:56:30.346+09:00,TEST_0003_LAN_L2,LAN_L2,PULL_TEST,,601.6221923828125,-302.38519287109375,336.8340148925781,90.30091094970703,-89.99764251708984,179.97084045410156,-4.1219,-0.5762,4.8533,-0.3185,-1.5746,1.5901,0.3779,-2.0542,-0.0867,-0.0031,0.0022,0.2298,-4.8512,-4.1273,0.5545,-0.3185,-1.5746,1.5901,0.0867,0.3664,2.0578,-0.0031,0.0022,0.2298,,,2.0542,0.8207,19.1,moving
2026-09-21T15:56:30.401+09:00,TEST_0003_LAN_L2,LAN_L2,PULL_TEST,,601.568115234375,-301.8872985839844,336.8392028808594,90.29503631591797,-89.99630737304688,179.97010803222656,-3.9101,-4.8589,4.3583,-0.3658,-1.5801,1.8017,0.5897,-6.3369,-0.5817,-0.0504,-0.0032,0.4414,-4.3561,-3.9376,4.8387,-0.3658,-1.5801,1.8017,0.5818,0.5562,6.342,-0.0504,-0.0032,0.4414,,,6.3369,1.3186,19.1,moving
2026-09-21T15:56:30.456+09:00,TEST_0003_LAN_L2,LAN_L2,PULL_TEST,,601.5474853515625,-301.3467102050781,336.8237609863281,90.29450225830078,-89.99617004394531,179.9677734375,-3.9101,-4.8589,4.3583,-0.3658,-1.5801,1.8017,0.5897,-6.3369,-0.5817,-0.0504,-0.0032,0.4414,-4.3561,-3.9376,4.8387,-0.3658,-1.5801,1.8017,0.5818,0.5562,6.342,-0.0504,-0.0032,0.4414,,,6.3369,1.8592,19.1,moving
2026-09-21T15:56:30.511+09:00,TEST_0003_LAN_L2,LAN_L2,PULL_TEST,,601.538818359375,-300.7912902832031,336.7828369140625,90.29436492919922,-89.99560546875,179.9624786376953,-4.1118,-9.66,3.9175,-0.364,-1.5911,2.0065,0.388,-11.138,-1.0226,-0.0486,-0.0142,0.6462,-3.9144,-4.1637,9.639,-0.364,-1.5911,2.0065,1.0235,0.3301,11.1422,-0.0486,-0.0142,0.6462,,,11.138,2.4146,19.1,moving
2026-09-21T15:56:30.567+09:00,TEST_0003_LAN_L2,LAN_L2,PULL_TEST,,601.5505981445312,-300.20751953125,336.7121887207031,90.29637145996094,-89.99604797363281,179.95298767089844,-4.1118,-9.66,3.9175,-0.364,-1.5911,2.0065,0.388,-11.138,-1.0226,-0.0486,-0.0142,0.6462,-3.9144,-4.1637,9.639,-0.364,-1.5911,2.0065,1.0235,0.3301,11.1422,-0.0486,-0.0142,0.6462,,,11.138,2.9984,19.1,moving
2026-09-21T15:56:30.623+09:00,TEST_0003_LAN_L2,LAN_L2,PULL_TEST,,601.576171875,-299.63055419921875,336.6402282714844,90.29922485351562,-89.9970474243164,179.93753051757812,-5.1088,-12.543,3.787,-0.3607,-1.6275,2.3002,-0.6091,-14.021,-1.1531,-0.0452,-0.0506,0.9399,-3.7817,-5.177,12.5166,-0.3607,-1.6275,2.3002,1.1562,-0.6833,14.0199,-0.0452,-0.0506,0.9399,,,14.021,3.5754,19.1,moving
2026-09-21T15:56:30.679+09:00,TEST_0003_LAN_L2,LAN_L2,PULL_TEST,,601.575927734375,-299.07537841796875,336.60479736328125,90.29721069335938,-89.99671936035156,179.93324279785156,-5.9102,-15.9461,3.4952,-0.4818,-1.6979,2.5641,-1.4104,-17.4242,-1.4449,-0.1664,-0.121,1.2038,-3.4873,-5.9969,15.9155,-0.4818,-1.6979,2.5641,1.4506,-1.5032,17.4187,-0.1664,-0.121,1.2038,,,17.4242,4.1306,19.1,moving
2026-09-21T15:56:30.734+09:00,TEST_0003_LAN_L2,LAN_L2,PULL_TEST,,601.5979614257812,-298.4901123046875,336.57098388671875,90.2996826171875,-89.99713897705078,179.92955017089844,-5.9102,-15.9461,3.4952,-0.4818,-1.6979,2.5641,-1.4104,-17.4242,-1.4449,-0.1664,-0.121,1.2038,-3.4873,-5.9969,15.9155,-0.4818,-1.6979,2.5641,1.4506,-1.5032,17.4187,-0.1664,-0.121,1.2038,,,17.4242,4.7158,18.9,holding
2026-09-21T15:56:30.790+09:00,TEST_0003_LAN_L2,LAN_L2,PULL_TEST,,601.6264038085938,-297.8852844238281,336.5832214355469,90.30427551269531,-89.99703979492188,179.93190002441406,-6.2607,-18.9797,3.2829,-0.5245,-1.7115,2.6333,-1.7609,-20.4577,-1.6572,-0.209,-0.1346,1.273,-3.2744,-6.3652,18.9464,-0.5245,-1.7115,2.6333,1.6635,-1.8714,20.4497,-0.209,-0.1346,1.273,,,20.4577,5.3206,18.9,holding
2026-09-21T15:56:30.847+09:00,TEST_0003_LAN_L2,LAN_L2,PULL_TEST,,601.6403198242188,-297.2939147949219,336.6061706542969,90.30623626708984,-89.99635314941406,179.93479919433594,-6.2607,-18.9797,3.2829,-0.5245,-1.7115,2.6333,-1.7609,-20.4577,-1.6572,-0.209,-0.1346,1.273,-3.2744,-6.3652,18.9464,-0.5245,-1.7115,2.6333,1.6635,-1.8714,20.4497,-0.209,-0.1346,1.273,,,20.4577,5.912,18.9,holding
2026-09-21T15:56:30.903+09:00,TEST_0003_LAN_L2,LAN_L2,PULL_TEST,,601.6578369140625,-296.7220764160156,336.6396179199219,90.30850982666016,-89.9966812133789,179.9397735595703,-6.4938,-21.7483,2.9669,-0.5589,-1.7177,2.6564,-1.9941,-23.2263,-1.9732,-0.2434,-0.1408,1.2961,-2.9583,-6.614,21.7132,-0.5589,-1.7177,2.6564,1.9796,-2.1202,23.2165,-0.2434,-0.1408,1.2961,,,23.2263,6.4839,18.9,holding
2026-09-21T15:56:30.957+09:00,TEST_0003_LAN_L2,LAN_L2,PULL_TEST,,601.6632080078125,-296.1605224609375,336.6936340332031,90.3082504272461,-89.9970703125,179.94752502441406,-6.4938,-21.7483,2.9669,-0.5589,-1.7177,2.6564,-1.9941,-23.2263,-1.9732,-0.2434,-0.1408,1.2961,-2.9583,-6.614,21.7132,-0.5589,-1.7177,2.6564,1.9796,-2.1202,23.2165,-0.2434,-0.1408,1.2961,,,23.2263,7.0454,18.9,holding
2026-09-21T15:56:31.012+09:00,TEST_0003_LAN_L2,LAN_L2,PULL_TEST,,601.6778564453125,-295.61627197265625,336.7403259277344,90.3087387084961,-89.99816131591797,179.95484924316406,-6.7805,-23.8701,2.4385,-0.5907,-1.7238,2.6882,-2.2807,-25.3481,-2.5015,-0.2752,-0.1469,1.3279,-2.4314,-6.9106,23.8335,-0.5907,-1.7238,2.6882,2.5065,-2.4169,25.3368,-0.2752,-0.1469,1.3279,,,25.3481,7.5897,18.9,holding
2026-09-21T15:56:50.590+09:00,TEST_0003_LAN_L2,LAN_L2,RELEASE,RETURN_SOFT_GRIP_COMMAND,601.7932739257812,-295.3423767089844,336.8415222167969,90.32491302490234,-89.99808502197266,179.97296142578125,-6.1253,-14.4163,3.5147,-0.2913,-1.5604,1.9757,0.0,0.0,0.0,0.0,0.0,0.0,-3.5112,-6.2086,14.3815,-0.2913,-1.5604,1.9757,0.0,0.0,0.0,0.0,0.0,0.0,,,,,18.9,holding
2026-09-21T15:56:51.113+09:00,TEST_0003_LAN_L2,LAN_L2,RELEASE,RETURN_SOFT_GRIP_OPEN_REACHED,601.8202514648438,-295.2874450683594,336.8415222167969,90.33013916015625,-89.99808502197266,179.97296142578125,-4.9875,-5.0224,3.1272,-0.3352,-1.5611,1.7806,0.0,0.0,0.0,0.0,0.0,0.0,-3.1247,-5.0178,4.9937,-0.3352,-1.5611,1.7806,0.0,0.0,0.0,0.0,0.0,0.0,,,,,23.8,moving
2026-09-21T15:57:08.936+09:00,TEST_0004_LAN_L2,LAN_L2,PREPARE_SOFT_GRIP,INITIAL_SOFT_GRIP_OPEN_COMMAND,602.3617553710938,-36.411720275878906,347.7183837890625,113.13278198242188,-136.42884826660156,-147.8487548828125,0.5355,-2.5283,4.6195,-0.2231,-1.9024,1.1212,0.0,0.0,0.0,0.0,0.0,0.0,-4.5175,2.2479,-1.5994,-0.2231,-1.9024,1.1212,0.0,0.0,0.0,0.0,0.0,0.0,,,,,25.1,holding
2026-09-21T15:57:08.950+09:00,TEST_0004_LAN_L2,LAN_L2,PREPARE_SOFT_GRIP,INITIAL_SOFT_GRIP_OPEN_REACHED,602.3617553710938,-36.411720275878906,347.7183837890625,113.13278198242188,-136.42884826660156,-147.8487548828125,0.5355,-2.5283,4.6195,-0.2231,-1.9024,1.1212,0.0,0.0,0.0,0.0,0.0,0.0,-4.5175,2.2479,-1.5994,-0.2231,-1.9024,1.1212,0.0,0.0,0.0,0.0,0.0,0.0,,,,,25.1,holding
2026-09-21T15:57:11.789+09:00,TEST_0004_LAN_L2,LAN_L2,SOFT_GRIP_ENTRY,SOFT_GRIP_COMMAND,601.7882690429688,-303.1077575683594,336.8480224609375,90.32456970214844,-89.9977798461914,179.97360229492188,-5.3827,-1.7555,2.0626,-0.291,-1.5759,1.3201,0.0,0.0,0.0,0.0,0.0,0.0,-2.0601,-5.3935,1.7251,-0.291,-1.5759,1.3201,0.0,0.0,0.0,0.0,0.0,0.0,,,,,25.1,holding
2026-09-21T15:57:11.843+09:00,TEST_0004_LAN_L2,LAN_L2,SOFT_GRIP_ENTRY,ENTRY_MOTION_START_WIDTH_REACHED,601.7874755859375,-303.10467529296875,336.8462829589844,90.3244857788086,-89.99796295166016,179.9736328125,-5.3827,-1.7555,2.0626,-0.291,-1.5759,1.3201,0.0,0.0,0.0,0.0,0.0,0.0,-2.0601,-5.3935,1.7251,-0.291,-1.5759,1.3201,0.0,0.0,0.0,0.0,0.0,0.0,,,,,24.9,moving
2026-09-21T15:57:12.875+09:00,TEST_0004_LAN_L2,LAN_L2,SOFT_GRIP_ENTRY,SOFT_GRIP_STABILIZATION_END,601.7884521484375,-303.2112121582031,336.83001708984375,90.32439422607422,-89.99778747558594,179.9713134765625,-5.0603,-0.5206,2.0536,-0.2815,-1.5506,1.3308,0.0,0.0,0.0,0.0,0.0,0.0,-2.051,-5.0642,0.492,-0.2815,-1.5506,1.3308,0.0,0.0,0.0,0.0,0.0,0.0,,,,,21.8,holding
2026-09-21T15:57:12.933+09:00,TEST_0004_LAN_L2,LAN_L2,HARD_GRIP,HARD_GRIP_COMMAND,601.7879028320312,-303.21221923828125,336.83001708984375,90.32429504394531,-89.99778747558594,179.9713134765625,-5.0913,-0.5647,2.0542,-0.2777,-1.5526,1.364,0.0,0.0,0.0,0.0,0.0,0.0,-2.0517,-5.0954,0.536,-0.2777,-1.5526,1.364,0.0,0.0,0.0,0.0,0.0,0.0,,,,,21.8,holding
2026-09-21T15:57:13.937+09:00,TEST_0004_LAN_L2,LAN_L2,HARD_GRIP,HARD_GRIP_STABILIZATION_END,601.7840576171875,-303.21331787109375,336.83477783203125,90.32373809814453,-89.997314453125,179.9716796875,-4.9753,0.2225,4.9344,-0.3532,-1.5789,1.5347,0.0,0.0,0.0,0.0,0.0,0.0,-4.9319,-4.9764,-0.2504,-0.3532,-1.5789,1.5347,0.0,0.0,0.0,0.0,0.0,0.0,,,,,19.4,moving
2026-09-21T15:57:13.971+09:00,TEST_0004_LAN_L2,LAN_L2,PULL_TEST,,601.7840576171875,-303.21331787109375,336.83477783203125,90.32373809814453,-89.997314453125,179.9716796875,-4.9753,0.2225,4.9344,-0.3532,-1.5789,1.5347,0.0,0.0,0.0,0.0,0.0,0.0,-4.9319,-4.9764,-0.2504,-0.3532,-1.5789,1.5347,0.0,0.0,0.0,0.0,0.0,0.0,,,0.0,0.0,19.4,moving
2026-09-21T15:57:14.026+09:00,TEST_0004_LAN_L2,LAN_L2,PULL_TEST,,601.7847900390625,-303.21124267578125,336.833984375,90.32388305664062,-89.9974594116211,179.97166442871094,-4.9772,0.2574,4.9847,-0.3462,-1.5738,1.5358,-0.0019,0.0349,0.0503,0.007,0.0051,0.0011,-4.9822,-4.9781,-0.2853,-0.3462,-1.5738,1.5358,-0.0503,-0.0018,-0.0349,0.007,0.0051,0.0011,,,0.0349,0.0021,19.4,moving
2026-09-21T15:57:14.081+09:00,TEST_0004_LAN_L2,LAN_L2,PULL_TEST,,601.7660522460938,-303.19171142578125,336.8394470214844,90.32076263427734,-89.99650573730469,179.97164916992188,-4.9594,0.124,4.9853,-0.3442,-1.5746,1.574,0.0159,-0.0985,0.051,0.009,0.0043,0.0393,-4.9829,-4.9611,-0.1515,-0.3442,-1.5746,1.574,-0.051,0.0153,0.0988,0.009,0.0043,0.0393,,,0.0985,0.0216,19.4,moving
2026-09-21T15:57:14.136+09:00,TEST_0004_LAN_L2,LAN_L2,PULL_TEST,,601.7133178710938,-303.09173583984375,336.8475341796875,90.31232452392578,-89.99510955810547,179.97154235839844,-4.9594,0.124,4.9853,-0.3442,-1.5746,1.574,0.0159,-0.0985,0.051,0.009,0.0043,0.0393,-4.9829,-4.9611,-0.1515,-0.3442,-1.5746,1.574,-0.051,0.0153,0.0988,0.009,0.0043,0.0393,,,0.0985,0.1216,19.4,moving
2026-09-21T15:57:14.192+09:00,TEST_0004_LAN_L2,LAN_L2,PULL_TEST,,601.6444091796875,-302.8388977050781,336.8359069824219,90.30211639404297,-89.99710845947266,179.9712371826172,-4.583,-1.7968,4.8235,-0.3802,-1.5782,1.7385,0.3922,-2.0193,-0.1109,-0.027,0.0007,0.2038,-4.821,-4.5949,1.7727,-0.3802,-1.5782,1.7385,0.1109,0.3814,2.0231,-0.027,0.0007,0.2038,,,2.0193,0.3744,19.4,moving
2026-09-21T15:57:14.248+09:00,TEST_0004_LAN_L2,LAN_L2,PULL_TEST,,601.61279296875,-302.3998107910156,336.83050537109375,90.2999038696289,-89.99790954589844,179.97059631347656,-4.583,-1.7968,4.8235,-0.3802,-1.5782,1.7385,0.3922,-2.0193,-0.1109,-0.027,0.0007,0.2038,-4.821,-4.5949,1.7727,-0.3802,-1.5782,1.7385,0.1109,0.3814,2.0231,-0.027,0.0007,0.2038,,,2.0193,0.8135,19.4,moving
2026-09-21T15:57:14.305+09:00,TEST_0004_LAN_L2,LAN_L2,PULL_TEST,,601.5579833984375,-301.8843688964844,336.8380126953125,90.29411315917969,-89.99665069580078,179.97015380859375,-4.3736,-6.0201,4.3534,-0.4228,-1.5836,1.9266,0.6016,-6.2426,-0.581,-0.0696,-0.0047,0.3919,-4.3508,-4.407,5.9976,-0.4228,-1.5836,1.9266,0.5811,0.5693,6.2479,-0.0696,-0.0047,0.3919,,,6.2426,1.3289,19.4,moving
2026-09-21T15:57:14.360+09:00,TEST_0004_LAN_L2,LAN_L2,PULL_TEST,,601.5365600585938,-301.34381103515625,336.8228454589844,90.2934341430664,-89.99646759033203,179.96783447265625,-4.3736,-6.0201,4.3534,-0.4228,-1.5836,1.9266,0.6016,-6.2426,-0.581,-0.0696,-0.0047,0.3919,-4.3508,-4.407,5.9976,-0.4228,-1.5836,1.9266,0.5811,0.5693,6.2479,-0.0696,-0.0047,0.3919,,,6.2426,1.8695,19.4,moving
2026-09-21T15:57:14.415+09:00,TEST_0004_LAN_L2,LAN_L2,PULL_TEST,,601.5318603515625,-300.78424072265625,336.7821960449219,90.29402160644531,-89.99586486816406,179.96253967285156,-4.4864,-10.7471,3.8997,-0.4246,-1.5886,2.0918,0.4888,-10.9696,-1.0347,-0.0714,-0.0097,0.5571,-3.8964,-4.5437,10.7242,-0.4246,-1.5886,2.0918,1.0355,0.4327,10.9746,-0.0714,-0.0097,0.5571,,,10.9696,2.4291,19.4,moving
2026-09-21T15:57:14.471+09:00,TEST_0004_LAN_L2,LAN_L2,PULL_TEST,,601.533203125,-300.2056884765625,336.7142639160156,90.29422760009766,-89.99600982666016,179.95343017578125,-4.4864,-10.7471,3.8997,-0.4246,-1.5886,2.0918,0.4888,-10.9696,-1.0347,-0.0714,-0.0097,0.5571,-3.8964,-4.5437,10.7242,-0.4246,-1.5886,2.0918,1.0355,0.4327,10.9746,-0.0714,-0.0097,0.5571,,,10.9696,3.0076,19.4,moving
2026-09-21T15:57:14.526+09:00,TEST_0004_LAN_L2,LAN_L2,PULL_TEST,,601.5640869140625,-299.6328430175781,336.6572265625,90.29780578613281,-89.99698638916016,179.93955993652344,-5.3881,-14.1528,3.7211,-0.4497,-1.6252,2.363,-0.4129,-14.3753,-1.2132,-0.0965,-0.0463,0.8283,-3.7156,-5.4639,14.1251,-0.4497,-1.6252,2.363,1.2163,-0.4876,14.3755,-0.0965,-0.0463,0.8283,,,14.3753,3.5805,19.3,moving
2026-09-21T15:57:14.581+09:00,TEST_0004_LAN_L2,LAN_L2,PULL_TEST,,601.5648803710938,-299.08587646484375,336.62164306640625,90.2957992553711,-89.99663543701172,179.93455505371094,-6.1396,-17.2832,3.336,-0.568,-1.7032,2.5856,-1.1643,-17.5056,-1.5984,-0.2148,-0.1243,1.0509,-3.3279,-6.2325,17.2514,-0.568,-1.7032,2.5856,1.6041,-1.2561,17.5018,-0.2148,-0.1243,1.0509,,,17.5056,4.1274,19.3,moving
2026-09-21T15:57:14.637+09:00,TEST_0004_LAN_L2,LAN_L2,PULL_TEST,,601.6851806640625,-298.297607421875,336.6285095214844,90.31742095947266,-89.997802734375,179.93711853027344,-6.1396,-17.2832,3.336,-0.568,-1.7032,2.5856,-1.1643,-17.5056,-1.5984,-0.2148,-0.1243,1.0509,-3.3279,-6.2325,17.2514,-0.568,-1.7032,2.5856,1.6041,-1.2561,17.5018,-0.2148,-0.1243,1.0509,,,17.5056,4.9157,19.3,moving
2026-09-21T15:57:14.692+09:00,TEST_0004_LAN_L2,LAN_L2,PULL_TEST,,601.7843627929688,-297.5609436035156,336.5862731933594,90.33484649658203,-89.99613189697266,179.93231201171875,-6.026,-7.3737,3.668,-0.585,-1.6922,2.5181,-1.0507,-7.5962,-1.2664,-0.2318,-0.1133,0.9834,-3.6605,-6.0732,7.3387,-0.585,-1.6922,2.5181,1.2714,-1.0968,7.589,-0.2318,-0.1133,0.9834,,,7.5962,5.6524,19.3,moving
2026-09-21T15:57:14.747+09:00,TEST_0004_LAN_L2,LAN_L2,PULL_TEST,,601.80322265625,-296.9840087890625,336.6578063964844,90.3375244140625,-89.99642944335938,179.9433135986328,-6.026,-7.3737,3.668,-0.585,-1.6922,2.5181,-1.0507,-7.5962,-1.2664,-0.2318,-0.1133,0.9834,-3.6605,-6.0732,7.3387,-0.585,-1.6922,2.5181,1.2714,-1.0968,7.589,-0.2318,-0.1133,0.9834,,,7.5962,6.2293,19.3,moving
2026-09-21T15:57:14.802+09:00,TEST_0004_LAN_L2,LAN_L2,PULL_TEST,,601.797607421875,-296.4732360839844,336.649658203125,90.33509063720703,-89.99696350097656,179.94358825683594,-5.9541,-5.9186,4.4143,-0.5411,-1.6829,2.5334,-0.9789,-6.1411,-0.52,-0.1879,-0.104,0.9987,-4.4082,-5.993,5.8839,-0.5411,-1.6829,2.5334,0.5238,-1.0166,6.1342,-0.1879,-0.104,0.9987,,,6.1411,6.7401,19.3,moving
2026-09-21T15:57:14.858+09:00,TEST_0004_LAN_L2,LAN_L2,PULL_TEST,,601.7921752929688,-295.9311828613281,336.73382568359375,90.33189392089844,-89.99649810791016,179.95040893554688,-5.9541,-5.9186,4.4143,-0.5411,-1.6829,2.5334,-0.9789,-6.1411,-0.52,-0.1879,-0.104,0.9987,-4.4082,-5.993,5.8839,-0.5411,-1.6829,2.5334,0.5238,-1.0166,6.1342,-0.1879,-0.104,0.9987,,,6.1411,7.2821,19.3,moving
2026-09-21T15:57:14.913+09:00,TEST_0004_LAN_L2,LAN_L2,PULL_TEST,,601.7954711914062,-295.413818359375,336.7742614746094,90.33008575439453,-89.99862670898438,179.95877075195312,-5.7393,-5.4395,3.9861,-0.6337,-1.704,2.5271,-0.7641,-5.662,-0.9483,-0.2805,-0.1251,0.9924,-3.9813,-5.7736,5.4066,-0.6337,-1.704,2.5271,0.9506,-0.7973,5.6569,-0.2805,-0.1251,0.9924,,,5.662,7.7995,19.3,moving
2026-09-21T15:57:14.967+09:00,TEST_0004_LAN_L2,LAN_L2,PULL_TEST,,601.8001708984375,-294.8614501953125,336.8263854980469,90.3296890258789,-89.99867248535156,179.96771240234375,-5.7393,-5.4395,3.9861,-0.6337,-1.704,2.5271,-0.7641,-5.662,-0.9483,-0.2805,-0.1251,0.9924,-3.9813,-5.7736,5.4066,-0.6337,-1.704,2.5271,0.9506,-0.7973,5.6569,-0.2805,-0.1251,0.9924,,,5.662,8.3519,19.3,moving
2026-09-21T15:57:15.023+09:00,TEST_0004_LAN_L2,LAN_L2,PULL_TEST,,601.7803955078125,-294.3302001953125,336.8541564941406,90.32657623291016,-89.99894714355469,179.97280883789062,-5.3948,-5.2365,3.3338,-0.6946,-1.6955,2.4586,-0.4195,-5.4589,-1.6005,-0.3414,-0.1166,0.9239,-3.3308,-5.4266,5.2055,-0.6946,-1.6955,2.4586,1.6011,-0.4502,5.4558,-0.3414,-0.1166,0.9239,,,5.4589,8.8831,19.3,moving
2026-09-21T15:57:15.080+09:00,TEST_0004_LAN_L2,LAN_L2,PULL_TEST,,601.78076171875,-293.7821350097656,336.85394287109375,90.32657623291016,-89.99916076660156,179.97344970703125,-5.2042,-5.3369,3.0592,-0.6767,-1.6897,2.4577,-0.2289,-5.5594,-1.8751,-0.3235,-0.1108,0.923,-3.0567,-5.2359,5.3072,-0.6767,-1.6897,2.4577,1.8752,-0.2596,5.5576,-0.3235,-0.1108,0.923,,,5.5594,9.4312,19.3,moving
2026-09-21T15:57:15.135+09:00,TEST_0004_LAN_L2,LAN_L2,PULL_TEST,,601.7633666992188,-293.24151611328125,336.86456298828125,90.32418060302734,-89.99799346923828,179.97140502929688,-5.2042,-5.3369,3.0592,-0.6767,-1.6897,2.4577,-0.2289,-5.5594,-1.8751,-0.3235,-0.1108,0.923,-3.0567,-5.2359,5.3072,-0.6767,-1.6897,2.4577,1.8752,-0.2596,5.5576,-0.3235,-0.1108,0.923,,,5.5594,9.9718,19.3,moving
2026-09-21T15:57:15.191+09:00,TEST_0004_LAN_L2,LAN_L2,PULL_TEST,,601.7767944335938,-292.6530456542969,336.85015869140625,90.3272933959961,-89.99754333496094,179.96823120117188,-5.509,-5.7723,2.949,-0.6564,-1.7192,2.5216,-0.5337,-5.9947,-1.9853,-0.3032,-0.1404,0.9869,-2.9458,-5.5434,5.7409,-0.6564,-1.7192,2.5216,1.9861,-0.567,5.9912,-0.3032,-0.1404,0.9869,,,5.9947,10.5603,19.3,moving
2026-09-21T15:57:15.247+09:00,TEST_0004_LAN_L2,LAN_L2,PULL_TEST,,601.779052734375,-292.0932312011719,336.8203430175781,90.3270263671875,-89.99794006347656,179.96595764160156,-5.509,-5.7723,2.949,-0.6564,-1.7192,2.5216,-0.5337,-5.9947,-1.9853,-0.3032,-0.1404,0.9869,-2.9458,-5.5434,5.7409,-0.6564,-1.7192,2.5216,1.9861,-0.567,5.9912,-0.3032,-0.1404,0.9869,,,5.9947,11.1201,19.3,moving
2026-09-21T15:57:15.302+09:00,TEST_0004_LAN_L2,LAN_L2,PULL_TEST,,601.7807006835938,-291.55279541015625,336.8169250488281,90.32563781738281,-89.99813842773438,179.96722412109375,-5.877,-5.6061,1.9888,-0.7465,-1.7185,2.4848,-0.9017,-5.8285,-2.9456,-0.3933,-0.1396,0.9501,-1.9851,-5.91,5.5726,-0.7465,-1.7185,2.4848,2.9469,-0.9336,5.823,-0.3933,-0.1396,0.9501,,,5.8285,11.6605,19.3,moving
2026-09-21T15:57:15.358+09:00,TEST_0004_LAN_L2,LAN_L2,PULL_TEST,,601.7974853515625,-291.0016784667969,336.78314208984375,90.32621002197266,-89.9990234375,179.96493530273438,-5.877,-5.6061,1.9888,-0.7465,-1.7185,2.4848,-0.9017,-5.8285,-2.9456,-0.3933,-0.1396,0.9501,-1.9851,-5.91,5.5726,-0.7465,-1.7185,2.4848,2.9469,-0.9336,5.823,-0.3933,-0.1396,0.9501,,,5.8285,12.2116,19.3,moving
2026-09-21T15:57:15.413+09:00,TEST_0004_LAN_L2,LAN_L2,PULL_TEST,,601.79736328125,-290.4637451171875,336.7725830078125,90.32279968261719,-89.99829864501953,179.9648895263672,-6.1309,-5.5323,1.5951,-0.7056,-1.721,2.5342,-1.1557,-5.7548,-3.3392,-0.3524,-0.1421,0.9995,-1.5912,-6.1632,5.4974,-0.7056,-1.721,2.5342,3.3407,-1.1868,5.7478,-0.3524,-0.1421,0.9995,,,5.7548,12.7496,19.3,moving
2026-09-21T15:57:15.469+09:00,TEST_0004_LAN_L2,LAN_L2,PULL_TEST,,601.8292846679688,-289.8903503417969,336.7660827636719,90.3252182006836,-89.99866485595703,179.96617126464844,-6.1309,-5.5323,1.5951,-0.7056,-1.721,2.5342,-1.1557,-5.7548,-3.3392,-0.3524,-0.1421,0.9995,-1.5912,-6.1632,5.4974,-0.7056,-1.721,2.5342,3.3407,-1.1868,5.7478,-0.3524,-0.1421,0.9995,,,5.7548,13.323,19.3,moving
2026-09-21T15:57:15.525+09:00,TEST_0004_LAN_L2,LAN_L2,PULL_TEST,,601.8441162109375,-289.332763671875,336.7647705078125,90.32554626464844,-89.99850463867188,179.96743774414062,-6.2266,-5.5471,1.4799,-0.6937,-1.728,2.5788,-1.2514,-5.7696,-3.4545,-0.3405,-0.1491,1.0441,-1.4761,-6.2589,5.5117,-0.6937,-1.728,2.5788,3.4559,-1.2825,5.762,-0.3405,-0.1491,1.0441,,,5.7696,13.8806,19.3,moving
2026-09-21T15:57:15.581+09:00,TEST_0004_LAN_L2,LAN_L2,PULL_TEST,,601.8355102539062,-288.78802490234375,336.769287109375,90.32293701171875,-89.9970703125,179.96694946289062,-6.177,-5.5035,1.3695,-0.7242,-1.7384,2.5684,-1.2017,-5.726,-3.5649,-0.371,-0.1595,1.0337,-1.3656,-6.2087,5.4687,-0.7242,-1.7384,2.5684,3.5663,-1.2323,5.719,-0.371,-0.1595,1.0337,,,5.726,14.4253,19.3,moving
2026-09-21T15:57:15.636+09:00,TEST_0004_LAN_L2,LAN_L2,PULL_TEST,,601.8363037109375,-288.2417297363281,336.7695617675781,90.3242416381836,-89.9975357055664,179.9665985107422,-6.177,-5.5035,1.3695,-0.7242,-1.7384,2.5684,-1.2017,-5.726,-3.5649,-0.371,-0.1595,1.0337,-1.3656,-6.2087,5.4687,-0.7242,-1.7384,2.5684,3.5663,-1.2323,5.719,-0.371,-0.1595,1.0337,,,5.726,14.9716,19.3,moving
2026-09-21T15:57:15.691+09:00,TEST_0004_LAN_L2,LAN_L2,PULL_TEST,,601.8239135742188,-287.675048828125,336.7802429199219,90.3244400024414,-89.99694061279297,179.96627807617188,-6.1044,-5.5597,1.3664,-0.7235,-1.7453,2.5566,-1.1291,-5.7821,-3.568,-0.3702,-0.1664,1.0219,-1.3624,-6.1365,5.5251,-0.7235,-1.7453,2.5566,3.5695,-1.1602,5.7755,-0.3702,-0.1664,1.0219,,,5.7821,15.5383,19.3,moving
2026-09-21T15:57:15.747+09:00,TEST_0004_LAN_L2,LAN_L2,PULL_TEST,,601.8202514648438,-287.1011047363281,336.7835998535156,90.32644653320312,-89.99767303466797,179.96603393554688,-6.1044,-5.5597,1.3664,-0.7235,-1.7453,2.5566,-1.1291,-5.7821,-3.568,-0.3702,-0.1664,1.0219,-1.3624,-6.1365,5.5251,-0.7235,-1.7453,2.5566,3.5695,-1.1602,5.7755,-0.3702,-0.1664,1.0219,,,5.7821,16.1122,19.3,moving
2026-09-21T15:57:15.801+09:00,TEST_0004_LAN_L2,LAN_L2,PULL_TEST,,601.8070068359375,-286.54876708984375,336.7982482910156,90.3260498046875,-89.9980697631836,179.9677734375,-6.1064,-5.3523,1.4251,-0.7234,-1.747,2.5596,-1.1312,-5.5748,-3.5092,-0.3701,-0.1681,1.0248,-1.4215,-6.1377,5.3174,-0.7234,-1.747,2.5596,3.5105,-1.1613,5.5677,-0.3701,-0.1681,1.0248,,,5.5748,16.6646,19.3,moving
2026-09-21T15:57:15.858+09:00,TEST_0004_LAN_L2,LAN_L2,PULL_TEST,,601.77880859375,-286.0109558105469,336.8215026855469,90.32293701171875,-89.99739837646484,179.96957397460938,-6.1064,-5.3523,1.4251,-0.7234,-1.747,2.5596,-1.1312,-5.5748,-3.5092,-0.3701,-0.1681,1.0248,-1.4215,-6.1377,5.3174,-0.7234,-1.747,2.5596,3.5105,-1.1613,5.5677,-0.3701,-0.1681,1.0248,,,5.5748,17.2024,19.3,moving
2026-09-21T15:57:15.912+09:00,TEST_0004_LAN_L2,LAN_L2,PULL_TEST,,601.7822875976562,-285.4673767089844,336.8429260253906,90.32427215576172,-89.99803161621094,179.9717559814453,-6.1192,-5.4573,1.4474,-0.7133,-1.7503,2.5704,-1.144,-5.6797,-3.4869,-0.3601,-0.1714,1.0357,-1.444,-6.1507,5.4226,-0.7133,-1.7503,2.5704,3.4879,-1.1744,5.673,-0.3601,-0.1714,1.0357,,,5.6797,17.7459,19.3,moving
2026-09-21T15:57:15.968+09:00,TEST_0004_LAN_L2,LAN_L2,PULL_TEST,,601.77001953125,-284.91650390625,336.88018798828125,90.32261657714844,-89.99715423583984,179.9746856689453,-6.1192,-5.4573,1.4474,-0.7133,-1.7503,2.5704,-1.144,-5.6797,-3.4869,-0.3601,-0.1714,1.0357,-1.444,-6.1507,5.4226,-0.7133,-1.7503,2.5704,3.4879,-1.1744,5.673,-0.3601,-0.1714,1.0357,,,5.6797,18.2968,19.3,moving
2026-09-21T15:57:16.023+09:00,TEST_0004_LAN_L2,LAN_L2,PULL_TEST,,601.7734375,-284.37744140625,336.9079284667969,90.32220458984375,-89.99746704101562,179.97926330566406,-6.1756,-5.6496,1.433,-0.7189,-1.76,2.5834,-1.2003,-5.8721,-3.5014,-0.3656,-0.1811,1.0487,-1.43,-6.2079,5.6149,-0.7189,-1.76,2.5834,3.5019,-1.2316,5.8652,-0.3656,-0.1811,1.0487,,,5.8721,18.8359,19.3,moving
2026-09-21T15:57:16.079+09:00,TEST_0004_LAN_L2,LAN_L2,PULL_TEST,,601.7808227539062,-283.820556640625,336.9276428222656,90.3222885131836,-89.99847412109375,179.98336791992188,-6.1812,-5.7013,1.4278,-0.7211,-1.7642,2.5885,-1.206,-5.9238,-3.5066,-0.3679,-0.1853,1.0538,-1.4258,-6.2136,5.6665,-0.7211,-1.7642,2.5885,3.5061,-1.2372,5.9168,-0.3679,-0.1853,1.0538,,,5.9238,19.3928,19.3,moving
2026-09-21T15:57:16.135+09:00,TEST_0004_LAN_L2,LAN_L2,PULL_TEST,,601.7725219726562,-283.2802429199219,336.93853759765625,90.31949615478516,-89.99862670898438,179.98573303222656,-6.1812,-5.7013,1.4278,-0.7211,-1.7642,2.5885,-1.206,-5.9238,-3.5066,-0.3679,-0.1853,1.0538,-1.4258,-6.2136,5.6665,-0.7211,-1.7642,2.5885,3.5061,-1.2372,5.9168,-0.3679,-0.1853,1.0538,,,5.9238,19.9331,19.3,moving
2026-09-21T15:57:16.191+09:00,TEST_0004_LAN_L2,LAN_L2,PULL_TEST,,601.7859497070312,-282.7181701660156,336.91778564453125,90.32119750976562,-89.99971771240234,179.98388671875,-6.1769,-5.764,1.4932,-0.7012,-1.764,2.5867,-1.2016,-5.9865,-3.4412,-0.348,-0.1851,1.052,-1.4914,-6.2095,5.7294,-0.7012,-1.764,2.5867,3.4405,-1.2331,5.9797,-0.348,-0.1851,1.052,,,5.9865,20.4951,19.3,moving
2026-09-21T15:57:16.246+09:00,TEST_0004_LAN_L2,LAN_L2,PULL_TEST,,601.7935791015625,-282.13958740234375,336.8874816894531,90.32243347167969,-89.99933624267578,179.97885131835938,-6.1769,-5.764,1.4932,-0.7012,-1.764,2.5867,-1.2016,-5.9865,-3.4412,-0.348,-0.1851,1.052,-1.4914,-6.2095,5.7294,-0.7012,-1.764,2.5867,3.4405,-1.2331,5.9797,-0.348,-0.1851,1.052,,,5.9865,21.0737,19.3,moving
2026-09-21T15:57:16.302+09:00,TEST_0004_LAN_L2,LAN_L2,PULL_TEST,,601.8093872070312,-281.57196044921875,336.8417663574219,90.32412719726562,-89.9989242553711,179.97308349609375,-6.2006,-5.6467,1.4573,-0.7206,-1.7743,2.599,-1.2253,-5.8691,-3.4771,-0.3673,-0.1954,1.0643,-1.4545,-6.2329,5.6117,-0.7206,-1.7743,2.599,3.4774,-1.2565,5.862,-0.3673,-0.1954,1.0643,,,5.8691,21.6414,19.3,moving
2026-09-21T15:57:16.357+09:00,TEST_0004_LAN_L2,LAN_L2,PULL_TEST,,601.8215942382812,-281.01239013671875,336.8005676269531,90.32471466064453,-89.99763488769531,179.96873474121094,-6.2006,-5.6467,1.4573,-0.7206,-1.7743,2.599,-1.2253,-5.8691,-3.4771,-0.3673,-0.1954,1.0643,-1.4545,-6.2329,5.6117,-0.7206,-1.7743,2.599,3.4774,-1.2565,5.862,-0.3673,-0.1954,1.0643,,,5.8691,22.2009,19.3,moving
2026-09-21T15:57:16.412+09:00,TEST_0004_LAN_L2,LAN_L2,PULL_TEST,,601.8250122070312,-280.4651794433594,336.7774658203125,90.3235092163086,-89.99693298339844,179.96604919433594,-6.2329,-5.622,1.3708,-0.7523,-1.7778,2.6197,-1.2576,-5.8445,-3.5636,-0.399,-0.1989,1.085,-1.367,-6.2653,5.5868,-0.7523,-1.7778,2.6197,3.5649,-1.2889,5.8371,-0.399,-0.1989,1.085,,,5.8445,22.7481,19.3,moving
2026-09-21T15:57:16.467+09:00,TEST_0004_LAN_L2,LAN_L2,PULL_TEST,,601.8307495117188,-279.9326477050781,336.7812805175781,90.3233413696289,-89.99715423583984,179.9666290283203,-6.2329,-5.622,1.3708,-0.7523,-1.7778,2.6197,-1.2576,-5.8445,-3.5636,-0.399,-0.1989,1.085,-1.367,-6.2653,5.5868,-0.7523,-1.7778,2.6197,3.5649,-1.2889,5.8371,-0.399,-0.1989,1.085,,,5.8445,23.2807,19.3,moving
2026-09-21T15:57:16.522+09:00,TEST_0004_LAN_L2,LAN_L2,PULL_TEST,,601.833740234375,-279.37030029296875,336.816650390625,90.32369232177734,-89.99761962890625,179.97140502929688,-6.1064,-5.7161,1.2975,-0.773,-1.7855,2.5887,-1.1311,-5.9386,-3.6368,-0.4197,-0.2066,1.0539,-1.2938,-6.1393,5.6816,-0.773,-1.7855,2.5887,3.6381,-1.1629,5.9319,-0.4197,-0.2066,1.0539,,,5.9386,23.843,19.1,moving
2026-09-21T15:57:16.577+09:00,TEST_0004_LAN_L2,LAN_L2,PULL_TEST,,601.8375854492188,-278.8194274902344,336.8663024902344,90.32450103759766,-89.998779296875,179.9785919189453,-6.0724,-5.7221,1.3067,-0.7733,-1.7903,2.5748,-1.0972,-5.9446,-3.6277,-0.4201,-0.2114,1.0401,-1.3043,-6.1052,5.6876,-0.7733,-1.7903,2.5748,3.6277,-1.1289,5.938,-0.4201,-0.2114,1.0401,,,5.9446,24.3939,19.1,moving
2026-09-21T15:57:16.633+09:00,TEST_0004_LAN_L2,LAN_L2,PULL_TEST,,601.8148193359375,-278.2795104980469,336.901123046875,90.32199096679688,-89.99923706054688,179.9831085205078,-6.0724,-5.7221,1.3067,-0.7733,-1.7903,2.5748,-1.0972,-5.9446,-3.6277,-0.4201,-0.2114,1.0401,-1.3043,-6.1052,5.6876,-0.7733,-1.7903,2.5748,3.6277,-1.1289,5.938,-0.4201,-0.2114,1.0401,,,5.9446,24.9338,19.1,moving
2026-09-21T15:57:16.688+09:00,TEST_0004_LAN_L2,LAN_L2,PULL_TEST,,601.7926025390625,-277.73773193359375,336.91510009765625,90.3202896118164,-89.99906158447266,179.9830780029297,-6.0142,-5.764,1.3597,-0.7549,-1.7924,2.5576,-1.039,-5.9865,-3.5747,-0.4016,-0.2135,1.0229,-1.3578,-6.0467,5.7304,-0.7549,-1.7924,2.5576,3.5741,-1.0704,5.9807,-0.4016,-0.2135,1.0229,,,5.9865,25.4756,19.1,moving
2026-09-21T15:57:16.743+09:00,TEST_0004_LAN_L2,LAN_L2,PULL_TEST,,601.796142578125,-277.17205810546875,336.9131164550781,90.32366943359375,-89.99877166748047,179.98072814941406,-6.0142,-5.764,1.3597,-0.7549,-1.7924,2.5576,-1.039,-5.9865,-3.5747,-0.4016,-0.2135,1.0229,-1.3578,-6.0467,5.7304,-0.7549,-1.7924,2.5576,3.5741,-1.0704,5.9807,-0.4016,-0.2135,1.0229,,,5.9865,26.0413,19.1,moving
2026-09-21T15:57:16.798+09:00,TEST_0004_LAN_L2,LAN_L2,PULL_TEST,,601.7863159179688,-276.6021423339844,336.9012451171875,90.32450103759766,-89.99732971191406,179.97689819335938,-6.0346,-5.9502,1.3874,-0.7378,-1.7991,2.558,-1.0594,-6.1727,-3.547,-0.3846,-0.2202,1.0233,-1.3848,-6.0688,5.9159,-0.7378,-1.7991,2.558,3.5471,-1.0924,6.1663,-0.3846,-0.2202,1.0233,,,6.1727,26.6112,19.1,moving
2026-09-21T15:57:16.854+09:00,TEST_0004_LAN_L2,LAN_L2,PULL_TEST,,601.7916259765625,-276.0284423828125,336.8837585449219,90.32669067382812,-89.99744415283203,179.9752655029297,-6.0346,-5.9502,1.3874,-0.7378,-1.7991,2.558,-1.0594,-6.1727,-3.547,-0.3846,-0.2202,1.0233,-1.3848,-6.0688,5.9159,-0.7378,-1.7991,2.558,3.5471,-1.0924,6.1663,-0.3846,-0.2202,1.0233,,,6.1727,27.1849,19.1,moving
2026-09-21T15:57:16.910+09:00,TEST_0004_LAN_L2,LAN_L2,PULL_TEST,,601.78662109375,-275.4761047363281,336.8573303222656,90.32587432861328,-89.99800109863281,179.9718475341797,-6.1608,-6.0447,1.3771,-0.7362,-1.7974,2.603,-1.1855,-6.2672,-3.5573,-0.383,-0.2186,1.0683,-1.3741,-6.1958,6.0094,-0.7362,-1.7974,2.603,3.5579,-1.2194,6.2598,-0.383,-0.2186,1.0683,,,6.2672,27.7372,19.1,moving
2026-09-21T15:57:16.965+09:00,TEST_0004_LAN_L2,LAN_L2,PULL_TEST,,601.7860717773438,-274.930419921875,336.8345947265625,90.32469940185547,-89.99761199951172,179.96876525878906,-6.1608,-6.0447,1.3771,-0.7362,-1.7974,2.603,-1.1855,-6.2672,-3.5573,-0.383,-0.2186,1.0683,-1.3741,-6.1958,6.0094,-0.7362,-1.7974,2.603,3.5579,-1.2194,6.2598,-0.383,-0.2186,1.0683,,,6.2672,28.2829,19.1,moving
2026-09-21T15:57:17.020+09:00,TEST_0004_LAN_L2,LAN_L2,PULL_TEST,,601.8115844726562,-274.3736267089844,336.8111877441406,90.32688903808594,-89.99864196777344,179.96820068359375,-6.2668,-5.9832,1.3701,-0.7411,-1.8075,2.6432,-1.2915,-6.2057,-3.5642,-0.3879,-0.2286,1.1085,-1.3664,-6.3013,5.9477,-0.7411,-1.8075,2.6432,3.5655,-1.3249,6.198,-0.3879,-0.2286,1.1085,,,6.2057,28.8397,19.1,moving
2026-09-21T15:57:17.075+09:00,TEST_0004_LAN_L2,LAN_L2,PULL_TEST,,601.8142700195312,-273.8341064453125,336.79833984375,90.32413482666016,-89.99829864501953,179.96827697753906,-6.2668,-5.9832,1.3701,-0.7411,-1.8075,2.6432,-1.2915,-6.2057,-3.5642,-0.3879,-0.2286,1.1085,-1.3664,-6.3013,5.9477,-0.7411,-1.8075,2.6432,3.5655,-1.3249,6.198,-0.3879,-0.2286,1.1085,,,6.2057,29.3792,19.1,moving
2026-09-21T15:57:17.131+09:00,TEST_0004_LAN_L2,LAN_L2,PULL_TEST,,601.8291015625,-273.27716064453125,336.7927551269531,90.32450866699219,-89.99837493896484,179.96820068359375,-6.3139,-5.8638,1.3523,-0.7478,-1.8093,2.6685,-1.3387,-6.0863,-3.582,-0.3946,-0.2304,1.1338,-1.3487,-6.3477,5.828,-0.7478,-1.8093,2.6685,3.5833,-1.3714,6.0784,-0.3946,-0.2304,1.1338,,,6.0863,29.9362,19.1,moving
2026-09-21T15:57:17.186+09:00,TEST_0004_LAN_L2,LAN_L2,PULL_TEST,,601.8176879882812,-272.74932861328125,336.79669189453125,90.32245635986328,-89.9977035522461,179.96807861328125,-6.2836,-5.8231,1.3423,-0.7557,-1.8181,2.6593,-1.3083,-6.0456,-3.592,-0.4025,-0.2392,1.1246,-1.3386,-6.317,5.7877,-0.7557,-1.8181,2.6593,3.5933,-1.3407,6.038,-0.4025,-0.2392,1.1246,,,6.0456,30.464,19.1,moving
2026-09-21T15:57:17.241+09:00,TEST_0004_LAN_L2,LAN_L2,PULL_TEST,,601.7999267578125,-272.1995849609375,336.80615234375,90.32173919677734,-89.99668884277344,179.96827697753906,-6.2836,-5.8231,1.3423,-0.7557,-1.8181,2.6593,-1.3083,-6.0456,-3.592,-0.4025,-0.2392,1.1246,-1.3386,-6.317,5.7877,-0.7557,-1.8181,2.6593,3.5933,-1.3407,6.038,-0.4025,-0.2392,1.1246,,,6.0456,31.0137,19.1,moving
2026-09-21T15:57:17.296+09:00,TEST_0004_LAN_L2,LAN_L2,PULL_TEST,,601.8057861328125,-271.6219177246094,336.8235168457031,90.32595825195312,-89.9974136352539,179.96981811523438,-6.1957,-5.9976,1.3016,-0.7621,-1.8145,2.6238,-1.2204,-6.2201,-3.6328,-0.4089,-0.2356,1.089,-1.298,-6.2302,5.9625,-0.7621,-1.8145,2.6238,3.6339,-1.2538,6.2129,-0.4089,-0.2356,1.089,,,6.2201,31.5914,19.1,moving
2026-09-21T15:57:17.351+09:00,TEST_0004_LAN_L2,LAN_L2,PULL_TEST,,601.787353515625,-271.0730895996094,336.84930419921875,90.32508850097656,-89.99774932861328,179.97283935546875,-6.1957,-5.9976,1.3016,-0.7621,-1.8145,2.6238,-1.2204,-6.2201,-3.6328,-0.4089,-0.2356,1.089,-1.298,-6.2302,5.9625,-0.7621,-1.8145,2.6238,3.6339,-1.2538,6.2129,-0.4089,-0.2356,1.089,,,6.2201,32.1402,19.1,moving
2026-09-21T15:57:17.407+09:00,TEST_0004_LAN_L2,LAN_L2,PULL_TEST,,601.7865600585938,-270.5140075683594,336.8694763183594,90.3257064819336,-89.99867248535156,179.97439575195312,-6.2246,-5.9653,1.3236,-0.7546,-1.8166,2.6357,-1.2494,-6.1878,-3.6108,-0.4014,-0.2377,1.101,-1.3206,-6.259,5.9299,-0.7546,-1.8166,2.6357,3.6114,-1.2826,6.1803,-0.4014,-0.2377,1.101,,,6.1878,32.6993,19.1,moving
2026-09-21T15:57:17.464+09:00,TEST_0004_LAN_L2,LAN_L2,PULL_TEST,,601.7884521484375,-269.9486389160156,336.8990173339844,90.32470703125,-89.99955749511719,179.9785614013672,-6.2246,-5.9653,1.3236,-0.7546,-1.8166,2.6357,-1.2494,-6.1878,-3.6108,-0.4014,-0.2377,1.101,-1.3206,-6.259,5.9299,-0.7546,-1.8166,2.6357,3.6114,-1.2826,6.1803,-0.4014,-0.2377,1.101,,,6.1878,33.2647,19.1,moving
2026-09-21T15:57:17.520+09:00,TEST_0004_LAN_L2,LAN_L2,PULL_TEST,,601.7874145507812,-269.4005126953125,336.93194580078125,90.32232666015625,-89.99964904785156,179.9852294921875,-6.3213,-6.0125,1.2565,-0.7694,-1.8329,2.6655,-1.346,-6.235,-3.6779,-0.4162,-0.254,1.1308,-1.2543,-6.3556,5.9767,-0.7694,-1.8329,2.6655,3.6776,-1.3793,6.227,-0.4162,-0.254,1.1308,,,6.235,33.8128,19.1,moving
2026-09-21T15:57:17.575+09:00,TEST_0004_LAN_L2,LAN_L2,PULL_TEST,,601.8086547851562,-268.84124755859375,336.9181823730469,90.32514190673828,-89.99951171875,179.98533630371094,-6.3213,-6.0125,1.2565,-0.7694,-1.8329,2.6655,-1.346,-6.235,-3.6779,-0.4162,-0.254,1.1308,-1.2543,-6.3556,5.9767,-0.7694,-1.8329,2.6655,3.6776,-1.3793,6.227,-0.4162,-0.254,1.1308,,,6.235,34.3721,19.1,moving
2026-09-21T15:57:17.631+09:00,TEST_0004_LAN_L2,LAN_L2,PULL_TEST,,601.800048828125,-268.2904968261719,336.8788757324219,90.3229751586914,-89.99803161621094,179.97930908203125,-6.332,-6.1193,1.4159,-0.7128,-1.8278,2.6678,-1.3568,-6.3418,-3.5185,-0.3595,-0.2489,1.1331,-1.4142,-6.367,6.0833,-0.7128,-1.8278,2.6678,3.5177,-1.3907,6.3336,-0.3595,-0.2489,1.1331,,,6.3418,34.9228,19.1,moving
2026-09-21T15:57:17.686+09:00,TEST_0004_LAN_L2,LAN_L2,PULL_TEST,,601.7985229492188,-267.7613525390625,336.8209228515625,90.32181549072266,-89.9974594116211,179.97239685058594,-6.3376,-6.0987,1.3634,-0.7268,-1.8338,2.6726,-1.3623,-6.3212,-3.571,-0.3736,-0.2549,1.1379,-1.3601,-6.3724,6.0631,-0.7268,-1.8338,2.6726,3.5718,-1.396,6.3134,-0.3736,-0.2549,1.1379,,,6.3212,35.452,19.1,moving
2026-09-21T15:57:17.742+09:00,TEST_0004_LAN_L2,LAN_L2,PULL_TEST,,601.7989501953125,-267.20513916015625,336.76995849609375,90.32120513916016,-89.99740600585938,179.9640655517578,-6.3376,-6.0987,1.3634,-0.7268,-1.8338,2.6726,-1.3623,-6.3212,-3.571,-0.3736,-0.2549,1.1379,-1.3601,-6.3724,6.0631,-0.7268,-1.8338,2.6726,3.5718,-1.396,6.3134,-0.3736,-0.2549,1.1379,,,6.3212,36.0082,19.1,moving
2026-09-21T15:57:17.798+09:00,TEST_0004_LAN_L2,LAN_L2,PULL_TEST,,601.7958984375,-266.63677978515625,336.76275634765625,90.32098388671875,-89.99738311767578,179.96334838867188,-6.2715,-6.1349,1.2187,-0.7681,-1.8444,2.6557,-1.2962,-6.3574,-3.7156,-0.4149,-0.2655,1.121,-1.2143,-6.3065,6.0998,-0.7681,-1.8444,2.6557,3.7176,-1.3301,6.3502,-0.4149,-0.2655,1.121,,,6.3574,36.5765,19.1,moving
2026-09-21T15:57:17.853+09:00,TEST_0004_LAN_L2,LAN_L2,PULL_TEST,,601.80810546875,-266.0707092285156,336.7922058105469,90.32406616210938,-89.9985580444336,179.96852111816406,-6.2715,-6.1349,1.2187,-0.7681,-1.8444,2.6557,-1.2962,-6.3574,-3.7156,-0.4149,-0.2655,1.121,-1.2143,-6.3065,6.0998,-0.7681,-1.8444,2.6557,3.7176,-1.3301,6.3502,-0.4149,-0.2655,1.121,,,6.3574,37.1426,19.1,moving
2026-09-21T15:57:17.909+09:00,TEST_0004_LAN_L2,LAN_L2,PULL_TEST,,601.8051147460938,-265.4927062988281,336.86572265625,90.32365417480469,-89.99900817871094,179.97872924804688,-6.3038,-5.9253,1.1208,-0.8063,-1.8435,2.6657,-1.3285,-6.1478,-3.8136,-0.4531,-0.2646,1.131,-1.1176,-6.3377,5.8896,-0.8063,-1.8435,2.6657,3.8143,-1.3613,6.14,-0.4531,-0.2646,1.131,,,6.1478,37.7206,19.1,moving
2026-09-21T15:57:17.965+09:00,TEST_0004_LAN_L2,LAN_L2,PULL_TEST,,601.8047485351562,-264.9347229003906,336.9205017089844,90.3243179321289,-89.9997787475586,179.98388671875,-6.3038,-5.9253,1.1208,-0.8063,-1.8435,2.6657,-1.3285,-6.1478,-3.8136,-0.4531,-0.2646,1.131,-1.1176,-6.3377,5.8896,-0.8063,-1.8435,2.6657,3.8143,-1.3613,6.14,-0.4531,-0.2646,1.131,,,6.1478,38.2786,19.1,moving
2026-09-21T15:57:18.021+09:00,TEST_0004_LAN_L2,LAN_L2,PULL_TEST,,601.794677734375,-264.3837585449219,336.9264221191406,90.32485961914062,-89.99938201904297,179.9826202392578,-6.3868,-5.9062,1.3367,-0.7409,-1.8537,2.6922,-1.4116,-6.1287,-3.5977,-0.3877,-0.2748,1.1575,-1.3348,-6.4206,5.8699,-0.7409,-1.8537,2.6922,3.5971,-1.4443,6.1202,-0.3877,-0.2748,1.1575,,,6.1287,38.8296,19.1,holding
2026-09-21T15:57:18.076+09:00,TEST_0004_LAN_L2,LAN_L2,PULL_TEST,,601.7781982421875,-263.8294677734375,336.9111022949219,90.323974609375,-89.99828338623047,179.97877502441406,-6.3391,-6.0957,1.3389,-0.7283,-1.8573,2.6722,-1.3639,-6.3181,-3.5954,-0.3751,-0.2784,1.1375,-1.3364,-6.374,6.0598,-0.7283,-1.8573,2.6722,3.5956,-1.3976,6.3101,-0.3751,-0.2784,1.1375,,,6.3181,39.3839,19.1,holding
2026-09-21T15:57:18.133+09:00,TEST_0004_LAN_L2,LAN_L2,PULL_TEST,,601.780029296875,-263.2648010253906,336.8818359375,90.32481384277344,-89.9979248046875,179.9739227294922,-6.3391,-6.0957,1.3389,-0.7283,-1.8573,2.6722,-1.3639,-6.3181,-3.5954,-0.3751,-0.2784,1.1375,-1.3364,-6.374,6.0598,-0.7283,-1.8573,2.6722,3.5956,-1.3976,6.3101,-0.3751,-0.2784,1.1375,,,6.3181,39.9485,19.1,holding
2026-09-21T15:57:18.189+09:00,TEST_0004_LAN_L2,LAN_L2,PULL_TEST,,601.7825317382812,-262.70013427734375,336.84088134765625,90.32405853271484,-89.99729919433594,179.96971130371094,-6.346,-6.1474,1.3257,-0.7289,-1.8625,2.6695,-1.3708,-6.3699,-3.6087,-0.3757,-0.2836,1.1348,-1.3221,-6.3814,6.1114,-0.7289,-1.8625,2.6695,3.6098,-1.4051,6.3618,-0.3757,-0.2836,1.1348,,,6.3699,40.5132,19.1,holding
2026-09-21T15:57:18.244+09:00,TEST_0004_LAN_L2,LAN_L2,PULL_TEST,,601.8021240234375,-262.15863037109375,336.7912902832031,90.32312774658203,-89.99771118164062,179.96559143066406,-6.346,-6.1474,1.3257,-0.7289,-1.8625,2.6695,-1.3708,-6.3699,-3.6087,-0.3757,-0.2836,1.1348,-1.3221,-6.3814,6.1114,-0.7289,-1.8625,2.6695,3.6098,-1.4051,6.3618,-0.3757,-0.2836,1.1348,,,6.3699,41.0547,19.1,holding
2026-09-21T15:57:18.300+09:00,TEST_0004_LAN_L2,LAN_L2,PULL_TEST,,601.8193969726562,-261.60784912109375,336.7680358886719,90.3222427368164,-89.99764251708984,179.96339416503906,-6.3922,-6.1919,1.1771,-0.7685,-1.866,2.676,-1.417,-6.4144,-3.7573,-0.4153,-0.2871,1.1413,-1.1728,-6.4278,6.1558,-0.7685,-1.866,2.676,3.7591,-1.4515,6.4061,-0.4153,-0.2871,1.1413,,,6.4144,41.6055,19.1,holding
2026-09-21T15:57:18.356+09:00,TEST_0004_LAN_L2,LAN_L2,PULL_TEST,,601.8259887695312,-261.0193786621094,336.7721862792969,90.3233413696289,-89.99694061279297,179.9632110595703,-6.3922,-6.1919,1.1771,-0.7685,-1.866,2.676,-1.417,-6.4144,-3.7573,-0.4153,-0.2871,1.1413,-1.1728,-6.4278,6.1558,-0.7685,-1.866,2.676,3.7591,-1.4515,6.4061,-0.4153,-0.2871,1.1413,,,6.4144,42.1939,19.1,holding
2026-09-21T15:57:18.411+09:00,TEST_0004_LAN_L2,LAN_L2,PULL_TEST,,601.8246459960938,-260.4659118652344,336.7770080566406,90.3259506225586,-89.99710083007812,179.96279907226562,-6.2746,-6.1214,1.0986,-0.7949,-1.8729,2.6374,-1.2993,-6.3439,-3.8357,-0.4416,-0.294,1.1027,-1.0942,-6.3098,6.0859,-0.7949,-1.8729,2.6374,3.8377,-1.3334,6.3363,-0.4416,-0.294,1.1027,,,6.3439,42.7474,19.1,holding
2026-09-21T15:57:18.467+09:00,TEST_0004_LAN_L2,LAN_L2,PULL_TEST,,601.7977905273438,-259.90142822265625,336.7853698730469,90.32493591308594,-89.99588012695312,179.96221923828125,-6.2746,-6.1214,1.0986,-0.7949,-1.8729,2.6374,-1.2993,-6.3439,-3.8357,-0.4416,-0.294,1.1027,-1.0942,-6.3098,6.0859,-0.7949,-1.8729,2.6374,3.8377,-1.3334,6.3363,-0.4416,-0.294,1.1027,,,6.3439,43.3119,19.1,holding
2026-09-21T15:57:18.523+09:00,TEST_0004_LAN_L2,LAN_L2,PULL_TEST,,601.7835693359375,-259.3428039550781,336.7863464355469,90.32560729980469,-89.99627685546875,179.9603271484375,-6.2781,-6.0932,1.1383,-0.7831,-1.8711,2.64,-1.3028,-6.3157,-3.7961,-0.4299,-0.2923,1.1053,-1.1337,-6.3133,6.0576,-0.7831,-1.8711,2.64,3.7982,-1.3369,6.308,-0.4299,-0.2923,1.1053,,,6.3157,43.8705,19.1,holding
2026-09-21T15:57:18.578+09:00,TEST_0004_LAN_L2,LAN_L2,PULL_TEST,,601.7730712890625,-258.80584716796875,336.7904968261719,90.32471466064453,-89.99690246582031,179.9600830078125,-6.4029,-6.0251,1.1613,-0.7768,-1.8776,2.6785,-1.4276,-6.2476,-3.7731,-0.4236,-0.2987,1.1438,-1.1565,-6.4377,5.9887,-0.7768,-1.8776,2.6785,3.7754,-1.4614,6.2391,-0.4236,-0.2987,1.1438,,,6.2476,44.4075,19.1,holding
2026-09-21T15:57:18.633+09:00,TEST_0004_LAN_L2,LAN_L2,PULL_TEST,,601.7763671875,-258.2488708496094,336.8079528808594,90.32452392578125,-89.99729919433594,179.96192932128906,-6.4029,-6.0251,1.1613,-0.7768,-1.8776,2.6785,-1.4276,-6.2476,-3.7731,-0.4236,-0.2987,1.1438,-1.1565,-6.4377,5.9887,-0.7768,-1.8776,2.6785,3.7754,-1.4614,6.2391,-0.4236,-0.2987,1.1438,,,6.2476,44.9644,19.1,holding
2026-09-21T15:57:18.689+09:00,TEST_0004_LAN_L2,LAN_L2,PULL_TEST,,601.8035888671875,-257.69305419921875,336.8368225097656,90.32547760009766,-89.99893951416016,179.97044372558594,-6.5524,-5.9359,1.1437,-0.786,-1.881,2.727,-1.5771,-6.1584,-3.7907,-0.4328,-0.3021,1.1923,-1.1399,-6.5866,5.8987,-0.786,-1.881,2.727,3.792,-1.6102,6.1491,-0.4328,-0.3021,1.1923,,,6.1584,45.5203,19.1,holding
2026-09-21T15:57:18.745+09:00,TEST_0004_LAN_L2,LAN_L2,PULL_TEST,,601.7989501953125,-257.1547546386719,336.8304443359375,90.32220458984375,-89.9985122680664,179.97097778320312,-6.5524,-5.9359,1.1437,-0.786,-1.881,2.727,-1.5771,-6.1584,-3.7907,-0.4328,-0.3021,1.1923,-1.1399,-6.5866,5.8987,-0.786,-1.881,2.727,3.792,-1.6102,6.1491,-0.4328,-0.3021,1.1923,,,6.1584,46.0586,19.1,holding
2026-09-21T15:57:18.801+09:00,TEST_0004_LAN_L2,LAN_L2,PULL_TEST,,601.7948608398438,-256.6061706542969,336.78369140625,90.32137298583984,-89.998046875,179.96385192871094,-6.5388,-5.9332,1.317,-0.7318,-1.88,2.7251,-1.5635,-6.1557,-3.6174,-0.3786,-0.3011,1.1904,-1.3129,-6.5726,5.8965,-0.7318,-1.88,2.7251,3.619,-1.5963,6.1469,-0.3786,-0.3011,1.1904,,,6.1557,46.6071,19.1,holding
2026-09-21T15:57:18.857+09:00,TEST_0004_LAN_L2,LAN_L2,PULL_TEST,,601.79443359375,-256.0413513183594,336.768310546875,90.32221221923828,-89.9971923828125,179.96182250976562,-6.5388,-5.9332,1.317,-0.7318,-1.88,2.7251,-1.5635,-6.1557,-3.6174,-0.3786,-0.3011,1.1904,-1.3129,-6.5726,5.8965,-0.7318,-1.88,2.7251,3.619,-1.5963,6.1469,-0.3786,-0.3011,1.1904,,,6.1557,47.172,19.1,holding
2026-09-21T15:57:18.912+09:00,TEST_0004_LAN_L2,LAN_L2,PULL_TEST,,601.7884521484375,-255.47576904296875,336.7918395996094,90.32268524169922,-89.99636840820312,179.96351623535156,-6.4492,-6.1815,1.133,-0.7786,-1.8807,2.6956,-1.4739,-6.404,-3.8014,-0.4254,-0.3018,1.1609,-1.1284,-6.4846,6.1452,-0.7786,-1.8807,2.6956,3.8036,-1.5083,6.3955,-0.4254,-0.3018,1.1609,,,6.404,47.7375,19.1,holding
2026-09-21T15:57:18.967+09:00,TEST_0004_LAN_L2,LAN_L2,PULL_TEST,,601.8019409179688,-254.91720581054688,336.8609313964844,90.32465362548828,-89.998046875,179.9728546142578,-6.4492,-6.1815,1.133,-0.7786,-1.8807,2.6956,-1.4739,-6.404,-3.8014,-0.4254,-0.3018,1.1609,-1.1284,-6.4846,6.1452,-0.7786,-1.8807,2.6956,3.8036,-1.5083,6.3955,-0.4254,-0.3018,1.1609,,,6.404,48.2961,19.1,holding
2026-09-21T15:57:19.022+09:00,TEST_0004_LAN_L2,LAN_L2,PULL_TEST,,601.7993774414062,-254.38351440429688,336.9374694824219,90.32341003417969,-89.99905395507812,179.98533630371094,-6.4151,-6.1924,0.9872,-0.8186,-1.889,2.6818,-1.4398,-6.4149,-3.9472,-0.4654,-0.3102,1.1471,-0.9842,-6.4505,6.1559,-0.8186,-1.889,2.6818,3.9477,-1.4742,6.4063,-0.4654,-0.3102,1.1471,,,6.4149,48.8298,19.1,holding
2026-09-21T15:57:19.080+09:00,TEST_0004_LAN_L2,LAN_L2,PULL_TEST,,601.7953491210938,-253.8828582763672,336.9310302734375,90.32472229003906,-90.0004653930664,179.9852752685547,-6.5041,-6.0086,1.3031,-0.7252,-1.8819,2.7103,-1.5289,-6.2311,-3.6313,-0.372,-0.303,1.1755,-1.3015,-6.5384,5.9717,-0.7252,-1.8819,2.7103,3.6304,-1.5621,6.222,-0.372,-0.303,1.1755,,,6.2311,49.3305,19.1,holding
2026-09-21T15:57:39.569+09:00,TEST_0004_LAN_L2,LAN_L2,RELEASE,RETURN_SOFT_GRIP_COMMAND,601.7825317382812,-253.2139129638672,336.8333740234375,90.32369995117188,-89.997314453125,179.97132873535156,-4.644,-4.3122,1.7382,-0.5756,-1.6796,1.6871,0.0,0.0,0.0,0.0,0.0,0.0,-1.7357,-4.6692,4.286,-0.5756,-1.6796,1.6871,0.0,0.0,0.0,0.0,0.0,0.0,,,,,19.1,holding
2026-09-21T15:57:40.793+09:00,TEST_0004_LAN_L2,LAN_L2,RELEASE,RETURN_SOFT_GRIP_OPEN_REACHED,601.7825317382812,-253.2139129638672,336.8333740234375,90.32369995117188,-89.997314453125,179.97132873535156,-4.3767,-4.2872,1.7756,-0.557,-1.7068,1.6013,0.0,0.0,0.0,0.0,0.0,0.0,-1.7732,-4.4017,4.2625,-0.557,-1.7068,1.6013,0.0,0.0,0.0,0.0,0.0,0.0,,,,,23.8,moving
2026-09-21T15:58:07.476+09:00,TEST_0005_LAN_L2,LAN_L2,PREPARE_SOFT_GRIP,INITIAL_SOFT_GRIP_OPEN_COMMAND,602.361328125,-36.41288757324219,347.7210998535156,113.13301086425781,-136.42881774902344,-147.84829711914062,1.0045,-2.621,4.7017,0.0557,-1.7576,1.1318,0.0,0.0,0.0,0.0,0.0,0.0,-4.5207,2.7163,-1.4732,0.0557,-1.7576,1.1318,0.0,0.0,0.0,0.0,0.0,0.0,,,,,25.1,holding
2026-09-21T15:58:07.489+09:00,TEST_0005_LAN_L2,LAN_L2,PREPARE_SOFT_GRIP,INITIAL_SOFT_GRIP_OPEN_REACHED,602.361328125,-36.41288757324219,347.7210998535156,113.13301086425781,-136.42881774902344,-147.84829711914062,1.0127,-2.6172,4.7121,0.0565,-1.7594,1.1297,0.0,0.0,0.0,0.0,0.0,0.0,-4.5217,2.7277,-1.4809,0.0565,-1.7594,1.1297,0.0,0.0,0.0,0.0,0.0,0.0,,,,,25.1,holding
2026-09-21T15:58:10.290+09:00,TEST_0005_LAN_L2,LAN_L2,SOFT_GRIP_ENTRY,SOFT_GRIP_COMMAND,601.7899780273438,-303.1179504394531,336.8528137207031,90.32371520996094,-89.99786376953125,179.97564697265625,-4.9933,-1.8884,2.0612,-0.2904,-1.5504,1.237,0.0,0.0,0.0,0.0,0.0,0.0,-2.059,-5.0047,1.8603,-0.2904,-1.5504,1.237,0.0,0.0,0.0,0.0,0.0,0.0,,,,,25.1,holding
2026-09-21T15:58:10.322+09:00,TEST_0005_LAN_L2,LAN_L2,SOFT_GRIP_ENTRY,ENTRY_MOTION_START_WIDTH_REACHED,601.7902221679688,-303.1158752441406,336.85308837890625,90.32377624511719,-89.99781799316406,179.97564697265625,-4.9933,-1.8884,2.0612,-0.2904,-1.5504,1.237,0.0,0.0,0.0,0.0,0.0,0.0,-2.059,-5.0047,1.8603,-0.2904,-1.5504,1.237,0.0,0.0,0.0,0.0,0.0,0.0,,,,,24.9,moving
2026-09-21T15:58:11.353+09:00,TEST_0005_LAN_L2,LAN_L2,SOFT_GRIP_ENTRY,SOFT_GRIP_STABILIZATION_END,601.788818359375,-303.2235107421875,336.8355712890625,90.32368469238281,-89.99734497070312,179.97271728515625,-4.9361,0.5951,3.71,-0.3021,-1.5233,1.3085,0.0,0.0,0.0,0.0,0.0,0.0,-3.7077,-4.9344,-0.6228,-0.3021,-1.5233,1.3085,0.0,0.0,0.0,0.0,0.0,0.0,,,,,21.8,holding
2026-09-21T15:58:11.412+09:00,TEST_0005_LAN_L2,LAN_L2,HARD_GRIP,HARD_GRIP_COMMAND,601.7882690429688,-303.22454833984375,336.8355712890625,90.3235855102539,-89.99734497070312,179.97271728515625,-4.952,0.5668,3.7054,-0.3158,-1.5237,1.3288,0.0,0.0,0.0,0.0,0.0,0.0,-3.7031,-4.9505,-0.5946,-0.3158,-1.5237,1.3288,0.0,0.0,0.0,0.0,0.0,0.0,,,,,21.8,holding
2026-09-21T15:58:12.415+09:00,TEST_0005_LAN_L2,LAN_L2,HARD_GRIP,HARD_GRIP_STABILIZATION_END,601.7854614257812,-303.2235107421875,336.8357238769531,90.3231201171875,-89.99762725830078,179.97291564941406,-4.8621,2.3815,5.5488,-0.3397,-1.5442,1.4744,0.0,0.0,0.0,0.0,0.0,0.0,-5.5466,-4.8512,-2.4087,-0.3397,-1.5442,1.4744,0.0,0.0,0.0,0.0,0.0,0.0,,,,,19.3,moving
2026-09-21T15:58:12.449+09:00,TEST_0005_LAN_L2,LAN_L2,PULL_TEST,,601.7854614257812,-303.2235107421875,336.8357238769531,90.3231201171875,-89.99762725830078,179.97291564941406,-4.8621,2.3815,5.5488,-0.3397,-1.5442,1.4744,0.0,0.0,0.0,0.0,0.0,0.0,-5.5466,-4.8512,-2.4087,-0.3397,-1.5442,1.4744,0.0,0.0,0.0,0.0,0.0,0.0,,,0.0,0.0,19.3,moving
2026-09-21T15:58:12.504+09:00,TEST_0005_LAN_L2,LAN_L2,PULL_TEST,,601.78515625,-303.2225036621094,336.83599853515625,90.32307434082031,-89.99757385253906,179.97291564941406,-4.7499,2.394,5.5761,-0.3296,-1.5463,1.4396,0.1122,0.0125,0.0273,0.0101,-0.0021,-0.0347,-5.574,-4.7389,-2.4206,-0.3296,-1.5463,1.4396,-0.0274,0.1122,-0.0119,0.0101,-0.0021,-0.0347,,,0.0125,0.001,19.3,moving
2026-09-21T15:58:12.559+09:00,TEST_0005_LAN_L2,LAN_L2,PULL_TEST,,601.7695922851562,-303.1998291015625,336.8409118652344,90.3205337524414,-89.99671936035156,179.972900390625,-4.7499,2.394,5.5761,-0.3296,-1.5463,1.4396,0.1122,0.0125,0.0273,0.0101,-0.0021,-0.0347,-5.574,-4.7389,-2.4206,-0.3296,-1.5463,1.4396,-0.0274,0.1122,-0.0119,0.0101,-0.0021,-0.0347,,,0.0125,0.0237,19.3,moving
2026-09-21T15:58:12.614+09:00,TEST_0005_LAN_L2,LAN_L2,PULL_TEST,,601.717041015625,-303.0957336425781,336.8415832519531,90.31210327148438,-89.99644470214844,179.97265625,-4.721,1.9341,5.5991,-0.309,-1.5433,1.527,0.141,-0.4474,0.0504,0.0307,0.0009,0.0526,-5.597,-4.7129,-1.9599,-0.309,-1.5433,1.527,-0.0504,0.1383,0.4488,0.0307,0.0009,0.0526,,,0.4474,0.1278,19.3,moving
2026-09-21T15:58:12.669+09:00,TEST_0005_LAN_L2,LAN_L2,PULL_TEST,,601.6484985351562,-302.8511657714844,336.83465576171875,90.30195617675781,-89.997802734375,179.97247314453125,-4.721,1.9341,5.5991,-0.309,-1.5433,1.527,0.141,-0.4474,0.0504,0.0307,0.0009,0.0526,-5.597,-4.7129,-1.9599,-0.309,-1.5433,1.527,-0.0504,0.1383,0.4488,0.0307,0.0009,0.0526,,,0.4474,0.3723,19.3,moving
2026-09-21T15:58:12.724+09:00,TEST_0005_LAN_L2,LAN_L2,PULL_TEST,,601.6171264648438,-302.4244689941406,336.832275390625,90.29963684082031,-89.9981918334961,179.9721221923828,-4.4114,-0.4922,5.4738,-0.3407,-1.5462,1.7326,0.4507,-2.8737,-0.075,-0.001,-0.002,0.2582,-5.4716,-4.4165,0.4692,-0.3407,-1.5462,1.7326,0.075,0.4346,2.8778,-0.001,-0.002,0.2582,,,2.8737,0.799,19.3,moving
2026-09-21T15:58:12.780+09:00,TEST_0005_LAN_L2,LAN_L2,PULL_TEST,,601.5667724609375,-301.9151916503906,336.8372802734375,90.29442596435547,-89.99671173095703,179.97128295898438,-4.2973,-4.953,4.9844,-0.3728,-1.5553,1.9521,0.5648,-7.3346,-0.5644,-0.0331,-0.0111,0.4777,-4.982,-4.3252,4.9312,-0.3728,-1.5553,1.9521,0.5646,0.526,7.3398,-0.0331,-0.0111,0.4777,,,7.3346,1.3083,19.3,moving
2026-09-21T15:58:12.835+09:00,TEST_0005_LAN_L2,LAN_L2,PULL_TEST,,601.547119140625,-301.37353515625,336.8216857910156,90.2939453125,-89.9962387084961,179.96847534179688,-4.2973,-4.953,4.9844,-0.3728,-1.5553,1.9521,0.5648,-7.3346,-0.5644,-0.0331,-0.0111,0.4777,-4.982,-4.3252,4.9312,-0.3728,-1.5553,1.9521,0.5646,0.526,7.3398,-0.0331,-0.0111,0.4777,,,7.3346,1.85,19.3,moving
2026-09-21T15:58:12.890+09:00,TEST_0005_LAN_L2,LAN_L2,PULL_TEST,,601.5462036132812,-300.811767578125,336.77276611328125,90.29468536376953,-89.99575805664062,179.96177673339844,-4.5812,-9.4452,4.5889,-0.3556,-1.5728,2.1824,0.2809,-11.8267,-0.9599,-0.0159,-0.0286,0.7081,-4.5853,-4.6325,9.4218,-0.3556,-1.5728,2.1824,0.9613,0.2186,11.8305,-0.0159,-0.0286,0.7081,,,11.8267,2.4117,19.3,moving
2026-09-21T15:58:12.946+09:00,TEST_0005_LAN_L2,LAN_L2,PULL_TEST,,601.5556030273438,-300.2288818359375,336.7052001953125,90.29547119140625,-89.99581909179688,179.94960021972656,-4.5812,-9.4452,4.5889,-0.3556,-1.5728,2.1824,0.2809,-11.8267,-0.9599,-0.0159,-0.0286,0.7081,-4.5853,-4.6325,9.4218,-0.3556,-1.5728,2.1824,0.9613,0.2186,11.8305,-0.0159,-0.0286,0.7081,,,11.8267,2.9946,19.3,moving
2026-09-21T15:58:13.002+09:00,TEST_0005_LAN_L2,LAN_L2,PULL_TEST,,601.5994873046875,-299.63421630859375,336.6496276855469,90.30126190185547,-89.99686431884766,179.93893432617188,-5.3454,-12.2743,4.3314,-0.4279,-1.6278,2.4465,-0.4834,-14.6558,-1.2173,-0.0882,-0.0835,0.9721,-4.3252,-5.4136,12.2465,-0.4279,-1.6278,2.4465,1.2213,-0.5625,14.6552,-0.0882,-0.0835,0.9721,,,14.6558,3.5893,19.3,moving
2026-09-21T15:58:13.059+09:00,TEST_0005_LAN_L2,LAN_L2,PULL_TEST,,601.626953125,-299.0075988769531,336.6229553222656,90.30484771728516,-89.99598693847656,179.9358673095703,-5.3454,-12.2743,4.3314,-0.4279,-1.6278,2.4465,-0.4834,-14.6558,-1.2173,-0.0882,-0.0835,0.9721,-4.3252,-5.4136,12.2465,-0.4279,-1.6278,2.4465,1.2213,-0.5625,14.6552,-0.0882,-0.0835,0.9721,,,14.6558,4.2159,19.3,moving
2026-09-21T15:58:13.115+09:00,TEST_0005_LAN_L2,LAN_L2,PULL_TEST,,601.698486328125,-298.316650390625,336.615966796875,90.31706237792969,-89.99657440185547,179.93655395507812,-5.4541,-11.6826,4.2935,-0.5259,-1.6635,2.4919,-0.5921,-14.0642,-1.2553,-0.1862,-0.1193,1.0175,-4.2865,-5.5217,11.6534,-0.5259,-1.6635,2.4919,1.2601,-0.6706,14.0621,-0.1862,-0.1193,1.0175,,,14.0642,4.9069,19.1,moving
2026-09-21T15:58:13.170+09:00,TEST_0005_LAN_L2,LAN_L2,PULL_TEST,,601.75439453125,-297.649658203125,336.62353515625,90.32706451416016,-89.99610900878906,179.93846130371094,-5.4541,-11.6826,4.2935,-0.5259,-1.6635,2.4919,-0.5921,-14.0642,-1.2553,-0.1862,-0.1193,1.0175,-4.2865,-5.5217,11.6534,-0.5259,-1.6635,2.4919,1.2601,-0.6706,14.0621,-0.1862,-0.1193,1.0175,,,14.0642,5.5739,19.1,moving
2026-09-21T15:58:13.226+09:00,TEST_0005_LAN_L2,LAN_L2,PULL_TEST,,601.7723388671875,-297.07373046875,336.660400390625,90.32949829101562,-89.99620056152344,179.94468688964844,-5.4918,-6.1814,4.4347,-0.6361,-1.6346,2.4225,-0.6297,-8.563,-1.1141,-0.2965,-0.0903,0.9481,-4.4284,-5.5317,6.1503,-0.6361,-1.6346,2.4225,1.1182,-0.6805,8.559,-0.2965,-0.0903,0.9481,,,8.563,6.1498,19.1,moving
2026-09-21T15:58:13.282+09:00,TEST_0005_LAN_L2,LAN_L2,PULL_TEST,,601.7848510742188,-296.5120849609375,336.6953430175781,90.33008575439453,-89.9963150024414,179.9501495361328,-5.4611,-5.585,4.2985,-0.6511,-1.6273,2.4362,-0.5991,-7.9666,-1.2502,-0.3114,-0.0831,0.9618,-4.2933,-5.497,5.5538,-0.6511,-1.6273,2.4362,1.2533,-0.6458,7.9624,-0.3114,-0.0831,0.9618,,,7.9666,6.7114,19.1,moving
2026-09-21T15:58:13.337+09:00,TEST_0005_LAN_L2,LAN_L2,PULL_TEST,,601.7789306640625,-295.9783630371094,336.7527160644531,90.32711791992188,-89.99687957763672,179.95504760742188,-5.4611,-5.585,4.2985,-0.6511,-1.6273,2.4362,-0.5991,-7.9666,-1.2502,-0.3114,-0.0831,0.9618,-4.2933,-5.497,5.5538,-0.6511,-1.6273,2.4362,1.2533,-0.6458,7.9624,-0.3114,-0.0831,0.9618,,,7.9666,7.2451,19.1,moving
2026-09-21T15:58:13.392+09:00,TEST_0005_LAN_L2,LAN_L2,PULL_TEST,,601.7882690429688,-295.4383239746094,336.7933349609375,90.32701873779297,-89.99803161621094,179.96231079101562,-5.2091,-5.7146,4.059,-0.6497,-1.6555,2.4534,-0.3471,-8.0961,-1.4898,-0.31,-0.1113,0.979,-4.0551,-5.2444,5.685,-0.6497,-1.6555,2.4534,1.4915,-0.3932,8.0937,-0.31,-0.1113,0.979,,,8.0961,7.7852,19.1,moving
2026-09-21T15:58:13.449+09:00,TEST_0005_LAN_L2,LAN_L2,PULL_TEST,,601.7919311523438,-294.8766784667969,336.8339538574219,90.32671356201172,-89.99853515625,179.96998596191406,-5.2091,-5.7146,4.059,-0.6497,-1.6555,2.4534,-0.3471,-8.0961,-1.4898,-0.31,-0.1113,0.979,-4.0551,-5.2444,5.685,-0.6497,-1.6555,2.4534,1.4915,-0.3932,8.0937,-0.31,-0.1113,0.979,,,8.0961,8.3468,19.1,moving
2026-09-21T15:58:13.505+09:00,TEST_0005_LAN_L2,LAN_L2,PULL_TEST,,601.782958984375,-294.318359375,336.8527526855469,90.32513427734375,-89.99857330322266,179.9738006591797,-5.0537,-5.7005,3.8406,-0.6466,-1.6468,2.4593,-0.1916,-8.0821,-1.7081,-0.3069,-0.1026,0.9849,-3.8381,-5.0879,5.6718,-0.6466,-1.6468,2.4593,1.7085,-0.2367,8.0805,-0.3069,-0.1026,0.9849,,,8.0821,8.9052,19.1,moving
2026-09-21T15:58:13.560+09:00,TEST_0005_LAN_L2,LAN_L2,PULL_TEST,,601.777587890625,-293.7839050292969,336.8581848144531,90.32469940185547,-89.99861145019531,179.97509765625,-5.0537,-5.7005,3.8406,-0.6466,-1.6468,2.4593,-0.1916,-8.0821,-1.7081,-0.3069,-0.1026,0.9849,-3.8381,-5.0879,5.6718,-0.6466,-1.6468,2.4593,1.7085,-0.2367,8.0805,-0.3069,-0.1026,0.9849,,,8.0821,9.4396,19.1,moving
2026-09-21T15:58:13.615+09:00,TEST_0005_LAN_L2,LAN_L2,PULL_TEST,,601.7682495117188,-293.239013671875,336.8612365722656,90.32334899902344,-89.99781799316406,179.97271728515625,-4.8128,-5.6598,3.6473,-0.6586,-1.644,2.4388,0.0492,-8.0413,-1.9015,-0.3189,-0.0997,0.9644,-3.6451,-4.8464,5.6325,-0.6586,-1.644,2.4388,1.9015,0.0047,8.0412,-0.3189,-0.0997,0.9644,,,8.0413,9.9845,19.1,moving
2026-09-21T15:58:13.671+09:00,TEST_0005_LAN_L2,LAN_L2,PULL_TEST,,601.7861328125,-292.6617431640625,336.8609924316406,90.32649993896484,-89.99737548828125,179.97117614746094,-4.8128,-5.6598,3.6473,-0.6586,-1.644,2.4388,0.0492,-8.0413,-1.9015,-0.3189,-0.0997,0.9644,-3.6451,-4.8464,5.6325,-0.6586,-1.644,2.4388,1.9015,0.0047,8.0412,-0.3189,-0.0997,0.9644,,,8.0413,10.5618,19.1,moving
2026-09-21T15:58:13.727+09:00,TEST_0005_LAN_L2,LAN_L2,PULL_TEST,,601.7863159179688,-292.0978698730469,336.8497314453125,90.32626342773438,-89.9970932006836,179.9706268310547,-4.73,-5.8388,3.4445,-0.681,-1.6685,2.4641,0.1321,-8.2204,-2.1043,-0.3413,-0.1243,0.9897,-3.4418,-4.7649,5.8119,-0.681,-1.6685,2.4641,2.1047,0.0862,8.2206,-0.3413,-0.1243,0.9897,,,8.2204,11.1256,19.1,moving
2026-09-21T15:58:13.782+09:00,TEST_0005_LAN_L2,LAN_L2,PULL_TEST,,601.7887573242188,-291.54193115234375,336.8409423828125,90.32518005371094,-89.99749755859375,179.9713134765625,-5.0853,-5.7691,3.3756,-0.6613,-1.672,2.4984,-0.2233,-8.1506,-2.1732,-0.3216,-0.1277,1.024,-3.3727,-5.1197,5.7403,-0.6613,-1.672,2.4984,2.1738,-0.2685,8.1489,-0.3216,-0.1277,1.024,,,8.1506,11.6816,19.1,moving
2026-09-21T15:58:13.837+09:00,TEST_0005_LAN_L2,LAN_L2,PULL_TEST,,601.8087158203125,-290.9877014160156,336.8019104003906,90.3265380859375,-90.0001449584961,179.96961975097656,-5.0853,-5.7691,3.3756,-0.6613,-1.672,2.4984,-0.2233,-8.1506,-2.1732,-0.3216,-0.1277,1.024,-3.3727,-5.1197,5.7403,-0.6613,-1.672,2.4984,2.1738,-0.2685,8.1489,-0.3216,-0.1277,1.024,,,8.1506,12.2358,19.1,moving
2026-09-21T15:58:13.893+09:00,TEST_0005_LAN_L2,LAN_L2,PULL_TEST,,601.8056640625,-290.4527893066406,336.7894592285156,90.32219696044922,-89.99806213378906,179.96875,-5.6133,-5.3766,2.2083,-0.7476,-1.6793,2.5016,-0.7513,-7.7581,-3.3405,-0.4079,-0.1351,1.0272,-2.205,-5.6448,5.3449,-0.7476,-1.6793,2.5016,3.3416,-0.7936,7.7536,-0.4079,-0.1351,1.0272,,,7.7581,12.7707,18.9,holding
2026-09-21T15:58:13.948+09:00,TEST_0005_LAN_L2,LAN_L2,PULL_TEST,,601.83056640625,-289.8900146484375,336.7733154296875,90.32417297363281,-90.0,179.96920776367188,-5.6133,-5.3766,2.2083,-0.7476,-1.6793,2.5016,-0.7513,-7.7581,-3.3405,-0.4079,-0.1351,1.0272,-2.205,-5.6448,5.3449,-0.7476,-1.6793,2.5016,3.3416,-0.7936,7.7536,-0.4079,-0.1351,1.0272,,,7.7581,13.3335,18.9,holding
2026-09-21T15:58:14.003+09:00,TEST_0005_LAN_L2,LAN_L2,PULL_TEST,,601.8463745117188,-289.34478759765625,336.7527160644531,90.32444763183594,-89.9991455078125,179.9676971435547,-5.9363,-5.4656,1.8179,-0.6972,-1.6871,2.5311,-1.0743,-7.8472,-3.7309,-0.3575,-0.1429,1.0568,-1.8144,-5.9682,5.432,-0.6972,-1.6871,2.5311,3.7322,-1.117,7.8406,-0.3575,-0.1429,1.0568,,,7.8472,13.8787,18.9,holding
2026-09-21T15:58:14.058+09:00,TEST_0005_LAN_L2,LAN_L2,PULL_TEST,,601.8356323242188,-288.8135986328125,336.759765625,90.32172393798828,-89.99748992919922,179.9674530029297,-5.9363,-5.4656,1.8179,-0.6972,-1.6871,2.5311,-1.0743,-7.8472,-3.7309,-0.3575,-0.1429,1.0568,-1.8144,-5.9682,5.432,-0.6972,-1.6871,2.5311,3.7322,-1.117,7.8406,-0.3575,-0.1429,1.0568,,,7.8472,14.4099,18.9,holding
2026-09-21T15:58:14.114+09:00,TEST_0005_LAN_L2,LAN_L2,PULL_TEST,,601.8364868164062,-288.2568664550781,336.7606506347656,90.3228988647461,-89.99755859375,179.96644592285156,-6.0293,-5.4097,1.635,-0.6574,-1.6941,2.5367,-1.1673,-7.7912,-3.9137,-0.3177,-0.1498,1.0623,-1.6313,-6.0605,5.3759,-0.6574,-1.6941,2.5367,3.9153,-1.2093,7.7845,-0.3177,-0.1498,1.0623,,,7.7912,14.9666,18.9,holding
2026-09-21T15:58:14.169+09:00,TEST_0005_LAN_L2,LAN_L2,PULL_TEST,,601.8204956054688,-287.6975402832031,336.7756652832031,90.32264709472656,-89.99723052978516,179.9667510986328,-6.0293,-5.4097,1.635,-0.6574,-1.6941,2.5367,-1.1673,-7.7912,-3.9137,-0.3177,-0.1498,1.0623,-1.6313,-6.0605,5.3759,-0.6574,-1.6941,2.5367,3.9153,-1.2093,7.7845,-0.3177,-0.1498,1.0623,,,7.7912,15.526,18.9,holding
2026-09-21T15:58:14.225+09:00,TEST_0005_LAN_L2,LAN_L2,PULL_TEST,,601.8174438476562,-287.1225891113281,336.7833251953125,90.32484436035156,-89.9977035522461,179.96697998046875,-6.0192,-5.5819,1.5901,-0.6515,-1.7025,2.5343,-1.1571,-7.9635,-3.9587,-0.3118,-0.1583,1.0599,-1.5863,-6.0515,5.548,-0.6515,-1.7025,2.5343,3.9603,-1.2003,7.9567,-0.3118,-0.1583,1.0599,,,7.9635,16.1009,18.9,holding
2026-09-21T15:58:14.280+09:00,TEST_0005_LAN_L2,LAN_L2,PULL_TEST,,601.8031616210938,-286.5682373046875,336.80059814453125,90.32450866699219,-89.99806213378906,179.9690399169922,-5.9478,-5.5068,1.4756,-0.6922,-1.7056,2.5074,-1.0858,-7.8883,-4.0731,-0.3525,-0.1614,1.033,-1.4722,-5.9797,5.473,-0.6922,-1.7056,2.5074,4.0744,-1.1286,7.8817,-0.3525,-0.1614,1.033,,,7.8883,16.6553,18.9,holding
2026-09-21T15:58:14.335+09:00,TEST_0005_LAN_L2,LAN_L2,PULL_TEST,,601.7783203125,-286.0345153808594,336.819580078125,90.3218765258789,-89.99752044677734,179.9702606201172,-5.9478,-5.5068,1.4756,-0.6922,-1.7056,2.5074,-1.0858,-7.8883,-4.0731,-0.3525,-0.1614,1.033,-1.4722,-5.9797,5.473,-0.6922,-1.7056,2.5074,4.0744,-1.1286,7.8817,-0.3525,-0.1614,1.033,,,7.8883,17.189,18.9,holding
2026-09-21T15:58:14.391+09:00,TEST_0005_LAN_L2,LAN_L2,PULL_TEST,,601.7869873046875,-285.47735595703125,336.8418273925781,90.32394409179688,-89.99797058105469,179.9730682373047,-6.0005,-5.5894,1.4101,-0.7108,-1.7082,2.5239,-1.1385,-7.971,-4.1387,-0.3711,-0.164,1.0495,-1.407,-6.0327,5.5555,-0.7108,-1.7082,2.5239,4.1396,-1.1815,7.9642,-0.3711,-0.164,1.0495,,,7.971,17.7462,18.9,holding
2026-09-21T15:58:14.449+09:00,TEST_0005_LAN_L2,LAN_L2,PULL_TEST,,601.7763671875,-284.9014892578125,336.8824768066406,90.3223648071289,-89.99696350097656,179.97647094726562,-6.0005,-5.5894,1.4101,-0.7108,-1.7082,2.5239,-1.1385,-7.971,-4.1387,-0.3711,-0.164,1.0495,-1.407,-6.0327,5.5555,-0.7108,-1.7082,2.5239,4.1396,-1.1815,7.9642,-0.3711,-0.164,1.0495,,,7.971,18.322,18.9,holding
2026-09-21T15:58:14.505+09:00,TEST_0005_LAN_L2,LAN_L2,PULL_TEST,,601.7835693359375,-284.35101318359375,336.9147033691406,90.32270812988281,-89.99736022949219,179.98126220703125,-6.0399,-5.6836,1.4041,-0.7106,-1.7178,2.5312,-1.1778,-8.0651,-4.1447,-0.3709,-0.1736,1.0568,-1.4015,-6.0723,5.6496,-0.7106,-1.7178,2.5312,4.1451,-1.2211,8.0583,-0.3709,-0.1736,1.0568,,,8.0651,18.8725,18.9,holding
2026-09-21T15:58:14.560+09:00,TEST_0005_LAN_L2,LAN_L2,PULL_TEST,,601.7900390625,-283.7940368652344,336.9334716796875,90.32232666015625,-89.99836730957031,179.98558044433594,-6.0399,-5.6836,1.4041,-0.7106,-1.7178,2.5312,-1.1778,-8.0651,-4.1447,-0.3709,-0.1736,1.0568,-1.4015,-6.0723,5.6496,-0.7106,-1.7178,2.5312,4.1451,-1.2211,8.0583,-0.3709,-0.1736,1.0568,,,8.0651,19.4295,18.9,holding
2026-09-21T15:58:14.615+09:00,TEST_0005_LAN_L2,LAN_L2,PULL_TEST,,601.7807006835938,-283.2641296386719,336.9375305175781,90.31947326660156,-89.99895477294922,179.98751831054688,-6.0587,-5.6523,1.4646,-0.6994,-1.7249,2.5426,-1.1966,-8.0338,-4.0842,-0.3597,-0.1807,1.0682,-1.463,-6.0906,5.6183,-0.6994,-1.7249,2.5426,4.0836,-1.2394,8.0269,-0.3597,-0.1807,1.0682,,,8.0338,19.9594,18.9,holding
2026-09-21T15:58:14.670+09:00,TEST_0005_LAN_L2,LAN_L2,PULL_TEST,,601.7921752929688,-282.7156066894531,336.9161682128906,90.3210220336914,-89.99945831298828,179.9852752685547,-6.0587,-5.6523,1.4646,-0.6994,-1.7249,2.5426,-1.1966,-8.0338,-4.0842,-0.3597,-0.1807,1.0682,-1.463,-6.0906,5.6183,-0.6994,-1.7249,2.5426,4.0836,-1.2394,8.0269,-0.3597,-0.1807,1.0682,,,8.0338,20.5079,18.9,holding
2026-09-21T15:58:14.725+09:00,TEST_0005_LAN_L2,LAN_L2,PULL_TEST,,601.796630859375,-282.1432800292969,336.88128662109375,90.32171630859375,-89.99888610839844,179.97946166992188,-6.0793,-5.7128,1.5155,-0.6884,-1.729,2.5514,-1.2172,-8.0944,-4.0333,-0.3487,-0.1848,1.077,-1.5138,-6.1116,5.6787,-0.6884,-1.729,2.5514,4.0327,-1.2604,8.0874,-0.3487,-0.1848,1.077,,,8.0944,21.0802,18.9,holding
2026-09-21T15:58:14.780+09:00,TEST_0005_LAN_L2,LAN_L2,PULL_TEST,,601.8110961914062,-281.5901794433594,336.84295654296875,90.32310485839844,-89.99859619140625,179.9738006591797,-6.0929,-5.5409,1.4456,-0.7204,-1.7408,2.5586,-1.2308,-7.9225,-4.1032,-0.3807,-0.1965,1.0843,-1.4427,-6.1247,5.5065,-0.7204,-1.7408,2.5586,4.1039,-1.2735,7.9152,-0.3807,-0.1965,1.0843,,,7.9225,21.6333,18.9,holding
2026-09-21T15:58:14.835+09:00,TEST_0005_LAN_L2,LAN_L2,PULL_TEST,,601.8216552734375,-281.0296325683594,336.8040771484375,90.32355499267578,-89.99755859375,179.9698486328125,-6.0929,-5.5409,1.4456,-0.7204,-1.7408,2.5586,-1.2308,-7.9225,-4.1032,-0.3807,-0.1965,1.0843,-1.4427,-6.1247,5.5065,-0.7204,-1.7408,2.5586,4.1039,-1.2735,7.9152,-0.3807,-0.1965,1.0843,,,7.9225,22.1939,18.9,holding
2026-09-21T15:58:14.891+09:00,TEST_0005_LAN_L2,LAN_L2,PULL_TEST,,601.8250122070312,-280.4803161621094,336.78692626953125,90.322265625,-89.99681091308594,179.96824645996094,-6.1128,-5.5248,1.4374,-0.7202,-1.7426,2.5684,-1.2507,-7.9063,-4.1114,-0.3805,-0.1984,1.094,-1.4336,-6.1446,5.4904,-0.7202,-1.7426,2.5684,4.113,-1.2934,7.8991,-0.3805,-0.1984,1.094,,,7.9063,22.7432,18.9,holding
2026-09-21T15:58:14.946+09:00,TEST_0005_LAN_L2,LAN_L2,PULL_TEST,,601.8336181640625,-279.9291687011719,336.7916564941406,90.32289123535156,-89.99718475341797,179.9698944091797,-6.1128,-5.5248,1.4374,-0.7202,-1.7426,2.5684,-1.2507,-7.9063,-4.1114,-0.3805,-0.1984,1.094,-1.4336,-6.1446,5.4904,-0.7202,-1.7426,2.5684,4.113,-1.2934,7.8991,-0.3805,-0.1984,1.094,,,7.9063,23.2943,18.9,holding
2026-09-21T15:58:15.002+09:00,TEST_0005_LAN_L2,LAN_L2,PULL_TEST,,601.8402709960938,-279.3626403808594,336.8313903808594,90.3238754272461,-89.99744415283203,179.974853515625,-6.0074,-5.754,1.3305,-0.7495,-1.7476,2.5291,-1.1454,-8.1355,-4.2183,-0.4098,-0.2034,1.0547,-1.3273,-6.0405,5.72,-0.7495,-1.7476,2.5291,4.2192,-1.1893,8.1286,-0.4098,-0.2034,1.0547,,,8.1355,23.8609,18.9,holding
2026-09-21T15:58:15.058+09:00,TEST_0005_LAN_L2,LAN_L2,PULL_TEST,,601.8447875976562,-278.7889404296875,336.8814697265625,90.32498168945312,-89.99859619140625,179.9812469482422,-6.0074,-5.754,1.3305,-0.7495,-1.7476,2.5291,-1.1454,-8.1355,-4.2183,-0.4098,-0.2034,1.0547,-1.3273,-6.0405,5.72,-0.7495,-1.7476,2.5291,4.2192,-1.1893,8.1286,-0.4098,-0.2034,1.0547,,,8.1355,24.4346,18.9,holding
2026-09-21T15:58:15.114+09:00,TEST_0005_LAN_L2,LAN_L2,PULL_TEST,,601.8206176757812,-278.261474609375,336.9075927734375,90.3221206665039,-89.99928283691406,179.9849090576172,-5.9868,-5.7868,1.385,-0.7334,-1.7574,2.5236,-1.1248,-8.1683,-4.1638,-0.3938,-0.2131,1.0492,-1.3831,-6.02,5.7527,-0.7334,-1.7574,2.5236,4.1635,-1.1689,8.1614,-0.3938,-0.2131,1.0492,,,8.1683,24.962,18.9,holding
2026-09-21T15:58:15.169+09:00,TEST_0005_LAN_L2,LAN_L2,PULL_TEST,,601.79833984375,-277.707275390625,336.921142578125,90.32062530517578,-89.99874877929688,179.98484802246094,-5.9868,-5.7868,1.385,-0.7334,-1.7574,2.5236,-1.1248,-8.1683,-4.1638,-0.3938,-0.2131,1.0492,-1.3831,-6.02,5.7527,-0.7334,-1.7574,2.5236,4.1635,-1.1689,8.1614,-0.3938,-0.2131,1.0492,,,8.1683,25.5162,18.9,holding
2026-09-21T15:58:15.224+09:00,TEST_0005_LAN_L2,LAN_L2,PULL_TEST,,601.8018188476562,-277.1416320800781,336.91839599609375,90.3240966796875,-89.99864196777344,179.9820098876953,-5.9457,-5.8536,1.3995,-0.7281,-1.7581,2.5092,-1.0837,-8.2351,-4.1493,-0.3884,-0.2139,1.0348,-1.3977,-5.9788,5.8202,-0.7281,-1.7581,2.5092,4.1488,-1.1276,8.2289,-0.3884,-0.2139,1.0348,,,8.2351,26.0819,18.9,holding
2026-09-21T15:58:15.280+09:00,TEST_0005_LAN_L2,LAN_L2,PULL_TEST,,601.7871704101562,-276.57061767578125,336.9052734375,90.3238525390625,-89.9974365234375,179.9784393310547,-5.9314,-5.7202,1.4277,-0.7242,-1.7675,2.5009,-1.0694,-8.1018,-4.1211,-0.3845,-0.2233,1.0265,-1.4252,-5.9642,5.6867,-0.7242,-1.7675,2.5009,4.1214,-1.113,8.0953,-0.3845,-0.2233,1.0265,,,8.1018,26.6529,18.9,holding
2026-09-21T15:58:15.336+09:00,TEST_0005_LAN_L2,LAN_L2,PULL_TEST,,601.794921875,-275.99896240234375,336.8833312988281,90.32640838623047,-89.99771118164062,179.9762420654297,-5.9314,-5.7202,1.4277,-0.7242,-1.7675,2.5009,-1.0694,-8.1018,-4.1211,-0.3845,-0.2233,1.0265,-1.4252,-5.9642,5.6867,-0.7242,-1.7675,2.5009,4.1214,-1.113,8.0953,-0.3845,-0.2233,1.0265,,,8.1018,27.2245,18.9,holding
2026-09-21T15:58:15.392+09:00,TEST_0005_LAN_L2,LAN_L2,PULL_TEST,,601.7897338867188,-275.4464416503906,336.8608093261719,90.32518005371094,-89.99767303466797,179.97329711914062,-6.0732,-5.7334,1.4166,-0.7256,-1.768,2.5533,-1.2112,-8.1149,-4.1322,-0.3859,-0.2237,1.0789,-1.4136,-6.1064,5.6988,-0.7256,-1.768,2.5533,4.133,-1.2552,8.1075,-0.3859,-0.2237,1.0789,,,8.1149,27.7771,18.9,holding
2026-09-21T15:58:15.448+09:00,TEST_0005_LAN_L2,LAN_L2,PULL_TEST,,601.7904663085938,-274.8902587890625,336.8309631347656,90.3239974975586,-89.99786376953125,179.96974182128906,-6.0732,-5.7334,1.4166,-0.7256,-1.768,2.5533,-1.2112,-8.1149,-4.1322,-0.3859,-0.2237,1.0789,-1.4136,-6.1064,5.6988,-0.7256,-1.768,2.5533,4.133,-1.2552,8.1075,-0.3859,-0.2237,1.0789,,,8.1149,28.3333,18.9,holding
2026-09-21T15:58:15.503+09:00,TEST_0005_LAN_L2,LAN_L2,PULL_TEST,,601.8211059570312,-274.3280944824219,336.80694580078125,90.32682037353516,-89.99895477294922,179.96934509277344,-6.2096,-5.7616,1.3853,-0.7325,-1.7799,2.6031,-1.3476,-8.1431,-4.1634,-0.3928,-0.2357,1.1287,-1.3819,-6.2429,5.7263,-0.7325,-1.7799,2.6031,4.1647,-1.3918,8.135,-0.3928,-0.2357,1.1287,,,8.1431,28.8954,19.1,holding
2026-09-21T15:58:15.558+09:00,TEST_0005_LAN_L2,LAN_L2,PULL_TEST,,601.8231811523438,-273.7865905761719,336.7981872558594,90.32417297363281,-89.99845123291016,179.96974182128906,-6.2096,-5.7616,1.3853,-0.7325,-1.7799,2.6031,-1.3476,-8.1431,-4.1634,-0.3928,-0.2357,1.1287,-1.3819,-6.2429,5.7263,-0.7325,-1.7799,2.6031,4.1647,-1.3918,8.135,-0.3928,-0.2357,1.1287,,,8.1431,29.4369,19.1,holding
2026-09-21T15:58:15.613+09:00,TEST_0005_LAN_L2,LAN_L2,PULL_TEST,,601.8358154296875,-273.2413024902344,336.7976379394531,90.3246841430664,-89.9981689453125,179.97027587890625,-6.1792,-5.6895,1.3521,-0.7529,-1.7815,2.5989,-1.3171,-8.071,-4.1967,-0.4132,-0.2373,1.1245,-1.3487,-6.212,5.6544,-0.7529,-1.7815,2.5989,4.1979,-1.3608,8.0631,-0.4132,-0.2373,1.1245,,,8.071,29.9822,19.1,holding
2026-09-21T15:58:15.668+09:00,TEST_0005_LAN_L2,LAN_L2,PULL_TEST,,601.8211669921875,-272.7137145996094,336.79852294921875,90.3226318359375,-89.9974365234375,179.96910095214844,-6.1792,-5.6895,1.3521,-0.7529,-1.7815,2.5989,-1.3171,-8.071,-4.1967,-0.4132,-0.2373,1.1245,-1.3487,-6.212,5.6544,-0.7529,-1.7815,2.5989,4.1979,-1.3608,8.0631,-0.4132,-0.2373,1.1245,,,8.071,30.5098,19.1,holding
2026-09-21T15:58:15.723+09:00,TEST_0005_LAN_L2,LAN_L2,PULL_TEST,,601.800048828125,-272.1712646484375,336.8150634765625,90.3212661743164,-89.9968490600586,179.96987915039062,-6.0803,-5.7138,1.3545,-0.7518,-1.7897,2.5679,-1.2182,-8.0954,-4.1943,-0.4121,-0.2454,1.0935,-1.3509,-6.1131,5.6796,-0.7518,-1.7897,2.5679,4.1957,-1.2619,8.0883,-0.4121,-0.2454,1.0935,,,8.0954,31.0522,19.1,holding
2026-09-21T15:58:15.778+09:00,TEST_0005_LAN_L2,LAN_L2,PULL_TEST,,601.8052978515625,-271.59661865234375,336.8326416015625,90.32514190673828,-89.99773406982422,179.97239685058594,-6.1425,-5.9402,1.3051,-0.7611,-1.7934,2.5818,-1.2804,-8.3217,-4.2436,-0.4215,-0.2491,1.1074,-1.3019,-6.1767,5.9053,-0.7611,-1.7934,2.5818,4.2447,-1.3255,8.314,-0.4215,-0.2491,1.1074,,,8.3217,31.6269,19.1,holding
2026-09-21T15:58:15.833+09:00,TEST_0005_LAN_L2,LAN_L2,PULL_TEST,,601.7860717773438,-271.04974365234375,336.8541259765625,90.32383728027344,-89.9977798461914,179.97422790527344,-6.1425,-5.9402,1.3051,-0.7611,-1.7934,2.5818,-1.2804,-8.3217,-4.2436,-0.4215,-0.2491,1.1074,-1.3019,-6.1767,5.9053,-0.7611,-1.7934,2.5818,4.2447,-1.3255,8.314,-0.4215,-0.2491,1.1074,,,8.3217,32.1738,19.1,holding
2026-09-21T15:58:15.888+09:00,TEST_0005_LAN_L2,LAN_L2,PULL_TEST,,601.7847900390625,-270.5010681152344,336.8748779296875,90.32440948486328,-89.99871826171875,179.97605895996094,-6.162,-5.9649,1.2515,-0.778,-1.8004,2.5832,-1.2999,-8.3465,-4.2973,-0.4383,-0.2562,1.1089,-1.2487,-6.1962,5.93,-0.778,-1.8004,2.5832,4.2979,-1.345,8.3387,-0.4383,-0.2562,1.1089,,,8.3465,32.7224,19.1,holding
2026-09-21T15:58:15.943+09:00,TEST_0005_LAN_L2,LAN_L2,PULL_TEST,,601.7886352539062,-269.9523620605469,336.9084167480469,90.3237533569336,-89.99950408935547,179.98219299316406,-6.162,-5.9649,1.2515,-0.778,-1.8004,2.5832,-1.2999,-8.3465,-4.2973,-0.4383,-0.2562,1.1089,-1.2487,-6.1962,5.93,-0.778,-1.8004,2.5832,4.2979,-1.345,8.3387,-0.4383,-0.2562,1.1089,,,8.3465,33.2711,19.1,holding
2026-09-21T15:58:15.999+09:00,TEST_0005_LAN_L2,LAN_L2,PULL_TEST,,601.79296875,-269.40826416015625,336.93829345703125,90.3221435546875,-89.99932861328125,179.98733520507812,-6.2406,-5.9691,1.2526,-0.776,-1.8065,2.6121,-1.3786,-8.3507,-4.2962,-0.4363,-0.2623,1.1377,-1.251,-6.2744,5.9339,-0.776,-1.8065,2.6121,4.2956,-1.4232,8.3426,-0.4363,-0.2623,1.1377,,,8.3507,33.8152,19.1,holding
2026-09-21T15:58:16.055+09:00,TEST_0005_LAN_L2,LAN_L2,PULL_TEST,,601.8143310546875,-268.82513427734375,336.9192810058594,90.3252182006836,-89.99957275390625,179.9858856201172,-6.2406,-5.9691,1.2526,-0.776,-1.8065,2.6121,-1.3786,-8.3507,-4.2962,-0.4363,-0.2623,1.1377,-1.251,-6.2744,5.9339,-0.776,-1.8065,2.6121,4.2956,-1.4232,8.3426,-0.4363,-0.2623,1.1377,,,8.3507,34.3984,19.1,holding
2026-09-21T15:58:16.110+09:00,TEST_0005_LAN_L2,LAN_L2,PULL_TEST,,601.804443359375,-268.2838134765625,336.8795166015625,90.32295989990234,-89.99803161621094,179.97976684570312,-6.2058,-5.8669,1.3685,-0.7465,-1.8126,2.6026,-1.3438,-8.2485,-4.1803,-0.4068,-0.2684,1.1282,-1.3666,-6.2393,5.8317,-0.7465,-1.8126,2.6026,4.1799,-1.3881,8.2404,-0.4068,-0.2684,1.1282,,,8.2485,34.9397,19.1,holding
2026-09-21T15:58:16.165+09:00,TEST_0005_LAN_L2,LAN_L2,PULL_TEST,,601.801513671875,-267.7578125,336.81756591796875,90.32150268554688,-89.9974136352539,179.97244262695312,-6.2058,-5.8669,1.3685,-0.7465,-1.8126,2.6026,-1.3438,-8.2485,-4.1803,-0.4068,-0.2684,1.1282,-1.3666,-6.2393,5.8317,-0.7465,-1.8126,2.6026,4.1799,-1.3881,8.2404,-0.4068,-0.2684,1.1282,,,8.2485,35.4657,19.1,holding
2026-09-21T15:58:16.220+09:00,TEST_0005_LAN_L2,LAN_L2,PULL_TEST,,601.8014526367188,-267.21612548828125,336.76898193359375,90.32072448730469,-89.99748992919922,179.96546936035156,-6.2586,-5.8509,1.325,-0.7616,-1.8187,2.6173,-1.3965,-8.2324,-4.2238,-0.4219,-0.2745,1.1429,-1.3215,-6.292,5.8158,-0.7616,-1.8187,2.6173,4.225,-1.4408,8.2244,-0.4219,-0.2745,1.1429,,,8.2324,36.0074,19.1,holding
2026-09-21T15:58:16.275+09:00,TEST_0005_LAN_L2,LAN_L2,PULL_TEST,,601.795654296875,-266.66241455078125,336.7635803222656,90.32001495361328,-89.99713134765625,179.9646453857422,-6.2586,-5.8509,1.325,-0.7616,-1.8187,2.6173,-1.3965,-8.2324,-4.2238,-0.4219,-0.2745,1.1429,-1.3215,-6.292,5.8158,-0.7616,-1.8187,2.6173,4.225,-1.4408,8.2244,-0.4219,-0.2745,1.1429,,,8.2324,36.5611,19.1,holding
2026-09-21T15:58:16.331+09:00,TEST_0005_LAN_L2,LAN_L2,PULL_TEST,,601.8082275390625,-266.0877685546875,336.79718017578125,90.32276153564453,-89.99847412109375,179.96986389160156,-6.1555,-5.9624,1.1701,-0.8008,-1.8271,2.5819,-1.2934,-8.3439,-4.3786,-0.4612,-0.2829,1.1075,-1.166,-6.1894,5.928,-0.8008,-1.8271,2.5819,4.3805,-1.3382,8.3367,-0.4612,-0.2829,1.1075,,,8.3439,37.1357,19.1,holding
2026-09-21T15:58:16.386+09:00,TEST_0005_LAN_L2,LAN_L2,PULL_TEST,,601.803466796875,-265.5284729003906,336.8718566894531,90.32183837890625,-89.99939727783203,179.9806365966797,-6.0833,-5.9256,1.1121,-0.8193,-1.8313,2.5572,-1.2212,-8.3072,-4.4367,-0.4796,-0.2871,1.0828,-1.1098,-6.1169,5.8914,-0.8193,-1.8313,2.5572,4.4368,-1.2657,8.3001,-0.4796,-0.2871,1.0828,,,8.3072,37.695,19.1,holding
2026-09-21T15:58:16.442+09:00,TEST_0005_LAN_L2,LAN_L2,PULL_TEST,,601.7996826171875,-264.986083984375,336.9244689941406,90.32176971435547,-89.99974822998047,179.98678588867188,-6.0833,-5.9256,1.1121,-0.8193,-1.8313,2.5572,-1.2212,-8.3072,-4.4367,-0.4796,-0.2871,1.0828,-1.1098,-6.1169,5.8914,-0.8193,-1.8313,2.5572,4.4368,-1.2657,8.3001,-0.4796,-0.2871,1.0828,,,8.3072,38.2374,19.1,holding
2026-09-21T15:58:16.497+09:00,TEST_0005_LAN_L2,LAN_L2,PULL_TEST,,601.7955932617188,-264.42364501953125,336.92242431640625,90.32339477539062,-89.999755859375,179.9838104248047,-6.1961,-6.06,1.3412,-0.7407,-1.8382,2.5884,-1.334,-8.4416,-4.2076,-0.401,-0.294,1.114,-1.3395,-6.2305,6.0249,-0.7407,-1.8382,2.5884,4.207,-1.3794,8.4336,-0.401,-0.294,1.114,,,8.4416,38.7999,19.1,holding
2026-09-21T15:58:16.554+09:00,TEST_0005_LAN_L2,LAN_L2,PULL_TEST,,601.7813720703125,-263.8558044433594,336.9139709472656,90.32304382324219,-89.9981460571289,179.9804229736328,-6.1961,-6.06,1.3412,-0.7407,-1.8382,2.5884,-1.334,-8.4416,-4.2076,-0.401,-0.294,1.114,-1.3395,-6.2305,6.0249,-0.7407,-1.8382,2.5884,4.207,-1.3794,8.4336,-0.401,-0.294,1.114,,,8.4416,39.3677,19.1,holding
2026-09-21T15:58:16.609+09:00,TEST_0005_LAN_L2,LAN_L2,PULL_TEST,,601.7855224609375,-263.29022216796875,336.88360595703125,90.32453918457031,-89.99796295166016,179.97482299804688,-6.2076,-6.2131,1.2395,-0.7627,-1.8465,2.588,-1.3455,-8.5946,-4.3093,-0.423,-0.3023,1.1136,-1.2368,-6.243,6.178,-0.7627,-1.8465,2.588,4.3097,-1.3919,8.5867,-0.423,-0.3023,1.1136,,,8.5946,39.9333,18.9,holding
2026-09-21T15:58:16.664+09:00,TEST_0005_LAN_L2,LAN_L2,PULL_TEST,,601.7889404296875,-262.73504638671875,336.84234619140625,90.32411193847656,-89.99742889404297,179.9701690673828,-6.2076,-6.2131,1.2395,-0.7627,-1.8465,2.588,-1.3455,-8.5946,-4.3093,-0.423,-0.3023,1.1136,-1.2368,-6.243,6.178,-0.7627,-1.8465,2.588,4.3097,-1.3919,8.5867,-0.423,-0.3023,1.1136,,,8.5946,40.4885,18.9,holding
2026-09-21T15:58:16.720+09:00,TEST_0005_LAN_L2,LAN_L2,PULL_TEST,,601.803466796875,-262.20721435546875,336.8011169433594,90.32241821289062,-89.9977798461914,179.96791076660156,-6.274,-6.1677,1.2028,-0.7762,-1.8476,2.6023,-1.412,-8.5492,-4.346,-0.4365,-0.3034,1.1279,-1.1991,-6.3094,6.1322,-0.7762,-1.8476,2.6023,4.3475,-1.4582,8.5409,-0.4365,-0.3034,1.1279,,,8.5492,41.0163,19.1,holding
2026-09-21T15:58:16.776+09:00,TEST_0005_LAN_L2,LAN_L2,PULL_TEST,,601.8240356445312,-261.6458740234375,336.7784729003906,90.32191467285156,-89.99768829345703,179.96658325195312,-6.274,-6.1677,1.2028,-0.7762,-1.8476,2.6023,-1.412,-8.5492,-4.346,-0.4365,-0.3034,1.1279,-1.1991,-6.3094,6.1322,-0.7762,-1.8476,2.6023,4.3475,-1.4582,8.5409,-0.4365,-0.3034,1.1279,,,8.5492,41.5776,19.1,holding
2026-09-21T15:58:16.832+09:00,TEST_0005_LAN_L2,LAN_L2,PULL_TEST,,601.8280639648438,-261.0585632324219,336.778564453125,90.32276916503906,-89.99736785888672,179.96511840820312,-6.2335,-6.2373,1.0895,-0.8075,-1.8511,2.5834,-1.3714,-8.6188,-4.4593,-0.4678,-0.3069,1.1091,-1.0856,-6.269,6.2022,-0.8075,-1.8511,2.5834,4.461,-1.4179,8.6109,-0.4678,-0.3069,1.1091,,,8.6188,42.1649,19.1,holding
2026-09-21T15:58:16.887+09:00,TEST_0005_LAN_L2,LAN_L2,PULL_TEST,,601.8206787109375,-260.5082092285156,336.78326416015625,90.3241958618164,-89.99737548828125,179.96414184570312,-6.1937,-5.899,1.1223,-0.809,-1.86,2.5705,-1.3316,-8.2805,-4.4264,-0.4694,-0.3158,1.0962,-1.1182,-6.2276,5.8639,-0.809,-1.86,2.5705,4.4284,-1.3764,8.2726,-0.4694,-0.3158,1.0962,,,8.2805,42.7153,19.1,holding
2026-09-21T15:58:16.943+09:00,TEST_0005_LAN_L2,LAN_L2,PULL_TEST,,601.7940673828125,-259.9532165527344,336.7900085449219,90.3233642578125,-89.99617004394531,179.9635009765625,-6.1937,-5.899,1.1223,-0.809,-1.86,2.5705,-1.3316,-8.2805,-4.4264,-0.4694,-0.3158,1.0962,-1.1182,-6.2276,5.8639,-0.809,-1.86,2.5705,4.4284,-1.3764,8.2726,-0.4694,-0.3158,1.0962,,,8.2805,43.2703,19.1,holding
2026-09-21T15:58:16.998+09:00,TEST_0005_LAN_L2,LAN_L2,PULL_TEST,,601.7791137695312,-259.3924865722656,336.7939147949219,90.32386016845703,-89.99630737304688,179.96258544921875,-6.232,-5.9289,1.1771,-0.7926,-1.8547,2.5793,-1.37,-8.3105,-4.3717,-0.4529,-0.3105,1.105,-1.1727,-6.2661,5.8938,-0.7926,-1.8547,2.5793,4.3739,-1.4149,8.3025,-0.4529,-0.3105,1.105,,,8.3105,43.831,19.1,holding
2026-09-21T15:58:17.053+09:00,TEST_0005_LAN_L2,LAN_L2,PULL_TEST,,601.7723999023438,-258.848388671875,336.79669189453125,90.32398986816406,-89.99685668945312,179.9615478515625,-6.232,-5.9289,1.1771,-0.7926,-1.8547,2.5793,-1.37,-8.3105,-4.3717,-0.4529,-0.3105,1.105,-1.1727,-6.2661,5.8938,-0.7926,-1.8547,2.5793,4.3739,-1.4149,8.3025,-0.4529,-0.3105,1.105,,,8.3105,44.3751,19.1,holding
2026-09-21T15:58:17.108+09:00,TEST_0005_LAN_L2,LAN_L2,PULL_TEST,,601.7801513671875,-258.282958984375,336.8150329589844,90.32444763183594,-89.99723052978516,179.9636688232422,-6.3635,-6.0209,1.1572,-0.7921,-1.8645,2.6118,-1.5014,-8.4024,-4.3916,-0.4524,-0.3203,1.1375,-1.1526,-6.3982,5.9848,-0.7921,-1.8645,2.6118,4.394,-1.547,8.3935,-0.4524,-0.3203,1.1375,,,8.4024,44.9406,19.1,holding
2026-09-21T15:58:17.163+09:00,TEST_0005_LAN_L2,LAN_L2,PULL_TEST,,601.8104858398438,-257.7334289550781,336.84649658203125,90.32598114013672,-89.9986572265625,179.9726104736328,-6.3635,-6.0209,1.1572,-0.7921,-1.8645,2.6118,-1.5014,-8.4024,-4.3916,-0.4524,-0.3203,1.1375,-1.1526,-6.3982,5.9848,-0.7921,-1.8645,2.6118,4.394,-1.547,8.3935,-0.4524,-0.3203,1.1375,,,8.4024,45.4901,19.1,holding
2026-09-21T15:58:17.219+09:00,TEST_0005_LAN_L2,LAN_L2,PULL_TEST,,601.8056640625,-257.20050048828125,336.83251953125,90.32291412353516,-89.99886322021484,179.97280883789062,-6.4473,-6.0042,1.1602,-0.795,-1.8654,2.6453,-1.5852,-8.3858,-4.3886,-0.4553,-0.3212,1.171,-1.1571,-6.4819,5.9675,-0.795,-1.8654,2.6453,4.3895,-1.6307,8.3761,-0.4553,-0.3212,1.171,,,8.3858,46.023,19.1,holding
2026-09-21T15:58:17.274+09:00,TEST_0005_LAN_L2,LAN_L2,PULL_TEST,,601.7994384765625,-256.6549987792969,336.78839111328125,90.32154846191406,-89.99818420410156,179.9652099609375,-6.4473,-6.0042,1.1602,-0.795,-1.8654,2.6453,-1.5852,-8.3858,-4.3886,-0.4553,-0.3212,1.171,-1.1571,-6.4819,5.9675,-0.795,-1.8654,2.6453,4.3895,-1.6307,8.3761,-0.4553,-0.3212,1.171,,,8.3858,46.5685,19.1,holding
2026-09-21T15:58:17.330+09:00,TEST_0005_LAN_L2,LAN_L2,PULL_TEST,,601.7984619140625,-256.098388671875,336.7652893066406,90.322021484375,-89.99788665771484,179.96231079101562,-6.3598,-6.1183,1.1881,-0.7772,-1.8691,2.6218,-1.4977,-8.4998,-4.3606,-0.4375,-0.3248,1.1474,-1.184,-6.3948,6.0825,-0.7772,-1.8691,2.6218,4.3626,-1.5436,8.4912,-0.4375,-0.3248,1.1474,,,8.4998,47.1251,19.1,holding
2026-09-21T15:58:17.386+09:00,TEST_0005_LAN_L2,LAN_L2,PULL_TEST,,601.7919311523438,-255.53280639648438,336.7954406738281,90.32240295410156,-89.99695587158203,179.96507263183594,-6.2889,-6.196,0.9519,-0.8425,-1.8704,2.5986,-1.4268,-8.5775,-4.5969,-0.5028,-0.3262,1.1242,-0.9476,-6.3242,6.1605,-0.8425,-1.8704,2.5986,4.599,-1.4731,8.5692,-0.5028,-0.3262,1.1242,,,8.5775,47.6907,19.1,holding
2026-09-21T15:58:17.441+09:00,TEST_0005_LAN_L2,LAN_L2,PULL_TEST,,601.8013305664062,-254.9700927734375,336.8680419921875,90.32363891601562,-89.99827575683594,179.97509765625,-6.2889,-6.196,0.9519,-0.8425,-1.8704,2.5986,-1.4268,-8.5775,-4.5969,-0.5028,-0.3262,1.1242,-0.9476,-6.3242,6.1605,-0.8425,-1.8704,2.5986,4.599,-1.4731,8.5692,-0.5028,-0.3262,1.1242,,,8.5775,48.2534,19.1,holding
2026-09-21T15:58:17.496+09:00,TEST_0005_LAN_L2,LAN_L2,PULL_TEST,,601.7994995117188,-254.43527221679688,336.9432678222656,90.32240295410156,-89.99957275390625,179.98709106445312,-6.2716,-6.1614,0.9719,-0.8372,-1.8727,2.5945,-1.4095,-8.5429,-4.5769,-0.4976,-0.3284,1.1201,-0.97,-6.3065,6.1259,-0.8372,-1.8727,2.5945,4.5766,-1.4553,8.5345,-0.4976,-0.3284,1.1201,,,8.5429,48.7882,19.1,holding
2026-09-21T15:58:17.553+09:00,TEST_0005_LAN_L2,LAN_L2,PULL_TEST,,601.794677734375,-253.9336395263672,336.9423828125,90.32367706298828,-90.0005111694336,179.9878387451172,-6.2716,-6.1614,0.9719,-0.8372,-1.8727,2.5945,-1.4095,-8.5429,-4.5769,-0.4976,-0.3284,1.1201,-0.97,-6.3065,6.1259,-0.8372,-1.8727,2.5945,4.5766,-1.4553,8.5345,-0.4976,-0.3284,1.1201,,,8.5429,49.2899,18.9,holding
2026-09-21T15:58:27.675+09:00,TEST_0005_LAN_L2,LAN_L2,RELEASE,RETURN_SOFT_GRIP_COMMAND,601.7837524414062,-253.22390747070312,336.8409423828125,90.32312774658203,-89.99762725830078,179.97344970703125,-4.5852,-4.3618,1.557,-0.6203,-1.6902,1.7112,0.0,0.0,0.0,0.0,0.0,0.0,-1.5547,-4.6104,4.3359,-0.6203,-1.6902,1.7112,0.0,0.0,0.0,0.0,0.0,0.0,,,,,18.9,holding
2026-09-21T15:58:28.472+09:00,TEST_0005_LAN_L2,LAN_L2,RELEASE,RETURN_SOFT_GRIP_OPEN_REACHED,601.7835083007812,-253.22393798828125,336.84027099609375,90.32312774658203,-89.99761199951172,179.97332763671875,-4.6602,-4.3715,1.6376,-0.588,-1.7018,1.7443,0.0,0.0,0.0,0.0,0.0,0.0,-1.6352,-4.6856,4.3452,-0.588,-1.7018,1.7443,0.0,0.0,0.0,0.0,0.0,0.0,,,,,23.4,moving
2026-09-21T15:59:03.950+09:00,TEST_0006_LAN_L2,LAN_L2,PREPARE_SOFT_GRIP,INITIAL_SOFT_GRIP_OPEN_COMMAND,602.361328125,-36.41288757324219,347.7210998535156,113.13301086425781,-136.42881774902344,-147.84829711914062,0.992,-2.6283,4.678,0.0818,-1.8784,1.2446,0.0,0.0,0.0,0.0,0.0,0.0,-4.5155,2.6962,-1.4547,0.0818,-1.8784,1.2446,0.0,0.0,0.0,0.0,0.0,0.0,,,,,25.1,holding
2026-09-21T15:59:03.964+09:00,TEST_0006_LAN_L2,LAN_L2,PREPARE_SOFT_GRIP,INITIAL_SOFT_GRIP_OPEN_REACHED,602.361328125,-36.41288757324219,347.7210998535156,113.13301086425781,-136.42881774902344,-147.84829711914062,0.992,-2.6283,4.678,0.0818,-1.8784,1.2446,0.0,0.0,0.0,0.0,0.0,0.0,-4.5155,2.6962,-1.4547,0.0818,-1.8784,1.2446,0.0,0.0,0.0,0.0,0.0,0.0,,,,,25.1,holding
2026-09-21T15:59:06.790+09:00,TEST_0006_LAN_L2,LAN_L2,SOFT_GRIP_ENTRY,SOFT_GRIP_COMMAND,601.7921752929688,-303.11279296875,336.84722900390625,90.32430267333984,-89.99803161621094,179.97540283203125,-5.0629,-1.8896,1.9394,-0.3025,-1.551,1.2809,0.0,0.0,0.0,0.0,0.0,0.0,-1.9371,-5.0744,1.861,-0.3025,-1.551,1.2809,0.0,0.0,0.0,0.0,0.0,0.0,,,,,25.1,holding
2026-09-21T15:59:06.842+09:00,TEST_0006_LAN_L2,LAN_L2,SOFT_GRIP_ENTRY,ENTRY_MOTION_START_WIDTH_REACHED,601.7918701171875,-303.10968017578125,336.84698486328125,90.32427215576172,-89.99807739257812,179.9753875732422,-5.0629,-1.8896,1.9394,-0.3025,-1.551,1.2809,0.0,0.0,0.0,0.0,0.0,0.0,-1.9371,-5.0744,1.861,-0.3025,-1.551,1.2809,0.0,0.0,0.0,0.0,0.0,0.0,,,,,24.8,moving
2026-09-21T15:59:07.864+09:00,TEST_0006_LAN_L2,LAN_L2,SOFT_GRIP_ENTRY,SOFT_GRIP_STABILIZATION_END,601.7923583984375,-303.21826171875,336.8381652832031,90.32408142089844,-89.99764251708984,179.97386169433594,-4.8453,-0.9878,3.4539,-0.3189,-1.5262,1.3174,0.0,0.0,0.0,0.0,0.0,0.0,-3.4516,-4.8524,0.9605,-0.3189,-1.5262,1.3174,0.0,0.0,0.0,0.0,0.0,0.0,,,,,21.9,holding
2026-09-21T15:59:07.918+09:00,TEST_0006_LAN_L2,LAN_L2,HARD_GRIP,HARD_GRIP_COMMAND,601.7920532226562,-303.21826171875,336.8373718261719,90.32402801513672,-89.9977798461914,179.97386169433594,-4.885,-1.0292,3.4351,-0.3302,-1.5255,1.3446,0.0,0.0,0.0,0.0,0.0,0.0,-3.4328,-4.8923,1.0017,-0.3302,-1.5255,1.3446,0.0,0.0,0.0,0.0,0.0,0.0,,,,,21.9,holding
2026-09-21T15:59:08.921+09:00,TEST_0006_LAN_L2,LAN_L2,HARD_GRIP,HARD_GRIP_STABILIZATION_END,601.789306640625,-303.21728515625,336.8377380371094,90.32366180419922,-89.9977798461914,179.9738311767578,-4.8888,0.6563,5.5863,-0.3167,-1.5488,1.4475,0.0,0.0,0.0,0.0,0.0,0.0,-5.5841,-4.8875,-0.6837,-0.3167,-1.5488,1.4475,0.0,0.0,0.0,0.0,0.0,0.0,,,,,19.1,moving
2026-09-21T15:59:08.959+09:00,TEST_0006_LAN_L2,LAN_L2,PULL_TEST,,601.7890014648438,-303.21728515625,336.8369140625,90.32361602783203,-89.99791717529297,179.9738311767578,-4.8888,0.6563,5.5863,-0.3167,-1.5488,1.4475,0.0,0.0,0.0,0.0,0.0,0.0,-5.5841,-4.8875,-0.6837,-0.3167,-1.5488,1.4475,0.0,0.0,0.0,0.0,0.0,0.0,,,0.0,0.0,18.9,holding
2026-09-21T15:59:09.014+09:00,TEST_0006_LAN_L2,LAN_L2,PULL_TEST,,601.7892456054688,-303.2152099609375,336.83721923828125,90.32366943359375,-89.99787139892578,179.9738311767578,-4.9364,0.6871,5.5924,-0.323,-1.548,1.4666,-0.0476,0.0308,0.0061,-0.0063,0.0008,0.0192,-5.5902,-4.935,-0.7148,-0.323,-1.548,1.4666,-0.0061,-0.0474,-0.0311,-0.0063,0.0008,0.0192,,,0.0308,0.0021,18.9,holding
2026-09-21T15:59:09.070+09:00,TEST_0006_LAN_L2,LAN_L2,PULL_TEST,,601.7702026367188,-303.1915283203125,336.843505859375,90.32052612304688,-89.99677276611328,179.97381591796875,-4.9364,0.6871,5.5924,-0.323,-1.548,1.4666,-0.0476,0.0308,0.0061,-0.0063,0.0008,0.0192,-5.5902,-4.935,-0.7148,-0.323,-1.548,1.4666,-0.0061,-0.0474,-0.0311,-0.0063,0.0008,0.0192,,,0.0308,0.0258,18.9,holding
2026-09-21T15:59:09.125+09:00,TEST_0006_LAN_L2,LAN_L2,PULL_TEST,,601.7177124023438,-303.0802001953125,336.8462219238281,90.31217956542969,-89.99644470214844,179.97378540039062,-4.839,0.4156,5.6357,-0.296,-1.5436,1.5181,0.0498,-0.2407,0.0493,0.0207,0.0052,0.0706,-5.6335,-4.8392,-0.4422,-0.296,-1.5436,1.5181,-0.0493,0.0484,0.2415,0.0207,0.0052,0.0706,,,0.2407,0.1371,18.9,holding
2026-09-21T15:59:09.180+09:00,TEST_0006_LAN_L2,LAN_L2,PULL_TEST,,601.6522216796875,-302.8221740722656,336.8388977050781,90.30270385742188,-89.99774169921875,179.97348022460938,-4.3613,-1.839,5.4922,-0.3343,-1.5445,1.678,0.5275,-2.4953,-0.0941,-0.0176,0.0043,0.2305,-5.4901,-4.3735,1.8161,-0.3343,-1.5445,1.678,0.094,0.514,2.4998,-0.0176,0.0043,0.2305,,,2.4953,0.3951,18.9,holding
2026-09-21T15:59:09.236+09:00,TEST_0006_LAN_L2,LAN_L2,PULL_TEST,,601.62060546875,-302.3779296875,336.83428955078125,90.30042266845703,-89.99834442138672,179.9728546142578,-4.3613,-1.839,5.4922,-0.3343,-1.5445,1.678,0.5275,-2.4953,-0.0941,-0.0176,0.0043,0.2305,-5.4901,-4.3735,1.8161,-0.3343,-1.5445,1.678,0.094,0.514,2.4998,-0.0176,0.0043,0.2305,,,2.4953,0.8394,18.9,holding
2026-09-21T15:59:09.292+09:00,TEST_0006_LAN_L2,LAN_L2,PULL_TEST,,601.5700073242188,-301.8758850097656,336.84088134765625,90.29522705078125,-89.99664306640625,179.97201538085938,-4.1495,-6.2072,4.9431,-0.3741,-1.5568,1.8766,0.7393,-6.8636,-0.6432,-0.0574,-0.008,0.4291,-4.9407,-4.184,6.186,-0.3741,-1.5568,1.8766,0.6434,0.7036,6.8697,-0.0574,-0.008,0.4291,,,6.8636,1.3414,18.9,holding
2026-09-21T15:59:09.347+09:00,TEST_0006_LAN_L2,LAN_L2,PULL_TEST,,601.560302734375,-301.2887268066406,336.82257080078125,90.29679107666016,-89.9964599609375,179.96878051757812,-4.1495,-6.2072,4.9431,-0.3741,-1.5568,1.8766,0.7393,-6.8636,-0.6432,-0.0574,-0.008,0.4291,-4.9407,-4.184,6.186,-0.3741,-1.5568,1.8766,0.6434,0.7036,6.8697,-0.0574,-0.008,0.4291,,,6.8636,1.9286,18.9,holding
2026-09-21T15:59:09.403+09:00,TEST_0006_LAN_L2,LAN_L2,PULL_TEST,,601.5894775390625,-300.66278076171875,336.77813720703125,90.30369567871094,-89.995849609375,179.96218872070312,-4.5913,-8.7217,4.7538,-0.354,-1.5831,2.0832,0.2975,-9.378,-0.8326,-0.0373,-0.0343,0.6357,-4.7505,-4.6398,8.6978,-0.354,-1.5831,2.0832,0.8337,0.2478,9.3815,-0.0373,-0.0343,0.6357,,,9.378,2.5545,18.9,holding
2026-09-21T15:59:09.459+09:00,TEST_0006_LAN_L2,LAN_L2,PULL_TEST,,601.5812377929688,-300.1090393066406,336.71142578125,90.30181121826172,-89.99610137939453,179.94737243652344,-4.5913,-8.7217,4.7538,-0.354,-1.5831,2.0832,0.2975,-9.378,-0.8326,-0.0373,-0.0343,0.6357,-4.7505,-4.6398,8.6978,-0.354,-1.5831,2.0832,0.8337,0.2478,9.3815,-0.0373,-0.0343,0.6357,,,9.378,3.1082,18.9,holding
2026-09-21T15:59:09.514+09:00,TEST_0006_LAN_L2,LAN_L2,PULL_TEST,,601.6053466796875,-299.5456237792969,336.64166259765625,90.3047866821289,-89.99711608886719,179.93699645996094,-5.3413,-10.544,4.6841,-0.4129,-1.637,2.3005,-0.4526,-11.2003,-0.9023,-0.0962,-0.0882,0.853,-4.678,-5.4017,10.5159,-0.4129,-1.637,2.3005,0.9061,-0.5141,11.1996,-0.0962,-0.0882,0.853,,,11.2003,3.6717,18.9,holding
2026-09-21T15:59:09.570+09:00,TEST_0006_LAN_L2,LAN_L2,PULL_TEST,,601.6183471679688,-298.9624328613281,336.60968017578125,90.30520629882812,-89.99656677246094,179.9339599609375,-5.3413,-10.544,4.6841,-0.4129,-1.637,2.3005,-0.4526,-11.2003,-0.9023,-0.0962,-0.0882,0.853,-4.678,-5.4017,10.5159,-0.4129,-1.637,2.3005,0.9061,-0.5141,11.1996,-0.0962,-0.0882,0.853,,,11.2003,4.2549,18.9,holding
2026-09-21T15:59:09.625+09:00,TEST_0006_LAN_L2,LAN_L2,PULL_TEST,,601.6370239257812,-298.39276123046875,336.5782165527344,90.30741882324219,-89.99710083007812,179.9315948486328,-5.6364,-12.2309,4.4028,-0.5352,-1.6722,2.4449,-0.7476,-12.8873,-1.1836,-0.2185,-0.1235,0.9974,-4.3954,-5.7067,12.2009,-0.5352,-1.6722,2.4449,1.1887,-0.8191,12.8846,-0.2185,-0.1235,0.9974,,,12.8873,4.8245,18.9,holding
2026-09-21T15:59:09.682+09:00,TEST_0006_LAN_L2,LAN_L2,PULL_TEST,,601.6593627929688,-297.7806396484375,336.5830078125,90.310546875,-89.9968490600586,179.93357849121094,-5.7892,-14.0735,4.1399,-0.5873,-1.6755,2.4896,-0.9004,-14.7298,-1.4465,-0.2706,-0.1267,1.0421,-4.1323,-5.8702,14.0421,-0.5873,-1.6755,2.4896,1.4518,-0.9826,14.7259,-0.2706,-0.1267,1.0421,,,14.7298,5.4366,18.9,holding
2026-09-21T15:59:09.738+09:00,TEST_0006_LAN_L2,LAN_L2,PULL_TEST,,601.6669921875,-297.21929931640625,336.6098937988281,90.31137084960938,-89.99664306640625,179.9379425048828,-5.7892,-14.0735,4.1399,-0.5873,-1.6755,2.4896,-0.9004,-14.7298,-1.4465,-0.2706,-0.1267,1.0421,-4.1323,-5.8702,14.0421,-0.5873,-1.6755,2.4896,1.4518,-0.9826,14.7259,-0.2706,-0.1267,1.0421,,,14.7298,5.998,18.9,holding
2026-09-21T15:59:09.794+09:00,TEST_0006_LAN_L2,LAN_L2,PULL_TEST,,601.6796264648438,-296.6526184082031,336.6454772949219,90.31245422363281,-89.99673461914062,179.94305419921875,-6.0357,-16.2533,3.7443,-0.6007,-1.6721,2.5466,-1.1469,-16.9096,-1.842,-0.284,-0.1233,1.0992,-3.7371,-6.128,16.2204,-0.6007,-1.6721,2.5466,1.847,-1.2405,16.9041,-0.284,-0.1233,1.0992,,,16.9096,6.5647,18.9,holding
2026-09-21T15:59:09.850+09:00,TEST_0006_LAN_L2,LAN_L2,PULL_TEST,,601.6805419921875,-296.093017578125,336.6957092285156,90.31087493896484,-89.99720001220703,179.94680786132812,-6.0357,-16.2533,3.7443,-0.6007,-1.6721,2.5466,-1.1469,-16.9096,-1.842,-0.284,-0.1233,1.0992,-3.7371,-6.128,16.2204,-0.6007,-1.6721,2.5466,1.847,-1.2405,16.9041,-0.284,-0.1233,1.0992,,,16.9096,7.1243,18.9,holding
2026-09-21T15:59:09.906+09:00,TEST_0006_LAN_L2,LAN_L2,PULL_TEST,,601.6986694335938,-295.53729248046875,336.7467346191406,90.3117904663086,-89.99840545654297,179.95584106445312,-6.1965,-18.1536,3.2695,-0.6127,-1.6958,2.6031,-1.3077,-18.8099,-2.3169,-0.296,-0.147,1.1557,-3.2632,-6.2975,18.1199,-0.6127,-1.6958,2.6031,2.3209,-1.4099,18.8036,-0.296,-0.147,1.1557,,,18.8099,7.68,18.9,holding
2026-09-21T15:59:09.961+09:00,TEST_0006_LAN_L2,LAN_L2,PULL_TEST,,601.708984375,-294.9714050292969,336.79296875,90.312255859375,-89.9987564086914,179.96421813964844,-6.1965,-18.1536,3.2695,-0.6127,-1.6958,2.6031,-1.3077,-18.8099,-2.3169,-0.296,-0.147,1.1557,-3.2632,-6.2975,18.1199,-0.6127,-1.6958,2.6031,2.3209,-1.4099,18.8036,-0.296,-0.147,1.1557,,,18.8099,8.2459,18.9,holding
2026-09-21T15:59:10.017+09:00,TEST_0006_LAN_L2,LAN_L2,PULL_TEST,,601.714599609375,-294.3870849609375,336.8207092285156,90.31314086914062,-89.99884033203125,179.9695587158203,-6.3556,-19.8706,2.8426,-0.6046,-1.694,2.65,-1.4668,-20.527,-2.7438,-0.2879,-0.1452,1.2026,-2.8384,-6.4654,19.8358,-0.6046,-1.694,2.65,2.7457,-1.5778,20.5195,-0.2879,-0.1452,1.2026,,,20.527,8.8302,18.9,holding
2026-09-21T15:59:10.071+09:00,TEST_0006_LAN_L2,LAN_L2,PULL_TEST,,601.7188720703125,-293.8544921875,336.83172607421875,90.31368255615234,-89.99919128417969,179.97219848632812,-6.3556,-19.8706,2.8426,-0.6046,-1.694,2.65,-1.4668,-20.527,-2.7438,-0.2879,-0.1452,1.2026,-2.8384,-6.4654,19.8358,-0.6046,-1.694,2.65,2.7457,-1.5778,20.5195,-0.2879,-0.1452,1.2026,,,20.527,9.3628,18.9,holding
2026-09-21T15:59:10.127+09:00,TEST_0006_LAN_L2,LAN_L2,PULL_TEST,,601.717041015625,-293.2910461425781,336.83026123046875,90.31424713134766,-89.99791717529297,179.9695587158203,-6.3972,-21.2205,2.4885,-0.5954,-1.6899,2.6328,-1.5084,-21.8768,-3.0979,-0.2787,-0.1412,1.1853,-2.485,-6.5146,21.1851,-0.5954,-1.6899,2.6328,3.0991,-1.627,21.8688,-0.2787,-0.1412,1.1853,,,21.8768,9.9262,18.9,holding
2026-09-21T15:59:10.183+09:00,TEST_0006_LAN_L2,LAN_L2,PULL_TEST,,601.7395629882812,-292.6879577636719,336.8311462402344,90.31869506835938,-89.9977035522461,179.9671173095703,-6.557,-22.3762,2.202,-0.5975,-1.7027,2.6466,-1.6683,-23.0325,-3.3844,-0.2808,-0.1539,1.1991,-2.1973,-6.6825,22.3395,-0.5975,-1.7027,2.6466,3.3869,-1.7949,23.0232,-0.2808,-0.1539,1.1991,,,23.0325,10.5293,18.9,holding
2026-09-21T15:59:10.238+09:00,TEST_0006_LAN_L2,LAN_L2,PULL_TEST,,601.7443237304688,-292.1343688964844,336.8280029296875,90.3188705444336,-89.99748992919922,179.96771240234375,-6.557,-22.3762,2.202,-0.5975,-1.7027,2.6466,-1.6683,-23.0325,-3.3844,-0.2808,-0.1539,1.1991,-2.1973,-6.6825,22.3395,-0.5975,-1.7027,2.6466,3.3869,-1.7949,23.0232,-0.2808,-0.1539,1.1991,,,23.0325,11.0829,18.9,holding
2026-09-21T15:59:10.295+09:00,TEST_0006_LAN_L2,LAN_L2,PULL_TEST,,601.7572631835938,-291.54620361328125,336.8197937011719,90.31958770751953,-89.99745178222656,179.96849060058594,-6.853,-22.976,2.1276,-0.5782,-1.7079,2.6864,-1.9642,-23.6323,-3.4588,-0.2615,-0.1591,1.239,-2.1227,-6.982,22.9375,-0.5782,-1.7079,2.6864,3.4614,-2.0945,23.6213,-0.2615,-0.1591,1.239,,,23.6323,11.6711,18.9,holding
2026-09-21T15:59:10.350+09:00,TEST_0006_LAN_L2,LAN_L2,PULL_TEST,,601.7940673828125,-290.9649963378906,336.8016052246094,90.3240966796875,-89.99848937988281,179.9685821533203,-6.853,-22.976,2.1276,-0.5782,-1.7079,2.6864,-1.9642,-23.6323,-3.4588,-0.2615,-0.1591,1.239,-2.1227,-6.982,22.9375,-0.5782,-1.7079,2.6864,3.4614,-2.0945,23.6213,-0.2615,-0.1591,1.239,,,23.6323,12.2523,18.9,holding
2026-09-21T15:59:10.407+09:00,TEST_0006_LAN_L2,LAN_L2,PULL_TEST,,601.7855224609375,-290.4230041503906,336.7948913574219,90.31929779052734,-89.99845123291016,179.96961975097656,-7.0381,-22.4384,1.8786,-0.6616,-1.7089,2.6973,-2.1493,-23.0947,-3.7078,-0.3449,-0.1602,1.2499,-1.874,-7.1648,22.3986,-0.6616,-1.7089,2.6973,3.7102,-2.2772,23.0823,-0.3449,-0.1602,1.2499,,,23.0947,12.7943,18.9,holding
2026-09-21T15:59:10.462+09:00,TEST_0006_LAN_L2,LAN_L2,PULL_TEST,,601.8119506835938,-289.8673400878906,336.77728271484375,90.32106018066406,-89.99894714355469,179.96926879882812,-7.0381,-22.4384,1.8786,-0.6616,-1.7089,2.6973,-2.1493,-23.0947,-3.7078,-0.3449,-0.1602,1.2499,-1.874,-7.1648,22.3986,-0.6616,-1.7089,2.6973,3.7102,-2.2772,23.0823,-0.3449,-0.1602,1.2499,,,23.0947,13.3499,18.9,holding
2026-09-21T15:59:10.518+09:00,TEST_0006_LAN_L2,LAN_L2,PULL_TEST,,601.8232421875,-289.30670166015625,336.77447509765625,90.3209457397461,-89.99866485595703,179.96987915039062,-7.3269,-23.6796,1.8877,-0.6107,-1.7171,2.7415,-2.4382,-24.3359,-3.6986,-0.294,-0.1684,1.294,-1.8833,-7.4605,23.6382,-0.6107,-1.7171,2.7415,3.7009,-2.573,24.3219,-0.294,-0.1684,1.294,,,24.3359,13.9106,18.9,holding
2026-09-21T15:59:10.574+09:00,TEST_0006_LAN_L2,LAN_L2,PULL_TEST,,601.8077392578125,-288.7756042480469,336.7772521972656,90.3176498413086,-89.99774169921875,179.96957397460938,-7.3269,-23.6796,1.8877,-0.6107,-1.7171,2.7415,-2.4382,-24.3359,-3.6986,-0.294,-0.1684,1.294,-1.8833,-7.4605,23.6382,-0.6107,-1.7171,2.7415,3.7009,-2.573,24.3219,-0.294,-0.1684,1.294,,,24.3359,14.4417,18.9,holding
2026-09-21T15:59:10.630+09:00,TEST_0006_LAN_L2,LAN_L2,PULL_TEST,,601.8116455078125,-288.21160888671875,336.77557373046875,90.31932830810547,-89.9979019165039,179.96852111816406,-7.5681,-24.3619,1.7411,-0.6116,-1.7246,2.752,-2.6793,-25.0182,-3.8452,-0.295,-0.1758,1.3045,-1.7361,-7.7039,24.3197,-0.6116,-1.7246,2.752,3.848,-2.8164,25.0034,-0.295,-0.1758,1.3045,,,25.0182,15.0057,18.9,holding
2026-09-21T15:59:27.856+09:00,TEST_0006_LAN_L2,LAN_L2,RELEASE,RETURN_SOFT_GRIP_COMMAND,601.7898559570312,-288.05242919921875,336.8436584472656,90.32414245605469,-89.99793243408203,179.97457885742188,-4.6911,-3.9548,2.2398,-0.5135,-1.5658,1.7013,0.0,0.0,0.0,0.0,0.0,0.0,-2.2375,-4.7144,3.9283,-0.5135,-1.5658,1.7013,0.0,0.0,0.0,0.0,0.0,0.0,,,,,17.7,holding
2026-09-21T15:59:28.072+09:00,TEST_0006_LAN_L2,LAN_L2,RELEASE,RETURN_SOFT_GRIP_OPEN_REACHED,601.7902221679688,-288.05242919921875,336.8426513671875,90.32414245605469,-89.9979248046875,179.97447204589844,-4.6494,-3.9999,2.2489,-0.4878,-1.5592,1.6798,0.0,0.0,0.0,0.0,0.0,0.0,-2.2467,-4.673,3.9736,-0.4878,-1.5592,1.6798,0.0,0.0,0.0,0.0,0.0,0.0,,,,,23.9,moving
