timestamp,trial_id,inspection_point_id,state,grip_event,tcp_x,tcp_y,tcp_z,tcp_rx,tcp_ry,tcp_rz,base_fx,base_fy,base_fz,base_tx,base_ty,base_tz,base_dfx,base_dfy,base_dfz,base_dtx,base_dty,base_dtz,tool_fx,tool_fy,tool_fz,tool_tx,tool_ty,tool_tz,tool_dfx,tool_dfy,tool_dfz,tool_dtx,tool_dty,tool_dtz,entry_force_n,entry_depth_mm,pull_force_n,pull_displacement_mm,gripper_width,gripper_state
2026-09-21T09:26:46.400+09:00,TRIAL_01_TEST_P01,TEST_P01,SOFT_GRIP_ENTRY,SOFT_GRIP_COMMAND,673.2637329101562,60.54002380371094,486.69500732421875,178.5991668701172,-89.7785415649414,-179.9425048828125,-2.9874,-2.678,0.9589,0.2393,-0.0059,0.0009,0.063,-0.0242,0.0157,0.0326,-0.0008,0.0001,-0.9729,-2.7492,-2.9173,0.2393,-0.0059,0.0009,-0.0155,-0.0226,0.0637,0.0326,-0.0008,0.0001,,,,,109.2,moving
2026-09-21T09:26:50.722+09:00,TRIAL_01_TEST_P01,TEST_P01,SOFT_GRIP_ENTRY,ENTRY_MOTION_START_WIDTH_REACHED,673.09521484375,60.38106155395508,486.8709716796875,178.58973693847656,-89.76438903808594,-179.95016479492188,-2.1664,-2.1759,1.0229,0.4042,-0.01,0.0017,0.884,0.4779,0.0796,0.1975,-0.0049,0.0009,-1.0335,-2.2277,-2.1079,0.4042,-0.01,0.0017,-0.076,0.4989,0.873,0.1975,-0.0049,0.0009,,,,,19.9,moving
2026-09-21T09:26:50.755+09:00,TRIAL_01_TEST_P01,TEST_P01,SOFT_GRIP_ENTRY,,673.0950927734375,60.381038665771484,486.8695373535156,178.58973693847656,-89.7645034790039,-179.9501953125,-2.1664,-2.1759,1.0229,0.4042,-0.01,0.0017,0.884,0.4779,0.0796,0.1975,-0.0049,0.0009,-1.0335,-2.2277,-2.1079,0.4042,-0.01,0.0017,-0.076,0.4989,0.873,0.1975,-0.0049,0.0009,0.884,-0.1765,,,19.4,moving
2026-09-21T09:26:50.810+09:00,TRIAL_01_TEST_P01,TEST_P01,SOFT_GRIP_ENTRY,,673.096923828125,60.38137435913086,486.8659973144531,178.58973693847656,-89.76480102539062,-179.95025634765625,-2.1659,-2.2138,0.9328,0.3978,-0.0098,0.0016,0.8845,0.44,-0.0104,0.1911,-0.0047,0.0008,-0.9434,-2.2656,-2.1069,0.3978,-0.0098,0.0016,0.014,0.4611,0.874,0.1911,-0.0047,0.0008,0.8845,-0.1746,,,18.2,moving
2026-09-21T09:26:50.867+09:00,TRIAL_01_TEST_P01,TEST_P01,SOFT_GRIP_ENTRY,,673.137451171875,60.389137268066406,486.7911682128906,178.58990478515625,-89.77099609375,-179.9522705078125,-2.2476,-2.3443,1.1129,0.4079,-0.01,0.0017,0.8027,0.3095,0.1696,0.2011,-0.005,0.0009,-1.1237,-2.398,-2.1848,0.4079,-0.01,0.0017,-0.1662,0.3287,0.7962,0.2011,-0.005,0.0009,0.8027,-0.1341,,,18.1,moving
2026-09-21T09:26:50.923+09:00,TRIAL_01_TEST_P01,TEST_P01,SOFT_GRIP_ENTRY,,673.2802124023438,60.42705154418945,486.5601806640625,178.5924072265625,-89.78944396972656,-179.9662628173828,-2.2476,-2.3443,1.1129,0.4079,-0.01,0.0017,0.8027,0.3095,0.1696,0.2011,-0.005,0.0009,-1.1237,-2.398,-2.1848,0.4079,-0.01,0.0017,-0.1662,0.3287,0.7962,0.2011,-0.005,0.0009,0.8027,0.0087,,,17.9,holding
2026-09-21T09:26:50.978+09:00,TRIAL_01_TEST_P01,TEST_P01,SOFT_GRIP_ENTRY,,673.575927734375,60.46140670776367,486.3242492675781,178.595947265625,-89.81015014648438,-179.9779052734375,-3.9888,-2.5279,1.346,0.4246,-0.0104,0.0016,-0.9384,0.1259,0.4028,0.2179,-0.0054,0.0008,-1.3605,-2.6244,-3.921,0.4246,-0.0104,0.0016,-0.403,0.1023,-0.94,0.2179,-0.0054,0.0008,0.9384,0.3044,,,17.9,holding
2026-09-21T09:26:51.034+09:00,TRIAL_01_TEST_P01,TEST_P01,SOFT_GRIP_ENTRY,,674.0543823242188,60.47832489013672,486.4415588378906,178.5970458984375,-89.80171203613281,-179.9716033935547,-3.9888,-2.5279,1.346,0.4246,-0.0104,0.0016,-0.9384,0.1259,0.4028,0.2179,-0.0054,0.0008,-1.3605,-2.6244,-3.921,0.4246,-0.0104,0.0016,-0.403,0.1023,-0.94,0.2179,-0.0054,0.0008,0.9384,0.7828,,,17.9,holding
2026-09-21T09:26:51.090+09:00,TRIAL_01_TEST_P01,TEST_P01,SOFT_GRIP_ENTRY,,674.6328125,60.487857818603516,486.4563293457031,178.59725952148438,-89.80170440673828,-179.96319580078125,-4.7487,-2.5207,1.302,0.3489,-0.0086,0.0012,-1.6983,0.1331,0.3588,0.1422,-0.0035,0.0004,-1.3197,-2.6355,-4.681,0.3489,-0.0086,0.0012,-0.3622,0.0911,-1.7001,0.1422,-0.0035,0.0004,1.6983,1.3613,,,17.9,holding
2026-09-21T09:26:51.146+09:00,TRIAL_01_TEST_P01,TEST_P01,SOFT_GRIP_ENTRY,,675.212646484375,60.506385803222656,486.47332763671875,178.5986328125,-89.80134582519531,-179.9616241455078,-4.7487,-2.5207,1.302,0.3489,-0.0086,0.0012,-1.6983,0.1331,0.3588,0.1422,-0.0035,0.0004,-1.3197,-2.6355,-4.681,0.3489,-0.0086,0.0012,-0.3622,0.0911,-1.7001,0.1422,-0.0035,0.0004,1.6983,1.9411,,,17.9,holding
2026-09-21T09:26:51.202+09:00,TRIAL_01_TEST_P01,TEST_P01,SOFT_GRIP_ENTRY,,675.7933959960938,60.53291320800781,486.5352783203125,178.60107421875,-89.79662322998047,-179.95654296875,-4.5161,-2.3612,1.338,0.3403,-0.0083,0.0012,-1.4657,0.2926,0.3948,0.1336,-0.0033,0.0004,-1.3553,-2.47,-4.4523,0.3403,-0.0083,0.0012,-0.3978,0.2567,-1.4714,0.1336,-0.0033,0.0004,1.4657,2.5219,,,17.9,holding
2026-09-21T09:26:51.259+09:00,TRIAL_01_TEST_P01,TEST_P01,SOFT_GRIP_ENTRY,,676.3897705078125,60.52014923095703,486.5751953125,178.5998077392578,-89.7937240600586,-179.95394897460938,-4.4059,-2.0379,1.254,0.3429,-0.0084,0.0012,-1.3555,0.6159,0.3108,0.1361,-0.0033,0.0004,-1.2715,-2.144,-4.3502,0.3429,-0.0084,0.0012,-0.314,0.5827,-1.3693,0.1361,-0.0033,0.0004,1.3555,3.1182,,,17.9,holding
2026-09-21T09:26:51.316+09:00,TRIAL_01_TEST_P01,TEST_P01,SOFT_GRIP_ENTRY,,676.970458984375,60.47500228881836,486.56549072265625,178.59580993652344,-89.79479217529297,-179.95887756347656,-4.4059,-2.0379,1.254,0.3429,-0.0084,0.0012,-1.3555,0.6159,0.3108,0.1361,-0.0033,0.0004,-1.2715,-2.144,-4.3502,0.3429,-0.0084,0.0012,-0.314,0.5827,-1.3693,0.1361,-0.0033,0.0004,1.3555,3.6989,,,17.9,holding
2026-09-21T09:26:51.372+09:00,TRIAL_01_TEST_P01,TEST_P01,SOFT_GRIP_ENTRY,,677.5292358398438,60.454994201660156,486.64715576171875,178.59446716308594,-89.78803253173828,-179.95703125,-4.6449,-1.8896,1.3287,0.3522,-0.0086,0.0013,-1.5945,0.7642,0.3855,0.1454,-0.0036,0.0005,-1.347,-2.002,-4.5923,0.3522,-0.0086,0.0013,-0.3895,0.7247,-1.6114,0.1454,-0.0036,0.0005,1.5945,4.2577,,,17.9,holding
2026-09-21T09:26:51.427+09:00,TRIAL_01_TEST_P01,TEST_P01,SOFT_GRIP_ENTRY,,678.1082763671875,60.47056198120117,486.6852111816406,178.5954132080078,-89.78495788574219,-179.954345703125,-4.6449,-1.8896,1.3287,0.3522,-0.0086,0.0013,-1.5945,0.7642,0.3855,0.1454,-0.0036,0.0005,-1.347,-2.002,-4.5923,0.3522,-0.0086,0.0013,-0.3895,0.7247,-1.6114,0.1454,-0.0036,0.0005,1.5945,4.8367,,,17.9,holding
2026-09-21T09:26:51.484+09:00,TRIAL_01_TEST_P01,TEST_P01,SOFT_GRIP_ENTRY,,678.6766357421875,60.470191955566406,486.7546081542969,178.5950469970703,-89.77931213378906,-179.95513916015625,-4.7915,-1.9551,1.2069,0.3462,-0.0085,0.0013,-1.7411,0.6987,0.2636,0.1394,-0.0034,0.0005,-1.2267,-2.071,-4.7375,0.3462,-0.0085,0.0013,-0.2692,0.6556,-1.7566,0.1394,-0.0034,0.0005,1.7411,5.4051,,,17.9,holding
2026-09-21T09:26:51.539+09:00,TRIAL_01_TEST_P01,TEST_P01,SOFT_GRIP_ENTRY,,679.2333374023438,60.44223403930664,486.8180847167969,178.59266662597656,-89.77374267578125,-179.94949340820312,-4.7915,-1.9551,1.2069,0.3462,-0.0085,0.0013,-1.7411,0.6987,0.2636,0.1394,-0.0034,0.0005,-1.2267,-2.071,-4.7375,0.3462,-0.0085,0.0013,-0.2692,0.6556,-1.7566,0.1394,-0.0034,0.0005,1.7411,5.9618,,,17.9,holding
2026-09-21T09:26:51.596+09:00,TRIAL_01_TEST_P01,TEST_P01,SOFT_GRIP_ENTRY,,679.80859375,60.413394927978516,486.87164306640625,178.58995056152344,-89.76922607421875,-179.9474334716797,-4.8375,-1.9765,1.3247,0.3505,-0.0086,0.0014,-1.7871,0.6773,0.3814,0.1438,-0.0035,0.0006,-1.3454,-2.0936,-4.7822,0.3505,-0.0086,0.0014,-0.3879,0.633,-1.8012,0.1438,-0.0035,0.0006,1.7871,6.537,,,17.9,holding
2026-09-21T09:26:51.652+09:00,TRIAL_01_TEST_P01,TEST_P01,SOFT_GRIP_ENTRY,,680.3687744140625,60.422386169433594,486.93890380859375,178.59075927734375,-89.76370239257812,-179.9498291015625,-4.8375,-1.9765,1.3247,0.3505,-0.0086,0.0014,-1.7871,0.6773,0.3814,0.1438,-0.0035,0.0006,-1.3454,-2.0936,-4.7822,0.3505,-0.0086,0.0014,-0.3879,0.633,-1.8012,0.1438,-0.0035,0.0006,1.7871,7.0972,,,17.9,holding
2026-09-21T09:26:51.709+09:00,TRIAL_01_TEST_P01,TEST_P01,SOFT_GRIP_ENTRY,,680.9022216796875,60.4498291015625,486.83563232421875,178.5936279296875,-89.7719955444336,-179.94898986816406,-5.0963,-2.2483,1.3053,0.3549,-0.0087,0.0014,-2.0459,0.4055,0.3621,0.1481,-0.0037,0.0006,-1.3282,-2.3718,-5.034,0.3549,-0.0087,0.0014,-0.3707,0.3549,-2.0531,0.1481,-0.0037,0.0006,2.0459,7.6307,,,17.9,holding
2026-09-21T09:26:51.765+09:00,TRIAL_01_TEST_P01,TEST_P01,SOFT_GRIP_ENTRY,,681.4808959960938,60.47356414794922,486.813232421875,178.59556579589844,-89.77407836914062,-179.9501953125,-5.2273,-2.4934,1.3846,0.3656,-0.009,0.0015,-2.1769,0.1604,0.4413,0.1588,-0.0039,0.0007,-1.4073,-2.6195,-5.1591,0.3656,-0.009,0.0015,-0.4498,0.1071,-2.1781,0.1588,-0.0039,0.0007,2.1769,8.2094,,,17.9,holding
2026-09-21T09:26:51.820+09:00,TRIAL_01_TEST_P01,TEST_P01,SOFT_GRIP_ENTRY,,682.0465087890625,60.470211029052734,486.8791198730469,178.59519958496094,-89.76881408691406,-179.9527587890625,-5.2273,-2.4934,1.3846,0.3656,-0.009,0.0015,-2.1769,0.1604,0.4413,0.1588,-0.0039,0.0007,-1.4073,-2.6195,-5.1591,0.3656,-0.009,0.0015,-0.4498,0.1071,-2.1781,0.1588,-0.0039,0.0007,2.1769,8.775,,,17.9,holding
2026-09-21T09:26:51.877+09:00,TRIAL_01_TEST_P01,TEST_P01,SOFT_GRIP_ENTRY,,682.61376953125,60.44249725341797,486.9325866699219,178.5932159423828,-89.764404296875,-179.95028686523438,-5.1823,-2.5539,1.5689,0.3782,-0.0093,0.0015,-2.1319,0.0999,0.6257,0.1715,-0.0042,0.0007,-1.5919,-2.6789,-5.1117,0.3782,-0.0093,0.0015,-0.6344,0.0477,-2.1308,0.1715,-0.0042,0.0007,2.1319,9.3422,,,17.9,holding
2026-09-21T09:26:51.933+09:00,TRIAL_01_TEST_P01,TEST_P01,SOFT_GRIP_ENTRY,,683.181396484375,60.42796325683594,486.9114685058594,178.59182739257812,-89.76606750488281,-179.94851684570312,-5.1823,-2.5539,1.5689,0.3782,-0.0093,0.0015,-2.1319,0.0999,0.6257,0.1715,-0.0042,0.0007,-1.5919,-2.6789,-5.1117,0.3782,-0.0093,0.0015,-0.6344,0.0477,-2.1308,0.1715,-0.0042,0.0007,2.1319,9.9099,,,17.9,holding
2026-09-21T09:26:51.989+09:00,TRIAL_01_TEST_P01,TEST_P01,SOFT_GRIP_ENTRY,,683.7525024414062,60.44257354736328,486.8174133300781,178.5928497314453,-89.77387237548828,-179.9553680419922,-5.5355,-2.6721,1.4863,0.375,-0.0092,0.0015,-2.4851,-0.0183,0.5431,0.1683,-0.0042,0.0007,-1.5111,-2.806,-5.4621,0.375,-0.0092,0.0015,-0.5536,-0.0793,-2.4812,0.1683,-0.0042,0.0007,2.4851,10.481,,,17.9,holding
2026-09-21T09:26:52.044+09:00,TRIAL_01_TEST_P01,TEST_P01,SOFT_GRIP_ENTRY,,684.3141479492188,60.457542419433594,486.8529357910156,178.5941619873047,-89.77075958251953,-179.95335388183594,-5.5355,-2.6721,1.4863,0.375,-0.0092,0.0015,-2.4851,-0.0183,0.5431,0.1683,-0.0042,0.0007,-1.5111,-2.806,-5.4621,0.375,-0.0092,0.0015,-0.5536,-0.0793,-2.4812,0.1683,-0.0042,0.0007,2.4851,11.0426,,,17.9,holding
2026-09-21T09:26:52.102+09:00,TRIAL_01_TEST_P01,TEST_P01,SOFT_GRIP_ENTRY,,684.8952026367188,60.44952392578125,486.900390625,178.59310913085938,-89.766845703125,-179.9486541748047,-5.408,-2.7835,1.6307,0.3821,-0.0094,0.0015,-2.3576,-0.1297,0.6875,0.1754,-0.0043,0.0007,-1.6545,-2.9139,-5.3315,0.3821,-0.0094,0.0015,-0.697,-0.1873,-2.3506,0.1754,-0.0043,0.0007,2.3576,11.6237,,,17.9,holding
2026-09-21T09:26:52.158+09:00,TRIAL_01_TEST_P01,TEST_P01,SOFT_GRIP_ENTRY,,685.4553833007812,60.41269302368164,486.7897033691406,178.58995056152344,-89.77592468261719,-179.95278930664062,-5.5653,-2.8199,1.7608,0.3866,-0.0095,0.0015,-2.5149,-0.1661,0.8175,0.1798,-0.0044,0.0007,-1.7847,-2.9545,-5.4873,0.3866,-0.0095,0.0015,-0.8272,-0.2279,-2.5064,0.1798,-0.0044,0.0007,2.5149,12.1838,,,17.9,holding
2026-09-21T09:26:52.214+09:00,TRIAL_01_TEST_P01,TEST_P01,SOFT_GRIP_ENTRY,,685.9970092773438,60.383750915527344,486.8275146484375,178.58792114257812,-89.7723388671875,-179.95028686523438,-5.5653,-2.8199,1.7608,0.3866,-0.0095,0.0015,-2.5149,-0.1661,0.8175,0.1798,-0.0044,0.0007,-1.7847,-2.9545,-5.4873,0.3866,-0.0095,0.0015,-0.8272,-0.2279,-2.5064,0.1798,-0.0044,0.0007,2.5149,12.7255,,,17.9,holding
2026-09-21T09:26:52.270+09:00,TRIAL_01_TEST_P01,TEST_P01,SOFT_GRIP_ENTRY,,686.5524291992188,60.386722564697266,486.8974914550781,178.58819580078125,-89.76657104492188,-179.9456329345703,-5.6742,-2.983,1.7269,0.3794,-0.0093,0.0015,-2.6238,-0.3292,0.7837,0.1726,-0.0043,0.0007,-1.7527,-3.1203,-5.5918,0.3794,-0.0093,0.0015,-0.7952,-0.3937,-2.6109,0.1726,-0.0043,0.0007,2.6238,13.2809,,,17.9,holding
2026-09-21T09:26:52.326+09:00,TRIAL_01_TEST_P01,TEST_P01,SOFT_GRIP_ENTRY,,687.1408081054688,60.4019660949707,486.9386291503906,178.589111328125,-89.76336669921875,-179.94764709472656,-5.6742,-2.983,1.7269,0.3794,-0.0093,0.0015,-2.6238,-0.3292,0.7837,0.1726,-0.0043,0.0007,-1.7527,-3.1203,-5.5918,0.3794,-0.0093,0.0015,-0.7952,-0.3937,-2.6109,0.1726,-0.0043,0.0007,2.6238,13.8693,,,17.9,holding
2026-09-21T09:26:52.381+09:00,TRIAL_01_TEST_P01,TEST_P01,SOFT_GRIP_ENTRY,,687.682861328125,60.41245651245117,486.9793701171875,178.59043884277344,-89.7600326538086,-179.95037841796875,-5.7048,-3.0652,1.9556,0.3861,-0.0095,0.0016,-2.6544,-0.4114,1.0124,0.1794,-0.0045,0.0008,-1.9814,-3.2029,-5.6196,0.3861,-0.0095,0.0016,-1.024,-0.4763,-2.6386,0.1794,-0.0045,0.0008,2.6544,14.4113,,,17.9,holding
2026-09-21T09:26:52.439+09:00,TRIAL_01_TEST_P01,TEST_P01,SOFT_GRIP_ENTRY,,688.237548828125,60.393436431884766,486.94500732421875,178.58917236328125,-89.76280975341797,-179.94873046875,-5.7048,-3.0652,1.9556,0.3861,-0.0095,0.0016,-2.6544,-0.4114,1.0124,0.1794,-0.0045,0.0008,-1.9814,-3.2029,-5.6196,0.3861,-0.0095,0.0016,-1.024,-0.4763,-2.6386,0.1794,-0.0045,0.0008,2.6544,14.966,,,17.9,holding
2026-09-21T09:26:52.495+09:00,TRIAL_01_TEST_P01,TEST_P01,SOFT_GRIP_ENTRY,,688.8049926757812,60.3790168762207,486.940673828125,178.58782958984375,-89.76341247558594,-179.94749450683594,-5.7544,-2.8999,2.0025,0.3819,-0.0094,0.0016,-2.704,-0.2461,1.0592,0.1752,-0.0043,0.0008,-2.0289,-3.0389,-5.6729,0.3819,-0.0094,0.0016,-1.0714,-0.3123,-2.6919,0.1752,-0.0043,0.0008,2.704,15.5334,,,17.9,holding
2026-09-21T09:26:52.552+09:00,TRIAL_01_TEST_P01,TEST_P01,SOFT_GRIP_ENTRY,,689.3859252929688,60.39824676513672,486.9437561035156,178.5894317626953,-89.76304626464844,-179.9525909423828,-5.7544,-2.8999,2.0025,0.3819,-0.0094,0.0016,-2.704,-0.2461,1.0592,0.1752,-0.0043,0.0008,-2.0289,-3.0389,-5.6729,0.3819,-0.0094,0.0016,-1.0714,-0.3123,-2.6919,0.1752,-0.0043,0.0008,2.704,16.1144,,,17.9,holding
2026-09-21T09:26:52.608+09:00,TRIAL_01_TEST_P01,TEST_P01,SOFT_GRIP_ENTRY,,689.93212890625,60.42751693725586,486.9029235839844,178.59210205078125,-89.76619720458984,-179.95236206054688,-5.6865,-2.8181,1.9322,0.3797,-0.0094,0.0016,-2.6361,-0.1643,0.9889,0.173,-0.0043,0.0008,-1.9577,-2.9556,-5.6074,0.3797,-0.0094,0.0016,-1.0002,-0.229,-2.6265,0.173,-0.0043,0.0008,2.6361,16.6606,,,17.9,holding
2026-09-21T09:26:52.664+09:00,TRIAL_01_TEST_P01,TEST_P01,SOFT_GRIP_ENTRY,,690.4911499023438,60.44919967651367,486.8873291015625,178.59378051757812,-89.76746368408203,-179.9489288330078,-6.1037,-2.7823,2.3119,0.3826,-0.0094,0.0016,-3.0533,-0.1285,1.3687,0.1759,-0.0043,0.0008,-2.3389,-2.9292,-6.0242,0.3826,-0.0094,0.0016,-1.3814,-0.2026,-3.0433,0.1759,-0.0043,0.0008,3.0533,17.2196,,,17.9,holding
2026-09-21T09:26:52.719+09:00,TRIAL_01_TEST_P01,TEST_P01,SOFT_GRIP_ENTRY,,691.0424194335938,60.43966293334961,486.9126281738281,178.59307861328125,-89.76538848876953,-179.9507293701172,-6.1037,-2.7823,2.3119,0.3826,-0.0094,0.0016,-3.0533,-0.1285,1.3687,0.1759,-0.0043,0.0008,-2.3389,-2.9292,-6.0242,0.3826,-0.0094,0.0016,-1.3814,-0.2026,-3.0433,0.1759,-0.0043,0.0008,3.0533,17.7709,,,17.9,holding
2026-09-21T09:26:52.775+09:00,TRIAL_01_TEST_P01,TEST_P01,SOFT_GRIP_ENTRY,,691.598388671875,60.40159225463867,486.9749450683594,178.5900115966797,-89.76000213623047,-179.9525146484375,-6.1218,-2.7253,2.0252,0.384,-0.0094,0.0016,-3.0714,-0.0715,1.0819,0.1773,-0.0044,0.0008,-2.053,-2.8733,-6.0444,0.384,-0.0094,0.0016,-1.0955,-0.1467,-3.0634,0.1773,-0.0044,0.0008,3.0714,18.3268,,,17.9,holding
2026-09-21T09:26:52.831+09:00,TRIAL_01_TEST_P01,TEST_P01,SOFT_GRIP_ENTRY,,692.1651000976562,60.380889892578125,486.996337890625,178.588134765625,-89.75812530517578,-179.94757080078125,-6.1218,-2.7253,2.0252,0.384,-0.0094,0.0016,-3.0714,-0.0715,1.0819,0.1773,-0.0044,0.0008,-2.053,-2.8733,-6.0444,0.384,-0.0094,0.0016,-1.0955,-0.1467,-3.0634,0.1773,-0.0044,0.0008,3.0714,18.8936,,,17.9,holding
2026-09-21T09:26:52.889+09:00,TRIAL_01_TEST_P01,TEST_P01,SOFT_GRIP_ENTRY,,692.7431030273438,60.3948974609375,486.9779357910156,178.589111328125,-89.75984954833984,-179.94544982910156,-6.1829,-2.643,2.2865,0.3791,-0.0093,0.0016,-3.1325,0.0108,1.3433,0.1724,-0.0043,0.0008,-2.3145,-2.7923,-6.1063,0.3791,-0.0093,0.0016,-1.3571,-0.0657,-3.1254,0.1724,-0.0043,0.0008,3.1325,19.4716,,,17.9,holding
2026-09-21T09:26:52.944+09:00,TRIAL_01_TEST_P01,TEST_P01,SOFT_GRIP_ENTRY,,693.297607421875,60.42157745361328,486.97955322265625,178.59158325195312,-89.75977325439453,-179.94949340820312,-6.1829,-2.643,2.2865,0.3791,-0.0093,0.0016,-3.1325,0.0108,1.3433,0.1724,-0.0043,0.0008,-2.3145,-2.7923,-6.1063,0.3791,-0.0093,0.0016,-1.3571,-0.0657,-3.1254,0.1724,-0.0043,0.0008,3.1325,20.0261,,,17.9,holding
2026-09-21T09:26:52.999+09:00,TRIAL_01_TEST_P01,TEST_P01,SOFT_GRIP_ENTRY,,693.8356323242188,60.43511962890625,486.91357421875,178.59298706054688,-89.7649154663086,-179.95126342773438,-6.5978,-2.5373,2.0928,0.3763,-0.0093,0.0016,-3.5475,0.1165,1.1495,0.1695,-0.0042,0.0008,-2.1226,-2.6968,-6.5246,0.3763,-0.0093,0.0016,-1.1651,0.0299,-3.5437,0.1695,-0.0042,0.0008,3.5475,20.5641,,,17.9,holding
2026-09-21T09:26:53.055+09:00,TRIAL_01_TEST_P01,TEST_P01,SOFT_GRIP_ENTRY,,694.4224853515625,60.420623779296875,486.8352355957031,178.59158325195312,-89.7713623046875,-179.95022583007812,-6.5978,-2.5373,2.0928,0.3763,-0.0093,0.0016,-3.5475,0.1165,1.1495,0.1695,-0.0042,0.0008,-2.1226,-2.6968,-6.5246,0.3763,-0.0093,0.0016,-1.1651,0.0299,-3.5437,0.1695,-0.0042,0.0008,3.5475,21.1509,,,17.9,holding
2026-09-21T09:26:53.111+09:00,TRIAL_01_TEST_P01,TEST_P01,SOFT_GRIP_ENTRY,,694.984375,60.40016174316406,486.8753967285156,178.58982849121094,-89.76824951171875,-179.94863891601562,-6.6594,-2.5155,2.4795,0.3686,-0.0091,0.0015,-3.609,0.1383,1.5362,0.1618,-0.004,0.0007,-2.5081,-2.6762,-6.5856,0.3686,-0.0091,0.0015,-1.5506,0.0504,-3.6047,0.1618,-0.004,0.0007,3.609,21.7128,,,17.9,holding
2026-09-21T09:26:53.167+09:00,TRIAL_01_TEST_P01,TEST_P01,SOFT_GRIP_ENTRY,,695.5496215820312,60.40133285522461,486.90447998046875,178.58985900878906,-89.76567077636719,-179.953125,-7.1458,-2.3266,2.5939,0.372,-0.0092,0.0015,-4.0954,0.3272,1.6506,0.1652,-0.0041,0.0007,-2.6246,-2.4996,-7.0758,0.372,-0.0092,0.0015,-1.6671,0.227,-4.0948,0.1652,-0.0041,0.0007,4.0954,22.2781,,,17.9,holding
2026-09-21T09:26:53.223+09:00,TRIAL_01_TEST_P01,TEST_P01,SOFT_GRIP_ENTRY,,696.1139526367188,60.427207946777344,486.9024353027344,178.59202575683594,-89.7657241821289,-179.9541015625,-7.1458,-2.3266,2.5939,0.372,-0.0092,0.0015,-4.0954,0.3272,1.6506,0.1652,-0.0041,0.0007,-2.6246,-2.4996,-7.0758,0.372,-0.0092,0.0015,-1.6671,0.227,-4.0948,0.1652,-0.0041,0.0007,4.0954,22.8424,,,17.9,holding
2026-09-21T09:26:53.278+09:00,TRIAL_01_TEST_P01,TEST_P01,SOFT_GRIP_ENTRY,,696.666259765625,60.44377899169922,486.8544006347656,178.59320068359375,-89.76951599121094,-179.95083618164062,-6.8168,-2.2203,2.6865,0.3753,-0.0092,0.0015,-3.7664,0.4335,1.7433,0.1685,-0.0042,0.0007,-2.7161,-2.3848,-6.7492,0.3753,-0.0092,0.0015,-1.7586,0.3419,-3.7683,0.1685,-0.0042,0.0007,3.7664,23.3947,,,17.9,holding
2026-09-21T09:26:53.334+09:00,TRIAL_01_TEST_P01,TEST_P01,SOFT_GRIP_ENTRY,,697.1858520507812,60.44180679321289,486.8725280761719,178.5930633544922,-89.76811218261719,-179.9475860595703,-6.8168,-2.2203,2.6865,0.3753,-0.0092,0.0015,-3.7664,0.4335,1.7433,0.1685,-0.0042,0.0007,-2.7161,-2.3848,-6.7492,0.3753,-0.0092,0.0015,-1.7586,0.3419,-3.7683,0.1685,-0.0042,0.0007,3.7664,23.9143,,,17.9,holding
2026-09-21T09:26:54.390+09:00,TRIAL_01_TEST_P01,TEST_P01,SOFT_GRIP_ENTRY,SOFT_GRIP_STABILIZATION_END,698.161376953125,60.340065002441406,486.7797546386719,178.58547973632812,-89.7719955444336,-179.9476318359375,-6.4234,-2.8155,3.2396,0.4407,-0.0109,0.0017,0.0,0.0,0.0,0.0,0.0,0.0,-3.2676,-2.9702,-6.339,0.4407,-0.0109,0.0017,0.0,0.0,0.0,0.0,0.0,0.0,,,,,17.9,holding
2026-09-21T09:26:54.538+09:00,TRIAL_01_TEST_P01,TEST_P01,HARD_GRIP,HARD_GRIP_COMMAND,698.1510620117188,60.338111877441406,486.8011779785156,178.5853271484375,-89.77018737792969,-179.94775390625,-6.329,-2.942,3.2,0.4686,-0.0116,0.0019,0.0,0.0,0.0,0.0,0.0,0.0,-3.2277,-3.0944,-6.2416,0.4686,-0.0116,0.0019,0.0,0.0,0.0,0.0,0.0,0.0,,,,,17.9,holding
2026-09-21T09:26:55.541+09:00,TRIAL_01_TEST_P01,TEST_P01,HARD_GRIP,HARD_GRIP_STABILIZATION_END,698.0958251953125,60.365291595458984,486.90582275390625,178.58816528320312,-89.76177215576172,-179.9498291015625,-5.6107,-3.1639,2.1498,0.512,-0.0126,0.0021,0.0,0.0,0.0,0.0,0.0,0.0,-2.1757,-3.2993,-5.522,0.512,-0.0126,0.0021,0.0,0.0,0.0,0.0,0.0,0.0,,,,,15.7,moving
2026-09-21T09:26:55.575+09:00,TRIAL_01_TEST_P01,TEST_P01,PULL_TEST,,698.095703125,60.366493225097656,486.90582275390625,178.58827209472656,-89.76177215576172,-179.9498291015625,-5.4609,-3.1112,2.0263,0.5055,-0.0125,0.0021,0.1498,0.0527,-0.1235,-0.0065,0.0002,-0.0,-2.0515,-3.243,-5.3741,0.5055,-0.0125,0.0021,0.1241,0.0563,0.1479,-0.0065,0.0002,-0.0,,,0.1498,0.0001,15.7,moving
2026-09-21T09:26:55.630+09:00,TRIAL_01_TEST_P01,TEST_P01,PULL_TEST,,698.0940551757812,60.369869232177734,486.9068908691406,178.58856201171875,-89.76168823242188,-179.94981384277344,-5.4609,-3.1112,2.0263,0.5055,-0.0125,0.0021,0.1498,0.0527,-0.1235,-0.0065,0.0002,-0.0,-2.0515,-3.243,-5.3741,0.5055,-0.0125,0.0021,0.1241,0.0563,0.1479,-0.0065,0.0002,-0.0,,,0.1498,0.0018,15.7,moving
2026-09-21T09:26:55.686+09:00,TRIAL_01_TEST_P01,TEST_P01,PULL_TEST,,698.0469360351562,60.373435974121094,486.99249267578125,178.58944702148438,-89.75486755371094,-179.94818115234375,-5.2644,-3.1415,1.8969,0.5043,-0.0124,0.0021,0.3463,0.0224,-0.2529,-0.0077,0.0002,-0.0,-1.9214,-3.2685,-5.1774,0.5043,-0.0124,0.0021,0.2542,0.0308,0.3446,-0.0077,0.0002,-0.0,,,0.3463,0.0489,15.6,moving
2026-09-21T09:26:55.742+09:00,TRIAL_01_TEST_P01,TEST_P01,PULL_TEST,,697.8848266601562,60.37548065185547,487.21356201171875,178.5900421142578,-89.7371826171875,-179.93907165527344,-5.2644,-3.1415,1.8969,0.5043,-0.0124,0.0021,0.3463,0.0224,-0.2529,-0.0077,0.0002,-0.0,-1.9214,-3.2685,-5.1774,0.5043,-0.0124,0.0021,0.2542,0.0308,0.3446,-0.0077,0.0002,-0.0,,,0.3463,0.211,15.6,moving
2026-09-21T09:26:55.798+09:00,TRIAL_01_TEST_P01,TEST_P01,PULL_TEST,,697.586181640625,60.363800048828125,487.3438415527344,178.5882110595703,-89.72538757324219,-179.9369659423828,-3.8246,-3.2972,1.3312,0.4817,-0.0119,0.0021,1.7861,-0.1333,-0.8186,-0.0303,0.0008,0.0,-1.3522,-3.3889,-3.736,0.4817,-0.0119,0.0021,0.8234,-0.0896,1.786,-0.0303,0.0008,0.0,,,1.7861,0.5096,15.6,moving
2026-09-21T09:26:55.853+09:00,TRIAL_01_TEST_P01,TEST_P01,PULL_TEST,,697.1270751953125,60.345542907714844,487.4121398925781,178.5867156982422,-89.71887969970703,-179.935546875,-3.8246,-3.2972,1.3312,0.4817,-0.0119,0.0021,1.7861,-0.1333,-0.8186,-0.0303,0.0008,0.0,-1.3522,-3.3889,-3.736,0.4817,-0.0119,0.0021,0.8234,-0.0896,1.786,-0.0303,0.0008,0.0,,,1.7861,0.9688,15.6,moving
2026-09-21T09:26:55.910+09:00,TRIAL_01_TEST_P01,TEST_P01,PULL_TEST,,696.5641479492188,60.34656524658203,487.34051513671875,178.58694458007812,-89.72392272949219,-179.9354248046875,-2.8516,-3.4648,0.6687,0.5062,-0.0125,0.0024,2.759,-0.3009,-1.4811,-0.0058,0.0001,0.0003,-0.6862,-3.5333,-2.762,0.5062,-0.0125,0.0024,1.4895,-0.234,2.76,-0.0058,0.0001,0.0003,,,2.759,1.5317,15.6,moving
2026-09-21T09:26:55.967+09:00,TRIAL_01_TEST_P01,TEST_P01,PULL_TEST,,695.982421875,60.34837341308594,487.2688293457031,178.5872344970703,-89.7290267944336,-179.9385986328125,-3.5781,-3.6156,0.7124,0.5822,-0.0144,0.0028,2.0326,-0.4517,-1.4374,0.0702,-0.0017,0.0007,-0.7329,-3.7019,-3.4845,0.5822,-0.0144,0.0028,1.4428,-0.4026,2.0375,0.0702,-0.0017,0.0007,,,2.0326,2.1134,15.6,moving
2026-09-21T09:26:56.022+09:00,TRIAL_01_TEST_P01,TEST_P01,PULL_TEST,,695.39892578125,60.324615478515625,487.2636413574219,178.58544921875,-89.72894287109375,-179.9435272216797,-3.5781,-3.6156,0.7124,0.5822,-0.0144,0.0028,2.0326,-0.4517,-1.4374,0.0702,-0.0017,0.0007,-0.7329,-3.7019,-3.4845,0.5822,-0.0144,0.0028,1.4428,-0.4026,2.0375,0.0702,-0.0017,0.0007,,,2.0326,2.6969,15.6,moving
2026-09-21T09:26:56.078+09:00,TRIAL_01_TEST_P01,TEST_P01,PULL_TEST,,694.8234252929688,60.30008316040039,487.1973876953125,178.58343505859375,-89.73419952392578,-179.94305419921875,-3.4249,-3.7392,0.8838,0.6776,-0.0167,0.0032,2.1858,-0.5754,-1.266,0.1655,-0.0041,0.0011,-0.9031,-3.8218,-3.3273,0.6776,-0.0167,0.0032,1.2726,-0.5226,2.1947,0.1655,-0.0041,0.0011,,,2.1858,3.2724,15.6,moving
2026-09-21T09:26:56.133+09:00,TRIAL_01_TEST_P01,TEST_P01,PULL_TEST,,694.255126953125,60.29438018798828,487.1011657714844,178.5832061767578,-89.7420883178711,-179.94110107421875,-3.4249,-3.7392,0.8838,0.6776,-0.0167,0.0032,2.1858,-0.5754,-1.266,0.1655,-0.0041,0.0011,-0.9031,-3.8218,-3.3273,0.6776,-0.0167,0.0032,1.2726,-0.5226,2.1947,0.1655,-0.0041,0.0011,,,2.1858,3.8407,15.4,moving
2026-09-21T09:26:56.189+09:00,TRIAL_01_TEST_P01,TEST_P01,PULL_TEST,,693.6669311523438,60.312347412109375,487.06005859375,178.58502197265625,-89.7451400756836,-179.9410858154297,-3.3616,-3.7669,1.0636,0.7368,-0.0182,0.0034,2.2491,-0.603,-1.0862,0.2248,-0.0056,0.0012,-1.0821,-3.8477,-3.2627,0.7368,-0.0182,0.0034,1.0936,-0.5484,2.2593,0.2248,-0.0056,0.0012,,,2.2491,4.4289,15.4,moving
2026-09-21T09:26:56.244+09:00,TRIAL_01_TEST_P01,TEST_P01,PULL_TEST,,693.1162719726562,60.343746185302734,487.140869140625,178.58755493164062,-89.7385482788086,-179.94305419921875,-3.3616,-3.7669,1.0636,0.7368,-0.0182,0.0034,2.2491,-0.603,-1.0862,0.2248,-0.0056,0.0012,-1.0821,-3.8477,-3.2627,0.7368,-0.0182,0.0034,1.0936,-0.5484,2.2593,0.2248,-0.0056,0.0012,,,2.2491,4.9796,15.4,moving
2026-09-21T09:26:56.300+09:00,TRIAL_01_TEST_P01,TEST_P01,PULL_TEST,,692.5606689453125,60.34101104736328,487.0844421386719,178.58738708496094,-89.74341583251953,-179.94427490234375,-3.0447,-3.8899,1.214,0.7753,-0.0191,0.0035,2.566,-0.7261,-0.9358,0.2633,-0.0065,0.0014,-1.2312,-3.9626,-2.9424,0.7753,-0.0191,0.0035,0.9444,-0.6633,2.5796,0.2633,-0.0065,0.0014,,,2.566,5.5352,15.4,moving
2026-09-21T09:26:56.356+09:00,TRIAL_01_TEST_P01,TEST_P01,PULL_TEST,,691.9926147460938,60.318519592285156,486.9947814941406,178.5857696533203,-89.75089263916016,-179.94383239746094,-3.0447,-3.8899,1.214,0.7753,-0.0191,0.0035,2.566,-0.7261,-0.9358,0.2633,-0.0065,0.0014,-1.3408,-3.9775,-2.8596,0.8085,-0.0199,0.0036,0.8349,-0.6782,2.6624,0.2965,-0.0073,0.0014,,,2.566,6.1032,15.4,moving
2026-09-21T09:26:56.412+09:00,TRIAL_01_TEST_P01,TEST_P01,PULL_TEST,,691.4253540039062,60.30789566040039,486.9791564941406,178.58522033691406,-89.75189208984375,-179.94569396972656,-2.9627,-3.9069,1.3245,0.8085,-0.0199,0.0036,2.648,-0.743,-0.8253,0.2965,-0.0073,0.0014,-1.3408,-3.9775,-2.8596,0.8085,-0.0199,0.0036,0.8349,-0.6782,2.6624,0.2965,-0.0073,0.0014,,,2.648,6.6705,15.4,moving
2026-09-21T09:26:56.468+09:00,TRIAL_01_TEST_P01,TEST_P01,PULL_TEST,,690.8668823242188,60.31985092163086,486.961669921875,178.58627319335938,-89.75337982177734,-179.94967651367188,-2.4194,-3.8893,1.3071,0.8357,-0.0206,0.0037,3.1913,-0.7254,-0.8427,0.3237,-0.008,0.0015,-1.3206,-3.9467,-2.317,0.8357,-0.0206,0.0037,0.855,-0.6474,3.205,0.3237,-0.008,0.0015,,,3.1913,7.2289,15.4,moving
2026-09-21T09:26:56.524+09:00,TRIAL_01_TEST_P01,TEST_P01,PULL_TEST,,690.2982177734375,60.34809112548828,486.91705322265625,178.58828735351562,-89.75682067871094,-179.95018005371094,-2.4194,-3.8893,1.3071,0.8357,-0.0206,0.0037,3.1913,-0.7254,-0.8427,0.3237,-0.008,0.0015,-1.3206,-3.9467,-2.317,0.8357,-0.0206,0.0037,0.855,-0.6474,3.205,0.3237,-0.008,0.0015,,,3.1913,7.7976,15.4,moving
2026-09-21T09:26:56.579+09:00,TRIAL_01_TEST_P01,TEST_P01,PULL_TEST,,689.7391967773438,60.364105224609375,486.8590393066406,178.58961486816406,-89.76129150390625,-179.94741821289062,-2.4466,-3.9702,1.6549,0.8694,-0.0214,0.0037,3.1641,-0.8063,-0.4949,0.3574,-0.0088,0.0016,-1.6683,-4.0277,-2.3412,0.8694,-0.0214,0.0037,0.5073,-0.7284,3.1809,0.3574,-0.0088,0.0016,,,3.1641,8.3566,15.4,moving
2026-09-21T09:26:56.634+09:00,TRIAL_01_TEST_P01,TEST_P01,PULL_TEST,,689.1952514648438,60.35054016113281,486.8837890625,178.5885009765625,-89.75908660888672,-179.94845581054688,-2.4466,-3.9702,1.6549,0.8694,-0.0214,0.0037,3.1641,-0.8063,-0.4949,0.3574,-0.0088,0.0016,-1.6683,-4.0277,-2.3412,0.8694,-0.0214,0.0037,0.5073,-0.7284,3.1809,0.3574,-0.0088,0.0016,,,3.1641,8.9006,15.4,moving
2026-09-21T09:26:56.689+09:00,TRIAL_01_TEST_P01,TEST_P01,PULL_TEST,,688.6558837890625,60.321533203125,486.89471435546875,178.5859375,-89.75822448730469,-179.9513397216797,-2.2467,-4.0335,1.5314,0.9006,-0.0222,0.0038,3.364,-0.8697,-0.6184,0.3886,-0.0096,0.0017,-1.5441,-4.0864,-2.14,0.9006,-0.0222,0.0038,0.6315,-0.7871,3.382,0.3886,-0.0096,0.0017,,,3.364,9.4399,15.4,moving
2026-09-21T09:26:56.744+09:00,TRIAL_01_TEST_P01,TEST_P01,PULL_TEST,,688.0979614257812,60.30339431762695,486.8965759277344,178.5845489501953,-89.7582015991211,-179.9483184814453,-2.2467,-4.0335,1.5314,0.9006,-0.0222,0.0038,3.364,-0.8697,-0.6184,0.3886,-0.0096,0.0017,-1.5441,-4.0864,-2.14,0.9006,-0.0222,0.0038,0.6315,-0.7871,3.382,0.3886,-0.0096,0.0017,,,3.364,9.9979,15.4,moving
2026-09-21T09:26:56.799+09:00,TRIAL_01_TEST_P01,TEST_P01,PULL_TEST,,687.552490234375,60.31496047973633,486.892822265625,178.58555603027344,-89.75831604003906,-179.94638061523438,-1.6064,-3.9898,1.5407,0.9171,-0.0226,0.0039,4.0043,-0.8259,-0.6091,0.4051,-0.01,0.0017,-1.5506,-4.0268,-1.5009,0.9171,-0.0226,0.0039,0.6251,-0.7276,4.0211,0.4051,-0.01,0.0017,,,4.0043,10.5433,15.4,moving
2026-09-21T09:26:56.854+09:00,TRIAL_01_TEST_P01,TEST_P01,PULL_TEST,,687.0130004882812,60.345829010009766,486.877685546875,178.58802795410156,-89.7594985961914,-179.94921875,-1.6064,-3.9898,1.5407,0.9171,-0.0226,0.0039,4.0043,-0.8259,-0.6091,0.4051,-0.01,0.0017,-1.5506,-4.0268,-1.5009,0.9171,-0.0226,0.0039,0.6251,-0.7276,4.0211,0.4051,-0.01,0.0017,,,4.0043,11.0828,15.4,moving
2026-09-21T09:26:56.909+09:00,TRIAL_01_TEST_P01,TEST_P01,PULL_TEST,,686.451171875,60.34796142578125,486.8423767089844,178.5883331298828,-89.76258087158203,-179.94898986816406,-1.9839,-4.0293,1.3938,0.925,-0.0228,0.0039,3.6267,-0.8654,-0.756,0.413,-0.0102,0.0017,-1.4053,-4.0757,-1.8782,0.925,-0.0228,0.0039,0.7704,-0.7764,3.6438,0.413,-0.0102,0.0017,,,3.6267,11.6447,15.4,moving
2026-09-21T09:26:56.964+09:00,TRIAL_01_TEST_P01,TEST_P01,PULL_TEST,,685.8896484375,60.33525466918945,486.81683349609375,178.58775329589844,-89.76468658447266,-179.9464874267578,-1.5019,-4.1517,1.155,0.9232,-0.0228,0.0038,4.1088,-0.9878,-0.9948,0.4112,-0.0101,0.0017,-1.1647,-4.1863,-1.3943,0.9232,-0.0228,0.0038,1.011,-0.8871,4.1277,0.4112,-0.0101,0.0017,,,4.1088,12.2062,15.4,moving
2026-09-21T09:26:57.019+09:00,TRIAL_01_TEST_P01,TEST_P01,PULL_TEST,,685.3352661132812,60.32383728027344,486.79718017578125,178.58700561523438,-89.76612091064453,-179.94729614257812,-1.5019,-4.1517,1.155,0.9232,-0.0228,0.0038,4.1088,-0.9878,-0.9948,0.4112,-0.0101,0.0017,-1.1647,-4.1863,-1.3943,0.9232,-0.0228,0.0038,1.011,-0.8871,4.1277,0.4112,-0.0101,0.0017,,,4.1088,12.7606,15.4,moving
2026-09-21T09:26:57.075+09:00,TRIAL_01_TEST_P01,TEST_P01,PULL_TEST,,684.7861328125,60.33345031738281,486.8548583984375,178.58749389648438,-89.76143646240234,-179.9520721435547,-1.654,-4.1252,1.1218,0.9248,-0.0228,0.0038,3.9567,-0.9613,-1.028,0.4128,-0.0102,0.0017,-1.1318,-4.1637,-1.5471,0.9248,-0.0228,0.0038,1.0439,-0.8645,3.9749,0.4128,-0.0102,0.0017,,,3.9567,13.3097,15.4,moving
2026-09-21T09:26:57.130+09:00,TRIAL_01_TEST_P01,TEST_P01,PULL_TEST,,684.2228393554688,60.35917282104492,486.8713684082031,178.5895233154297,-89.75997161865234,-179.95233154296875,-1.654,-4.1252,1.1218,0.9248,-0.0228,0.0038,3.9567,-0.9613,-1.028,0.4128,-0.0102,0.0017,-1.1318,-4.1637,-1.5471,0.9248,-0.0228,0.0038,1.0439,-0.8645,3.9749,0.4128,-0.0102,0.0017,,,3.9567,13.873,15.4,moving
2026-09-21T09:26:57.185+09:00,TRIAL_01_TEST_P01,TEST_P01,PULL_TEST,,683.6583251953125,60.37565612792969,486.8669128417969,178.59124755859375,-89.76004791259766,-179.9512481689453,-1.4792,-4.2605,0.8085,0.9234,-0.0227,0.0039,4.1315,-1.0966,-1.3413,0.4113,-0.0101,0.0017,-0.818,-4.2949,-1.3705,0.9234,-0.0227,0.0039,1.3576,-0.9956,4.1515,0.4113,-0.0101,0.0017,,,4.1315,14.4375,15.2,moving
2026-09-21T09:26:57.240+09:00,TRIAL_01_TEST_P01,TEST_P01,PULL_TEST,,683.1216430664062,60.36144256591797,486.8995361328125,178.58978271484375,-89.75736236572266,-179.95401000976562,-1.4792,-4.2605,0.8085,0.9234,-0.0227,0.0039,4.1315,-1.0966,-1.3413,0.4113,-0.0101,0.0017,-0.818,-4.2949,-1.3705,0.9234,-0.0227,0.0039,1.3576,-0.9956,4.1515,0.4113,-0.0101,0.0017,,,4.1315,14.9742,15.2,moving
2026-09-21T09:26:57.295+09:00,TRIAL_01_TEST_P01,TEST_P01,PULL_TEST,,682.5667114257812,60.33370590209961,486.9437255859375,178.5874481201172,-89.75372314453125,-179.95034790039062,-1.1623,-4.3337,0.5881,0.9273,-0.0228,0.0039,4.4484,-1.1698,-1.5617,0.4153,-0.0102,0.0018,-0.5961,-4.3605,-1.0528,0.9273,-0.0228,0.0039,1.5796,-1.0612,4.4692,0.4153,-0.0102,0.0018,,,4.4484,15.5291,15.2,moving
2026-09-21T09:26:57.351+09:00,TRIAL_01_TEST_P01,TEST_P01,PULL_TEST,,682.0021362304688,60.32258605957031,486.9315185546875,178.58692932128906,-89.75443267822266,-179.9462432861328,-1.1623,-4.3337,0.5881,0.9273,-0.0228,0.0039,4.4484,-1.1698,-1.5617,0.4153,-0.0102,0.0018,-0.5961,-4.3605,-1.0528,0.9273,-0.0228,0.0039,1.5796,-1.0612,4.4692,0.4153,-0.0102,0.0018,,,4.4484,16.0937,15.2,moving
2026-09-21T09:26:57.407+09:00,TRIAL_01_TEST_P01,TEST_P01,PULL_TEST,,681.4564208984375,60.33870315551758,486.861328125,178.58799743652344,-89.76033782958984,-179.9481964111328,-0.959,-4.3451,0.5948,0.9271,-0.0229,0.004,4.6517,-1.1812,-1.555,0.4151,-0.0102,0.0018,-0.6025,-4.3668,-0.849,0.9271,-0.0229,0.004,1.5731,-1.0676,4.673,0.4151,-0.0102,0.0018,,,4.6517,16.6394,15.2,moving
2026-09-21T09:26:57.462+09:00,TRIAL_01_TEST_P01,TEST_P01,PULL_TEST,,680.8980712890625,60.36174392700195,486.81524658203125,178.58985900878906,-89.76420593261719,-179.95077514648438,-0.837,-4.4029,0.6778,0.9344,-0.023,0.0039,4.7737,-1.239,-1.472,0.4223,-0.0104,0.0018,-0.6846,-4.4216,-0.7255,0.9344,-0.023,0.0039,1.491,-1.1223,4.7965,0.4223,-0.0104,0.0018,,,4.7737,17.1978,15.2,moving
2026-09-21T09:26:57.517+09:00,TRIAL_01_TEST_P01,TEST_P01,PULL_TEST,,680.3541259765625,60.351661682128906,486.8871154785156,178.58937072753906,-89.75828552246094,-179.94847106933594,-0.837,-4.4029,0.6778,0.9344,-0.023,0.0039,4.7737,-1.239,-1.472,0.4223,-0.0104,0.0018,-0.6846,-4.4216,-0.7255,0.9344,-0.023,0.0039,1.491,-1.1223,4.7965,0.4223,-0.0104,0.0018,,,4.7737,17.7417,15.2,moving
2026-09-21T09:26:57.572+09:00,TRIAL_01_TEST_P01,TEST_P01,PULL_TEST,,679.820556640625,60.320919036865234,486.87744140625,178.58673095703125,-89.75923156738281,-179.94949340820312,-0.4461,-4.4382,0.59,0.9361,-0.0231,0.0039,5.1646,-1.2743,-1.5598,0.4241,-0.0104,0.0018,-0.5955,-4.4473,-0.334,0.9361,-0.0231,0.0039,1.5802,-1.148,5.188,0.4241,-0.0104,0.0018,,,5.1646,18.2753,15.2,moving
2026-09-21T09:26:57.628+09:00,TRIAL_01_TEST_P01,TEST_P01,PULL_TEST,,679.269287109375,60.2896842956543,486.8272399902344,178.58407592773438,-89.76351928710938,-179.95077514648438,-0.4461,-4.4382,0.59,0.9361,-0.0231,0.0039,5.1646,-1.2743,-1.5598,0.4241,-0.0104,0.0018,-0.5955,-4.4473,-0.334,0.9361,-0.0231,0.0039,1.5802,-1.148,5.188,0.4241,-0.0104,0.0018,,,5.1646,18.8265,15.2,moving
2026-09-21T09:26:57.683+09:00,TRIAL_01_TEST_P01,TEST_P01,PULL_TEST,,678.7168579101562,60.28035354614258,486.8531799316406,178.5834503173828,-89.76114654541016,-179.9483642578125,-0.3416,-4.4298,0.5472,0.9358,-0.0231,0.0039,5.2691,-1.2659,-1.6026,0.4238,-0.0105,0.0018,-0.552,-4.4364,-0.2297,0.9358,-0.0231,0.0039,1.6237,-1.1371,5.2923,0.4238,-0.0105,0.0018,,,5.2691,19.379,15.2,moving
2026-09-21T09:26:57.738+09:00,TRIAL_01_TEST_P01,TEST_P01,PULL_TEST,,678.1647338867188,60.30088806152344,486.8577575683594,178.5849609375,-89.76071166992188,-179.94888305664062,-0.3416,-4.4298,0.5472,0.9358,-0.0231,0.0039,5.2691,-1.2659,-1.6026,0.4238,-0.0105,0.0018,-0.552,-4.4364,-0.2297,0.9358,-0.0231,0.0039,1.6237,-1.1371,5.2923,0.4238,-0.0105,0.0018,,,5.2691,19.9311,15.2,moving
2026-09-21T09:26:57.793+09:00,TRIAL_01_TEST_P01,TEST_P01,PULL_TEST,,677.6197509765625,60.319210052490234,486.7955017089844,178.58612060546875,-89.76568603515625,-179.95318603515625,-0.1872,-4.4587,0.3621,0.9351,-0.0231,0.0039,5.4235,-1.2948,-1.7877,0.4231,-0.0105,0.0018,-0.3663,-4.4617,-0.0756,0.9351,-0.0231,0.0039,1.8094,-1.1624,5.4465,0.4231,-0.0105,0.0018,,,5.4235,20.4761,15.2,moving
2026-09-21T09:26:57.849+09:00,TRIAL_01_TEST_P01,TEST_P01,PULL_TEST,,677.0398559570312,60.31321334838867,486.79290771484375,178.58602905273438,-89.76551055908203,-179.9524383544922,-0.1872,-4.4587,0.3621,0.9351,-0.0231,0.0039,5.4235,-1.2948,-1.7877,0.4231,-0.0105,0.0018,-0.3663,-4.4617,-0.0756,0.9351,-0.0231,0.0039,1.8094,-1.1624,5.4465,0.4231,-0.0105,0.0018,,,5.4235,21.056,15.2,moving
2026-09-21T09:26:57.904+09:00,TRIAL_01_TEST_P01,TEST_P01,PULL_TEST,,676.4888305664062,60.297767639160156,486.78118896484375,178.58473205566406,-89.76657104492188,-179.95228576660156,0.4363,-4.5438,0.4114,0.9422,-0.0233,0.0039,6.0469,-1.3799,-1.7384,0.4302,-0.0106,0.0018,-0.413,-4.5313,0.5499,0.9422,-0.0233,0.0039,1.7627,-1.232,6.072,0.4302,-0.0106,0.0018,,,6.0469,21.607,15.2,moving
2026-09-21T09:26:57.959+09:00,TRIAL_01_TEST_P01,TEST_P01,PULL_TEST,,675.9615478515625,60.30152893066406,486.81024169921875,178.58468627929688,-89.76428985595703,-179.9523162841797,0.0195,-4.6726,0.2716,0.9435,-0.0233,0.0038,5.6302,-1.5087,-1.8782,0.4315,-0.0107,0.0017,-0.2749,-4.6704,0.136,0.9435,-0.0233,0.0038,1.9008,-1.3712,5.6581,0.4315,-0.0107,0.0017,,,5.6302,22.1343,15.2,moving
2026-09-21T09:26:58.014+09:00,TRIAL_01_TEST_P01,TEST_P01,PULL_TEST,,675.4051513671875,60.33100509643555,486.8077697753906,178.58731079101562,-89.76420593261719,-179.94813537597656,0.0195,-4.6726,0.2716,0.9435,-0.0233,0.0038,5.6302,-1.5087,-1.8782,0.4315,-0.0107,0.0017,-0.2749,-4.6704,0.136,0.9435,-0.0233,0.0038,1.9008,-1.3712,5.6581,0.4315,-0.0107,0.0017,,,5.6302,22.6907,15.2,moving
2026-09-21T09:26:58.069+09:00,TRIAL_01_TEST_P01,TEST_P01,PULL_TEST,,674.845703125,60.34904098510742,486.8019714355469,178.58895874023438,-89.76480865478516,-179.9484405517578,0.4699,-4.7872,-0.093,0.9454,-0.0233,0.0039,6.0805,-1.6233,-2.2427,0.4334,-0.0107,0.0018,0.091,-4.7742,0.5872,0.9454,-0.0233,0.0039,2.2667,-1.475,6.1092,0.4334,-0.0107,0.0018,,,6.0805,23.2501,15.2,moving
2026-09-21T09:26:58.124+09:00,TRIAL_01_TEST_P01,TEST_P01,PULL_TEST,,674.3137817382812,60.33540725708008,486.8099060058594,178.5876922607422,-89.76437377929688,-179.9521942138672,0.4699,-4.7872,-0.093,0.9454,-0.0233,0.0039,6.0805,-1.6233,-2.2427,0.4334,-0.0107,0.0018,0.091,-4.7742,0.5872,0.9454,-0.0233,0.0039,2.2667,-1.475,6.1092,0.4334,-0.0107,0.0018,,,6.0805,23.782,15.2,moving
2026-09-21T09:26:58.179+09:00,TRIAL_01_TEST_P01,TEST_P01,PULL_TEST,,673.7745361328125,60.30906677246094,486.8050537109375,178.58544921875,-89.76448822021484,-179.95216369628906,0.6373,-4.8264,-0.1168,0.9482,-0.0234,0.0039,6.248,-1.6625,-2.2665,0.4362,-0.0108,0.0018,0.1159,-4.8093,0.7557,0.9482,-0.0234,0.0039,2.2916,-1.51,6.2777,0.4362,-0.0108,0.0018,,,6.248,24.3213,15.2,moving
2026-09-21T09:26:58.234+09:00,TRIAL_01_TEST_P01,TEST_P01,PULL_TEST,,673.2056884765625,60.29593276977539,486.79925537109375,178.5847930908203,-89.76505279541016,-179.954345703125,0.6373,-4.8264,-0.1168,0.9482,-0.0234,0.0039,6.248,-1.6625,-2.2665,0.4362,-0.0108,0.0018,0.1159,-4.8093,0.7557,0.9482,-0.0234,0.0039,2.2916,-1.51,6.2777,0.4362,-0.0108,0.0018,,,6.248,24.8901,15.2,moving
2026-09-21T09:26:58.289+09:00,TRIAL_01_TEST_P01,TEST_P01,PULL_TEST,,672.654541015625,60.318912506103516,486.7672119140625,178.58692932128906,-89.76762390136719,-179.95281982421875,0.5902,-4.9776,-0.2856,0.9343,-0.0231,0.0039,6.2009,-1.8138,-2.4354,0.4223,-0.0104,0.0017,0.2846,-4.9618,0.7118,0.9343,-0.0231,0.0039,2.4602,-1.6625,6.2338,0.4223,-0.0104,0.0017,,,6.2009,25.4413,15.2,moving
2026-09-21T09:26:58.344+09:00,TRIAL_01_TEST_P01,TEST_P01,PULL_TEST,,672.10009765625,60.34169006347656,486.7351989746094,178.5886688232422,-89.77008819580078,-179.9482421875,0.5902,-4.9776,-0.2856,0.9343,-0.0231,0.0039,6.2009,-1.8138,-2.4354,0.4223,-0.0104,0.0017,0.2846,-4.9618,0.7118,0.9343,-0.0231,0.0039,2.4602,-1.6625,6.2338,0.4223,-0.0104,0.0017,,,6.2009,25.9957,15.2,moving
2026-09-21T09:26:58.399+09:00,TRIAL_01_TEST_P01,TEST_P01,PULL_TEST,,671.527099609375,60.330745697021484,486.81640625,178.58795166015625,-89.7634506225586,-179.9507293701172,1.1626,-5.1285,-0.3746,0.9237,-0.0228,0.0037,6.7733,-1.9647,-2.5244,0.4117,-0.0102,0.0016,0.3752,-5.0987,1.287,0.9237,-0.0228,0.0037,2.5509,-1.7994,6.8091,0.4117,-0.0102,0.0016,,,6.7733,26.5687,15.2,moving
2026-09-21T09:26:58.454+09:00,TRIAL_01_TEST_P01,TEST_P01,PULL_TEST,,670.9810791015625,60.3079833984375,486.8633728027344,178.5860595703125,-89.7592544555664,-179.9510955810547,1.1626,-5.1285,-0.3746,0.9237,-0.0228,0.0037,6.7733,-1.9647,-2.5244,0.4117,-0.0102,0.0016,0.3752,-5.0987,1.287,0.9237,-0.0228,0.0037,2.5509,-1.7994,6.8091,0.4117,-0.0102,0.0016,,,6.7733,27.1147,15.2,moving
2026-09-21T09:26:58.509+09:00,TRIAL_01_TEST_P01,TEST_P01,PULL_TEST,,670.4512939453125,60.293663024902344,486.8317565917969,178.58453369140625,-89.76201629638672,-179.94927978515625,1.3327,-5.1607,-0.5014,0.9233,-0.0228,0.0038,6.9434,-1.9968,-2.6512,0.4112,-0.0101,0.0017,0.5031,-5.1267,1.4576,0.9233,-0.0228,0.0038,2.6788,-1.8274,6.9796,0.4112,-0.0101,0.0017,,,6.9434,27.6445,15.2,moving
2026-09-21T09:26:58.564+09:00,TRIAL_01_TEST_P01,TEST_P01,PULL_TEST,,669.8912963867188,60.30176544189453,486.85931396484375,178.5852813720703,-89.75967407226562,-179.9514617919922,1.4215,-5.227,-0.5909,0.9177,-0.0227,0.0038,7.0322,-2.0631,-2.7407,0.4057,-0.01,0.0017,0.593,-5.1908,1.5477,0.9177,-0.0227,0.0038,2.7686,-1.8915,7.0697,0.4057,-0.01,0.0017,,,7.0322,28.2045,15.2,moving
2026-09-21T09:26:58.619+09:00,TRIAL_01_TEST_P01,TEST_P01,PULL_TEST,,669.340087890625,60.33364486694336,486.8849182128906,178.5882568359375,-89.75753784179688,-179.94740295410156,1.4215,-5.227,-0.5909,0.9177,-0.0227,0.0038,7.0322,-2.0631,-2.7407,0.4057,-0.01,0.0017,0.593,-5.1908,1.5477,0.9177,-0.0227,0.0038,2.7686,-1.8915,7.0697,0.4057,-0.01,0.0017,,,7.0322,28.7557,15.2,moving
2026-09-21T09:26:58.675+09:00,TRIAL_01_TEST_P01,TEST_P01,PULL_TEST,,668.80908203125,60.338722229003906,486.8957824707031,178.5884246826172,-89.7568588256836,-179.9510498046875,1.7725,-5.3503,-0.9054,0.9154,-0.0226,0.0039,7.3832,-2.1864,-3.0552,0.4034,-0.0099,0.0017,0.9087,-5.3058,1.8999,0.9154,-0.0226,0.0039,3.0844,-2.0065,7.4219,0.4034,-0.0099,0.0017,,,7.3832,29.2867,15.1,moving
2026-09-21T09:26:58.730+09:00,TRIAL_01_TEST_P01,TEST_P01,PULL_TEST,,668.2473754882812,60.32102966308594,486.8702087402344,178.58721923828125,-89.7588119506836,-179.9530487060547,1.7725,-5.3503,-0.9054,0.9154,-0.0226,0.0039,7.3832,-2.1864,-3.0552,0.4034,-0.0099,0.0017,0.9087,-5.3058,1.8999,0.9154,-0.0226,0.0039,3.0844,-2.0065,7.4219,0.4034,-0.0099,0.0017,,,7.3832,29.8484,15.1,moving
2026-09-21T09:26:58.785+09:00,TRIAL_01_TEST_P01,TEST_P01,PULL_TEST,,667.6881713867188,60.31512451171875,486.7776184082031,178.58680725097656,-89.76649475097656,-179.95091247558594,2.1773,-5.4282,-0.9024,0.9175,-0.0226,0.0039,7.788,-2.2643,-3.0522,0.4054,-0.01,0.0017,0.9074,-5.3736,2.3068,0.9175,-0.0226,0.0039,3.0831,-2.0743,7.8288,0.4054,-0.01,0.0017,,,7.788,30.4077,15.1,moving
2026-09-21T09:26:58.840+09:00,TRIAL_01_TEST_P01,TEST_P01,PULL_TEST,,667.1449584960938,60.3443603515625,486.7569274902344,178.5893096923828,-89.76830291748047,-179.95327758789062,2.1773,-5.4282,-0.9024,0.9175,-0.0226,0.0039,7.788,-2.2643,-3.0522,0.4054,-0.01,0.0017,0.9074,-5.3736,2.3068,0.9175,-0.0226,0.0039,3.0831,-2.0743,7.8288,0.4054,-0.01,0.0017,,,7.788,30.9509,15.1,moving
2026-09-21T09:26:58.895+09:00,TRIAL_01_TEST_P01,TEST_P01,PULL_TEST,,666.6090087890625,60.3774299621582,486.8773498535156,178.5919952392578,-89.7583236694336,-179.9451904296875,1.9647,-5.5761,-0.9679,0.9207,-0.0227,0.0038,7.5754,-2.4122,-3.1177,0.4087,-0.0101,0.0016,0.9719,-5.5269,2.0973,0.9207,-0.0227,0.0038,3.1476,-2.2276,7.6193,0.4087,-0.0101,0.0016,,,7.5754,31.4868,15.1,moving
2026-09-21T09:26:58.951+09:00,TRIAL_01_TEST_P01,TEST_P01,PULL_TEST,,666.0394287109375,60.36194610595703,486.8690185546875,178.5906219482422,-89.7590103149414,-179.94590759277344,1.9647,-5.5761,-0.9679,0.9207,-0.0227,0.0038,7.5754,-2.4122,-3.1177,0.4087,-0.0101,0.0016,0.9719,-5.5269,2.0973,0.9207,-0.0227,0.0038,3.1476,-2.2276,7.6193,0.4087,-0.0101,0.0016,,,7.5754,32.0564,15.1,moving
2026-09-21T09:26:59.006+09:00,TRIAL_01_TEST_P01,TEST_P01,PULL_TEST,,665.4912109375,60.335227966308594,486.8017578125,178.58831787109375,-89.76403045654297,-179.95379638671875,2.6133,-5.7352,-1.4415,0.9184,-0.0226,0.0038,8.224,-2.5714,-3.5913,0.4064,-0.01,0.0017,1.4478,-5.6706,2.7476,0.9184,-0.0226,0.0038,3.6234,-2.3713,8.2696,0.4064,-0.01,0.0017,,,8.224,32.6046,15.1,moving
2026-09-21T09:26:59.062+09:00,TRIAL_01_TEST_P01,TEST_P01,PULL_TEST,,664.9496459960938,60.31962585449219,486.8102111816406,178.58673095703125,-89.76333618164062,-179.9534454345703,2.8553,-5.8197,-1.5433,0.9159,-0.0226,0.0038,8.466,-2.6559,-3.6931,0.4039,-0.0099,0.0017,1.551,-5.7488,2.9916,0.9159,-0.0226,0.0038,3.7267,-2.4495,8.5136,0.4039,-0.0099,0.0017,,,8.466,33.1462,15.1,moving
2026-09-21T09:26:59.118+09:00,TRIAL_01_TEST_P01,TEST_P01,PULL_TEST,,664.380615234375,60.327877044677734,486.8730773925781,178.5874481201172,-89.75789642333984,-179.9547882080078,2.8553,-5.8197,-1.5433,0.9159,-0.0226,0.0038,8.466,-2.6559,-3.6931,0.4039,-0.0099,0.0017,1.551,-5.7488,2.9916,0.9159,-0.0226,0.0038,3.7267,-2.4495,8.5136,0.4039,-0.0099,0.0017,,,8.466,33.7152,15.1,moving
2026-09-21T09:26:59.174+09:00,TRIAL_01_TEST_P01,TEST_P01,PULL_TEST,,663.8031616210938,60.3375244140625,486.8398742675781,178.58843994140625,-89.7606430053711,-179.9462432861328,2.9843,-5.9429,-1.9686,0.9102,-0.0224,0.0038,8.5949,-2.779,-4.1184,0.3982,-0.0098,0.0017,1.9765,-5.8693,3.1215,0.9102,-0.0224,0.0038,4.1522,-2.57,8.6436,0.3982,-0.0098,0.0017,,,8.5949,34.2927,15.1,moving
2026-09-21T09:26:59.230+09:00,TRIAL_01_TEST_P01,TEST_P01,PULL_TEST,,663.234375,60.3131103515625,486.74566650390625,178.58639526367188,-89.76856231689453,-179.94989013671875,2.9843,-5.9429,-1.9686,0.9102,-0.0224,0.0038,8.5949,-2.779,-4.1184,0.3982,-0.0098,0.0017,1.9765,-5.8693,3.1215,0.9102,-0.0224,0.0038,4.1522,-2.57,8.6436,0.3982,-0.0098,0.0017,,,8.5949,34.8615,15.1,moving
2026-09-21T09:26:59.286+09:00,TRIAL_01_TEST_P01,TEST_P01,PULL_TEST,,662.6829223632812,60.2807731628418,486.7468566894531,178.5837860107422,-89.76817321777344,-179.95164489746094,3.1865,-6.0271,-2.3575,0.9096,-0.0224,0.0037,8.7972,-2.8632,-4.5073,0.3976,-0.0098,0.0016,2.366,-5.9486,3.3248,0.9096,-0.0224,0.0037,4.5417,-2.6493,8.8468,0.3976,-0.0098,0.0016,,,8.7972,35.4129,15.1,moving
2026-09-21T09:26:59.341+09:00,TRIAL_01_TEST_P01,TEST_P01,PULL_TEST,,662.1338500976562,60.262725830078125,486.8666687011719,178.58230590820312,-89.75860595703125,-179.94863891601562,3.1865,-6.0271,-2.3575,0.9096,-0.0224,0.0037,8.7972,-2.8632,-4.5073,0.3976,-0.0098,0.0016,2.366,-5.9486,3.3248,0.9096,-0.0224,0.0037,4.5417,-2.6493,8.8468,0.3976,-0.0098,0.0016,,,8.7972,35.962,15.1,moving
2026-09-21T09:26:59.398+09:00,TRIAL_01_TEST_P01,TEST_P01,PULL_TEST,,661.571533203125,60.279296875,486.8286437988281,178.5840301513672,-89.76151275634766,-179.95358276367188,3.4957,-6.0928,-2.5794,0.9088,-0.0225,0.0038,9.1064,-2.9289,-4.7292,0.3968,-0.0099,0.0016,2.5896,-6.0067,3.6345,0.9088,-0.0225,0.0038,4.7652,-2.7074,9.1565,0.3968,-0.0099,0.0016,,,9.1064,36.5243,15.1,moving
2026-09-21T09:26:59.454+09:00,TRIAL_01_TEST_P01,TEST_P01,PULL_TEST,,661.0067138671875,60.30432891845703,486.7849426269531,178.5862579345703,-89.76534271240234,-179.94798278808594,3.4957,-6.0928,-2.5794,0.9088,-0.0225,0.0038,9.1064,-2.9289,-4.7292,0.3968,-0.0099,0.0016,2.5896,-6.0067,3.6345,0.9088,-0.0225,0.0038,4.7652,-2.7074,9.1565,0.3968,-0.0099,0.0016,,,9.1064,37.0891,15.1,moving
2026-09-21T09:26:59.511+09:00,TRIAL_01_TEST_P01,TEST_P01,PULL_TEST,,660.4324340820312,60.30177307128906,486.8633117675781,178.58641052246094,-89.7588882446289,-179.95115661621094,3.628,-6.2506,-2.8926,0.9083,-0.0224,0.0038,9.2387,-3.0867,-5.0424,0.3963,-0.0098,0.0016,2.9025,-6.1618,3.7692,0.9083,-0.0224,0.0038,5.0782,-2.8625,9.2912,0.3963,-0.0098,0.0016,,,9.2387,37.6634,15.1,moving
2026-09-21T09:26:59.566+09:00,TRIAL_01_TEST_P01,TEST_P01,PULL_TEST,,659.8778686523438,60.2806396484375,486.89404296875,178.58438110351562,-89.75629425048828,-179.94558715820312,4.0028,-6.3458,-3.334,0.9022,-0.0223,0.0038,9.6135,-3.1819,-5.4838,0.3902,-0.0097,0.0017,3.3458,-6.248,4.1442,0.9022,-0.0223,0.0038,5.5215,-2.9488,9.6662,0.3902,-0.0097,0.0017,,,9.6135,38.218,15.1,moving
2026-09-21T09:26:59.622+09:00,TRIAL_01_TEST_P01,TEST_P01,PULL_TEST,,659.3302001953125,60.28741455078125,486.7991943359375,178.5847930908203,-89.76409912109375,-179.94992065429688,4.0028,-6.3458,-3.334,0.9022,-0.0223,0.0038,9.6135,-3.1819,-5.4838,0.3902,-0.0097,0.0017,3.3458,-6.248,4.1442,0.9022,-0.0223,0.0038,5.5215,-2.9488,9.6662,0.3902,-0.0097,0.0017,,,9.6135,38.7656,15.1,holding
2026-09-21T09:26:59.678+09:00,TRIAL_01_TEST_P01,TEST_P01,PULL_TEST,,658.7551879882812,60.316001892089844,486.77130126953125,178.58740234375,-89.76614379882812,-179.94549560546875,4.4166,-6.471,-3.3792,0.8909,-0.022,0.0037,10.0273,-3.3072,-5.529,0.3789,-0.0094,0.0016,3.3925,-6.3632,4.5608,0.8909,-0.022,0.0037,5.5682,-3.0639,10.0828,0.3789,-0.0094,0.0016,,,10.0273,39.3406,15.1,holding
2026-09-21T09:27:15.398+09:00,TRIAL_02_TEST_P01,TEST_P01,SOFT_GRIP_ENTRY,SOFT_GRIP_COMMAND,673.27001953125,60.52809143066406,486.68402099609375,178.59762573242188,-89.77913665771484,-179.9420166015625,-3.4426,-2.6068,1.0205,0.1956,-0.0048,0.0008,-0.1654,0.0106,0.0467,0.0403,-0.001,0.0002,-1.0362,-2.6892,-3.3738,0.1956,-0.0048,0.0008,-0.0473,0.0066,-0.1654,0.0403,-0.001,0.0002,,,,,109.2,moving
2026-09-21T09:27:19.724+09:00,TRIAL_02_TEST_P01,TEST_P01,SOFT_GRIP_ENTRY,ENTRY_MOTION_START_WIDTH_REACHED,673.0948486328125,60.379817962646484,486.86529541015625,178.5896453857422,-89.76485443115234,-179.95040893554688,-2.2333,-2.2444,0.8862,0.4375,-0.0108,0.0018,1.0439,0.3729,-0.0876,0.2822,-0.007,0.0012,-0.8972,-2.2979,-2.1738,0.4375,-0.0108,0.0018,0.0918,0.3978,1.0346,0.2822,-0.007,0.0012,,,,,19.6,moving
2026-09-21T09:27:19.756+09:00,TRIAL_02_TEST_P01,TEST_P01,SOFT_GRIP_ENTRY,,673.0948486328125,60.379817962646484,486.86529541015625,178.5896453857422,-89.76485443115234,-179.95040893554688,-2.2333,-2.2444,0.8862,0.4375,-0.0108,0.0018,1.0439,0.3729,-0.0876,0.2822,-0.007,0.0012,-0.7726,-2.3692,-2.0582,0.4314,-0.0106,0.0018,0.2163,0.3266,1.1502,0.2761,-0.0068,0.0012,1.0439,-0.178,,,19.1,moving
2026-09-21T09:27:19.813+09:00,TRIAL_02_TEST_P01,TEST_P01,SOFT_GRIP_ENTRY,,673.0960693359375,60.380043029785156,486.8629150390625,178.5896453857422,-89.76505279541016,-179.95030212402344,-2.119,-2.3184,0.7621,0.4314,-0.0106,0.0018,1.1582,0.2989,-0.2117,0.2761,-0.0068,0.0012,-0.7726,-2.3692,-2.0582,0.4314,-0.0106,0.0018,0.2163,0.3266,1.1502,0.2761,-0.0068,0.0012,1.1582,-0.1768,,,18.6,moving
2026-09-21T09:27:19.868+09:00,TRIAL_02_TEST_P01,TEST_P01,SOFT_GRIP_ENTRY,,673.13720703125,60.388057708740234,486.7870788574219,178.58984375,-89.77131652832031,-179.95248413085938,-2.3851,-2.4222,1.0698,0.4412,-0.0109,0.0018,0.8921,0.1951,0.096,0.2859,-0.0071,0.0012,-1.0813,-2.4793,-2.3204,0.4412,-0.0109,0.0018,-0.0924,0.2165,0.888,0.2859,-0.0071,0.0012,0.8921,-0.1356,,,18.4,moving
2026-09-21T09:27:19.925+09:00,TRIAL_02_TEST_P01,TEST_P01,SOFT_GRIP_ENTRY,,673.2802124023438,60.4256477355957,486.559814453125,178.59226989746094,-89.78938293457031,-179.96670532226562,-2.3851,-2.4222,1.0698,0.4412,-0.0109,0.0018,0.8921,0.1951,0.096,0.2859,-0.0071,0.0012,-1.0813,-2.4793,-2.3204,0.4412,-0.0109,0.0018,-0.0924,0.2165,0.888,0.2859,-0.0071,0.0012,0.8921,0.0074,,,18.2,moving
2026-09-21T09:27:19.981+09:00,TRIAL_02_TEST_P01,TEST_P01,SOFT_GRIP_ENTRY,,673.5802612304688,60.45021057128906,486.3181457519531,178.5948028564453,-89.81044006347656,-179.97921752929688,-4.0907,-2.6337,1.4384,0.4432,-0.0109,0.0017,-0.8135,-0.0164,0.4646,0.2879,-0.0071,0.0011,-1.4533,-2.7327,-4.0199,0.4432,-0.0109,0.0017,-0.4644,-0.0369,-0.8116,0.2879,-0.0071,0.0011,0.8135,0.3074,,,18.2,moving
2026-09-21T09:27:20.037+09:00,TRIAL_02_TEST_P01,TEST_P01,SOFT_GRIP_ENTRY,,674.0820922851562,60.46658706665039,486.4134216308594,178.5958251953125,-89.80397033691406,-179.97325134277344,-4.0907,-2.6337,1.4384,0.4432,-0.0109,0.0017,-0.8135,-0.0164,0.4646,0.2879,-0.0071,0.0011,-1.4533,-2.7327,-4.0199,0.4432,-0.0109,0.0017,-0.4644,-0.0369,-0.8116,0.2879,-0.0071,0.0011,0.8135,0.8093,,,18.2,moving
2026-09-21T09:27:20.092+09:00,TRIAL_02_TEST_P01,TEST_P01,SOFT_GRIP_ENTRY,,674.6502685546875,60.47238540649414,486.44561767578125,178.5958251953125,-89.80245971679688,-179.96365356445312,-4.6498,-2.7887,1.3565,0.3226,-0.0079,0.0011,-1.3726,-0.1714,0.3827,0.1673,-0.0041,0.0005,-1.3736,-2.9011,-4.5754,0.3226,-0.0079,0.0011,-0.3847,-0.2053,-1.367,0.1673,-0.0041,0.0005,1.3726,1.3774,,,18.2,moving
2026-09-21T09:27:20.147+09:00,TRIAL_02_TEST_P01,TEST_P01,SOFT_GRIP_ENTRY,,675.208251953125,60.484745025634766,486.44537353515625,178.59671020507812,-89.80347442626953,-179.9618377685547,-4.6498,-2.7887,1.3565,0.3226,-0.0079,0.0011,-1.3726,-0.1714,0.3827,0.1673,-0.0041,0.0005,-1.3736,-2.9011,-4.5754,0.3226,-0.0079,0.0011,-0.3847,-0.2053,-1.367,0.1673,-0.0041,0.0005,1.3726,1.9354,,,18.2,moving
2026-09-21T09:27:20.202+09:00,TRIAL_02_TEST_P01,TEST_P01,SOFT_GRIP_ENTRY,,675.77880859375,60.50434875488281,486.5059509277344,178.59860229492188,-89.79888916015625,-179.95782470703125,-4.5833,-2.9937,1.5953,0.3074,-0.0075,0.0011,-1.306,-0.3764,0.6215,0.1521,-0.0037,0.0005,-1.613,-3.1039,-4.503,0.3074,-0.0075,0.0011,-0.6241,-0.4082,-1.2947,0.1521,-0.0037,0.0005,1.306,2.506,,,18.2,moving
2026-09-21T09:27:20.258+09:00,TRIAL_02_TEST_P01,TEST_P01,SOFT_GRIP_ENTRY,,676.371337890625,60.50016403198242,486.5528869628906,178.5979766845703,-89.79544067382812,-179.9541015625,-4.3793,-2.9295,1.4164,0.3102,-0.0076,0.0011,-1.1021,-0.3122,0.4426,0.1549,-0.0038,0.0005,-1.4342,-3.0347,-4.3012,0.3102,-0.0076,0.0011,-0.4453,-0.3389,-1.0928,0.1549,-0.0038,0.0005,1.1021,3.0985,,,18.1,moving
2026-09-21T09:27:20.314+09:00,TRIAL_02_TEST_P01,TEST_P01,SOFT_GRIP_ENTRY,,676.9347534179688,60.46380615234375,486.5803527832031,178.59498596191406,-89.79354095458984,-179.9592742919922,-4.3793,-2.9295,1.4164,0.3102,-0.0076,0.0011,-1.1021,-0.3122,0.4426,0.1549,-0.0038,0.0005,-1.4342,-3.0347,-4.3012,0.3102,-0.0076,0.0011,-0.4453,-0.3389,-1.0928,0.1549,-0.0038,0.0005,1.1021,3.6619,,,18.1,moving
2026-09-21T09:27:20.369+09:00,TRIAL_02_TEST_P01,TEST_P01,SOFT_GRIP_ENTRY,,677.4942016601562,60.452239990234375,486.6543273925781,178.59434509277344,-89.78742218017578,-179.95741271972656,-4.5612,-2.6684,1.6306,0.3149,-0.0077,0.0011,-1.284,-0.051,0.6568,0.1596,-0.0039,0.0005,-1.6491,-2.7783,-4.4884,0.3149,-0.0077,0.0011,-0.6602,-0.0825,-1.28,0.1596,-0.0039,0.0005,1.284,4.2214,,,18.1,moving
2026-09-21T09:27:20.426+09:00,TRIAL_02_TEST_P01,TEST_P01,SOFT_GRIP_ENTRY,,678.0789794921875,60.47453308105469,486.68194580078125,178.59584045410156,-89.78523254394531,-179.95489501953125,-4.5612,-2.6684,1.6306,0.3149,-0.0077,0.0011,-1.284,-0.051,0.6568,0.1596,-0.0039,0.0005,-1.6491,-2.7783,-4.4884,0.3149,-0.0077,0.0011,-0.6602,-0.0825,-1.28,0.1596,-0.0039,0.0005,1.284,4.8062,,,18.1,moving
2026-09-21T09:27:20.481+09:00,TRIAL_02_TEST_P01,TEST_P01,SOFT_GRIP_ENTRY,,678.6461791992188,60.48320007324219,486.7565002441406,178.59620666503906,-89.77920532226562,-179.95501708984375,-4.8223,-2.4486,1.4027,0.308,-0.0076,0.0012,-1.5451,0.1687,0.4289,0.1528,-0.0038,0.0006,-1.423,-2.5649,-4.7554,0.308,-0.0076,0.0012,-0.4341,0.1309,-1.547,0.1528,-0.0038,0.0006,1.5451,5.3734,,,18.1,moving
2026-09-21T09:27:20.536+09:00,TRIAL_02_TEST_P01,TEST_P01,SOFT_GRIP_ENTRY,,679.1903076171875,60.4613037109375,486.8214111328125,178.5944061279297,-89.77351379394531,-179.95025634765625,-4.8223,-2.4486,1.4027,0.308,-0.0076,0.0012,-1.5451,0.1687,0.4289,0.1528,-0.0038,0.0006,-1.423,-2.5649,-4.7554,0.308,-0.0076,0.0012,-0.4341,0.1309,-1.547,0.1528,-0.0038,0.0006,1.5451,5.9175,,,18.1,moving
2026-09-21T09:27:20.592+09:00,TRIAL_02_TEST_P01,TEST_P01,SOFT_GRIP_ENTRY,,679.75146484375,60.433223724365234,486.8520202636719,178.59182739257812,-89.77091217041016,-179.94784545898438,-4.781,-2.2409,1.6148,0.3123,-0.0077,0.0012,-1.5038,0.3764,0.641,0.157,-0.0039,0.0006,-1.6354,-2.3562,-4.7182,0.3123,-0.0077,0.0012,-0.6465,0.3396,-1.5098,0.157,-0.0039,0.0006,1.5038,6.4786,,,18.1,moving
2026-09-21T09:27:20.647+09:00,TRIAL_02_TEST_P01,TEST_P01,SOFT_GRIP_ENTRY,,680.303955078125,60.43583297729492,486.8997497558594,178.5920867919922,-89.76702880859375,-179.95103454589844,-4.781,-2.2409,1.6148,0.3123,-0.0077,0.0012,-1.5038,0.3764,0.641,0.157,-0.0039,0.0006,-1.6354,-2.3562,-4.7182,0.3123,-0.0077,0.0012,-0.6465,0.3396,-1.5098,0.157,-0.0039,0.0006,1.5038,7.0311,,,18.1,moving
2026-09-21T09:27:20.703+09:00,TRIAL_02_TEST_P01,TEST_P01,SOFT_GRIP_ENTRY,,680.8338623046875,60.46388244628906,486.8434753417969,178.59481811523438,-89.7713623046875,-179.94989013671875,-5.1528,-2.2451,1.5079,0.3177,-0.0078,0.0013,-1.8756,0.3723,0.5341,0.1624,-0.004,0.0007,-1.5308,-2.3697,-5.0899,0.3177,-0.0078,0.0013,-0.5419,0.3261,-1.8815,0.1624,-0.004,0.0007,1.8756,7.561,,,18.1,moving
2026-09-21T09:27:20.759+09:00,TRIAL_02_TEST_P01,TEST_P01,SOFT_GRIP_ENTRY,,681.404296875,60.48896026611328,486.8119812011719,178.5968017578125,-89.774169921875,-179.94979858398438,-5.3447,-2.2935,1.5697,0.3273,-0.008,0.0013,-2.0675,0.3238,0.5959,0.172,-0.0042,0.0007,-1.5926,-2.4223,-5.2807,0.3273,-0.008,0.0013,-0.6037,0.2735,-2.0723,0.172,-0.0042,0.0007,2.0675,8.1315,,,18.1,moving
2026-09-21T09:27:20.815+09:00,TRIAL_02_TEST_P01,TEST_P01,SOFT_GRIP_ENTRY,,681.9812622070312,60.49270248413086,486.8657531738281,178.59698486328125,-89.7699966430664,-179.952392578125,-5.3447,-2.2935,1.5697,0.3273,-0.008,0.0013,-2.0675,0.3238,0.5959,0.172,-0.0042,0.0007,-1.5926,-2.4223,-5.2807,0.3273,-0.008,0.0013,-0.6037,0.2735,-2.0723,0.172,-0.0042,0.0007,2.0675,8.7084,,,18.1,moving
2026-09-21T09:27:20.871+09:00,TRIAL_02_TEST_P01,TEST_P01,SOFT_GRIP_ENTRY,,682.5421142578125,60.460514068603516,486.94195556640625,178.59463500976562,-89.76359558105469,-179.9501495361328,-5.3194,-2.2717,1.7239,0.3359,-0.0082,0.0013,-2.0422,0.3456,0.7501,0.1806,-0.0044,0.0007,-1.7473,-2.3999,-5.2551,0.3359,-0.0082,0.0013,-0.7584,0.2959,-2.0467,0.1806,-0.0044,0.0007,2.0422,9.2693,,,18.1,moving
2026-09-21T09:27:20.928+09:00,TRIAL_02_TEST_P01,TEST_P01,SOFT_GRIP_ENTRY,,683.11767578125,60.43603515625,486.9157409667969,178.5925750732422,-89.76573181152344,-179.94798278808594,-5.3194,-2.2717,1.7239,0.3359,-0.0082,0.0013,-2.0422,0.3456,0.7501,0.1806,-0.0044,0.0007,-1.7473,-2.3999,-5.2551,0.3359,-0.0082,0.0013,-0.7584,0.2959,-2.0467,0.1806,-0.0044,0.0007,2.0422,9.8448,,,18.1,moving
2026-09-21T09:27:20.984+09:00,TRIAL_02_TEST_P01,TEST_P01,SOFT_GRIP_ENTRY,,683.69091796875,60.44972610473633,486.8209228515625,178.59347534179688,-89.77362060546875,-179.95440673828125,-5.8047,-2.4841,1.5552,0.3279,-0.0081,0.0013,-2.5274,0.1333,0.5814,0.1726,-0.0043,0.0007,-1.5808,-2.6245,-5.7355,0.3279,-0.0081,0.0013,-0.5919,0.0713,-2.5271,0.1726,-0.0043,0.0007,2.5274,10.4181,,,18.1,moving
2026-09-21T09:27:21.039+09:00,TRIAL_02_TEST_P01,TEST_P01,SOFT_GRIP_ENTRY,,684.2528076171875,60.464927673339844,486.834716796875,178.5948028564453,-89.77227783203125,-179.95364379882812,-5.8047,-2.4841,1.5552,0.3279,-0.0081,0.0013,-2.5274,0.1333,0.5814,0.1726,-0.0043,0.0007,-1.5808,-2.6245,-5.7355,0.3279,-0.0081,0.0013,-0.5919,0.0713,-2.5271,0.1726,-0.0043,0.0007,2.5274,10.98,,,18.1,moving
2026-09-21T09:27:21.094+09:00,TRIAL_02_TEST_P01,TEST_P01,SOFT_GRIP_ENTRY,,684.8077392578125,60.46188735961914,486.90008544921875,178.59432983398438,-89.76692199707031,-179.948974609375,-5.673,-2.4083,1.9019,0.3299,-0.0081,0.0013,-2.3958,0.209,0.9281,0.1747,-0.0043,0.0007,-1.9264,-2.5451,-5.6046,0.3299,-0.0081,0.0013,-0.9375,0.1507,-2.3962,0.1747,-0.0043,0.0007,2.3958,11.5349,,,18.1,moving
2026-09-21T09:27:21.152+09:00,TRIAL_02_TEST_P01,TEST_P01,SOFT_GRIP_ENTRY,,685.377197265625,60.42860412597656,486.7989501953125,178.59149169921875,-89.7752685546875,-179.95175170898438,-5.673,-2.4083,1.9019,0.3299,-0.0081,0.0013,-2.3958,0.209,0.9281,0.1747,-0.0043,0.0007,-1.9264,-2.5451,-5.6046,0.3299,-0.0081,0.0013,-0.9375,0.1507,-2.3962,0.1747,-0.0043,0.0007,2.3958,12.1044,,,18.1,moving
2026-09-21T09:27:21.207+09:00,TRIAL_02_TEST_P01,TEST_P01,SOFT_GRIP_ENTRY,,685.9307861328125,60.39653396606445,486.82623291015625,178.58897399902344,-89.7724838256836,-179.95089721679688,-6.1199,-2.2774,2.065,0.3357,-0.0082,0.0013,-2.8427,0.3399,1.0912,0.1805,-0.0044,0.0007,-2.0908,-2.4254,-6.0539,0.3357,-0.0082,0.0013,-1.1019,0.2703,-2.8455,0.1805,-0.0044,0.0007,2.8427,12.658,,,18.1,moving
2026-09-21T09:27:21.264+09:00,TRIAL_02_TEST_P01,TEST_P01,SOFT_GRIP_ENTRY,,686.4804077148438,60.392799377441406,486.9372863769531,178.58880615234375,-89.7633285522461,-179.94586181640625,-6.1866,-2.2381,2.1152,0.3296,-0.0081,0.0013,-2.9094,0.3793,1.1414,0.1743,-0.0043,0.0007,-2.1428,-2.3877,-6.1208,0.3296,-0.0081,0.0013,-1.1539,0.308,-2.9124,0.1743,-0.0043,0.0007,2.9094,13.2076,,,18.1,moving
2026-09-21T09:27:21.319+09:00,TRIAL_02_TEST_P01,TEST_P01,SOFT_GRIP_ENTRY,,687.0555419921875,60.40957260131836,486.9746398925781,178.58995056152344,-89.76055145263672,-179.94589233398438,-6.1866,-2.2381,2.1152,0.3296,-0.0081,0.0013,-2.9094,0.3793,1.1414,0.1743,-0.0043,0.0007,-2.1428,-2.3877,-6.1208,0.3296,-0.0081,0.0013,-1.1539,0.308,-2.9124,0.1743,-0.0043,0.0007,2.9094,13.7827,,,18.1,moving
2026-09-21T09:27:21.376+09:00,TRIAL_02_TEST_P01,TEST_P01,SOFT_GRIP_ENTRY,,687.6279296875,60.41563415527344,486.9406433105469,178.59068298339844,-89.76321411132812,-179.95130920410156,-6.0968,-2.1545,2.1294,0.336,-0.0083,0.0014,-2.8196,0.4629,1.1555,0.1808,-0.0045,0.0008,-2.156,-2.3019,-6.0332,0.336,-0.0083,0.0014,-1.1671,0.3939,-2.8248,0.1808,-0.0045,0.0008,2.8196,14.3551,,,18.1,moving
2026-09-21T09:27:21.432+09:00,TRIAL_02_TEST_P01,TEST_P01,SOFT_GRIP_ENTRY,,688.1666259765625,60.39164352416992,486.91778564453125,178.5890350341797,-89.76493835449219,-179.94949340820312,-6.0968,-2.1545,2.1294,0.336,-0.0083,0.0014,-2.8196,0.4629,1.1555,0.1808,-0.0045,0.0008,-2.156,-2.3019,-6.0332,0.336,-0.0083,0.0014,-1.1671,0.3939,-2.8248,0.1808,-0.0045,0.0008,2.8196,14.8938,,,18.1,moving
2026-09-21T09:27:21.488+09:00,TRIAL_02_TEST_P01,TEST_P01,SOFT_GRIP_ENTRY,,688.736572265625,60.37112045288086,486.9273986816406,178.5872039794922,-89.76445770263672,-179.9478759765625,-6.2881,-2.1845,2.2419,0.3375,-0.0083,0.0014,-3.0109,0.4328,1.2681,0.1822,-0.0045,0.0008,-2.2697,-2.3367,-6.223,0.3375,-0.0083,0.0014,-1.2808,0.359,-3.0147,0.1822,-0.0045,0.0008,3.0109,15.4637,,,18.1,moving
2026-09-21T09:27:21.543+09:00,TRIAL_02_TEST_P01,TEST_P01,SOFT_GRIP_ENTRY,,689.3042602539062,60.38591384887695,486.9512939453125,178.5882110595703,-89.76241302490234,-179.952392578125,-6.2881,-2.1845,2.2419,0.3375,-0.0083,0.0014,-3.0109,0.4328,1.2681,0.1822,-0.0045,0.0008,-2.2697,-2.3367,-6.223,0.3375,-0.0083,0.0014,-1.2808,0.359,-3.0147,0.1822,-0.0045,0.0008,3.0109,16.0314,,,18.1,moving
2026-09-21T09:27:21.600+09:00,TRIAL_02_TEST_P01,TEST_P01,SOFT_GRIP_ENTRY,,689.8414306640625,60.41577911376953,486.90338134765625,178.5911407470703,-89.76618194580078,-179.95315551757812,-6.3878,-2.2104,2.42,0.3368,-0.0083,0.0014,-3.1106,0.407,1.4462,0.1815,-0.0045,0.0008,-2.448,-2.365,-6.3214,0.3368,-0.0083,0.0014,-1.4591,0.3308,-3.113,0.1815,-0.0045,0.0008,3.1106,16.5686,,,18.1,moving
2026-09-21T09:27:21.655+09:00,TRIAL_02_TEST_P01,TEST_P01,SOFT_GRIP_ENTRY,,690.3842163085938,60.43645095825195,486.9041748046875,178.59300231933594,-89.76607513427734,-179.9499053955078,-6.3878,-2.2104,2.42,0.3368,-0.0083,0.0014,-3.1106,0.407,1.4462,0.1815,-0.0045,0.0008,-2.448,-2.365,-6.3214,0.3368,-0.0083,0.0014,-1.4591,0.3308,-3.113,0.1815,-0.0045,0.0008,3.1106,17.1114,,,18.1,moving
2026-09-21T09:27:21.710+09:00,TRIAL_02_TEST_P01,TEST_P01,SOFT_GRIP_ENTRY,,690.9475708007812,60.43524169921875,486.9336853027344,178.5926055908203,-89.76365661621094,-179.94973754882812,-7.1124,-2.2341,2.7516,0.3409,-0.0084,0.0014,-3.8352,0.3832,1.7778,0.1856,-0.0046,0.0008,-2.7825,-2.4057,-7.0441,0.3409,-0.0084,0.0014,-1.7936,0.2901,-3.8357,0.1856,-0.0046,0.0008,3.8352,17.6747,,,18.1,moving
2026-09-21T09:27:21.766+09:00,TRIAL_02_TEST_P01,TEST_P01,SOFT_GRIP_ENTRY,,691.5040283203125,60.39780807495117,487.0010986328125,178.58963012695312,-89.75791931152344,-179.9524688720703,-7.136,-2.1974,2.6069,0.3392,-0.0083,0.0014,-3.8588,0.42,1.6331,0.1839,-0.0045,0.0008,-2.6389,-2.3701,-7.0687,0.3392,-0.0083,0.0014,-1.65,0.3257,-3.8603,0.1839,-0.0045,0.0008,3.8588,18.2312,,,18.1,moving
2026-09-21T09:27:21.821+09:00,TRIAL_02_TEST_P01,TEST_P01,SOFT_GRIP_ENTRY,,692.0501098632812,60.37821578979492,487.025634765625,178.58799743652344,-89.7557373046875,-179.94839477539062,-7.136,-2.1974,2.6069,0.3392,-0.0083,0.0014,-3.8588,0.42,1.6331,0.1839,-0.0045,0.0008,-2.6389,-2.3701,-7.0687,0.3392,-0.0083,0.0014,-1.65,0.3257,-3.8603,0.1839,-0.0045,0.0008,3.8588,18.7773,,,18.1,moving
2026-09-21T09:27:21.876+09:00,TRIAL_02_TEST_P01,TEST_P01,SOFT_GRIP_ENTRY,,692.6019287109375,60.38401794433594,486.95733642578125,178.58831787109375,-89.76139068603516,-179.94625854492188,-7.3662,-2.099,2.8588,0.3293,-0.0081,0.0014,-4.089,0.5184,1.885,0.174,-0.0043,0.0008,-2.8914,-2.2772,-7.3003,0.3293,-0.0081,0.0014,-1.9025,0.4186,-4.0919,0.174,-0.0043,0.0008,4.089,19.3291,,,18.1,moving
2026-09-21T09:27:21.932+09:00,TRIAL_02_TEST_P01,TEST_P01,SOFT_GRIP_ENTRY,,693.1641845703125,60.40895462036133,486.9731140136719,178.59046936035156,-89.76023864746094,-179.94845581054688,-7.3662,-2.099,2.8588,0.3293,-0.0081,0.0014,-4.089,0.5184,1.885,0.174,-0.0043,0.0008,-2.8914,-2.2772,-7.3003,0.3293,-0.0081,0.0014,-1.9025,0.4186,-4.0919,0.174,-0.0043,0.0008,4.089,19.8914,,,18.1,moving
2026-09-21T09:27:21.987+09:00,TRIAL_02_TEST_P01,TEST_P01,SOFT_GRIP_ENTRY,,693.7075805664062,60.429298400878906,486.9560241699219,178.59254455566406,-89.76150512695312,-179.95191955566406,-7.609,-2.0745,2.7902,0.326,-0.008,0.0014,-4.3318,0.5428,1.8164,0.1707,-0.0042,0.0008,-2.8239,-2.2585,-7.5439,0.326,-0.008,0.0014,-1.835,0.4373,-4.3355,0.1707,-0.0042,0.0008,4.3318,20.4348,,,18.1,moving
2026-09-21T09:27:22.042+09:00,TRIAL_02_TEST_P01,TEST_P01,SOFT_GRIP_ENTRY,,694.2705688476562,60.42072296142578,486.8667907714844,178.5917510986328,-89.7687759399414,-179.95021057128906,-7.609,-2.0745,2.7902,0.326,-0.008,0.0014,-4.3318,0.5428,1.8164,0.1707,-0.0042,0.0008,-2.8239,-2.2585,-7.5439,0.326,-0.008,0.0014,-1.835,0.4373,-4.3355,0.1707,-0.0042,0.0008,4.3318,20.9977,,,18.1,moving
2026-09-21T09:27:22.098+09:00,TRIAL_02_TEST_P01,TEST_P01,SOFT_GRIP_ENTRY,,694.84423828125,60.40039825439453,486.8545837402344,178.58987426757812,-89.7698974609375,-179.94931030273438,-7.8043,-2.0371,3.059,0.321,-0.0079,0.0013,-4.5271,0.5803,2.0852,0.1657,-0.0041,0.0007,-3.0919,-2.2257,-7.7396,0.321,-0.0079,0.0013,-2.103,0.4701,-4.5312,0.1657,-0.0041,0.0007,4.5271,21.5714,,,18.1,moving
2026-09-21T09:27:22.155+09:00,TRIAL_02_TEST_P01,TEST_P01,SOFT_GRIP_ENTRY,,695.419921875,60.39681625366211,486.8960876464844,178.58956909179688,-89.76644897460938,-179.95254516601562,-7.8043,-2.0371,3.059,0.321,-0.0079,0.0013,-4.5271,0.5803,2.0852,0.1657,-0.0041,0.0007,-3.0919,-2.2257,-7.7396,0.321,-0.0079,0.0013,-2.103,0.4701,-4.5312,0.1657,-0.0041,0.0007,4.5271,22.1471,,,18.1,moving
2026-09-21T09:27:22.212+09:00,TRIAL_02_TEST_P01,TEST_P01,SOFT_GRIP_ENTRY,,695.9982299804688,60.4156379699707,486.9024963378906,178.59097290039062,-89.76565551757812,-179.95513916015625,-8.0447,-1.9372,3.2543,0.3218,-0.0079,0.0013,-4.7675,0.6801,2.2805,0.1665,-0.0041,0.0007,-3.2887,-2.1319,-7.9812,0.3218,-0.0079,0.0013,-2.2998,0.5639,-4.7729,0.1665,-0.0041,0.0007,4.7675,22.7254,,,18.1,moving
2026-09-21T09:27:22.268+09:00,TRIAL_02_TEST_P01,TEST_P01,SOFT_GRIP_ENTRY,,696.5637817382812,60.43731689453125,486.8551025390625,178.59251403808594,-89.76944732666016,-179.95213317871094,-7.9584,-2.0047,3.2412,0.3219,-0.0079,0.0013,-4.6812,0.6126,2.2674,0.1666,-0.0041,0.0007,-3.2751,-2.1969,-7.8936,0.3219,-0.0079,0.0013,-2.2861,0.4988,-4.6852,0.1666,-0.0041,0.0007,4.6812,23.291,,,18.1,moving
2026-09-21T09:27:22.324+09:00,TRIAL_02_TEST_P01,TEST_P01,SOFT_GRIP_ENTRY,,697.088623046875,60.4375,486.8514099121094,178.59259033203125,-89.76982116699219,-179.94833374023438,-7.9584,-2.0047,3.2412,0.3219,-0.0079,0.0013,-4.6812,0.6126,2.2674,0.1666,-0.0041,0.0007,-3.2751,-2.1969,-7.8936,0.3219,-0.0079,0.0013,-2.2861,0.4988,-4.6852,0.1666,-0.0041,0.0007,4.6812,23.8158,,,18.1,moving
2026-09-21T09:27:22.379+09:00,TRIAL_02_TEST_P01,TEST_P01,SOFT_GRIP_ENTRY,,697.5322875976562,60.40644073486328,486.8868408203125,178.590576171875,-89.76673126220703,-179.95025634765625,-7.8886,-1.9497,3.4952,0.3298,-0.0081,0.0013,-4.6114,0.6676,2.5214,0.1745,-0.0043,0.0007,-3.5288,-2.1399,-7.8241,0.3298,-0.0081,0.0013,-2.5399,0.5559,-4.6157,0.1745,-0.0043,0.0007,4.6114,24.2595,,,18.1,moving
2026-09-21T09:27:23.434+09:00,TRIAL_02_TEST_P01,TEST_P01,SOFT_GRIP_ENTRY,SOFT_GRIP_STABILIZATION_END,698.1563720703125,60.34410095214844,486.783935546875,178.58587646484375,-89.77166748046875,-179.9477081298828,-7.3996,-1.7903,3.6685,0.3956,-0.0098,0.0016,0.0,0.0,0.0,0.0,0.0,0.0,-3.6995,-1.969,-7.3386,0.3956,-0.0098,0.0016,0.0,0.0,0.0,0.0,0.0,0.0,,,,,18.1,moving
2026-09-21T09:27:23.578+09:00,TRIAL_02_TEST_P01,TEST_P01,HARD_GRIP,HARD_GRIP_COMMAND,698.1478271484375,60.344295501708984,486.8011779785156,178.5859375,-89.7702407836914,-179.94789123535156,-7.2723,-1.7479,3.7213,0.4583,-0.0113,0.0018,0.0,0.0,0.0,0.0,0.0,0.0,-3.752,-1.9234,-7.212,0.4583,-0.0113,0.0018,0.0,0.0,0.0,0.0,0.0,0.0,,,,,17.9,moving
2026-09-21T09:27:24.581+09:00,TRIAL_02_TEST_P01,TEST_P01,HARD_GRIP,HARD_GRIP_STABILIZATION_END,698.0957641601562,60.36894226074219,486.9003601074219,178.58847045898438,-89.76221466064453,-179.94961547851562,-6.3877,-1.7846,3.0618,0.5665,-0.014,0.0024,0.0,0.0,0.0,0.0,0.0,0.0,-3.0898,-1.9387,-6.3291,0.5665,-0.014,0.0024,0.0,0.0,0.0,0.0,0.0,0.0,,,,,16.6,moving
2026-09-21T09:27:24.614+09:00,TRIAL_02_TEST_P01,TEST_P01,PULL_TEST,,698.0950317382812,60.37004089355469,486.9015808105469,178.58856201171875,-89.76212310791016,-179.94960021972656,-6.3877,-1.7846,3.0618,0.5665,-0.014,0.0024,0.0,0.0,0.0,0.0,0.0,0.0,-3.0898,-1.9387,-6.3291,0.5665,-0.014,0.0024,0.0,0.0,0.0,0.0,0.0,0.0,,,0.0,0.0007,16.6,moving
2026-09-21T09:27:24.669+09:00,TRIAL_02_TEST_P01,TEST_P01,PULL_TEST,,698.0911254882812,60.37180709838867,486.907470703125,178.58876037597656,-89.76165008544922,-179.9496612548828,-6.2754,-1.7178,2.9745,0.5675,-0.014,0.0024,0.1123,0.0668,-0.0873,0.001,-0.0,0.0,-3.002,-1.8692,-6.2188,0.5675,-0.014,0.0024,0.0878,0.0695,0.1103,0.001,-0.0,0.0,,,0.1123,0.0046,16.6,moving
2026-09-21T09:27:24.726+09:00,TRIAL_02_TEST_P01,TEST_P01,PULL_TEST,,698.036865234375,60.37294387817383,487.00750732421875,178.58953857421875,-89.75366973876953,-179.9477996826172,-6.2754,-1.7178,2.9745,0.5675,-0.014,0.0024,0.1123,0.0668,-0.0873,0.001,-0.0,0.0,-3.002,-1.8692,-6.2188,0.5675,-0.014,0.0024,0.0878,0.0695,0.1103,0.001,-0.0,0.0,,,0.1123,0.0589,16.6,moving
2026-09-21T09:27:24.782+09:00,TRIAL_02_TEST_P01,TEST_P01,PULL_TEST,,697.87255859375,60.37091064453125,487.2275390625,178.58961486816406,-89.73596954345703,-179.93902587890625,-5.2954,-1.6925,2.7223,0.5616,-0.0138,0.0024,1.0924,0.0921,-0.3395,-0.0049,0.0001,0.0001,-2.7476,-1.8195,-5.2399,0.5616,-0.0138,0.0024,0.3422,0.1192,1.0892,-0.0049,0.0001,0.0001,,,1.0924,0.2232,16.6,moving
2026-09-21T09:27:24.837+09:00,TRIAL_02_TEST_P01,TEST_P01,PULL_TEST,,697.5841674804688,60.3571662902832,487.34130859375,178.5875701904297,-89.72550964355469,-179.93746948242188,-5.2954,-1.6925,2.7223,0.5616,-0.0138,0.0024,1.0924,0.0921,-0.3395,-0.0049,0.0001,0.0001,-2.7476,-1.8195,-5.2399,0.5616,-0.0138,0.0024,0.3422,0.1192,1.0892,-0.0049,0.0001,0.0001,,,1.0924,0.5116,16.6,moving
2026-09-21T09:27:24.892+09:00,TRIAL_02_TEST_P01,TEST_P01,PULL_TEST,,697.1170043945312,60.339378356933594,487.4218444824219,178.58628845214844,-89.71807098388672,-179.93585205078125,-4.064,-1.8072,1.9691,0.5486,-0.0135,0.0026,2.3238,-0.0226,-1.0927,-0.0179,0.0004,0.0002,-1.9909,-1.9047,-4.0085,0.5486,-0.0135,0.0026,1.099,0.0341,2.3206,-0.0179,0.0004,0.0002,,,2.3238,0.9788,16.6,moving
2026-09-21T09:27:24.948+09:00,TRIAL_02_TEST_P01,TEST_P01,PULL_TEST,,696.5484619140625,60.33885955810547,487.356201171875,178.58651733398438,-89.72268676757812,-179.93577575683594,-4.064,-1.8072,1.9691,0.5486,-0.0135,0.0026,2.3238,-0.0226,-1.0927,-0.0179,0.0004,0.0002,-1.9909,-1.9047,-4.0085,0.5486,-0.0135,0.0026,1.099,0.0341,2.3206,-0.0179,0.0004,0.0002,,,2.3238,1.5473,16.6,moving
2026-09-21T09:27:25.003+09:00,TRIAL_02_TEST_P01,TEST_P01,PULL_TEST,,695.9957275390625,60.34840393066406,487.2786560058594,178.58729553222656,-89.72827911376953,-179.9384002685547,-4.0857,-1.9196,1.619,0.6036,-0.0149,0.0029,2.302,-0.135,-1.4428,0.0371,-0.0009,0.0006,-1.6406,-2.018,-4.0293,0.6036,-0.0149,0.0029,1.4492,-0.0793,2.2997,0.0371,-0.0009,0.0006,,,2.302,2.1,16.6,moving
2026-09-21T09:27:25.058+09:00,TRIAL_02_TEST_P01,TEST_P01,PULL_TEST,,695.4336547851562,60.328521728515625,487.2666015625,178.5857696533203,-89.72879028320312,-179.9435272216797,-4.503,-1.9419,1.897,0.6941,-0.0171,0.0033,1.8847,-0.1573,-1.1649,0.1277,-0.0032,0.0009,-1.92,-2.0506,-4.4447,0.6941,-0.0171,0.0033,1.1698,-0.1119,1.8844,0.1277,-0.0032,0.0009,,,1.8847,2.6621,16.6,moving
2026-09-21T09:27:25.113+09:00,TRIAL_02_TEST_P01,TEST_P01,PULL_TEST,,694.8585205078125,60.30248260498047,487.22760009765625,178.58370971679688,-89.73173522949219,-179.9430694580078,-4.503,-1.9419,1.897,0.6941,-0.0171,0.0033,1.8847,-0.1573,-1.1649,0.1277,-0.0032,0.0009,-1.92,-2.0506,-4.4447,0.6941,-0.0171,0.0033,1.1698,-0.1119,1.8844,0.1277,-0.0032,0.0009,,,1.8847,3.2372,16.6,moving
2026-09-21T09:27:25.169+09:00,TRIAL_02_TEST_P01,TEST_P01,PULL_TEST,,694.2837524414062,60.29364776611328,487.13372802734375,178.5830078125,-89.73931121826172,-179.94082641601562,-4.2489,-1.9291,1.9843,0.7696,-0.019,0.0036,2.1388,-0.1445,-1.0776,0.2031,-0.0051,0.0012,-2.0057,-2.0315,-4.1907,0.7696,-0.019,0.0036,1.0842,-0.0928,2.1383,0.2031,-0.0051,0.0012,,,2.1388,3.812,16.6,moving
2026-09-21T09:27:25.226+09:00,TRIAL_02_TEST_P01,TEST_P01,PULL_TEST,,693.7049560546875,60.313602447509766,487.0519104003906,178.5850067138672,-89.7457504272461,-179.94143676757812,-4.2489,-1.9291,1.9843,0.7696,-0.019,0.0036,2.1388,-0.1445,-1.0776,0.2031,-0.0051,0.0012,-2.0057,-2.0315,-4.1907,0.7696,-0.019,0.0036,1.0842,-0.0928,2.1383,0.2031,-0.0051,0.0012,,,2.1388,4.3908,16.6,moving
2026-09-21T09:27:25.281+09:00,TRIAL_02_TEST_P01,TEST_P01,PULL_TEST,,693.12646484375,60.34192657470703,487.1441650390625,178.58761596679688,-89.73834991455078,-179.94354248046875,-4.039,-1.9512,2.3103,0.8016,-0.0198,0.0036,2.3488,-0.1666,-0.7516,0.2351,-0.0058,0.0012,-2.3301,-2.048,-3.9792,0.8016,-0.0198,0.0036,0.7597,-0.1092,2.3499,0.2351,-0.0058,0.0012,,,2.3488,4.9693,16.6,moving
2026-09-21T09:27:25.337+09:00,TRIAL_02_TEST_P01,TEST_P01,PULL_TEST,,692.576904296875,60.34187698364258,487.09423828125,178.58761596679688,-89.74263763427734,-179.9449462890625,-4.039,-1.9512,2.3103,0.8016,-0.0198,0.0036,2.3488,-0.1666,-0.7516,0.2351,-0.0058,0.0012,-2.3301,-2.048,-3.9792,0.8016,-0.0198,0.0036,0.7597,-0.1092,2.3499,0.2351,-0.0058,0.0012,,,2.3488,5.5189,16.6,moving
2026-09-21T09:27:25.393+09:00,TRIAL_02_TEST_P01,TEST_P01,PULL_TEST,,692.026123046875,60.32176208496094,486.97882080078125,178.58587646484375,-89.75213623046875,-179.94432067871094,-3.7907,-2.043,2.4,0.8269,-0.0204,0.0037,2.597,-0.2584,-0.6618,0.2605,-0.0064,0.0014,-2.4186,-2.1336,-3.7285,0.8269,-0.0204,0.0037,0.6712,-0.1949,2.6005,0.2605,-0.0064,0.0014,,,2.597,6.0696,16.6,moving
2026-09-21T09:27:25.448+09:00,TRIAL_02_TEST_P01,TEST_P01,PULL_TEST,,691.458984375,60.30931091308594,486.97515869140625,178.58535766601562,-89.75233459472656,-179.9452362060547,-3.7907,-2.043,2.4,0.8269,-0.0204,0.0037,2.597,-0.2584,-0.6618,0.2605,-0.0064,0.0014,-2.4186,-2.1336,-3.7285,0.8269,-0.0204,0.0037,0.6712,-0.1949,2.6005,0.2605,-0.0064,0.0014,,,2.597,6.6368,16.6,moving
2026-09-21T09:27:25.504+09:00,TRIAL_02_TEST_P01,TEST_P01,PULL_TEST,,690.8897094726562,60.31534957885742,486.994873046875,178.58592224121094,-89.7506103515625,-179.94967651367188,-3.6451,-2.0645,2.5863,0.8502,-0.021,0.0037,2.7426,-0.2799,-0.4756,0.2837,-0.007,0.0014,-2.6039,-2.1514,-3.5818,0.8502,-0.021,0.0037,0.4859,-0.2127,2.7473,0.2837,-0.007,0.0014,,,2.7426,7.2061,16.6,moving
2026-09-21T09:27:25.560+09:00,TRIAL_02_TEST_P01,TEST_P01,PULL_TEST,,690.345458984375,60.343116760253906,486.925048828125,178.58778381347656,-89.75618743896484,-179.9503936767578,-3.3431,-2.1209,2.5765,0.8815,-0.0218,0.0038,3.0446,-0.3363,-0.4853,0.315,-0.0078,0.0015,-2.5924,-2.2004,-3.2788,0.8815,-0.0218,0.0038,0.4974,-0.2617,3.0503,0.315,-0.0078,0.0015,,,3.0446,7.7503,16.6,moving
2026-09-21T09:27:25.616+09:00,TRIAL_02_TEST_P01,TEST_P01,PULL_TEST,,689.7583618164062,60.36326217651367,486.8616943359375,178.58956909179688,-89.76109313964844,-179.94776916503906,-3.3431,-2.1209,2.5765,0.8815,-0.0218,0.0038,3.0446,-0.3363,-0.4853,0.315,-0.0078,0.0015,-2.5924,-2.2004,-3.2788,0.8815,-0.0218,0.0038,0.4974,-0.2617,3.0503,0.315,-0.0078,0.0015,,,3.0446,8.3374,16.6,moving
2026-09-21T09:27:25.671+09:00,TRIAL_02_TEST_P01,TEST_P01,PULL_TEST,,689.2000122070312,60.34960174560547,486.8915710449219,178.58863830566406,-89.75847625732422,-179.94827270507812,-3.2187,-2.1354,2.8835,0.9057,-0.0223,0.0038,3.1691,-0.3508,-0.1783,0.3393,-0.0084,0.0015,-2.8988,-2.2114,-3.153,0.9057,-0.0223,0.0038,0.191,-0.2726,3.1761,0.3393,-0.0084,0.0015,,,3.1691,8.8958,16.6,moving
2026-09-21T09:27:25.726+09:00,TRIAL_02_TEST_P01,TEST_P01,PULL_TEST,,688.6751708984375,60.32478713989258,486.871826171875,178.58615112304688,-89.76008605957031,-179.95138549804688,-3.2187,-2.1354,2.8835,0.9057,-0.0223,0.0038,3.1691,-0.3508,-0.1783,0.3393,-0.0084,0.0015,-2.8988,-2.2114,-3.153,0.9057,-0.0223,0.0038,0.191,-0.2726,3.1761,0.3393,-0.0084,0.0015,,,3.1691,9.4206,16.6,moving
2026-09-21T09:27:25.782+09:00,TRIAL_02_TEST_P01,TEST_P01,PULL_TEST,,688.1228637695312,60.30607604980469,486.8653259277344,178.5845947265625,-89.76066589355469,-179.9490966796875,-2.9311,-2.1352,2.783,0.9267,-0.0229,0.0039,3.4566,-0.3506,-0.2788,0.3603,-0.0089,0.0015,-2.7968,-2.2045,-2.8659,0.9267,-0.0229,0.0039,0.293,-0.2658,3.4632,0.3603,-0.0089,0.0015,,,3.4566,9.9729,16.6,moving
2026-09-21T09:27:25.836+09:00,TRIAL_02_TEST_P01,TEST_P01,PULL_TEST,,687.5650024414062,60.315399169921875,486.89349365234375,178.585693359375,-89.75828552246094,-179.94631958007812,-2.9311,-2.1352,2.783,0.9267,-0.0229,0.0039,3.4566,-0.3506,-0.2788,0.3603,-0.0089,0.0015,-2.7968,-2.2045,-2.8659,0.9267,-0.0229,0.0039,0.293,-0.2658,3.4632,0.3603,-0.0089,0.0015,,,3.4566,10.5308,16.6,moving
2026-09-21T09:27:25.891+09:00,TRIAL_02_TEST_P01,TEST_P01,PULL_TEST,,687.025634765625,60.34629440307617,486.8880615234375,178.58816528320312,-89.75867462158203,-179.9492950439453,-2.722,-2.1938,2.5945,0.9286,-0.0229,0.0039,3.6657,-0.4092,-0.4673,0.3621,-0.009,0.0015,-2.6078,-2.2579,-2.6562,0.9286,-0.0229,0.0039,0.482,-0.3192,3.6729,0.3621,-0.009,0.0015,,,3.6657,11.0701,16.6,moving
2026-09-21T09:27:25.947+09:00,TRIAL_02_TEST_P01,TEST_P01,PULL_TEST,,686.4594116210938,60.34941864013672,486.8643798828125,178.5884552001953,-89.76077270507812,-179.94876098632812,-2.722,-2.1938,2.5945,0.9286,-0.0229,0.0039,3.6657,-0.4092,-0.4673,0.3621,-0.009,0.0015,-2.6078,-2.2579,-2.6562,0.9286,-0.0229,0.0039,0.482,-0.3192,3.6729,0.3621,-0.009,0.0015,,,3.6657,11.6364,16.6,moving
2026-09-21T09:27:26.002+09:00,TRIAL_02_TEST_P01,TEST_P01,PULL_TEST,,685.8894653320312,60.33734130859375,486.8482360839844,178.5880126953125,-89.76213836669922,-179.94566345214844,-2.6093,-2.2718,2.6039,0.9303,-0.0229,0.0039,3.7784,-0.4872,-0.4579,0.3638,-0.009,0.0016,-2.6167,-2.333,-2.5417,0.9303,-0.0229,0.0039,0.4731,-0.3943,3.7874,0.3638,-0.009,0.0016,,,3.7784,12.2063,16.6,moving
2026-09-21T09:27:26.057+09:00,TRIAL_02_TEST_P01,TEST_P01,PULL_TEST,,685.3402709960938,60.32832336425781,486.80859375,178.58741760253906,-89.76518249511719,-179.9469451904297,-2.6756,-2.285,2.3087,0.9235,-0.0228,0.0038,3.7122,-0.5004,-0.7531,0.357,-0.0088,0.0015,-2.3216,-2.3481,-2.609,0.9235,-0.0228,0.0038,0.7682,-0.4094,3.7201,0.357,-0.0088,0.0015,,,3.7122,12.7555,16.6,moving
2026-09-21T09:27:26.112+09:00,TRIAL_02_TEST_P01,TEST_P01,PULL_TEST,,684.8047485351562,60.338111877441406,486.8419494628906,178.5878448486328,-89.76245880126953,-179.952392578125,-2.6756,-2.285,2.3087,0.9235,-0.0228,0.0038,3.7122,-0.5004,-0.7531,0.357,-0.0088,0.0015,-2.3216,-2.3481,-2.609,0.9235,-0.0228,0.0038,0.7682,-0.4094,3.7201,0.357,-0.0088,0.0015,,,3.7122,13.291,16.6,moving
2026-09-21T09:27:26.167+09:00,TRIAL_02_TEST_P01,TEST_P01,PULL_TEST,,684.235107421875,60.362667083740234,486.8716125488281,178.58998107910156,-89.7600326538086,-179.9519805908203,-2.0313,-2.3228,2.2715,0.9233,-0.0228,0.0039,4.3565,-0.5382,-0.7903,0.3568,-0.0088,0.0015,-2.2818,-2.3702,-1.9639,0.9233,-0.0228,0.0039,0.808,-0.4314,4.3652,0.3568,-0.0088,0.0015,,,4.3565,13.8607,16.6,moving
2026-09-21T09:27:26.222+09:00,TRIAL_02_TEST_P01,TEST_P01,PULL_TEST,,683.6802368164062,60.380638122558594,486.8520812988281,178.591552734375,-89.76126098632812,-179.95115661621094,-2.0313,-2.3228,2.2715,0.9233,-0.0228,0.0039,4.3565,-0.5382,-0.7903,0.3568,-0.0088,0.0015,-2.2818,-2.3702,-1.9639,0.9233,-0.0228,0.0039,0.808,-0.4314,4.3652,0.3568,-0.0088,0.0015,,,4.3565,14.4155,16.6,moving
2026-09-21T09:27:26.277+09:00,TRIAL_02_TEST_P01,TEST_P01,PULL_TEST,,683.1447143554688,60.36628341674805,486.8832702636719,178.59002685546875,-89.75862121582031,-179.95394897460938,-2.317,-2.4014,2.123,0.9268,-0.0228,0.0039,4.0708,-0.6168,-0.9388,0.3603,-0.0088,0.0015,-2.1344,-2.4559,-2.2483,0.9268,-0.0228,0.0039,0.9554,-0.5172,4.0808,0.3603,-0.0088,0.0015,,,4.0708,14.951,16.6,moving
2026-09-21T09:27:26.332+09:00,TRIAL_02_TEST_P01,TEST_P01,PULL_TEST,,682.5836181640625,60.338592529296875,486.9516906738281,178.58787536621094,-89.75310516357422,-179.95018005371094,-2.317,-2.4014,2.123,0.9268,-0.0228,0.0039,4.0708,-0.6168,-0.9388,0.3603,-0.0088,0.0015,-2.1344,-2.4559,-2.2483,0.9268,-0.0228,0.0039,0.9554,-0.5172,4.0808,0.3603,-0.0088,0.0015,,,4.0708,15.5121,16.6,moving
2026-09-21T09:27:26.387+09:00,TRIAL_02_TEST_P01,TEST_P01,PULL_TEST,,682.0201416015625,60.32582473754883,486.9513854980469,178.58714294433594,-89.75279998779297,-179.9458770751953,-1.7436,-2.4183,1.8199,0.9251,-0.0228,0.0039,4.6442,-0.6337,-1.2419,0.3586,-0.0088,0.0016,-1.8295,-2.4589,-1.6755,0.9251,-0.0228,0.0039,1.2604,-0.5202,4.6536,0.3586,-0.0088,0.0016,,,4.6442,16.0756,16.6,moving
2026-09-21T09:27:26.442+09:00,TRIAL_02_TEST_P01,TEST_P01,PULL_TEST,,681.4854736328125,60.33841323852539,486.8811950683594,178.58792114257812,-89.75865173339844,-179.94766235351562,-1.7436,-2.4183,1.8199,0.9251,-0.0228,0.0039,4.6442,-0.6337,-1.2419,0.3586,-0.0088,0.0016,-1.8295,-2.4589,-1.6755,0.9251,-0.0228,0.0039,1.2604,-0.5202,4.6536,0.3586,-0.0088,0.0016,,,4.6442,16.6103,16.6,moving
2026-09-21T09:27:26.498+09:00,TRIAL_02_TEST_P01,TEST_P01,PULL_TEST,,680.9383544921875,60.3596305847168,486.8097839355469,178.5897674560547,-89.76473236083984,-179.95106506347656,-1.7068,-2.4604,2.0301,0.93,-0.0229,0.004,4.6809,-0.6757,-1.0318,0.3635,-0.009,0.0016,-2.0391,-2.4999,-1.6373,0.93,-0.0229,0.004,1.0507,-0.5611,4.6918,0.3635,-0.009,0.0016,,,4.6809,17.1574,16.6,moving
2026-09-21T09:27:26.553+09:00,TRIAL_02_TEST_P01,TEST_P01,PULL_TEST,,680.37548828125,60.35251998901367,486.8730773925781,178.58961486816406,-89.75947570800781,-179.94908142089844,-1.7068,-2.4604,2.0301,0.93,-0.0229,0.004,4.6809,-0.6757,-1.0318,0.3635,-0.009,0.0016,-2.0391,-2.4999,-1.6373,0.93,-0.0229,0.004,1.0507,-0.5611,4.6918,0.3635,-0.009,0.0016,,,4.6809,17.7203,16.6,moving
2026-09-21T09:27:26.609+09:00,TRIAL_02_TEST_P01,TEST_P01,PULL_TEST,,679.8409423828125,60.3233528137207,486.87200927734375,178.58706665039062,-89.7596664428711,-179.94937133789062,-1.8712,-2.518,2.016,0.9351,-0.023,0.0039,4.5166,-0.7333,-1.0459,0.3686,-0.0091,0.0015,-2.0259,-2.5614,-1.8001,0.9351,-0.023,0.0039,1.0639,-0.6227,4.529,0.3686,-0.0091,0.0015,,,4.5166,18.2548,16.6,moving
2026-09-21T09:27:26.666+09:00,TRIAL_02_TEST_P01,TEST_P01,PULL_TEST,,679.2772216796875,60.29159927368164,486.8277893066406,178.58436584472656,-89.76341247558594,-179.95101928710938,-1.0366,-2.4749,1.8245,0.9343,-0.0231,0.0039,5.3512,-0.6903,-1.2373,0.3679,-0.0091,0.0016,-1.8307,-2.4982,-0.9676,0.9343,-0.0231,0.0039,1.2592,-0.5595,5.3615,0.3679,-0.0091,0.0016,,,5.3512,18.8185,16.6,moving
2026-09-21T09:27:26.721+09:00,TRIAL_02_TEST_P01,TEST_P01,PULL_TEST,,678.7161865234375,60.28001022338867,486.8500061035156,178.58363342285156,-89.76142120361328,-179.9486846923828,-1.0366,-2.4749,1.8245,0.9343,-0.0231,0.0039,5.3512,-0.6903,-1.2373,0.3679,-0.0091,0.0016,-1.8307,-2.4982,-0.9676,0.9343,-0.0231,0.0039,1.2592,-0.5595,5.3615,0.3679,-0.0091,0.0016,,,5.3512,19.3796,16.6,moving
2026-09-21T09:27:26.776+09:00,TRIAL_02_TEST_P01,TEST_P01,PULL_TEST,,678.1738891601562,60.29930114746094,486.85430908203125,178.58482360839844,-89.7609634399414,-179.9483184814453,-1.2397,-2.4232,1.8346,0.9389,-0.0232,0.0039,5.148,-0.6386,-1.2272,0.3724,-0.0092,0.0016,-1.8418,-2.4514,-1.1718,0.9389,-0.0232,0.0039,1.248,-0.5127,5.1573,0.3724,-0.0092,0.0016,,,5.148,19.9219,16.6,moving
2026-09-21T09:27:26.831+09:00,TRIAL_02_TEST_P01,TEST_P01,PULL_TEST,,677.6295776367188,60.32075881958008,486.80145263671875,178.5863037109375,-89.76522064208984,-179.95364379882812,-1.2397,-2.4232,1.8346,0.9389,-0.0232,0.0039,5.148,-0.6386,-1.2272,0.3724,-0.0092,0.0016,-1.8418,-2.4514,-1.1718,0.9389,-0.0232,0.0039,1.248,-0.5127,5.1573,0.3724,-0.0092,0.0016,,,5.148,20.4662,16.6,moving
2026-09-21T09:27:26.888+09:00,TRIAL_02_TEST_P01,TEST_P01,PULL_TEST,,677.0520629882812,60.314151763916016,486.80120849609375,178.5861358642578,-89.76483917236328,-179.9522705078125,-0.7479,-2.5285,1.6349,0.9433,-0.0233,0.0039,5.6398,-0.7438,-1.4269,0.3768,-0.0093,0.0016,-1.6398,-2.5448,-0.6786,0.9433,-0.0233,0.0039,1.4501,-0.6061,5.6505,0.3768,-0.0093,0.0016,,,5.6398,21.0437,16.6,moving
2026-09-21T09:27:26.943+09:00,TRIAL_02_TEST_P01,TEST_P01,PULL_TEST,,676.4935302734375,60.298465728759766,486.770263671875,178.584716796875,-89.76748657226562,-179.9523162841797,-0.7479,-2.5285,1.6349,0.9433,-0.0233,0.0039,5.6398,-0.7438,-1.4269,0.3768,-0.0093,0.0016,-1.6398,-2.5448,-0.6786,0.9433,-0.0233,0.0039,1.4501,-0.6061,5.6505,0.3768,-0.0093,0.0016,,,5.6398,21.6022,16.6,moving
2026-09-21T09:27:26.999+09:00,TRIAL_02_TEST_P01,TEST_P01,PULL_TEST,,675.960693359375,60.2999382019043,486.7929992675781,178.58444213867188,-89.76561737060547,-179.95263671875,-0.508,-2.4946,1.5781,0.9503,-0.0235,0.0039,5.8797,-0.71,-1.4837,0.3838,-0.0095,0.0015,-1.5819,-2.5051,-0.4399,0.9503,-0.0235,0.0039,1.5079,-0.5664,5.8892,0.3838,-0.0095,0.0015,,,5.8797,22.1351,16.6,moving
2026-09-21T09:27:27.055+09:00,TRIAL_02_TEST_P01,TEST_P01,PULL_TEST,,675.3931274414062,60.32667922973633,486.7899475097656,178.58692932128906,-89.76564025878906,-179.94757080078125,-0.508,-2.4946,1.5781,0.9503,-0.0235,0.0039,5.8797,-0.71,-1.4837,0.3838,-0.0095,0.0015,-1.5819,-2.5051,-0.4399,0.9503,-0.0235,0.0039,1.5079,-0.5664,5.8892,0.3838,-0.0095,0.0015,,,5.8797,22.7026,16.6,moving
2026-09-21T09:27:27.110+09:00,TRIAL_02_TEST_P01,TEST_P01,PULL_TEST,,674.8275756835938,60.34565353393555,486.76519775390625,178.588623046875,-89.76782989501953,-179.94895935058594,-0.2674,-2.569,1.5444,0.9525,-0.0235,0.0039,6.1203,-0.7844,-1.5174,0.3861,-0.0096,0.0015,-1.5476,-2.5734,-0.1977,0.9525,-0.0235,0.0039,1.5422,-0.6347,6.1314,0.3861,-0.0096,0.0015,,,6.1203,23.2682,16.6,moving
2026-09-21T09:27:27.167+09:00,TRIAL_02_TEST_P01,TEST_P01,PULL_TEST,,674.287353515625,60.33108901977539,486.7901306152344,178.58734130859375,-89.76604461669922,-179.9531707763672,-0.338,-2.6766,1.1252,0.9523,-0.0235,0.0039,6.0498,-0.892,-1.9367,0.3859,-0.0095,0.0015,-1.1285,-2.6832,-0.2673,0.9523,-0.0235,0.0039,1.9613,-0.7445,6.0618,0.3859,-0.0095,0.0015,,,6.0498,23.8084,16.6,moving
2026-09-21T09:27:27.224+09:00,TRIAL_02_TEST_P01,TEST_P01,PULL_TEST,,673.7250366210938,60.31113815307617,486.8131408691406,178.5857696533203,-89.76395416259766,-179.9521026611328,-0.338,-2.6766,1.1252,0.9523,-0.0235,0.0039,6.0498,-0.892,-1.9367,0.3859,-0.0095,0.0015,-1.1285,-2.6832,-0.2673,0.9523,-0.0235,0.0039,1.9613,-0.7445,6.0618,0.3859,-0.0095,0.0015,,,6.0498,24.3707,16.6,moving
2026-09-21T09:27:27.280+09:00,TRIAL_02_TEST_P01,TEST_P01,PULL_TEST,,673.1536865234375,60.30112075805664,486.7845153808594,178.58522033691406,-89.76639556884766,-179.95498657226562,0.2222,-2.6526,1.0252,0.9428,-0.0233,0.0039,6.6099,-0.868,-2.0366,0.3763,-0.0093,0.0015,-1.0262,-2.6455,0.2918,0.9428,-0.0233,0.0039,2.0636,-0.7067,6.6209,0.3763,-0.0093,0.0015,,,6.6099,24.9421,16.6,moving
2026-09-21T09:27:27.336+09:00,TRIAL_02_TEST_P01,TEST_P01,PULL_TEST,,672.581787109375,60.32429885864258,486.7633972167969,178.58741760253906,-89.76786041259766,-179.95213317871094,0.2222,-2.6526,1.0252,0.9428,-0.0233,0.0039,6.6099,-0.868,-2.0366,0.3763,-0.0093,0.0015,-1.0262,-2.6455,0.2918,0.9428,-0.0233,0.0039,2.0636,-0.7067,6.6209,0.3763,-0.0093,0.0015,,,6.6099,25.514,16.6,moving
2026-09-21T09:27:27.391+09:00,TRIAL_02_TEST_P01,TEST_P01,PULL_TEST,,672.016845703125,60.3448486328125,486.73822021484375,178.58900451660156,-89.76988983154297,-179.9480438232422,0.078,-2.7139,1.0285,0.9382,-0.0231,0.0038,6.4657,-0.9293,-2.0334,0.3718,-0.0092,0.0015,-1.0303,-2.7103,0.149,0.9382,-0.0231,0.0038,2.0596,-0.7715,6.4781,0.3718,-0.0092,0.0015,,,6.4657,26.0789,16.6,moving
2026-09-21T09:27:27.446+09:00,TRIAL_02_TEST_P01,TEST_P01,PULL_TEST,,671.4628295898438,60.33241653442383,486.81060791015625,178.5878448486328,-89.763916015625,-179.95083618164062,0.078,-2.7139,1.0285,0.9382,-0.0231,0.0038,6.4657,-0.9293,-2.0334,0.3718,-0.0092,0.0015,-1.0303,-2.7103,0.149,0.9382,-0.0231,0.0038,2.0596,-0.7715,6.4781,0.3718,-0.0092,0.0015,,,6.4657,26.6329,16.6,moving
2026-09-21T09:27:27.504+09:00,TRIAL_02_TEST_P01,TEST_P01,PULL_TEST,,670.8815307617188,60.30886459350586,486.8337097167969,178.58621215820312,-89.76173400878906,-179.95030212402344,0.3052,-2.7794,0.7919,0.9381,-0.0231,0.0038,6.6929,-0.9948,-2.27,0.3716,-0.0092,0.0015,-0.7927,-2.7703,0.3769,0.9381,-0.0231,0.0038,2.2972,-0.8316,6.706,0.3716,-0.0092,0.0015,,,6.6929,27.2142,16.6,moving
2026-09-21T09:27:27.560+09:00,TRIAL_02_TEST_P01,TEST_P01,PULL_TEST,,670.33154296875,60.29639434814453,486.8095397949219,178.58493041992188,-89.76386260986328,-179.9506072998047,0.6197,-2.7435,0.8187,0.9341,-0.0231,0.0039,7.0074,-0.9588,-2.2431,0.3676,-0.0091,0.0015,-0.8183,-2.7266,0.6906,0.9341,-0.0231,0.0039,2.2716,-0.7879,7.0197,0.3676,-0.0091,0.0015,,,7.0074,27.7642,16.6,moving
2026-09-21T09:27:27.616+09:00,TRIAL_02_TEST_P01,TEST_P01,PULL_TEST,,669.7662353515625,60.31833267211914,486.86529541015625,178.5867919921875,-89.75922393798828,-179.9515838623047,0.6197,-2.7435,0.8187,0.9341,-0.0231,0.0039,7.0074,-0.9588,-2.2431,0.3676,-0.0091,0.0015,-0.8183,-2.7266,0.6906,0.9341,-0.0231,0.0039,2.2716,-0.7879,7.0197,0.3676,-0.0091,0.0015,,,7.0074,28.3295,16.6,moving
2026-09-21T09:27:27.672+09:00,TRIAL_02_TEST_P01,TEST_P01,PULL_TEST,,669.206298828125,60.34539031982422,486.9166564941406,178.58934020996094,-89.7550277709961,-179.94619750976562,0.6529,-2.7691,0.7489,0.9342,-0.023,0.0039,7.0407,-0.9845,-2.3129,0.3677,-0.0091,0.0016,-0.7484,-2.7515,0.7241,0.9342,-0.023,0.0039,2.3414,-0.8128,7.0531,0.3677,-0.0091,0.0016,,,7.0407,28.8895,16.6,moving
2026-09-21T09:27:27.729+09:00,TRIAL_02_TEST_P01,TEST_P01,PULL_TEST,,668.6375122070312,60.339881896972656,486.9077453613281,178.58888244628906,-89.755859375,-179.95169067382812,0.6529,-2.7691,0.7489,0.9342,-0.023,0.0039,7.0407,-0.9845,-2.3129,0.3677,-0.0091,0.0016,-0.7484,-2.7515,0.7241,0.9342,-0.023,0.0039,2.3414,-0.8128,7.0531,0.3677,-0.0091,0.0016,,,7.0407,29.4583,16.6,moving
2026-09-21T09:27:27.784+09:00,TRIAL_02_TEST_P01,TEST_P01,PULL_TEST,,668.0890502929688,60.330814361572266,486.8724060058594,178.5882568359375,-89.75859832763672,-179.95164489746094,0.8671,-2.8318,0.4924,0.9381,-0.0231,0.004,7.2548,-1.0472,-2.5694,0.3717,-0.0092,0.0016,-0.4908,-2.8092,0.9386,0.9381,-0.0231,0.004,2.5991,-0.8705,7.2677,0.3717,-0.0092,0.0016,,,7.2548,30.0067,16.6,moving
2026-09-21T09:27:27.841+09:00,TRIAL_02_TEST_P01,TEST_P01,PULL_TEST,,667.5202026367188,60.33247375488281,486.8052978515625,178.58853149414062,-89.76438903808594,-179.95114135742188,0.8671,-2.8318,0.4924,0.9381,-0.0231,0.004,7.2548,-1.0472,-2.5694,0.3717,-0.0092,0.0016,-0.4908,-2.8092,0.9386,0.9381,-0.0231,0.004,2.5991,-0.8705,7.2677,0.3717,-0.0092,0.0016,,,7.2548,30.5756,16.6,moving
2026-09-21T09:27:27.897+09:00,TRIAL_02_TEST_P01,TEST_P01,PULL_TEST,,666.9701538085938,60.36639404296875,486.8138122558594,178.5913543701172,-89.76362609863281,-179.95094299316406,1.2447,-2.8819,0.4946,0.9369,-0.0231,0.0039,7.6324,-1.0972,-2.5672,0.3704,-0.0091,0.0015,-0.4916,-2.8499,1.3173,0.9369,-0.0231,0.0039,2.5983,-0.9112,7.6464,0.3704,-0.0091,0.0015,,,7.6324,31.1256,16.6,moving
2026-09-21T09:27:27.954+09:00,TRIAL_02_TEST_P01,TEST_P01,PULL_TEST,,666.4089965820312,60.381832122802734,486.84991455078125,178.59243774414062,-89.760498046875,-179.94378662109375,1.2447,-2.8819,0.4946,0.9369,-0.0231,0.0039,7.6324,-1.0972,-2.5672,0.3704,-0.0091,0.0015,-0.4916,-2.8499,1.3173,0.9369,-0.0231,0.0039,2.5983,-0.9112,7.6464,0.3704,-0.0091,0.0015,,,7.6324,31.6868,16.6,moving
2026-09-21T09:27:28.011+09:00,TRIAL_02_TEST_P01,TEST_P01,PULL_TEST,,665.8330078125,60.358909606933594,486.83551025390625,178.5904083251953,-89.76155853271484,-179.94920349121094,1.4136,-2.9929,0.3649,0.9376,-0.0231,0.0039,7.8013,-1.2082,-2.6969,0.3712,-0.0091,0.0016,-0.3616,-2.9569,1.4882,0.9376,-0.0231,0.0039,2.7282,-1.0182,7.8173,0.3712,-0.0091,0.0016,,,7.8013,32.2628,16.6,moving
2026-09-21T09:27:28.067+09:00,TRIAL_02_TEST_P01,TEST_P01,PULL_TEST,,665.29150390625,60.336544036865234,486.81005859375,178.5882568359375,-89.76331329345703,-179.95358276367188,1.7278,-3.0611,0.0121,0.9357,-0.023,0.0039,8.1155,-1.2765,-3.0497,0.3692,-0.0091,0.0015,-0.0071,-3.0176,1.8027,0.9357,-0.023,0.0039,3.0827,-1.0789,8.1317,0.3692,-0.0091,0.0015,,,8.1155,32.8043,16.6,moving
2026-09-21T09:27:28.122+09:00,TRIAL_02_TEST_P01,TEST_P01,PULL_TEST,,664.7340698242188,60.32970428466797,486.80181884765625,178.58738708496094,-89.7640380859375,-179.95472717285156,1.7278,-3.0611,0.0121,0.9357,-0.023,0.0039,8.1155,-1.2765,-3.0497,0.3692,-0.0091,0.0015,-0.0071,-3.0176,1.8027,0.9357,-0.023,0.0039,3.0827,-1.0789,8.1317,0.3692,-0.0091,0.0015,,,8.1155,33.3617,16.6,moving
2026-09-21T09:27:28.179+09:00,TRIAL_02_TEST_P01,TEST_P01,PULL_TEST,,664.1510009765625,60.344974517822266,486.85040283203125,178.5891876220703,-89.75975036621094,-179.9525604248047,2.3187,-3.1398,-0.2451,0.9299,-0.0229,0.0039,8.7064,-1.3552,-3.307,0.3634,-0.009,0.0015,0.2528,-3.0819,2.3943,0.9299,-0.0229,0.0039,3.3426,-1.1432,8.7234,0.3634,-0.009,0.0015,,,8.7064,33.9448,16.6,moving
2026-09-21T09:27:28.235+09:00,TRIAL_02_TEST_P01,TEST_P01,PULL_TEST,,663.5873413085938,60.339263916015625,486.8402404785156,178.58853149414062,-89.76068878173828,-179.9457244873047,2.3187,-3.1398,-0.2451,0.9299,-0.0229,0.0039,8.7064,-1.3552,-3.307,0.3634,-0.009,0.0015,0.2528,-3.0819,2.3943,0.9299,-0.0229,0.0039,3.3426,-1.1432,8.7234,0.3634,-0.009,0.0015,,,8.7064,34.5084,16.6,moving
2026-09-21T09:27:28.291+09:00,TRIAL_02_TEST_P01,TEST_P01,PULL_TEST,,663.0389404296875,60.30998611450195,486.75811767578125,178.58592224121094,-89.767333984375,-179.95208740234375,2.2305,-3.1614,-0.3302,0.9293,-0.0229,0.0039,8.6182,-1.3768,-3.392,0.3629,-0.0089,0.0015,0.3368,-3.1058,2.3063,0.9293,-0.0229,0.0039,3.4266,-1.1671,8.6354,0.3629,-0.0089,0.0015,,,8.6182,35.0568,16.6,moving
2026-09-21T09:27:28.347+09:00,TRIAL_02_TEST_P01,TEST_P01,PULL_TEST,,662.464111328125,60.279666900634766,486.7840881347656,178.5839385986328,-89.76532745361328,-179.94879150390625,2.2305,-3.1614,-0.3302,0.9293,-0.0229,0.0039,8.6182,-1.3768,-3.392,0.3629,-0.0089,0.0015,0.3368,-3.1058,2.3063,0.9293,-0.0229,0.0039,3.4266,-1.1671,8.6354,0.3629,-0.0089,0.0015,,,8.6182,35.6317,16.6,moving
2026-09-21T09:27:28.403+09:00,TRIAL_02_TEST_P01,TEST_P01,PULL_TEST,,661.8970336914062,60.272438049316406,486.86334228515625,178.58360290527344,-89.75883483886719,-179.95138549804688,2.726,-3.1776,-0.5559,0.932,-0.023,0.0038,9.1138,-1.393,-3.6177,0.3655,-0.0091,0.0015,0.5647,-3.1098,2.8014,0.932,-0.023,0.0038,3.6545,-1.171,9.1305,0.3655,-0.0091,0.0015,,,9.1138,36.1987,16.6,moving
2026-09-21T09:27:28.458+09:00,TRIAL_02_TEST_P01,TEST_P01,PULL_TEST,,661.3494262695312,60.29963302612305,486.8280029296875,178.58590698242188,-89.76171875,-179.95022583007812,2.8759,-3.226,-0.7905,0.9345,-0.0231,0.0039,9.2636,-1.4414,-3.8523,0.368,-0.0091,0.0015,0.8001,-3.1548,2.9513,0.9345,-0.0231,0.0039,3.8899,-1.216,9.2804,0.368,-0.0091,0.0015,,,9.2636,36.7463,16.6,moving
2026-09-21T09:27:28.516+09:00,TRIAL_02_TEST_P01,TEST_P01,PULL_TEST,,660.7637329101562,60.308528900146484,486.8378601074219,178.58685302734375,-89.7610855102539,-179.9482879638672,2.8759,-3.226,-0.7905,0.9345,-0.0231,0.0039,9.2636,-1.4414,-3.8523,0.368,-0.0091,0.0015,0.8001,-3.1548,2.9513,0.9345,-0.0231,0.0039,3.8899,-1.216,9.2804,0.368,-0.0091,0.0015,,,9.2636,37.332,16.6,moving
2026-09-21T09:27:28.572+09:00,TRIAL_02_TEST_P01,TEST_P01,PULL_TEST,,660.1956787109375,60.296417236328125,486.87933349609375,178.5863037109375,-89.7574234008789,-179.95059204101562,3.0149,-3.2082,-1.0747,0.9412,-0.0232,0.0039,9.4026,-1.4236,-4.1366,0.3747,-0.0093,0.0016,1.0851,-3.1338,3.0885,0.9412,-0.0232,0.0039,4.175,-1.1951,9.4176,0.3747,-0.0093,0.0016,,,9.4026,37.9001,16.6,moving
2026-09-21T09:27:28.629+09:00,TRIAL_02_TEST_P01,TEST_P01,PULL_TEST,,659.6555786132812,60.28379821777344,486.892333984375,178.58447265625,-89.75659942626953,-179.94554138183594,3.0149,-3.2082,-1.0747,0.9412,-0.0232,0.0039,9.4026,-1.4236,-4.1366,0.3747,-0.0093,0.0016,1.0851,-3.1338,3.0885,0.9412,-0.0232,0.0039,4.175,-1.1951,9.4176,0.3747,-0.0093,0.0016,,,9.4026,38.4402,16.6,moving
2026-09-21T09:27:28.685+09:00,TRIAL_02_TEST_P01,TEST_P01,PULL_TEST,,659.0963134765625,60.302886962890625,486.8557434082031,178.58631896972656,-89.75932312011719,-179.9490966796875,3.5543,-3.2783,-1.2583,0.9317,-0.023,0.0039,9.9421,-1.4936,-4.3202,0.3652,-0.0091,0.0016,1.2705,-3.1906,3.6289,0.9317,-0.023,0.0039,4.3604,-1.2519,9.958,0.3652,-0.0091,0.0016,,,9.9421,38.9995,16.6,moving
2026-09-21T09:27:28.741+09:00,TRIAL_02_TEST_P01,TEST_P01,PULL_TEST,,658.5171508789062,60.32809829711914,486.7775573730469,178.58840942382812,-89.765625,-179.94412231445312,3.5543,-3.2783,-1.2583,0.9317,-0.023,0.0039,9.9421,-1.4936,-4.3202,0.3652,-0.0091,0.0016,1.2705,-3.1906,3.6289,0.9317,-0.023,0.0039,4.3604,-1.2519,9.958,0.3652,-0.0091,0.0016,,,9.9421,39.5786,16.6,moving
2026-09-21T09:27:28.797+09:00,TRIAL_02_TEST_P01,TEST_P01,PULL_TEST,,657.9659423828125,60.31940460205078,486.756591796875,178.58750915527344,-89.76710510253906,-179.9534912109375,3.3916,-3.3313,-1.4813,0.9075,-0.0224,0.0038,9.7794,-1.5467,-4.5431,0.341,-0.0084,0.0014,1.4924,-3.2482,3.4666,0.9075,-0.0224,0.0038,4.5823,-1.3094,9.7956,0.341,-0.0084,0.0014,,,9.7794,40.1298,16.6,moving
2026-09-21T09:27:28.854+09:00,TRIAL_02_TEST_P01,TEST_P01,PULL_TEST,,657.4158325195312,60.2921257019043,486.83441162109375,178.58482360839844,-89.76080322265625,-179.95120239257812,3.3916,-3.3313,-1.4813,0.9075,-0.0224,0.0038,9.7794,-1.5467,-4.5431,0.341,-0.0084,0.0014,1.4924,-3.2482,3.4666,0.9075,-0.0224,0.0038,4.5823,-1.3094,9.7956,0.341,-0.0084,0.0014,,,9.7794,40.6799,16.6,moving
2026-09-21T09:27:28.911+09:00,TRIAL_02_TEST_P01,TEST_P01,PULL_TEST,,656.8383178710938,60.28102111816406,486.7901916503906,178.5843048095703,-89.76435089111328,-179.95677185058594,3.9455,-3.3441,-1.5683,0.8957,-0.0221,0.0037,10.3333,-1.5595,-4.6302,0.3293,-0.0081,0.0014,1.5824,-3.247,4.0203,0.8957,-0.0221,0.0037,4.6722,-1.3083,10.3494,0.3293,-0.0081,0.0014,,,10.3333,41.2574,16.6,moving
