timestamp,trial_id,inspection_point_id,state,grip_event,tcp_x,tcp_y,tcp_z,tcp_rx,tcp_ry,tcp_rz,base_fx,base_fy,base_fz,base_tx,base_ty,base_tz,base_dfx,base_dfy,base_dfz,base_dtx,base_dty,base_dtz,tool_fx,tool_fy,tool_fz,tool_tx,tool_ty,tool_tz,tool_dfx,tool_dfy,tool_dfz,tool_dtx,tool_dty,tool_dtz,entry_force_n,entry_depth_mm,pull_force_n,pull_displacement_mm,gripper_width,gripper_state
2026-09-21T17:35:10.390+09:00,TEST_0001_LAN_L2,LAN_L2,PREPARE_SOFT_GRIP,INITIAL_SOFT_GRIP_OPEN_COMMAND,602.3610229492188,-36.41298294067383,347.7203063964844,113.13288879394531,-136.4288330078125,-147.8484649658203,0.2815,-2.1823,3.6623,-0.3291,-2.2365,0.4447,0.0,0.0,0.0,0.0,0.0,0.0,-3.7545,1.6531,-1.194,-0.3291,-2.2365,0.4447,0.0,0.0,0.0,0.0,0.0,0.0,,,,,24.3,holding
2026-09-21T17:35:10.540+09:00,TEST_0001_LAN_L2,LAN_L2,PREPARE_SOFT_GRIP,INITIAL_SOFT_GRIP_OPEN_REACHED,602.3610229492188,-36.41298294067383,347.7203063964844,113.13288879394531,-136.4288330078125,-147.8484649658203,0.2787,-2.1924,3.6608,-0.3282,-2.2384,0.4425,0.0,0.0,0.0,0.0,0.0,0.0,-3.7621,1.65,-1.1872,-0.3282,-2.2384,0.4425,0.0,0.0,0.0,0.0,0.0,0.0,,,,,24.3,holding
2026-09-21T17:35:17.730+09:00,TEST_0001_LAN_L2,LAN_L2,SOFT_GRIP_ENTRY,SOFT_GRIP_COMMAND,609.975830078125,-305.0877380371094,359.8566589355469,89.99398803710938,-90.00003051757812,-0.011610552668571472,-3.7375,-1.1605,3.8944,0.3458,1.6502,0.6256,0.0,0.0,0.0,0.0,0.0,0.0,3.8937,3.7382,1.1609,0.3458,1.6502,0.6256,0.0,0.0,0.0,0.0,0.0,0.0,,,,,23.3,holding
2026-09-21T17:35:17.733+09:00,TEST_0001_LAN_L2,LAN_L2,SOFT_GRIP_ENTRY,ENTRY_MOTION_START_WIDTH_REACHED,609.9762573242188,-305.08770751953125,359.8556213378906,89.99398803710938,-90.00003051757812,-0.011709198355674744,-3.7375,-1.1605,3.8944,0.3458,1.6502,0.6256,0.0,0.0,0.0,0.0,0.0,0.0,3.8937,3.7382,1.1609,0.3458,1.6502,0.6256,0.0,0.0,0.0,0.0,0.0,0.0,,,,,23.3,holding
2026-09-21T17:35:17.765+09:00,TEST_0001_LAN_L2,LAN_L2,SOFT_GRIP_ENTRY,,609.9766235351562,-305.08770751953125,359.8545837402344,89.99398803710938,-90.00003051757812,-0.011807844042778015,-3.7375,-1.1605,3.8944,0.3458,1.6502,0.6256,0.0,0.0,0.0,0.0,0.0,0.0,3.8937,3.7382,1.1609,0.3458,1.6502,0.6256,0.0,0.0,0.0,0.0,0.0,0.0,0.0,-0.0,,,23.3,holding
2026-09-21T17:35:17.820+09:00,TEST_0001_LAN_L2,LAN_L2,SOFT_GRIP_ENTRY,,609.9763793945312,-305.0876770019531,359.8518981933594,89.99380493164062,-90.00012969970703,-0.012157314456999302,-3.8504,-1.281,3.7614,0.2742,1.6046,0.6917,-0.1129,-0.1205,-0.133,-0.0716,-0.0457,0.066,3.7606,3.851,1.2815,0.2742,1.6046,0.6917,-0.1331,0.1129,0.1206,-0.0716,-0.0457,0.066,0.1205,-0.0001,,,23.3,holding
2026-09-21T17:35:17.876+09:00,TEST_0001_LAN_L2,LAN_L2,SOFT_GRIP_ENTRY,,609.9867553710938,-305.1086730957031,359.8453369140625,89.99540710449219,-90.00109100341797,-0.012404426001012325,-3.8504,-1.281,3.7614,0.2742,1.6046,0.6917,-0.1129,-0.1205,-0.133,-0.0716,-0.0457,0.066,3.7606,3.851,1.2815,0.2742,1.6046,0.6917,-0.1331,0.1129,0.1206,-0.0716,-0.0457,0.066,0.1205,0.0209,,,23.3,holding
2026-09-21T17:35:17.932+09:00,TEST_0001_LAN_L2,LAN_L2,SOFT_GRIP_ENTRY,,610.0291137695312,-305.2547302246094,359.8229064941406,90.00179290771484,-90.00498962402344,-0.012511895038187504,-3.8648,-0.58,3.6721,0.2103,1.5499,0.6222,-0.1273,0.5805,-0.2223,-0.1355,-0.1003,-0.0035,3.6713,3.8656,0.5797,0.2103,1.5499,0.6222,-0.2224,0.1274,-0.5812,-0.1355,-0.1003,-0.0035,0.5805,0.167,,,23.3,holding
2026-09-21T17:35:17.988+09:00,TEST_0001_LAN_L2,LAN_L2,SOFT_GRIP_ENTRY,,610.0700073242188,-305.5594482421875,359.83746337890625,90.0069351196289,-90.00260925292969,-0.012119239196181297,-3.8648,-0.58,3.6721,0.2103,1.5499,0.6222,-0.1273,0.5805,-0.2223,-0.1355,-0.1003,-0.0035,3.6713,3.8656,0.5797,0.2103,1.5499,0.6222,-0.2224,0.1274,-0.5812,-0.1355,-0.1003,-0.0035,0.5805,0.4717,,,23.3,holding
2026-09-21T17:35:18.043+09:00,TEST_0001_LAN_L2,LAN_L2,SOFT_GRIP_ENTRY,,610.089111328125,-306.014404296875,359.8465270996094,90.00736999511719,-90.0006103515625,-0.012135675176978111,-4.0005,-0.0322,3.5546,0.2427,1.5028,0.5737,-0.263,1.1283,-0.3398,-0.1031,-0.1474,-0.0519,3.5538,4.0013,0.0316,0.2427,1.5028,0.5737,-0.3399,0.2631,-1.1293,-0.1031,-0.1474,-0.0519,1.1283,0.9267,,,23.3,holding
2026-09-21T17:35:18.100+09:00,TEST_0001_LAN_L2,LAN_L2,SOFT_GRIP_ENTRY,,610.0979614257812,-306.5840148925781,359.83251953125,90.00605773925781,-90.00038146972656,-0.014299247413873672,-4.0005,-0.0322,3.5546,0.2427,1.5028,0.5737,-0.263,1.1283,-0.3398,-0.1031,-0.1474,-0.0519,3.5538,4.0013,0.0316,0.2427,1.5028,0.5737,-0.3399,0.2631,-1.1293,-0.1031,-0.1474,-0.0519,1.1283,1.4963,,,23.3,holding
2026-09-21T17:35:18.155+09:00,TEST_0001_LAN_L2,LAN_L2,SOFT_GRIP_ENTRY,,610.0809936523438,-307.1706848144531,359.78326416015625,90.00214385986328,-89.99925994873047,-0.022976195439696312,-3.751,-0.0809,3.6241,0.3064,1.4899,0.466,-0.0135,1.0797,-0.2704,-0.0394,-0.1604,-0.1596,3.623,3.7521,0.0805,0.3064,1.4899,0.466,-0.2707,0.0139,-1.0804,-0.0394,-0.1604,-0.1596,1.0797,2.0829,,,23.3,holding
2026-09-21T17:35:18.209+09:00,TEST_0001_LAN_L2,LAN_L2,SOFT_GRIP_ENTRY,,610.0795288085938,-307.7153625488281,359.7304382324219,90.00144958496094,-89.99856567382812,-0.03178868442773819,-3.751,-0.0809,3.6241,0.3064,1.4899,0.466,-0.0135,1.0797,-0.2704,-0.0394,-0.1604,-0.1596,3.623,3.7521,0.0805,0.3064,1.4899,0.466,-0.2707,0.0139,-1.0804,-0.0394,-0.1604,-0.1596,1.0797,2.6276,,,23.3,holding
2026-09-21T17:35:18.264+09:00,TEST_0001_LAN_L2,LAN_L2,SOFT_GRIP_ENTRY,,610.0811767578125,-308.2673034667969,359.69036865234375,90.00077819824219,-89.99813079833984,-0.038235943764448166,-3.3896,-0.2509,3.5868,0.3237,1.5073,0.3483,0.3479,0.9097,-0.3077,-0.0221,-0.143,-0.2773,3.5848,3.3916,0.2509,0.3237,1.5073,0.3483,-0.3089,-0.3466,-0.91,-0.0221,-0.143,-0.2773,0.9097,3.1796,,,23.3,holding
2026-09-21T17:35:18.320+09:00,TEST_0001_LAN_L2,LAN_L2,SOFT_GRIP_ENTRY,,610.0741577148438,-308.8128967285156,359.6595458984375,89.99851989746094,-89.9972915649414,-0.043356891721487045,-3.2201,-0.1788,3.7589,0.3799,1.5693,0.2984,0.5174,0.9817,-0.1356,0.0341,-0.0809,-0.3273,3.7564,3.2229,0.179,0.3799,1.5693,0.2984,-0.1373,-0.5153,-0.9819,0.0341,-0.0809,-0.3273,0.9817,3.7252,,,23.3,holding
2026-09-21T17:35:18.376+09:00,TEST_0001_LAN_L2,LAN_L2,SOFT_GRIP_ENTRY,,610.0805053710938,-309.31854248046875,359.63037109375,89.99866485595703,-89.99749755859375,-0.04513167217373848,-3.2201,-0.1788,3.7589,0.3799,1.5693,0.2984,0.5174,0.9817,-0.1356,0.0341,-0.0809,-0.3273,3.7564,3.2229,0.179,0.3799,1.5693,0.2984,-0.1373,-0.5153,-0.9819,0.0341,-0.0809,-0.3273,0.9817,4.2308,,,23.3,holding
2026-09-21T17:35:19.433+09:00,TEST_0001_LAN_L2,LAN_L2,SOFT_GRIP_ENTRY,SOFT_GRIP_STABILIZATION_END,609.9573974609375,-310.1286926269531,359.82177734375,89.99066925048828,-89.99964141845703,-0.013965873047709465,-2.782,-1.6609,3.3643,0.1304,1.5315,0.61,0.0,0.0,0.0,0.0,0.0,0.0,3.3636,2.7826,1.6614,0.1304,1.5315,0.61,0.0,0.0,0.0,0.0,0.0,0.0,,,,,23.3,holding
2026-09-21T17:35:19.583+09:00,TEST_0001_LAN_L2,LAN_L2,HARD_GRIP,HARD_GRIP_COMMAND,609.9533081054688,-310.12664794921875,359.82891845703125,89.9905014038086,-89.99986267089844,-0.01333026122301817,-2.896,-1.7569,3.2871,0.1025,1.5107,0.6682,0.0,0.0,0.0,0.0,0.0,0.0,3.2864,2.8965,1.7574,0.1025,1.5107,0.6682,0.0,0.0,0.0,0.0,0.0,0.0,,,,,23.3,holding
2026-09-21T17:35:20.585+09:00,TEST_0001_LAN_L2,LAN_L2,HARD_GRIP,HARD_GRIP_STABILIZATION_END,609.962646484375,-310.1014709472656,359.8293151855469,89.9925765991211,-90.00040435791016,-0.01469362061470747,-3.7244,-0.6385,-1.1138,0.0216,1.3584,0.6757,0.0,0.0,0.0,0.0,0.0,0.0,-1.1147,3.724,0.639,0.0216,1.3584,0.6757,0.0,0.0,0.0,0.0,0.0,0.0,,,,,19.3,moving
2026-09-21T17:35:20.620+09:00,TEST_0001_LAN_L2,LAN_L2,PULL_TEST,,609.9631958007812,-310.1004333496094,359.8293151855469,89.99267578125,-90.00040435791016,-0.014841646887362003,-3.6747,-0.6861,-1.0456,0.0447,1.3587,0.6584,0.0497,-0.0476,0.0682,0.0231,0.0002,-0.0173,-1.0466,3.6743,0.6866,0.0447,1.3587,0.6584,0.0682,-0.0497,0.0476,0.0231,0.0002,-0.0173,,,0.0476,0.001,19.3,moving
2026-09-21T17:35:20.675+09:00,TEST_0001_LAN_L2,LAN_L2,PULL_TEST,,609.9647216796875,-310.0962219238281,359.8303527832031,89.99296569824219,-90.0002212524414,-0.014838648959994316,-3.6747,-0.6861,-1.0456,0.0447,1.3587,0.6584,0.0497,-0.0476,0.0682,0.0231,0.0002,-0.0173,-1.0466,3.6743,0.6866,0.0447,1.3587,0.6584,0.0682,-0.0497,0.0476,0.0231,0.0002,-0.0173,,,0.0476,0.0052,19.3,moving
2026-09-21T17:35:20.731+09:00,TEST_0001_LAN_L2,LAN_L2,PULL_TEST,,609.9597778320312,-310.0426330566406,359.83819580078125,89.99238586425781,-89.99885559082031,-0.014988875016570091,-3.6839,-1.0218,-1.0461,0.0573,1.3553,0.7191,0.0405,-0.3833,0.0677,0.0357,-0.0031,0.0434,-1.0471,3.6835,1.0222,0.0573,1.3553,0.7191,0.0677,-0.0405,0.3832,0.0357,-0.0031,0.0434,,,0.3833,0.0588,19.3,moving
2026-09-21T17:35:20.788+09:00,TEST_0001_LAN_L2,LAN_L2,PULL_TEST,,609.931640625,-309.898681640625,359.85760498046875,89.98822784423828,-89.99561309814453,-0.01504522655159235,-3.6839,-1.0218,-1.0461,0.0573,1.3553,0.7191,0.0405,-0.3833,0.0677,0.0357,-0.0031,0.0434,-1.0471,3.6835,1.0222,0.0573,1.3553,0.7191,0.0677,-0.0405,0.3832,0.0357,-0.0031,0.0434,,,0.3833,0.2028,19.3,moving
2026-09-21T17:35:20.843+09:00,TEST_0001_LAN_L2,LAN_L2,PULL_TEST,,609.8727416992188,-309.6339416503906,359.8492736816406,89.97942352294922,-89.99708557128906,-0.015392076224088669,-3.4995,-3.3887,-1.3047,0.0401,1.3521,1.0138,0.2249,-2.7502,-0.1909,0.0185,-0.0063,0.3382,-1.3059,3.4982,3.3896,0.0401,1.3521,1.0138,-0.1911,-0.2258,2.7506,0.0185,-0.0063,0.3382,,,2.7502,0.4675,19.3,moving
2026-09-21T17:35:20.899+09:00,TEST_0001_LAN_L2,LAN_L2,PULL_TEST,,609.8251342773438,-309.20208740234375,359.843994140625,89.97343444824219,-89.99799346923828,-0.016079580411314964,-3.4995,-3.3887,-1.3047,0.0401,1.3521,1.0138,0.2249,-2.7502,-0.1909,0.0185,-0.0063,0.3382,-1.3059,3.4982,3.3896,0.0401,1.3521,1.0138,-0.1911,-0.2258,2.7506,0.0185,-0.0063,0.3382,,,2.7502,0.8994,19.3,moving
2026-09-21T17:35:20.954+09:00,TEST_0001_LAN_L2,LAN_L2,PULL_TEST,,609.7972412109375,-308.6967468261719,359.83367919921875,89.97135162353516,-89.99977111816406,-0.01710904762148857,-3.1369,-7.4419,-1.7543,-0.0155,1.3387,1.2306,0.5875,-6.8034,-0.6405,-0.0371,-0.0197,0.555,-1.7554,3.1328,7.4433,-0.0155,1.3387,1.2306,-0.6407,-0.5912,6.8043,-0.0371,-0.0197,0.555,,,6.8034,1.4047,19.3,moving
2026-09-21T17:35:21.009+09:00,TEST_0001_LAN_L2,LAN_L2,PULL_TEST,,609.7698974609375,-308.1378479003906,359.8311767578125,89.9697265625,-90.00031280517578,-0.018774377182126045,-3.1369,-7.4419,-1.7543,-0.0155,1.3387,1.2306,0.5875,-6.8034,-0.6405,-0.0371,-0.0197,0.555,-1.7554,3.1328,7.4433,-0.0155,1.3387,1.2306,-0.6407,-0.5912,6.8043,-0.0371,-0.0197,0.555,,,6.8034,1.9636,19.3,moving
2026-09-21T17:35:21.065+09:00,TEST_0001_LAN_L2,LAN_L2,PULL_TEST,,609.7369384765625,-307.62408447265625,359.8263854980469,89.96683502197266,-90.00120544433594,-0.0210154727101326,-3.083,-12.2192,-2.3466,-0.0358,1.3206,1.444,0.6414,-11.5807,-1.2328,-0.0574,-0.0378,0.7684,-2.3475,3.0756,12.2208,-0.0358,1.3206,1.444,-1.2328,-0.6484,11.5819,-0.0574,-0.0378,0.7684,,,11.5807,2.4774,19.3,moving
2026-09-21T17:35:21.119+09:00,TEST_0001_LAN_L2,LAN_L2,PULL_TEST,,609.7070922851562,-307.0841064453125,359.8248596191406,89.96466064453125,-90.00177764892578,-0.02333284728229046,-3.3269,-16.7012,-2.8588,-0.0563,1.2898,1.6459,0.3975,-16.0627,-1.745,-0.0779,-0.0686,0.9702,-2.8597,3.3155,16.7033,-0.0563,1.2898,1.6459,-1.7449,-0.4086,16.0643,-0.0779,-0.0686,0.9702,,,16.0627,3.0174,19.3,moving
2026-09-21T17:35:21.176+09:00,TEST_0001_LAN_L2,LAN_L2,PULL_TEST,,609.68408203125,-306.5209655761719,359.8275451660156,89.96369171142578,-90.001953125,-0.02543315477669239,-3.3269,-16.7012,-2.8588,-0.0563,1.2898,1.6459,0.3975,-16.0627,-1.745,-0.0779,-0.0686,0.9702,-2.8597,3.3155,16.7033,-0.0563,1.2898,1.6459,-1.7449,-0.4086,16.0643,-0.0779,-0.0686,0.9702,,,16.0627,3.5805,19.1,moving
2026-09-21T17:35:21.231+09:00,TEST_0001_LAN_L2,LAN_L2,PULL_TEST,,609.6903076171875,-305.95147705078125,359.84112548828125,89.96722412109375,-90.00247192382812,-0.025524476543068886,-3.7603,-20.4873,-3.4405,-0.0912,1.2503,1.8822,-0.0359,-19.8488,-2.3267,-0.1128,-0.1081,1.2065,-3.4414,3.7467,20.4897,-0.0912,1.2503,1.8822,-2.3267,0.0226,19.8507,-0.1128,-0.1081,1.2065,,,19.8488,4.15,19.1,moving
2026-09-21T17:35:21.287+09:00,TEST_0001_LAN_L2,LAN_L2,PULL_TEST,,609.7011108398438,-305.3314208984375,359.8711853027344,89.97113800048828,-90.00155639648438,-0.023706484586000443,-3.7603,-20.4873,-3.4405,-0.0912,1.2503,1.8822,-0.0359,-19.8488,-2.3267,-0.1128,-0.1081,1.2065,-3.4414,3.7467,20.4897,-0.0912,1.2503,1.8822,-2.3267,0.0226,19.8507,-0.1128,-0.1081,1.2065,,,19.8488,4.7701,19.1,moving
2026-09-21T17:35:21.343+09:00,TEST_0001_LAN_L2,LAN_L2,PULL_TEST,,609.7334594726562,-304.7122497558594,359.8980407714844,89.97766876220703,-90.00141143798828,-0.020844222977757454,-4.385,-23.1049,-4.069,-0.1472,1.2189,2.1558,-0.6606,-22.4665,-2.9552,-0.1688,-0.1395,1.4801,-4.0701,4.3729,23.107,-0.1472,1.2189,2.1558,-2.9553,0.6489,22.4681,-0.1688,-0.1395,1.4801,,,22.4665,5.3892,19.1,moving
2026-09-21T17:35:21.398+09:00,TEST_0001_LAN_L2,LAN_L2,PULL_TEST,,609.7608032226562,-304.11468505859375,359.9086608886719,89.98098754882812,-90.00093841552734,-0.01899990625679493,-4.385,-23.1049,-4.069,-0.1472,1.2189,2.1558,-0.6606,-22.4665,-2.9552,-0.1688,-0.1395,1.4801,-4.0701,4.3729,23.107,-0.1472,1.2189,2.1558,-2.9553,0.6489,22.4681,-0.1688,-0.1395,1.4801,,,22.4665,5.9868,19.1,moving
2026-09-21T17:35:21.454+09:00,TEST_0001_LAN_L2,LAN_L2,PULL_TEST,,609.8097534179688,-303.4730529785156,359.9419250488281,89.98883819580078,-90.00082397460938,-0.0144099285826087,-4.8361,-23.3208,-3.9985,-0.155,1.1972,2.3027,-1.1117,-22.6823,-2.8848,-0.1766,-0.1612,1.627,-3.9998,4.828,23.3223,-0.155,1.1972,2.3027,-2.885,1.104,22.6833,-0.1766,-0.1612,1.627,,,22.6823,6.6284,18.8,moving
2026-09-21T17:35:21.510+09:00,TEST_0001_LAN_L2,LAN_L2,PULL_TEST,,609.8587646484375,-302.8689270019531,359.9613342285156,89.99504852294922,-90.00216674804688,-0.009681271389126778,-4.8361,-23.3208,-3.9985,-0.155,1.1972,2.3027,-1.1117,-22.6823,-2.8848,-0.1766,-0.1612,1.627,-3.9998,4.828,23.3223,-0.155,1.1972,2.3027,-2.885,1.104,22.6833,-0.1766,-0.1612,1.627,,,22.6823,7.2325,18.6,moving
2026-09-21T17:35:21.565+09:00,TEST_0001_LAN_L2,LAN_L2,PULL_TEST,,609.876708984375,-302.3095703125,359.9851989746094,89.99374389648438,-90.00141906738281,-0.004495454486459494,-5.448,-21.2714,-3.4982,-0.1537,1.1731,2.4503,-1.7236,-20.6329,-2.3844,-0.1753,-0.1854,1.7746,-3.4982,5.4454,21.272,-0.1537,1.1731,2.4503,-2.3835,1.7214,20.633,-0.1753,-0.1854,1.7746,,,20.6329,7.7919,18.4,moving
2026-09-21T17:35:21.620+09:00,TEST_0001_LAN_L2,LAN_L2,PULL_TEST,,609.933349609375,-301.7038879394531,359.9942932128906,89.99949645996094,-90.00199890136719,-5.9920595958828926e-05,-5.7976,-17.9154,-2.3777,-0.1448,1.1527,2.5235,-2.0732,-17.2769,-1.2639,-0.1664,-0.2057,1.8478,-2.3771,5.7975,17.9155,-0.1448,1.1527,2.5235,-1.2624,2.0734,17.2765,-0.1664,-0.2057,1.8478,,,17.2769,8.3976,17.7,moving
2026-09-21T17:35:21.676+09:00,TEST_0001_LAN_L2,LAN_L2,PULL_TEST,,609.9592895507812,-301.14208984375,359.9651184082031,89.99895477294922,-90.0018310546875,-0.0011604235041886568,-5.7976,-17.9154,-2.3777,-0.1448,1.1527,2.5235,-2.0732,-17.2769,-1.2639,-0.1664,-0.2057,1.8478,-2.3771,5.7975,17.9155,-0.1448,1.1527,2.5235,-1.2624,2.0734,17.2765,-0.1664,-0.2057,1.8478,,,17.2769,8.9594,17.4,moving
2026-09-21T17:35:21.731+09:00,TEST_0001_LAN_L2,LAN_L2,PULL_TEST,,610.0029296875,-300.5351867675781,359.9150390625,90.00255584716797,-90.0013656616211,-0.005473344586789608,-5.8193,-15.19,-1.3094,-0.1711,1.1358,2.4747,-2.0948,-14.5515,-0.1956,-0.1927,-0.2226,1.799,-1.3094,5.8195,15.1899,-0.1711,1.1358,2.4747,-0.1946,2.0954,14.551,-0.1927,-0.2226,1.799,,,14.5515,9.5663,16.1,moving
2026-09-21T17:35:21.789+09:00,TEST_0001_LAN_L2,LAN_L2,PULL_TEST,,610.0321044921875,-299.9723205566406,359.8366394042969,90.00347137451172,-90.00163269042969,-0.012919780798256397,-5.8193,-15.19,-1.3094,-0.1711,1.1358,2.4747,-2.0948,-14.5515,-0.1956,-0.1927,-0.2226,1.799,-1.3094,5.8195,15.1899,-0.1711,1.1358,2.4747,-0.1946,2.0954,14.551,-0.1927,-0.2226,1.799,,,14.5515,10.1292,15.9,moving
2026-09-21T17:35:21.846+09:00,TEST_0001_LAN_L2,LAN_L2,PULL_TEST,,610.0193481445312,-299.4485778808594,359.8011779785156,89.99821472167969,-90.00057983398438,-0.01707872562110424,-6.0341,-14.4391,-1.1604,-0.2323,1.1165,2.4415,-2.3097,-13.8006,-0.0467,-0.2539,-0.2419,1.7658,-1.162,6.0338,14.4391,-0.2323,1.1165,2.4415,-0.0472,2.3097,13.8001,-0.2539,-0.2419,1.7658,,,13.8006,10.6529,15.7,holding
2026-09-21T17:35:21.902+09:00,TEST_0001_LAN_L2,LAN_L2,PULL_TEST,,610.0177612304688,-298.9178771972656,359.81036376953125,89.99710845947266,-90.00051879882812,-0.015395181253552437,-6.0341,-14.4391,-1.1604,-0.2323,1.1165,2.4415,-2.3097,-13.8006,-0.0467,-0.2539,-0.2419,1.7658,-1.162,6.0338,14.4391,-0.2323,1.1165,2.4415,-0.0472,2.3097,13.8001,-0.2539,-0.2419,1.7658,,,13.8006,11.1836,15.7,holding
2026-09-21T17:35:21.957+09:00,TEST_0001_LAN_L2,LAN_L2,PULL_TEST,,610.0115966796875,-298.3632507324219,359.84320068359375,89.99655151367188,-90.00071716308594,-0.01104365848004818,-6.2026,-15.0659,-0.4462,-0.2767,1.1101,2.4187,-2.4782,-14.4275,0.6676,-0.2983,-0.2483,1.743,-0.4475,6.2016,15.0663,-0.2767,1.1101,2.4187,0.6672,2.4776,14.4273,-0.2983,-0.2483,1.743,,,14.4275,11.7382,15.7,holding
2026-09-21T17:35:22.012+09:00,TEST_0001_LAN_L2,LAN_L2,PULL_TEST,,610.0204467773438,-297.77392578125,359.88629150390625,89.99909973144531,-90.00093841552734,-0.005531548522412777,-6.2026,-15.0659,-0.4462,-0.2767,1.1101,2.4187,-2.4782,-14.4275,0.6676,-0.2983,-0.2483,1.743,-0.4475,6.2016,15.0663,-0.2767,1.1101,2.4187,0.6672,2.4776,14.4273,-0.2983,-0.2483,1.743,,,14.4275,12.3275,15.7,holding
2026-09-21T17:35:22.068+09:00,TEST_0001_LAN_L2,LAN_L2,PULL_TEST,,610.0410766601562,-297.1928405761719,359.9308166503906,90.0029296875,-90.0020980834961,0.0014848577557131648,-6.2732,-12.6953,0.4942,-0.2984,1.1011,2.396,-2.5488,-12.0569,1.608,-0.32,-0.2573,1.7203,0.4939,6.2733,12.6953,-0.2984,1.1011,2.396,1.6086,2.5492,12.0564,-0.32,-0.2573,1.7203,,,12.0569,12.9086,15.7,holding
2026-09-21T17:35:22.126+09:00,TEST_0001_LAN_L2,LAN_L2,PULL_TEST,,610.0452270507812,-296.6021728515625,359.9776916503906,90.00375366210938,-90.00236511230469,0.00787956640124321,-6.078,-9.5455,1.246,-0.3415,1.0807,2.3324,-2.3536,-8.907,2.3598,-0.3631,-0.2777,1.6567,1.2472,6.0785,9.545,-0.3415,1.0807,2.3324,2.362,2.3545,8.906,-0.3631,-0.2777,1.6567,,,8.907,13.4993,15.6,holding
2026-09-21T17:35:22.182+09:00,TEST_0001_LAN_L2,LAN_L2,PULL_TEST,,610.040771484375,-296.05029296875,360.0114440917969,90.00253295898438,-90.00287628173828,0.012274669483304024,-6.078,-9.5455,1.246,-0.3415,1.0807,2.3324,-2.3536,-8.907,2.3598,-0.3631,-0.2777,1.6567,1.2472,6.0785,9.545,-0.3415,1.0807,2.3324,2.362,2.3545,8.906,-0.3631,-0.2777,1.6567,,,8.907,14.0512,15.4,holding
2026-09-21T17:35:22.238+09:00,TEST_0001_LAN_L2,LAN_L2,PULL_TEST,,610.0318603515625,-295.49853515625,360.03436279296875,90.00128936767578,-90.00283813476562,0.01487121544778347,-5.9405,-7.3439,1.8908,-0.4031,1.0602,2.2923,-2.216,-6.7055,3.0046,-0.4247,-0.2982,1.6166,1.8927,5.9403,7.3436,-0.4031,1.0602,2.2923,3.0074,2.2163,6.7046,-0.4247,-0.2982,1.6166,,,6.7055,14.6029,15.4,holding
2026-09-21T17:35:22.294+09:00,TEST_0001_LAN_L2,LAN_L2,PULL_TEST,,610.0244140625,-294.94158935546875,360.0270080566406,90.00078582763672,-90.00283813476562,0.01354527659714222,-5.9405,-7.3439,1.8908,-0.4031,1.0602,2.2923,-2.216,-6.7055,3.0046,-0.4247,-0.2982,1.6166,1.8927,5.9403,7.3436,-0.4031,1.0602,2.2923,3.0074,2.2163,6.7046,-0.4247,-0.2982,1.6166,,,6.7055,15.1599,15.2,holding
2026-09-21T17:35:22.350+09:00,TEST_0001_LAN_L2,LAN_L2,PULL_TEST,,610.0254516601562,-294.38250732421875,359.9980773925781,90.00184631347656,-90.00276947021484,0.009617852978408337,-5.8511,-6.8303,2.4342,-0.4027,1.0436,2.2551,-2.1267,-6.1918,3.548,-0.4243,-0.3148,1.5794,2.4358,5.8508,6.83,-0.4027,1.0436,2.2551,3.5505,2.1268,6.191,-0.4243,-0.3148,1.5794,,,6.1918,15.719,15.2,holding
2026-09-21T17:35:22.406+09:00,TEST_0001_LAN_L2,LAN_L2,PULL_TEST,,610.0134887695312,-293.8251953125,359.970458984375,89.99966430664062,-90.00204467773438,0.005543170962482691,-5.8511,-6.8303,2.4342,-0.4027,1.0436,2.2551,-2.1267,-6.1918,3.548,-0.4243,-0.3148,1.5794,2.4358,5.8508,6.83,-0.4027,1.0436,2.2551,3.5505,2.1268,6.191,-0.4243,-0.3148,1.5794,,,6.1918,16.2763,15.2,holding
2026-09-21T17:35:22.461+09:00,TEST_0001_LAN_L2,LAN_L2,PULL_TEST,,610.0057983398438,-293.30584716796875,359.9246520996094,89.99844360351562,-90.00212860107422,-0.0009348736493848264,-5.8405,-6.8241,2.4416,-0.4384,1.0266,2.253,-2.1161,-6.1856,3.5554,-0.46,-0.3318,1.5773,2.4423,5.8402,6.8241,-0.4384,1.0266,2.253,3.557,2.1161,6.1852,-0.46,-0.3318,1.5773,,,6.1856,16.7956,15.2,holding
2026-09-21T17:35:22.517+09:00,TEST_0001_LAN_L2,LAN_L2,PULL_TEST,,609.9961547851562,-292.7641296386719,359.8792724609375,89.99620819091797,-90.00233459472656,-0.007012630347162485,-5.9298,-7.1653,2.4387,-0.4658,1.0014,2.2769,-2.2053,-6.5268,3.5525,-0.4874,-0.357,1.6013,2.4383,5.9296,7.1656,-0.4658,1.0014,2.2769,3.553,2.2055,6.5266,-0.4874,-0.357,1.6013,,,6.5268,17.3373,15.2,holding
2026-09-21T17:35:22.573+09:00,TEST_0001_LAN_L2,LAN_L2,PULL_TEST,,609.9998168945312,-292.2011413574219,359.8406982421875,89.99583435058594,-90.00240325927734,-0.01153851393610239,-5.9298,-7.1653,2.4387,-0.4658,1.0014,2.2769,-2.2053,-6.5268,3.5525,-0.4874,-0.357,1.6013,2.4383,5.9296,7.1656,-0.4658,1.0014,2.2769,3.553,2.2055,6.5266,-0.4874,-0.357,1.6013,,,6.5268,17.9003,15.4,holding
2026-09-21T17:35:22.629+09:00,TEST_0001_LAN_L2,LAN_L2,PULL_TEST,,609.9981689453125,-291.6696472167969,359.8009948730469,89.99425506591797,-90.0028076171875,-0.016099421307444572,-6.0689,-7.2036,2.4602,-0.4852,0.977,2.3254,-2.3444,-6.5652,3.574,-0.5068,-0.3814,1.6497,2.459,6.0689,7.204,-0.4852,0.977,2.3254,3.5737,2.3449,6.5651,-0.5068,-0.3814,1.6497,,,6.5652,18.4318,15.4,holding
2026-09-21T17:35:22.685+09:00,TEST_0001_LAN_L2,LAN_L2,PULL_TEST,,609.9910888671875,-291.12542724609375,359.7743835449219,89.9917221069336,-90.00270080566406,-0.019915089011192322,-6.0689,-7.2036,2.4602,-0.4852,0.977,2.3254,-2.3444,-6.5652,3.574,-0.5068,-0.3814,1.6497,2.459,6.0689,7.204,-0.4852,0.977,2.3254,3.5737,2.3449,6.5651,-0.5068,-0.3814,1.6497,,,6.5652,18.976,15.4,holding
2026-09-21T17:35:22.741+09:00,TEST_0001_LAN_L2,LAN_L2,PULL_TEST,,609.9983520507812,-290.58013916015625,359.764404296875,89.9918212890625,-90.00294494628906,-0.020980603992938995,-6.1223,-7.4658,2.4478,-0.5027,0.9508,2.3447,-2.3979,-6.8273,3.5616,-0.5243,-0.4076,1.669,2.446,6.1221,7.4666,-0.5027,0.9508,2.3447,3.5607,2.398,6.8276,-0.5243,-0.4076,1.669,,,6.8273,19.5213,15.4,holding
2026-09-21T17:35:22.798+09:00,TEST_0001_LAN_L2,LAN_L2,PULL_TEST,,609.9881591796875,-290.0264892578125,359.78253173828125,89.98929595947266,-90.00180053710938,-0.0192096009850502,-6.1223,-7.4658,2.4478,-0.5027,0.9508,2.3447,-2.3979,-6.8273,3.5616,-0.5243,-0.4076,1.669,2.446,6.1221,7.4666,-0.5027,0.9508,2.3447,3.5607,2.398,6.8276,-0.5243,-0.4076,1.669,,,6.8273,20.075,15.4,holding
2026-09-21T17:35:22.854+09:00,TEST_0001_LAN_L2,LAN_L2,PULL_TEST,,609.9985961914062,-289.4320983886719,359.8110656738281,89.99185943603516,-90.00184631347656,-0.01488509587943554,-6.1534,-7.6527,2.3952,-0.5301,0.9251,2.3526,-2.429,-7.0142,3.509,-0.5517,-0.4333,1.6769,2.3936,6.1528,7.6537,-0.5301,0.9251,2.3526,3.5083,2.4287,7.0148,-0.5517,-0.4333,1.6769,,,7.0142,20.6694,15.4,holding
2026-09-21T17:35:22.910+09:00,TEST_0001_LAN_L2,LAN_L2,PULL_TEST,,610.0088500976562,-288.85247802734375,359.8533935546875,89.99453735351562,-90.00211334228516,-0.00900103710591793,-6.1534,-7.6527,2.3952,-0.5301,0.9251,2.3526,-2.429,-7.0142,3.509,-0.5517,-0.4333,1.6769,2.3936,6.1528,7.6537,-0.5301,0.9251,2.3526,3.5083,2.4287,7.0148,-0.5517,-0.4333,1.6769,,,7.0142,21.249,15.4,holding
2026-09-21T17:35:22.965+09:00,TEST_0001_LAN_L2,LAN_L2,PULL_TEST,,609.9945678710938,-288.3013916015625,359.88177490234375,89.99331665039062,-90.00175476074219,-0.006097687873989344,-6.1111,-7.605,2.3822,-0.5406,0.9113,2.3414,-2.3867,-6.9665,3.496,-0.5622,-0.4472,1.6657,2.3815,6.1108,7.6055,-0.5406,0.9113,2.3414,3.4963,2.3867,6.9665,-0.5622,-0.4472,1.6657,,,6.9665,21.8001,15.4,holding
2026-09-21T17:35:23.022+09:00,TEST_0001_LAN_L2,LAN_L2,PULL_TEST,,609.9957275390625,-287.7418212890625,359.89569091796875,89.99478912353516,-90.00279998779297,-0.004595152102410793,-6.1275,-7.7352,2.3538,-0.5534,0.894,2.3429,-2.4031,-7.0967,3.4676,-0.575,-0.4645,1.6672,2.3536,6.127,7.7357,-0.5534,0.894,2.3429,3.4684,2.403,7.0967,-0.575,-0.4645,1.6672,,,7.0967,22.3596,15.4,holding
2026-09-21T17:35:23.078+09:00,TEST_0001_LAN_L2,LAN_L2,PULL_TEST,,609.9781494140625,-287.1749572753906,359.903076171875,89.9935302734375,-90.00282287597656,-0.005550776142627001,-6.1275,-7.7352,2.3538,-0.5534,0.894,2.3429,-2.4031,-7.0967,3.4676,-0.575,-0.4645,1.6672,2.3536,6.127,7.7357,-0.5534,0.894,2.3429,3.4684,2.403,7.0967,-0.575,-0.4645,1.6672,,,7.0967,22.9265,15.4,holding
2026-09-21T17:35:23.133+09:00,TEST_0001_LAN_L2,LAN_L2,PULL_TEST,,609.966796875,-286.62908935546875,359.9029541015625,89.99315643310547,-90.00296020507812,-0.006484365556389093,-6.1913,-8.2133,2.3543,-0.5591,0.8741,2.348,-2.4669,-7.5748,3.4681,-0.5808,-0.4843,1.6723,2.3541,6.1906,8.2138,-0.5591,0.8741,2.348,3.4688,2.4666,7.5749,-0.5808,-0.4843,1.6723,,,7.5748,23.4724,15.4,holding
2026-09-21T17:35:23.189+09:00,TEST_0001_LAN_L2,LAN_L2,PULL_TEST,,609.9519653320312,-286.0904235839844,359.9032897949219,89.99169921875,-90.00349426269531,-0.006953231990337372,-6.1913,-8.2133,2.3543,-0.5591,0.8741,2.348,-2.4669,-7.5748,3.4681,-0.5808,-0.4843,1.6723,2.3541,6.1906,8.2138,-0.5591,0.8741,2.348,3.4688,2.4666,7.5749,-0.5808,-0.4843,1.6723,,,7.5748,24.011,15.4,holding
2026-09-21T17:35:23.244+09:00,TEST_0001_LAN_L2,LAN_L2,PULL_TEST,,609.9314575195312,-285.5692138671875,359.9012451171875,89.98810577392578,-90.0034408569336,-0.006955120712518692,-6.2694,-8.5659,2.3352,-0.5693,0.8521,2.3767,-2.545,-7.9274,3.449,-0.5909,-0.5063,1.701,2.335,6.2682,8.5669,-0.5693,0.8521,2.3767,3.4497,2.5441,7.9279,-0.5909,-0.5063,1.701,,,7.9274,24.5323,15.4,holding
2026-09-21T17:35:23.300+09:00,TEST_0001_LAN_L2,LAN_L2,PULL_TEST,,609.9392700195312,-285.0172119140625,359.8946228027344,89.9889907836914,-90.00367736816406,-0.006634866818785667,-6.2694,-8.5659,2.3352,-0.5693,0.8521,2.3767,-2.545,-7.9274,3.449,-0.5909,-0.5063,1.701,2.335,6.2682,8.5669,-0.5693,0.8521,2.3767,3.4497,2.5441,7.9279,-0.5909,-0.5063,1.701,,,7.9274,25.0843,15.4,holding
2026-09-21T17:35:23.355+09:00,TEST_0001_LAN_L2,LAN_L2,PULL_TEST,,609.94384765625,-284.4635925292969,359.9019775390625,89.98797607421875,-90.00289916992188,-0.005377410911023617,-6.4291,-8.7139,2.3225,-0.5912,0.8388,2.4328,-2.7047,-8.0754,3.4363,-0.6128,-0.5197,1.7571,2.3223,6.4276,8.7151,-0.5912,0.8388,2.4328,3.437,2.7036,8.0761,-0.6128,-0.5197,1.7571,,,8.0754,25.6379,15.4,holding
2026-09-21T17:35:23.410+09:00,TEST_0001_LAN_L2,LAN_L2,PULL_TEST,,609.9691772460938,-283.8917541503906,359.8952941894531,89.989990234375,-90.00275421142578,-0.005568152759224176,-6.4291,-8.7139,2.3225,-0.5912,0.8388,2.4328,-2.7047,-8.0754,3.4363,-0.6128,-0.5197,1.7571,2.3223,6.4276,8.7151,-0.5912,0.8388,2.4328,3.437,2.7036,8.0761,-0.6128,-0.5197,1.7571,,,8.0754,26.2097,15.4,holding
2026-09-21T17:35:23.466+09:00,TEST_0001_LAN_L2,LAN_L2,PULL_TEST,,610.0018310546875,-283.31011962890625,359.8719482421875,89.9928207397461,-90.0027847290039,-0.006110920570790768,-6.5637,-8.7481,2.354,-0.5938,0.8161,2.4739,-2.8393,-8.1096,3.4678,-0.6154,-0.5423,1.7982,2.3538,6.5625,8.7491,-0.5938,0.8161,2.4739,3.4685,2.8385,8.1101,-0.6154,-0.5423,1.7982,,,8.1096,26.7914,15.4,holding
2026-09-21T17:35:23.522+09:00,TEST_0001_LAN_L2,LAN_L2,PULL_TEST,,610.011474609375,-282.75592041015625,359.8447570800781,89.99183654785156,-90.00225830078125,-0.007413830608129501,-6.5196,-8.6652,2.3711,-0.6042,0.8006,2.4577,-2.7952,-8.0267,3.4849,-0.6258,-0.5578,1.7821,2.3706,6.5187,8.666,-0.6042,0.8006,2.4577,3.4854,2.7946,8.027,-0.6258,-0.5578,1.7821,,,8.0267,27.3456,15.4,holding
2026-09-21T17:35:23.577+09:00,TEST_0001_LAN_L2,LAN_L2,PULL_TEST,,610.0272827148438,-282.1990051269531,359.8063659667969,89.99346923828125,-90.0027084350586,-0.012147108092904091,-6.5196,-8.6652,2.3711,-0.6042,0.8006,2.4577,-2.7952,-8.0267,3.4849,-0.6258,-0.5578,1.7821,2.3706,6.5187,8.666,-0.6042,0.8006,2.4577,3.4854,2.7946,8.027,-0.6258,-0.5578,1.7821,,,8.0267,27.9025,15.4,holding
2026-09-21T17:35:23.633+09:00,TEST_0001_LAN_L2,LAN_L2,PULL_TEST,,610.0185546875,-281.62701416015625,359.7857360839844,89.99296569824219,-90.00238800048828,-0.016844624653458595,-6.4105,-8.764,2.3407,-0.6213,0.7836,2.4307,-2.6861,-8.1256,3.4545,-0.6429,-0.5749,1.755,2.3393,6.41,8.7648,-0.6213,0.7836,2.4307,3.4541,2.686,8.1258,-0.6429,-0.5749,1.755,,,8.1256,28.4745,15.4,holding
2026-09-21T17:35:23.689+09:00,TEST_0001_LAN_L2,LAN_L2,PULL_TEST,,610.0009765625,-281.0828552246094,359.7760925292969,89.99208068847656,-90.0025634765625,-0.018971066921949387,-6.4105,-8.764,2.3407,-0.6213,0.7836,2.4307,-2.6861,-8.1256,3.4545,-0.6429,-0.5749,1.755,2.3393,6.41,8.7648,-0.6213,0.7836,2.4307,3.4541,2.686,8.1258,-0.6429,-0.5749,1.755,,,8.1256,29.0186,15.4,holding
2026-09-21T17:35:23.745+09:00,TEST_0001_LAN_L2,LAN_L2,PULL_TEST,,609.98486328125,-280.52520751953125,359.7861022949219,89.99222564697266,-90.00267028808594,-0.018263133242726326,-6.3279,-8.7075,2.2376,-0.6602,0.7684,2.4099,-2.6035,-8.069,3.3514,-0.6818,-0.59,1.7342,2.236,6.3276,8.7082,-0.6602,0.7684,2.4099,3.3508,2.6036,8.0692,-0.6818,-0.59,1.7342,,,8.069,29.5763,15.4,holding
2026-09-21T17:35:23.801+09:00,TEST_0001_LAN_L2,LAN_L2,PULL_TEST,,609.9525756835938,-279.9905090332031,359.8190612792969,89.98885345458984,-90.00232696533203,-0.015295177698135376,-6.3279,-8.7075,2.2376,-0.6602,0.7684,2.4099,-2.6035,-8.069,3.3514,-0.6818,-0.59,1.7342,2.236,6.3276,8.7082,-0.6602,0.7684,2.4099,3.3508,2.6036,8.0692,-0.6818,-0.59,1.7342,,,8.069,30.111,15.4,holding
2026-09-21T17:35:23.857+09:00,TEST_0001_LAN_L2,LAN_L2,PULL_TEST,,609.9473266601562,-279.4479675292969,359.8428649902344,89.98920440673828,-90.00265502929688,-0.013069059699773788,-6.3749,-8.7211,2.2131,-0.6566,0.7617,2.439,-2.6505,-8.0826,3.3268,-0.6782,-0.5967,1.7634,2.2119,6.3738,8.7222,-0.6566,0.7617,2.439,3.3266,2.6498,8.0832,-0.6782,-0.5967,1.7634,,,8.0826,30.6535,15.4,holding
2026-09-21T17:35:23.913+09:00,TEST_0001_LAN_L2,LAN_L2,PULL_TEST,,609.9417724609375,-278.8724670410156,359.8728942871094,89.98915100097656,-90.00228118896484,-0.01016688346862793,-6.3749,-8.7211,2.2131,-0.6566,0.7617,2.439,-2.6505,-8.0826,3.3268,-0.6782,-0.5967,1.7634,2.2119,6.3738,8.7222,-0.6566,0.7617,2.439,3.3266,2.6498,8.0832,-0.6782,-0.5967,1.7634,,,8.0826,31.229,15.4,holding
2026-09-21T17:35:23.969+09:00,TEST_0001_LAN_L2,LAN_L2,PULL_TEST,,609.962890625,-278.29205322265625,359.9068298339844,89.99224090576172,-90.00264739990234,-0.0041237566620111465,-6.4292,-9.1496,2.1966,-0.6408,0.7505,2.4526,-2.7048,-8.5111,3.3104,-0.6624,-0.6079,1.777,2.1959,6.4279,9.1507,-0.6408,0.7505,2.4526,3.3106,2.7039,8.5117,-0.6624,-0.6079,1.777,,,8.5111,31.8094,15.4,holding
2026-09-21T17:35:24.027+09:00,TEST_0001_LAN_L2,LAN_L2,PULL_TEST,,609.97265625,-277.7083740234375,359.91943359375,89.99340057373047,-90.00316619873047,-0.0014051723992452025,-6.5725,-9.4635,2.1593,-0.6408,0.7369,2.4827,-2.8481,-8.8251,3.2731,-0.6624,-0.6216,1.8071,2.1596,6.5716,9.4641,-0.6408,0.7369,2.4827,3.2744,2.8476,8.8251,-0.6624,-0.6216,1.8071,,,8.8251,32.3931,15.4,holding
2026-09-21T17:35:24.082+09:00,TEST_0001_LAN_L2,LAN_L2,PULL_TEST,,609.970947265625,-277.1518859863281,359.8984375,89.9920654296875,-90.00370025634766,-0.0030317329801619053,-6.5725,-9.4635,2.1593,-0.6408,0.7369,2.4827,-2.8481,-8.8251,3.2731,-0.6624,-0.6216,1.8071,2.1596,6.5716,9.4641,-0.6408,0.7369,2.4827,3.2744,2.8476,8.8251,-0.6624,-0.6216,1.8071,,,8.8251,32.9496,15.4,holding
2026-09-21T17:35:24.138+09:00,TEST_0001_LAN_L2,LAN_L2,PULL_TEST,,609.9873046875,-276.58258056640625,359.8477478027344,89.99385833740234,-90.00352478027344,-0.009934416972100735,-6.6102,-9.6852,2.227,-0.6172,0.7298,2.4916,-2.8858,-9.0467,3.3408,-0.6389,-0.6286,1.8159,2.2268,6.6094,9.6858,-0.6172,0.7298,2.4916,3.3416,2.8854,9.0468,-0.6389,-0.6286,1.8159,,,9.0467,33.5189,15.4,holding
2026-09-21T17:35:24.195+09:00,TEST_0001_LAN_L2,LAN_L2,PULL_TEST,,609.9989013671875,-275.9918518066406,359.7815246582031,89.9943618774414,-90.00277709960938,-0.01853368431329727,-6.6102,-9.6852,2.227,-0.6172,0.7298,2.4916,-2.8858,-9.0467,3.3408,-0.6389,-0.6286,1.8159,2.2268,6.6094,9.6858,-0.6172,0.7298,2.4916,3.3416,2.8854,9.0468,-0.6389,-0.6286,1.8159,,,9.0467,34.1096,15.4,holding
2026-09-21T17:35:24.250+09:00,TEST_0001_LAN_L2,LAN_L2,PULL_TEST,,610.006591796875,-275.4567565917969,359.73040771484375,89.99346923828125,-90.00279235839844,-0.023072734475135803,-6.7225,-9.4276,2.1971,-0.6563,0.7212,2.5328,-2.998,-8.7892,3.3108,-0.6779,-0.6372,1.8571,2.1951,6.7221,9.4284,-0.6563,0.7212,2.5328,3.3099,2.998,8.7894,-0.6779,-0.6372,1.8571,,,8.7892,34.6447,15.4,holding
2026-09-21T17:35:24.306+09:00,TEST_0001_LAN_L2,LAN_L2,PULL_TEST,,610.00537109375,-274.9145812988281,359.7037353515625,89.99201965332031,-90.00251007080078,-0.025685738772153854,-6.7225,-9.4276,2.1971,-0.6563,0.7212,2.5328,-2.998,-8.7892,3.3108,-0.6779,-0.6372,1.8571,2.1951,6.7221,9.4284,-0.6563,0.7212,2.5328,3.3099,2.998,8.7894,-0.6779,-0.6372,1.8571,,,8.7892,35.1869,15.4,holding
2026-09-21T17:35:24.362+09:00,TEST_0001_LAN_L2,LAN_L2,PULL_TEST,,609.9973754882812,-274.3677673339844,359.7183532714844,89.99095916748047,-90.0024185180664,-0.024593207985162735,-6.7086,-9.3846,2.1921,-0.671,0.7178,2.5391,-2.9842,-8.7461,3.3059,-0.6926,-0.6406,1.8634,2.1895,6.7082,9.3855,-0.671,0.7178,2.5391,3.3042,2.9841,8.7466,-0.6926,-0.6406,1.8634,,,8.7461,35.7337,15.4,holding
2026-09-21T17:35:24.418+09:00,TEST_0001_LAN_L2,LAN_L2,PULL_TEST,,609.992431640625,-273.8171691894531,359.7802734375,89.99154663085938,-90.002685546875,-0.017980704084038734,-6.6141,-9.3711,2.0989,-0.6948,0.71,2.5197,-2.8897,-8.7326,3.2127,-0.7164,-0.6484,1.844,2.0973,6.6134,9.372,-0.6948,0.71,2.5197,3.212,2.8894,8.733,-0.7164,-0.6484,1.844,,,8.7326,36.2843,15.4,holding
2026-09-21T17:35:24.474+09:00,TEST_0001_LAN_L2,LAN_L2,PULL_TEST,,609.9832153320312,-273.2359619140625,359.8373718261719,89.99172973632812,-90.00249481201172,-0.012556975707411766,-6.6141,-9.3711,2.0989,-0.6948,0.71,2.5197,-2.8897,-8.7326,3.2127,-0.7164,-0.6484,1.844,2.0973,6.6134,9.372,-0.6948,0.71,2.5197,3.212,2.8894,8.733,-0.7164,-0.6484,1.844,,,8.7326,36.8655,15.4,holding
2026-09-21T17:35:24.530+09:00,TEST_0001_LAN_L2,LAN_L2,PULL_TEST,,609.9891967773438,-272.65582275390625,359.8577575683594,89.99478912353516,-90.0029067993164,-0.010606180876493454,-6.669,-9.1714,2.228,-0.6456,0.6964,2.5501,-2.9446,-8.5329,3.3418,-0.6672,-0.662,1.8745,2.2272,6.6685,9.172,-0.6456,0.6964,2.5501,3.3419,2.9444,8.533,-0.6672,-0.662,1.8745,,,8.5329,37.4456,15.4,holding
2026-09-21T17:35:24.587+09:00,TEST_0001_LAN_L2,LAN_L2,PULL_TEST,,609.9722900390625,-272.09246826171875,359.85498046875,89.99372863769531,-90.00282287597656,-0.012017282657325268,-6.669,-9.1714,2.228,-0.6456,0.6964,2.5501,-2.9446,-8.5329,3.3418,-0.6672,-0.662,1.8745,2.2272,6.6685,9.172,-0.6456,0.6964,2.5501,3.3419,2.9444,8.533,-0.6672,-0.662,1.8745,,,8.5329,38.009,15.4,holding
2026-09-21T17:35:24.643+09:00,TEST_0001_LAN_L2,LAN_L2,PULL_TEST,,609.9664306640625,-271.524658203125,359.8353576660156,89.9942398071289,-90.00275421142578,-0.01666903868317604,-6.5746,-9.2205,2.1632,-0.6619,0.6889,2.5309,-2.8502,-8.5821,3.277,-0.6835,-0.6696,1.8552,2.162,6.5741,9.2211,-0.6619,0.6889,2.5309,3.2767,2.8501,8.5822,-0.6835,-0.6696,1.8552,,,8.5821,38.5768,15.4,holding
2026-09-21T17:35:24.701+09:00,TEST_0001_LAN_L2,LAN_L2,PULL_TEST,,609.9769897460938,-270.9255065917969,359.8093566894531,89.99653625488281,-90.00271606445312,-0.02099279873073101,-6.5746,-9.2205,2.1632,-0.6619,0.6889,2.5309,-2.8502,-8.5821,3.277,-0.6835,-0.6696,1.8552,2.162,6.5741,9.2211,-0.6619,0.6889,2.5309,3.2767,2.8501,8.5822,-0.6835,-0.6696,1.8552,,,8.5821,39.176,15.4,holding
2026-09-21T17:35:24.757+09:00,TEST_0001_LAN_L2,LAN_L2,PULL_TEST,,609.9707641601562,-270.38250732421875,359.77996826171875,89.99390411376953,-90.00233459472656,-0.024108408018946648,-6.6091,-9.4418,2.1241,-0.6748,0.6827,2.5463,-2.8847,-8.8033,3.2379,-0.6964,-0.6757,1.8706,2.122,6.6093,9.4421,-0.6748,0.6827,2.5463,3.2367,2.8853,8.8031,-0.6964,-0.6757,1.8706,,,8.8033,39.719,15.4,holding
2026-09-21T17:35:24.812+09:00,TEST_0001_LAN_L2,LAN_L2,PULL_TEST,,609.992431640625,-269.8406677246094,359.75628662109375,89.99440002441406,-90.0029067993164,-0.024498965591192245,-6.6091,-9.4418,2.1241,-0.6748,0.6827,2.5463,-2.8847,-8.8033,3.2379,-0.6964,-0.6757,1.8706,2.122,6.6093,9.4421,-0.6748,0.6827,2.5463,3.2367,2.8853,8.8031,-0.6964,-0.6757,1.8706,,,8.8033,40.2608,15.4,holding
2026-09-21T17:35:24.867+09:00,TEST_0001_LAN_L2,LAN_L2,PULL_TEST,,609.9916381835938,-269.31829833984375,359.76953125,89.98988342285156,-90.00244140625,-0.020379729568958282,-6.6614,-9.46,2.0855,-0.6915,0.6818,2.5649,-2.937,-8.8216,3.1993,-0.7131,-0.6767,1.8892,2.0832,6.6613,9.4606,-0.6915,0.6818,2.5649,3.1979,2.9373,8.8216,-0.7131,-0.6767,1.8892,,,8.8216,40.7832,15.4,holding
2026-09-21T17:35:24.922+09:00,TEST_0001_LAN_L2,LAN_L2,PULL_TEST,,609.9979248046875,-268.7789611816406,359.7860107421875,89.9888687133789,-90.00260925292969,-0.01742813177406788,-6.5819,-9.3857,2.0591,-0.6989,0.6734,2.5373,-2.8574,-8.7472,3.1729,-0.7205,-0.6851,1.8616,2.0576,6.5807,9.3869,-0.6989,0.6734,2.5373,3.1723,2.8566,8.7479,-0.7205,-0.6851,1.8616,,,8.7472,41.3225,15.4,holding
2026-09-21T17:35:24.978+09:00,TEST_0001_LAN_L2,LAN_L2,PULL_TEST,,610.0009765625,-268.2118225097656,359.7886962890625,89.99125671386719,-90.0029296875,-0.018140368163585663,-6.5819,-9.3857,2.0591,-0.6989,0.6734,2.5373,-2.8574,-8.7472,3.1729,-0.7205,-0.6851,1.8616,2.0576,6.5807,9.3869,-0.6989,0.6734,2.5373,3.1723,2.8566,8.7479,-0.7205,-0.6851,1.8616,,,8.7472,41.8896,15.4,holding
2026-09-21T17:35:25.034+09:00,TEST_0001_LAN_L2,LAN_L2,PULL_TEST,,609.9776000976562,-267.64739990234375,359.8123779296875,89.99040985107422,-90.00208282470703,-0.01715332828462124,-6.4553,-9.3794,2.0242,-0.7067,0.6706,2.4949,-2.7309,-8.7409,3.138,-0.7283,-0.6878,1.8192,2.0225,6.4543,9.3804,-0.7067,0.6706,2.4949,3.1373,2.7303,8.7414,-0.7283,-0.6878,1.8192,,,8.7409,42.4541,15.4,holding
2026-09-21T17:35:25.090+09:00,TEST_0001_LAN_L2,LAN_L2,PULL_TEST,,609.9723510742188,-267.0765075683594,359.8306579589844,89.99254608154297,-90.0027084350586,-0.015612531453371048,-6.4553,-9.3794,2.0242,-0.7067,0.6706,2.4949,-2.7309,-8.7409,3.138,-0.7283,-0.6878,1.8192,2.0225,6.4543,9.3804,-0.7067,0.6706,2.4949,3.1373,2.7303,8.7414,-0.7283,-0.6878,1.8192,,,8.7409,43.025,15.4,holding
2026-09-21T17:35:25.147+09:00,TEST_0001_LAN_L2,LAN_L2,PULL_TEST,,609.9591674804688,-266.5068359375,359.8536376953125,89.99175262451172,-90.00337982177734,-0.013226036913692951,-6.5692,-9.3233,1.9941,-0.7108,0.6628,2.5358,-2.8448,-8.6848,3.1079,-0.7324,-0.6957,1.8601,1.9929,6.5685,9.3241,-0.7108,0.6628,2.5358,3.1077,2.8444,8.6851,-0.7324,-0.6957,1.8601,,,8.6848,43.5946,15.4,holding
2026-09-21T17:35:25.203+09:00,TEST_0001_LAN_L2,LAN_L2,PULL_TEST,,609.9707641601562,-265.94024658203125,359.8929138183594,89.99322509765625,-90.00418090820312,-0.006664177402853966,-6.5692,-9.3233,1.9941,-0.7108,0.6628,2.5358,-2.8448,-8.6848,3.1079,-0.7324,-0.6957,1.8601,1.9929,6.5685,9.3241,-0.7108,0.6628,2.5358,3.1077,2.8444,8.6851,-0.7324,-0.6957,1.8601,,,8.6848,44.1612,15.4,holding
2026-09-21T17:35:25.258+09:00,TEST_0001_LAN_L2,LAN_L2,PULL_TEST,,609.9866333007812,-265.3709716796875,359.9212951660156,89.99457550048828,-90.00499725341797,-0.0016743825981393456,-6.5166,-9.445,1.962,-0.7138,0.6595,2.5154,-2.7921,-8.8065,3.0758,-0.7354,-0.699,1.8397,1.9622,6.5157,9.4455,-0.7138,0.6595,2.5154,3.077,2.7917,8.8065,-0.7354,-0.699,1.8397,,,8.8065,44.7305,15.4,holding
2026-09-21T17:35:25.314+09:00,TEST_0001_LAN_L2,LAN_L2,PULL_TEST,,609.9714965820312,-264.82830810546875,359.9051513671875,89.9909896850586,-90.004638671875,-0.0035579237155616283,-6.5166,-9.445,1.962,-0.7138,0.6595,2.5154,-2.7921,-8.8065,3.0758,-0.7354,-0.699,1.8397,1.9622,6.5157,9.4455,-0.7138,0.6595,2.5154,3.077,2.7917,8.8065,-0.7354,-0.699,1.8397,,,8.8065,45.2732,15.4,holding
2026-09-21T17:35:25.370+09:00,TEST_0001_LAN_L2,LAN_L2,PULL_TEST,,609.9805908203125,-264.2803955078125,359.84210205078125,89.99191284179688,-90.00413513183594,-0.011469028890132904,-6.4949,-9.5091,2.0845,-0.6686,0.6532,2.5042,-2.7705,-8.8706,3.1983,-0.6902,-0.7052,1.8285,2.0849,6.4936,9.51,-0.6686,0.6532,2.5042,3.1996,2.7695,8.871,-0.6902,-0.7052,1.8285,,,8.8706,45.8211,15.4,holding
2026-09-21T17:35:25.426+09:00,TEST_0001_LAN_L2,LAN_L2,PULL_TEST,,609.969482421875,-263.741455078125,359.7771301269531,89.98847198486328,-90.00282287597656,-0.01937296614050865,-6.4591,-9.7382,2.0175,-0.6914,0.6477,2.4864,-2.7347,-9.0997,3.1313,-0.713,-0.7107,1.8107,2.016,6.4579,9.7393,-0.6914,0.6477,2.4864,3.1307,2.7338,9.1004,-0.713,-0.7107,1.8107,,,9.0997,46.36,15.4,holding
2026-09-21T17:35:25.482+09:00,TEST_0001_LAN_L2,LAN_L2,PULL_TEST,,609.9632568359375,-263.2039794921875,359.73358154296875,89.98680114746094,-90.00161743164062,-0.025723233819007874,-6.4591,-9.7382,2.0175,-0.6914,0.6477,2.4864,-2.7347,-9.0997,3.1313,-0.713,-0.7107,1.8107,2.016,6.4579,9.7393,-0.6914,0.6477,2.4864,3.1307,2.7338,9.1004,-0.713,-0.7107,1.8107,,,9.0997,46.8975,15.4,holding
2026-09-21T17:35:25.539+09:00,TEST_0001_LAN_L2,LAN_L2,PULL_TEST,,609.96630859375,-262.61273193359375,359.73431396484375,89.9894027709961,-90.0013427734375,-0.02742883563041687,-6.3364,-10.0305,1.8196,-0.7485,0.6434,2.4399,-2.612,-9.392,2.9334,-0.7701,-0.7151,1.7642,1.8169,6.3354,10.0316,-0.7485,0.6434,2.4399,2.9316,2.6113,9.3926,-0.7701,-0.7151,1.7642,,,9.392,47.4887,15.4,holding
2026-09-21T17:35:25.594+09:00,TEST_0001_LAN_L2,LAN_L2,PULL_TEST,,609.9588012695312,-262.04583740234375,359.77642822265625,89.99022674560547,-90.0014419555664,-0.022897491231560707,-6.3364,-10.0305,1.8196,-0.7485,0.6434,2.4399,-2.612,-9.392,2.9334,-0.7701,-0.7151,1.7642,1.8169,6.3354,10.0316,-0.7485,0.6434,2.4399,2.9316,2.6113,9.3926,-0.7701,-0.7151,1.7642,,,9.392,48.0556,15.4,holding
2026-09-21T17:35:25.650+09:00,TEST_0001_LAN_L2,LAN_L2,PULL_TEST,,609.9678955078125,-261.47821044921875,359.837890625,89.99280548095703,-90.0029067993164,-0.013616575859487057,-6.3184,-10.1419,1.7751,-0.7564,0.635,2.4336,-2.594,-9.5035,2.8889,-0.778,-0.7234,1.758,1.7733,6.3175,10.1428,-0.7564,0.635,2.4336,2.8881,2.5935,9.5038,-0.778,-0.7234,1.758,,,9.5035,48.6233,15.4,holding
2026-09-21T17:35:25.706+09:00,TEST_0001_LAN_L2,LAN_L2,PULL_TEST,,609.96240234375,-260.9435729980469,359.8697204589844,89.99311065673828,-90.00382232666016,-0.009446853771805763,-6.3184,-10.1419,1.7751,-0.7564,0.635,2.4336,-2.594,-9.5035,2.8889,-0.778,-0.7234,1.758,1.7733,6.3175,10.1428,-0.7564,0.635,2.4336,2.8881,2.5935,9.5038,-0.778,-0.7234,1.758,,,9.5035,49.1579,15.4,holding
2026-09-21T17:35:36.145+09:00,TEST_0001_LAN_L2,LAN_L2,RELEASE,RETURN_SOFT_GRIP_COMMAND,609.9584350585938,-260.1041564941406,359.82958984375,89.99240112304688,-90.00044250488281,-0.015006736852228642,-4.7412,-6.211,2.2755,-0.5952,0.776,1.4195,0.0,0.0,0.0,0.0,0.0,0.0,2.2743,4.741,6.2116,-0.5952,0.776,1.4195,0.0,0.0,0.0,0.0,0.0,0.0,,,,,15.4,holding
2026-09-21T17:35:36.428+09:00,TEST_0001_LAN_L2,LAN_L2,RELEASE,RETURN_SOFT_GRIP_OPEN_REACHED,609.9597778320312,-260.10101318359375,359.82958984375,89.99269104003906,-90.00044250488281,-0.015006736852228642,-4.2752,-4.4341,1.7816,-0.5615,0.7859,1.4092,0.0,0.0,0.0,0.0,0.0,0.0,1.7805,4.2751,4.4347,-0.5615,0.7859,1.4092,0.0,0.0,0.0,0.0,0.0,0.0,,,,,26.9,holding
2026-09-21T17:35:43.426+09:00,TEST_0001_LAN_L5,LAN_L5,PREPARE_SOFT_GRIP,INITIAL_SOFT_GRIP_OPEN_COMMAND,602.3733520507812,-36.33771896362305,347.8131408691406,113.15345764160156,-136.43081665039062,-147.8394317626953,1.5063,-2.5689,3.328,1.7761,-2.6133,1.3803,0.0,0.0,0.0,0.0,0.0,0.0,-3.5543,2.6777,-0.3751,1.7761,-2.6133,1.3803,0.0,0.0,0.0,0.0,0.0,0.0,,,,,27.9,holding
2026-09-21T17:35:43.479+09:00,TEST_0001_LAN_L5,LAN_L5,PREPARE_SOFT_GRIP,INITIAL_SOFT_GRIP_OPEN_REACHED,602.373046875,-36.33845520019531,347.8146667480469,113.15351104736328,-136.4306640625,-147.8391571044922,1.5063,-2.5689,3.328,1.7761,-2.6133,1.3803,0.0,0.0,0.0,0.0,0.0,0.0,-3.5543,2.6777,-0.3751,1.7761,-2.6133,1.3803,0.0,0.0,0.0,0.0,0.0,0.0,,,,,27.4,moving
2026-09-21T17:35:50.830+09:00,TEST_0001_LAN_L5,LAN_L5,SOFT_GRIP_ENTRY,SOFT_GRIP_COMMAND,564.9183349609375,-300.09686279296875,359.9998779296875,89.98933410644531,-89.99274444580078,0.0005747753893956542,-2.0396,-1.915,4.0171,0.282,1.6558,0.4783,0.0,0.0,0.0,0.0,0.0,0.0,4.0169,2.0392,1.9159,0.282,1.6558,0.4783,0.0,0.0,0.0,0.0,0.0,0.0,,,,,23.3,holding
2026-09-21T17:35:50.832+09:00,TEST_0001_LAN_L5,LAN_L5,SOFT_GRIP_ENTRY,ENTRY_MOTION_START_WIDTH_REACHED,564.9183349609375,-300.09686279296875,359.9998779296875,89.98933410644531,-89.99274444580078,0.0005747753893956542,-2.0396,-1.915,4.0171,0.282,1.6558,0.4783,0.0,0.0,0.0,0.0,0.0,0.0,4.0169,2.0392,1.9159,0.282,1.6558,0.4783,0.0,0.0,0.0,0.0,0.0,0.0,,,,,23.3,holding
2026-09-21T17:35:50.863+09:00,TEST_0001_LAN_L5,LAN_L5,SOFT_GRIP_ENTRY,,564.917236328125,-300.09686279296875,359.9993591308594,89.98914337158203,-89.99282836914062,0.0005693140556104481,-2.0396,-1.915,4.0171,0.282,1.6558,0.4783,0.0,0.0,0.0,0.0,0.0,0.0,4.0169,2.0392,1.9159,0.282,1.6558,0.4783,0.0,0.0,0.0,0.0,0.0,0.0,0.0,0.0,,,23.3,holding
2026-09-21T17:35:50.919+09:00,TEST_0001_LAN_L5,LAN_L5,SOFT_GRIP_ENTRY,,564.9163818359375,-300.09686279296875,359.9969482421875,89.98899841308594,-89.99324798583984,0.0004048057890031487,-2.2291,-2.031,3.9218,0.2187,1.6103,0.5834,-0.1895,-0.116,-0.0954,-0.0633,-0.0455,0.1051,3.9215,2.2287,2.0319,0.2187,1.6103,0.5834,-0.0954,0.1895,0.116,-0.0633,-0.0455,0.1051,0.116,0.0,,,23.3,holding
2026-09-21T17:35:50.976+09:00,TEST_0001_LAN_L5,LAN_L5,SOFT_GRIP_ENTRY,,564.9240112304688,-300.1192321777344,359.9909973144531,89.99012756347656,-89.9942855834961,0.0002616804267745465,-2.2291,-2.031,3.9218,0.2187,1.6103,0.5834,-0.1895,-0.116,-0.0954,-0.0633,-0.0455,0.1051,3.9215,2.2287,2.0319,0.2187,1.6103,0.5834,-0.0954,0.1895,0.116,-0.0633,-0.0455,0.1051,0.116,0.0224,,,23.3,holding
2026-09-21T17:35:51.031+09:00,TEST_0001_LAN_L5,LAN_L5,SOFT_GRIP_ENTRY,,564.9624633789062,-300.26715087890625,359.96514892578125,89.99551391601562,-89.99878692626953,0.00020542761194519699,-2.5909,-1.1944,3.6985,0.1309,1.5553,0.6066,-0.5513,0.7206,-0.3187,-0.1511,-0.1005,0.1284,3.6984,2.5908,1.1947,0.1309,1.5553,0.6066,-0.3185,0.5516,-0.7212,-0.1511,-0.1005,0.1284,0.7206,0.1703,,,23.3,holding
2026-09-21T17:35:51.086+09:00,TEST_0001_LAN_L5,LAN_L5,SOFT_GRIP_ENTRY,,564.9835815429688,-300.6097106933594,359.9816589355469,89.99626159667969,-89.99604034423828,0.0006758386152796447,-2.5909,-1.1944,3.6985,0.1309,1.5553,0.6066,-0.5513,0.7206,-0.3187,-0.1511,-0.1005,0.1284,3.6984,2.5908,1.1947,0.1309,1.5553,0.6066,-0.3185,0.5516,-0.7212,-0.1511,-0.1005,0.1284,0.7206,0.5128,,,23.3,holding
2026-09-21T17:35:51.142+09:00,TEST_0001_LAN_L5,LAN_L5,SOFT_GRIP_ENTRY,,565.013671875,-301.0826721191406,359.98162841796875,89.99750518798828,-89.99575805664062,0.0010264996672049165,-2.8593,-0.5139,3.5395,0.1637,1.5109,0.5888,-0.8198,1.4011,-0.4776,-0.1183,-0.1449,0.1105,3.5395,2.8592,0.5143,0.1637,1.5109,0.5888,-0.4774,0.8201,-1.4015,-0.1183,-0.1449,0.1105,1.4011,0.9858,,,23.3,holding
2026-09-21T17:35:51.197+09:00,TEST_0001_LAN_L5,LAN_L5,SOFT_GRIP_ENTRY,,565.02294921875,-301.6230163574219,359.9686279296875,89.99568176269531,-89.99545288085938,-0.0008843296091072261,-2.8593,-0.5139,3.5395,0.1637,1.5109,0.5888,-0.8198,1.4011,-0.4776,-0.1183,-0.1449,0.1105,3.5395,2.8592,0.5143,0.1637,1.5109,0.5888,-0.4774,0.8201,-1.4015,-0.1183,-0.1449,0.1105,1.4011,1.5262,,,23.3,holding
2026-09-21T17:35:51.253+09:00,TEST_0001_LAN_L5,LAN_L5,SOFT_GRIP_ENTRY,,565.033935546875,-302.1881408691406,359.915283203125,89.99610137939453,-89.99629211425781,-0.008363672532141209,-2.6713,-0.6104,3.5891,0.2315,1.4976,0.4999,-0.6317,1.3046,-0.4281,-0.0505,-0.1582,0.0217,3.5889,2.6714,0.6109,0.2315,1.4976,0.4999,-0.428,0.6323,-1.305,-0.0505,-0.1582,0.0217,1.3046,2.0913,,,23.3,holding
2026-09-21T17:35:51.308+09:00,TEST_0001_LAN_L5,LAN_L5,SOFT_GRIP_ENTRY,,565.032958984375,-302.757080078125,359.8733215332031,89.99432373046875,-89.99606323242188,-0.014888773672282696,-2.6713,-0.6104,3.5891,0.2315,1.4976,0.4999,-0.6317,1.3046,-0.4281,-0.0505,-0.1582,0.0217,3.5889,2.6714,0.6109,0.2315,1.4976,0.4999,-0.428,0.6323,-1.305,-0.0505,-0.1582,0.0217,1.3046,2.6602,,,23.3,holding
2026-09-21T17:35:51.364+09:00,TEST_0001_LAN_L5,LAN_L5,SOFT_GRIP_ENTRY,,565.0283203125,-303.3348083496094,359.8424987792969,89.99214935302734,-89.99398803710938,-0.021410509943962097,-2.4383,-0.6651,3.4337,0.2658,1.5057,0.4333,-0.3987,1.2499,-0.5834,-0.0162,-0.1501,-0.045,3.433,2.4392,0.6656,0.2658,1.5057,0.4333,-0.5839,0.4,-1.2503,-0.0162,-0.1501,-0.045,1.2499,3.2379,,,23.3,holding
2026-09-21T17:35:51.419+09:00,TEST_0001_LAN_L5,LAN_L5,SOFT_GRIP_ENTRY,,565.05078125,-303.8648376464844,359.81072998046875,89.99507141113281,-89.99346160888672,-0.026573628187179565,-2.3684,-0.4064,3.2382,0.3101,1.5655,0.3914,-0.3288,1.5086,-0.779,0.0281,-0.0903,-0.0868,3.237,2.3699,0.407,0.3101,1.5655,0.3914,-0.7799,0.3307,-1.5089,0.0281,-0.0903,-0.0868,1.5086,3.768,,,23.3,holding
2026-09-21T17:35:51.476+09:00,TEST_0001_LAN_L5,LAN_L5,SOFT_GRIP_ENTRY,,565.0474853515625,-304.4125671386719,359.7752380371094,89.99453735351562,-89.99231719970703,-0.03223833441734314,-2.3684,-0.4064,3.2382,0.3101,1.5655,0.3914,-0.3288,1.5086,-0.779,0.0281,-0.0903,-0.0868,3.237,2.3699,0.407,0.3101,1.5655,0.3914,-0.7799,0.3307,-1.5089,0.0281,-0.0903,-0.0868,1.5086,4.3157,,,23.4,holding
2026-09-21T17:35:51.532+09:00,TEST_0001_LAN_L5,LAN_L5,SOFT_GRIP_ENTRY,,565.0486450195312,-304.9535217285156,359.7379150390625,89.9953842163086,-89.99237060546875,-0.034661080688238144,-2.2097,0.4173,2.992,0.3444,1.6311,0.3042,-0.1701,2.3323,-1.0251,0.0624,-0.0247,-0.1741,2.9907,2.2115,-0.4167,0.3444,1.6311,0.3042,-1.0262,0.1724,-2.3326,0.0624,-0.0247,-0.1741,2.3323,4.8567,,,23.4,holding
2026-09-21T17:35:51.588+09:00,TEST_0001_LAN_L5,LAN_L5,SOFT_GRIP_ENTRY,,565.0380859375,-305.4205627441406,359.7123718261719,89.9952621459961,-89.99200439453125,-0.033771488815546036,-2.2097,0.4173,2.992,0.3444,1.6311,0.3042,-0.1701,2.3323,-1.0251,0.0624,-0.0247,-0.1741,2.9907,2.2115,-0.4167,0.3444,1.6311,0.3042,-1.0262,0.1724,-2.3326,0.0624,-0.0247,-0.1741,2.3323,5.3237,,,23.4,holding
2026-09-21T17:35:52.645+09:00,TEST_0001_LAN_L5,LAN_L5,SOFT_GRIP_ENTRY,SOFT_GRIP_STABILIZATION_END,564.8519287109375,-306.13372802734375,359.9774475097656,89.98577880859375,-89.99200439453125,-0.004694274626672268,-1.9123,-0.4327,1.3838,0.1149,1.5488,0.7042,0.0,0.0,0.0,0.0,0.0,0.0,1.3836,1.9123,0.4334,0.1149,1.5488,0.7042,0.0,0.0,0.0,0.0,0.0,0.0,,,,,23.4,holding
2026-09-21T17:35:52.786+09:00,TEST_0001_LAN_L5,LAN_L5,HARD_GRIP,HARD_GRIP_COMMAND,564.8526611328125,-306.13177490234375,359.9765319824219,89.98587799072266,-89.9922866821289,-0.004731897264719009,-1.9991,-0.4758,1.379,0.1043,1.534,0.7285,0.0,0.0,0.0,0.0,0.0,0.0,1.3787,1.9991,0.4765,0.1043,1.534,0.7285,0.0,0.0,0.0,0.0,0.0,0.0,,,,,23.4,holding
2026-09-21T17:35:53.790+09:00,TEST_0001_LAN_L5,LAN_L5,HARD_GRIP,HARD_GRIP_STABILIZATION_END,564.8731689453125,-306.1091003417969,359.9918518066406,89.98780822753906,-89.9928970336914,-0.0028150153812021017,-3.105,1.0799,-1.1378,0.0856,1.4596,0.7494,0.0,0.0,0.0,0.0,0.0,0.0,-1.1379,3.1052,-1.0794,0.0856,1.4596,0.7494,0.0,0.0,0.0,0.0,0.0,0.0,,,,,20.3,moving
2026-09-21T17:35:53.822+09:00,TEST_0001_LAN_L5,LAN_L5,PULL_TEST,,564.874267578125,-306.10906982421875,359.99298095703125,89.98780822753906,-89.99290466308594,-0.002558541251346469,-3.2392,1.0753,-1.2059,0.0698,1.4542,0.7808,-0.1342,-0.0047,-0.0681,-0.0158,-0.0054,0.0314,-1.2059,3.2394,-1.0747,0.0698,1.4542,0.7808,-0.068,0.1343,0.0047,-0.0158,-0.0054,0.0314,,,0.0047,0.0,20.3,moving
2026-09-21T17:35:53.878+09:00,TEST_0001_LAN_L5,LAN_L5,PULL_TEST,,564.878662109375,-306.1041564941406,359.99786376953125,89.98829650878906,-89.99292755126953,-0.0018778049852699041,-3.2392,1.0753,-1.2059,0.0698,1.4542,0.7808,-0.1342,-0.0047,-0.0681,-0.0158,-0.0054,0.0314,-1.2059,3.2394,-1.0747,0.0698,1.4542,0.7808,-0.068,0.1343,0.0047,-0.0158,-0.0054,0.0314,,,0.0047,0.0049,20.3,moving
2026-09-21T17:35:53.934+09:00,TEST_0001_LAN_L5,LAN_L5,PULL_TEST,,564.8794555664062,-306.045654296875,360.0203857421875,89.98802185058594,-89.99095916748047,-0.00011491723853396252,-3.4255,0.8129,-1.3131,0.0518,1.4506,0.8681,-0.3205,-0.267,-0.1753,-0.0338,-0.009,0.1188,-1.3131,3.4257,-0.8124,0.0518,1.4506,0.8681,-0.1752,0.3205,0.267,-0.0338,-0.009,0.1188,,,0.267,0.0634,20.3,moving
2026-09-21T17:35:53.989+09:00,TEST_0001_LAN_L5,LAN_L5,PULL_TEST,,564.8576049804688,-305.9032287597656,360.05474853515625,89.98310852050781,-89.99027252197266,0.004864979535341263,-3.4255,0.8129,-1.3131,0.0518,1.4506,0.8681,-0.3205,-0.267,-0.1753,-0.0338,-0.009,0.1188,-1.3131,3.4257,-0.8124,0.0518,1.4506,0.8681,-0.1752,0.3205,0.267,-0.0338,-0.009,0.1188,,,0.267,0.2059,20.3,moving
2026-09-21T17:35:54.044+09:00,TEST_0001_LAN_L5,LAN_L5,PULL_TEST,,564.8179931640625,-305.6305847167969,360.06146240234375,89.97701263427734,-89.99166870117188,0.006756057497113943,-3.3639,-1.3701,-1.7033,0.0418,1.4412,1.1233,-0.2589,-2.45,-0.5655,-0.0438,-0.0184,0.3739,-1.7031,3.3636,1.371,0.0418,1.4412,1.1233,-0.5653,0.2585,2.4504,-0.0438,-0.0184,0.3739,,,2.45,0.4785,20.3,moving
2026-09-21T17:35:54.100+09:00,TEST_0001_LAN_L5,LAN_L5,PULL_TEST,,564.7864379882812,-305.1914367675781,360.0847473144531,89.97278594970703,-89.9916000366211,0.009999466128647327,-3.3639,-1.3701,-1.7033,0.0418,1.4412,1.1233,-0.2589,-2.45,-0.5655,-0.0438,-0.0184,0.3739,-1.7031,3.3636,1.371,0.0418,1.4412,1.1233,-0.5653,0.2585,2.4504,-0.0438,-0.0184,0.3739,,,2.45,0.9177,20.1,moving
2026-09-21T17:35:54.154+09:00,TEST_0001_LAN_L5,LAN_L5,PULL_TEST,,564.7620849609375,-304.6791076660156,360.1161804199219,89.9693603515625,-89.99210357666016,0.014927173033356667,-3.0612,-5.1878,-2.3492,-0.0031,1.4211,1.3631,0.0438,-6.2677,-1.2114,-0.0887,-0.0385,0.6137,-2.3494,3.0591,5.1889,-0.0031,1.4211,1.3631,-1.2115,-0.046,6.2683,-0.0887,-0.0385,0.6137,,,6.2677,1.43,20.1,moving
2026-09-21T17:35:54.209+09:00,TEST_0001_LAN_L5,LAN_L5,PULL_TEST,,564.7659912109375,-304.1306457519531,360.1293640136719,89.97040557861328,-89.99333190917969,0.018008559942245483,-3.0612,-5.1878,-2.3492,-0.0031,1.4211,1.3631,0.0438,-6.2677,-1.2114,-0.0887,-0.0385,0.6137,-2.3494,3.0591,5.1889,-0.0031,1.4211,1.3631,-1.2115,-0.046,6.2683,-0.0887,-0.0385,0.6137,,,6.2677,1.9785,20.1,moving
2026-09-21T17:35:54.265+09:00,TEST_0001_LAN_L5,LAN_L5,PULL_TEST,,564.7445068359375,-303.603271484375,360.12030029296875,89.96546936035156,-89.99327087402344,0.017348218709230423,-2.8502,-9.531,-3.0312,0.0054,1.3997,1.6138,0.2548,-10.611,-1.8934,-0.0803,-0.0599,0.8644,-3.0314,2.8461,9.5322,0.0054,1.3997,1.6138,-1.8935,-0.259,10.6116,-0.0803,-0.0599,0.8644,,,10.611,2.5058,20.1,moving
2026-09-21T17:35:54.320+09:00,TEST_0001_LAN_L5,LAN_L5,PULL_TEST,,564.7404174804688,-303.0777893066406,360.1000671386719,89.96369171142578,-89.99388885498047,0.015529517084360123,-3.0602,-13.7918,-3.6283,0.0289,1.3767,1.8681,0.0447,-14.8717,-2.4905,-0.0567,-0.0829,1.1187,-3.6289,3.0525,13.7934,0.0289,1.3767,1.8681,-2.491,-0.0527,14.8728,-0.0567,-0.0829,1.1187,,,14.8717,3.0313,19.9,moving
2026-09-21T17:35:54.376+09:00,TEST_0001_LAN_L5,LAN_L5,PULL_TEST,,564.7378540039062,-302.5181579589844,360.0782775878906,89.962158203125,-89.99333953857422,0.012470067478716373,-3.0602,-13.7918,-3.6283,0.0289,1.3767,1.8681,0.0447,-14.8717,-2.4905,-0.0567,-0.0829,1.1187,-3.6289,3.0525,13.7934,0.0289,1.3767,1.8681,-2.491,-0.0527,14.8728,-0.0567,-0.0829,1.1187,,,14.8717,3.5909,19.9,moving
2026-09-21T17:35:54.431+09:00,TEST_0001_LAN_L5,LAN_L5,PULL_TEST,,564.750732421875,-301.9507751464844,360.04833984375,89.96371459960938,-89.9924545288086,0.007504929322749376,-3.297,-18.0323,-4.1714,0.0564,1.3432,2.0655,-0.192,-19.1122,-3.0336,-0.0292,-0.1164,1.3161,-4.1732,3.2858,18.0339,0.0564,1.3432,2.0655,-3.0353,0.1807,19.1133,-0.0292,-0.1164,1.3161,,,19.1122,4.1583,19.9,moving
2026-09-21T17:35:54.487+09:00,TEST_0001_LAN_L5,LAN_L5,PULL_TEST,,564.7696533203125,-301.3697814941406,360.0252685546875,89.9667739868164,-89.99259948730469,0.00337008573114872,-3.297,-18.0323,-4.1714,0.0564,1.3432,2.0655,-0.192,-19.1122,-3.0336,-0.0292,-0.1164,1.3161,-4.1732,3.2858,18.0339,0.0564,1.3432,2.0655,-3.0353,0.1807,19.1133,-0.0292,-0.1164,1.3161,,,19.1122,4.7393,19.8,moving
2026-09-21T17:35:54.543+09:00,TEST_0001_LAN_L5,LAN_L5,PULL_TEST,,564.7747802734375,-300.7917175292969,360.013916015625,89.96766662597656,-89.9927749633789,0.0013072113506495953,-3.4037,-22.0084,-5.0001,0.0252,1.3051,2.1644,-0.2987,-23.0883,-3.8623,-0.0604,-0.1545,1.415,-5.0028,3.3916,22.0096,0.0252,1.3051,2.1644,-3.865,0.2865,23.089,-0.0604,-0.1545,1.415,,,23.0883,5.3174,19.8,moving
2026-09-21T17:35:54.597+09:00,TEST_0001_LAN_L5,LAN_L5,PULL_TEST,,564.785888671875,-300.23797607421875,360.00616455078125,89.9696273803711,-89.99408721923828,0.0006806864985264838,-3.4037,-22.0084,-5.0001,0.0252,1.3051,2.1644,-0.2987,-23.0883,-3.8623,-0.0604,-0.1545,1.415,-5.0028,3.3916,22.0096,0.0252,1.3051,2.1644,-3.865,0.2865,23.089,-0.0604,-0.1545,1.415,,,23.0883,5.8711,19.8,moving
2026-09-21T17:35:54.653+09:00,TEST_0001_LAN_L5,LAN_L5,PULL_TEST,,564.7824096679688,-299.6715393066406,360.01318359375,89.96916198730469,-89.99349212646484,0.0007781683816574514,-3.3165,-25.4872,-5.7007,0.0172,1.2779,2.222,-0.2115,-26.5671,-4.5629,-0.0684,-0.1817,1.4727,-5.7034,3.3027,25.4884,0.0172,1.2779,2.222,-4.5655,0.1975,26.5678,-0.0684,-0.1817,1.4727,,,26.5671,6.4376,19.6,moving
2026-09-21T17:36:05.010+09:00,TEST_0001_LAN_L5,LAN_L5,RELEASE,RETURN_SOFT_GRIP_COMMAND,564.9110107421875,-299.37841796875,359.9933776855469,89.98886108398438,-89.99264526367188,-0.000619137252215296,-3.4321,-16.0579,-3.1188,0.247,1.3714,1.5483,0.0,0.0,0.0,0.0,0.0,0.0,-3.1209,3.4289,16.0582,0.247,1.3714,1.5483,0.0,0.0,0.0,0.0,0.0,0.0,,,,,18.4,holding
2026-09-21T17:36:05.808+09:00,TEST_0001_LAN_L5,LAN_L5,RELEASE,RETURN_SOFT_GRIP_OPEN_REACHED,564.9427490234375,-299.320068359375,360.0088195800781,89.9951400756836,-89.99075317382812,0.00011500945402076468,-3.2279,-5.0036,2.7613,0.015,1.3229,1.5794,0.0,0.0,0.0,0.0,0.0,0.0,2.7605,3.2275,5.0043,0.015,1.3229,1.5794,0.0,0.0,0.0,0.0,0.0,0.0,,,,,25.6,holding
2026-09-21T17:36:25.651+09:00,TEST_0002_LAN_L2,LAN_L2,PREPARE_SOFT_GRIP,INITIAL_SOFT_GRIP_OPEN_COMMAND,602.3595581054688,-36.4134407043457,347.712890625,113.1318130493164,-136.42892456054688,-147.84994506835938,0.7131,-2.3123,3.5398,0.7254,-2.6641,1.2091,0.0,0.0,0.0,0.0,0.0,0.0,-3.6764,2.0123,-0.906,0.7254,-2.6641,1.2091,0.0,0.0,0.0,0.0,0.0,0.0,,,,,26.9,holding
2026-09-21T17:36:25.665+09:00,TEST_0002_LAN_L2,LAN_L2,PREPARE_SOFT_GRIP,INITIAL_SOFT_GRIP_OPEN_REACHED,602.3595581054688,-36.4134407043457,347.712890625,113.1318130493164,-136.42892456054688,-147.84994506835938,0.7131,-2.3123,3.5398,0.7254,-2.6641,1.2091,0.0,0.0,0.0,0.0,0.0,0.0,-3.6764,2.0123,-0.906,0.7254,-2.6641,1.2091,0.0,0.0,0.0,0.0,0.0,0.0,,,,,26.9,holding
2026-09-21T17:36:32.830+09:00,TEST_0002_LAN_L2,LAN_L2,SOFT_GRIP_ENTRY,SOFT_GRIP_COMMAND,609.978271484375,-305.08355712890625,359.8562316894531,89.99470520019531,-89.99996185302734,-0.011734707280993462,-3.6385,-1.2084,3.913,0.3235,1.6729,0.6141,0.0,0.0,0.0,0.0,0.0,0.0,3.9123,3.6391,1.2087,0.3235,1.6729,0.6141,0.0,0.0,0.0,0.0,0.0,0.0,,,,,25.9,holding
2026-09-21T17:36:32.891+09:00,TEST_0002_LAN_L2,LAN_L2,SOFT_GRIP_ENTRY,ENTRY_MOTION_START_WIDTH_REACHED,609.978759765625,-305.0835266113281,359.85150146484375,89.99452209472656,-90.00005340576172,-0.012133303098380566,-3.6385,-1.2084,3.913,0.3235,1.6729,0.6141,0.0,0.0,0.0,0.0,0.0,0.0,3.9123,3.6391,1.2087,0.3235,1.6729,0.6141,0.0,0.0,0.0,0.0,0.0,0.0,,,,,24.9,moving
2026-09-21T17:36:32.922+09:00,TEST_0002_LAN_L2,LAN_L2,SOFT_GRIP_ENTRY,,609.9788208007812,-305.08245849609375,359.8506774902344,89.9944839477539,-90.00001525878906,-0.012379988096654415,-3.7116,-1.3581,3.8142,0.2736,1.6282,0.6797,-0.0731,-0.1497,-0.0988,-0.0499,-0.0447,0.0656,3.8134,3.7123,1.3584,0.2736,1.6282,0.6797,-0.0989,0.0731,0.1497,-0.0499,-0.0447,0.0656,0.1497,-0.0011,,,24.4,moving
2026-09-21T17:36:32.979+09:00,TEST_0002_LAN_L2,LAN_L2,SOFT_GRIP_ENTRY,,609.97900390625,-305.08245849609375,359.84881591796875,89.99444580078125,-90.00015258789062,-0.012630807235836983,-3.7116,-1.3581,3.8142,0.2736,1.6282,0.6797,-0.0731,-0.1497,-0.0988,-0.0499,-0.0447,0.0656,3.8134,3.7123,1.3584,0.2736,1.6282,0.6797,-0.0989,0.0731,0.1497,-0.0499,-0.0447,0.0656,0.1497,-0.0011,,,22.9,moving
2026-09-21T17:36:33.034+09:00,TEST_0002_LAN_L2,LAN_L2,SOFT_GRIP_ENTRY,,609.9869384765625,-305.10345458984375,359.8428955078125,89.99561309814453,-90.0009994506836,-0.01287798397243023,-3.767,-1.4601,3.6091,0.1966,1.5657,0.7159,-0.1285,-0.2517,-0.3039,-0.1269,-0.1073,0.1018,3.6082,3.7677,1.4604,0.1966,1.5657,0.7159,-0.304,0.1285,0.2517,-0.1269,-0.1073,0.1018,0.2517,0.0199,,,21.6,holding
2026-09-21T17:36:33.090+09:00,TEST_0002_LAN_L2,LAN_L2,SOFT_GRIP_ENTRY,,610.0294799804688,-305.2515869140625,359.81842041015625,90.00201416015625,-90.00525665283203,-0.012993339449167252,-3.767,-1.4601,3.6091,0.1966,1.5657,0.7159,-0.1285,-0.2517,-0.3039,-0.1269,-0.1073,0.1018,3.6082,3.7677,1.4604,0.1966,1.5657,0.7159,-0.304,0.1285,0.2517,-0.1269,-0.1073,0.1018,0.2517,0.168,,,21.4,holding
2026-09-21T17:36:33.146+09:00,TEST_0002_LAN_L2,LAN_L2,SOFT_GRIP_ENTRY,,610.0731201171875,-305.5552673339844,359.8315734863281,90.00768280029297,-90.00299835205078,-0.01286690216511488,-4.0015,-0.2386,3.3921,0.1422,1.503,0.661,-0.3631,0.9698,-0.5209,-0.1813,-0.1699,0.0469,3.3912,4.0023,0.238,0.1422,1.503,0.661,-0.5211,0.3632,-0.9707,-0.1813,-0.1699,0.0469,0.9698,0.4717,,,21.4,holding
2026-09-21T17:36:33.201+09:00,TEST_0002_LAN_L2,LAN_L2,SOFT_GRIP_ENTRY,,610.09326171875,-306.0049743652344,359.8409729003906,90.00828552246094,-90.00106811523438,-0.012916520237922668,-4.0015,-0.2386,3.3921,0.1422,1.503,0.661,-0.3631,0.9698,-0.5209,-0.1813,-0.1699,0.0469,3.3912,4.0023,0.238,0.1422,1.503,0.661,-0.5211,0.3632,-0.9707,-0.1813,-0.1699,0.0469,0.9698,0.9214,,,21.4,holding
2026-09-21T17:36:33.257+09:00,TEST_0002_LAN_L2,LAN_L2,SOFT_GRIP_ENTRY,,610.105712890625,-306.573486328125,359.8317565917969,90.00743103027344,-90.00064849853516,-0.014480549842119217,-4.0276,0.192,3.2801,0.1701,1.4615,0.6104,-0.3891,1.4004,-0.6329,-0.1534,-0.2114,-0.0037,3.2792,4.0283,-0.1926,0.1701,1.4615,0.6104,-0.6331,0.3892,-1.4014,-0.1534,-0.2114,-0.0037,1.4004,1.4899,,,21.4,holding
2026-09-21T17:36:33.313+09:00,TEST_0002_LAN_L2,LAN_L2,SOFT_GRIP_ENTRY,,610.0903930664062,-307.1727294921875,359.792236328125,90.00330352783203,-89.99935913085938,-0.021578306332230568,-4.0276,0.192,3.2801,0.1701,1.4615,0.6104,-0.3891,1.4004,-0.6329,-0.1534,-0.2114,-0.0037,3.2792,4.0283,-0.1926,0.1701,1.4615,0.6104,-0.6331,0.3892,-1.4014,-0.1534,-0.2114,-0.0037,1.4004,2.0892,,,21.4,holding
2026-09-21T17:36:33.369+09:00,TEST_0002_LAN_L2,LAN_L2,SOFT_GRIP_ENTRY,,610.0860595703125,-307.7321472167969,359.7337646484375,90.00231170654297,-89.99862670898438,-0.03133147582411766,-3.7231,-0.1242,3.4133,0.2535,1.4619,0.4915,-0.0847,1.0842,-0.4997,-0.07,-0.211,-0.1227,3.4118,3.7245,0.1241,0.2535,1.4619,0.4915,-0.5004,0.0853,-1.0847,-0.07,-0.211,-0.1227,1.0842,2.6486,,,21.4,holding
2026-09-21T17:36:33.425+09:00,TEST_0002_LAN_L2,LAN_L2,SOFT_GRIP_ENTRY,,610.0845947265625,-308.3009338378906,359.6908874511719,90.00113677978516,-89.99816131591797,-0.03824642673134804,-3.4263,-0.1813,3.5265,0.2745,1.5056,0.3967,0.2122,1.0271,-0.3865,-0.049,-0.1674,-0.2174,3.5243,3.4286,0.1814,0.2745,1.5056,0.3967,-0.388,-0.2106,-1.0274,-0.049,-0.1674,-0.2174,1.0271,3.2174,,,21.4,holding
2026-09-21T17:36:33.481+09:00,TEST_0002_LAN_L2,LAN_L2,SOFT_GRIP_ENTRY,,610.07470703125,-308.8633117675781,359.664794921875,89.99805450439453,-89.99739074707031,-0.042388349771499634,-3.4263,-0.1813,3.5265,0.2745,1.5056,0.3967,0.2122,1.0271,-0.3865,-0.049,-0.1674,-0.2174,3.5243,3.4286,0.1814,0.2745,1.5056,0.3967,-0.388,-0.2106,-1.0274,-0.049,-0.1674,-0.2174,1.0271,3.7798,,,21.4,holding
2026-09-21T17:36:33.539+09:00,TEST_0002_LAN_L2,LAN_L2,SOFT_GRIP_ENTRY,,610.078369140625,-309.37530517578125,359.6334533691406,89.99793243408203,-89.99752807617188,-0.04465425759553909,-3.1904,-0.3228,3.7918,0.3525,1.5995,0.3122,0.448,0.8856,-0.1212,0.0289,-0.0734,-0.302,3.7893,3.1934,0.323,0.3525,1.5995,0.3122,-0.123,-0.4458,-0.8857,0.0289,-0.0734,-0.302,0.8856,4.2917,,,21.4,holding
2026-09-21T17:36:34.595+09:00,TEST_0002_LAN_L2,LAN_L2,SOFT_GRIP_ENTRY,SOFT_GRIP_STABILIZATION_END,609.9696044921875,-310.10662841796875,359.812255859375,89.99284362792969,-89.99980163574219,-0.01492577139288187,-2.561,-0.8611,3.0502,0.1089,1.5516,0.5911,0.0,0.0,0.0,0.0,0.0,0.0,3.0495,2.5618,0.8614,0.1089,1.5516,0.5911,0.0,0.0,0.0,0.0,0.0,0.0,,,,,21.4,holding
2026-09-21T17:36:34.741+09:00,TEST_0002_LAN_L2,LAN_L2,HARD_GRIP,HARD_GRIP_COMMAND,609.9651489257812,-310.1056213378906,359.8202209472656,89.99262237548828,-89.99988555908203,-0.014287332072854042,-2.6561,-0.9149,2.9277,0.0774,1.5027,0.6412,0.0,0.0,0.0,0.0,0.0,0.0,2.927,2.6567,0.9152,0.0774,1.5027,0.6412,0.0,0.0,0.0,0.0,0.0,0.0,,,,,21.4,holding
2026-09-21T17:36:35.744+09:00,TEST_0002_LAN_L2,LAN_L2,HARD_GRIP,HARD_GRIP_STABILIZATION_END,609.96337890625,-310.1004333496094,359.8224792480469,89.99263763427734,-90.00053405761719,-0.01561412587761879,-3.2198,-0.044,-0.8244,0.0338,1.4241,0.6055,0.0,0.0,0.0,0.0,0.0,0.0,-0.8253,3.2196,0.0444,0.0338,1.4241,0.6055,0.0,0.0,0.0,0.0,0.0,0.0,,,,,19.1,moving
2026-09-21T17:36:35.766+09:00,TEST_0002_LAN_L2,LAN_L2,PULL_TEST,,609.96337890625,-310.1004333496094,359.8224792480469,89.99263763427734,-90.00053405761719,-0.01561412587761879,-3.2198,-0.044,-0.8244,0.0338,1.4241,0.6055,0.0,0.0,0.0,0.0,0.0,0.0,-0.8253,3.2196,0.0444,0.0338,1.4241,0.6055,0.0,0.0,0.0,0.0,0.0,0.0,,,0.0,0.0,18.9,moving
2026-09-21T17:36:35.821+09:00,TEST_0002_LAN_L2,LAN_L2,PULL_TEST,,609.9652099609375,-310.0972595214844,359.82330322265625,89.99297332763672,-90.0003890991211,-0.015759140253067017,-3.2199,-0.0362,-0.8077,0.0366,1.4179,0.6054,-0.0001,0.0078,0.0167,0.0028,-0.0062,-0.0001,-0.8086,3.2197,0.0366,0.0366,1.4179,0.6054,0.0167,0.0001,-0.0078,0.0028,-0.0062,-0.0001,,,0.0078,0.0032,18.9,moving
2026-09-21T17:36:35.877+09:00,TEST_0002_LAN_L2,LAN_L2,PULL_TEST,,609.9507446289062,-310.064697265625,359.8317565917969,89.9906997680664,-89.99909973144531,-0.015662670135498047,-3.2199,-0.0362,-0.8077,0.0366,1.4179,0.6054,-0.0001,0.0078,0.0167,0.0028,-0.0062,-0.0001,-0.8086,3.2197,0.0366,0.0366,1.4179,0.6054,0.0167,0.0001,-0.0078,0.0028,-0.0062,-0.0001,,,0.0078,0.0357,18.9,moving
2026-09-21T17:36:35.932+09:00,TEST_0002_LAN_L2,LAN_L2,PULL_TEST,,609.9158325195312,-309.9438781738281,359.84991455078125,89.98527526855469,-89.9959487915039,-0.015834704041481018,-3.1569,-1.1481,-0.8423,0.084,1.4125,0.8311,0.0629,-1.1041,-0.0179,0.0502,-0.0116,0.2257,-0.8433,3.1564,1.1488,0.084,1.4125,0.8311,-0.018,-0.0632,1.1044,0.0502,-0.0116,0.2257,,,1.1041,0.1566,18.9,moving
2026-09-21T17:36:35.988+09:00,TEST_0002_LAN_L2,LAN_L2,PULL_TEST,,609.8499755859375,-309.6875,359.83868408203125,89.97509765625,-89.99787139892578,-0.01632167398929596,-3.1569,-1.1481,-0.8423,0.084,1.4125,0.8311,0.0629,-1.1041,-0.0179,0.0502,-0.0116,0.2257,-0.8433,3.1564,1.1488,0.084,1.4125,0.8311,-0.018,-0.0632,1.1044,0.0502,-0.0116,0.2257,,,1.1041,0.4129,18.9,moving
2026-09-21T17:36:36.044+09:00,TEST_0002_LAN_L2,LAN_L2,PULL_TEST,,609.7996215820312,-309.261962890625,359.83428955078125,89.96868896484375,-89.99867248535156,-0.017026273533701897,-2.792,-4.3555,-1.1568,0.0527,1.4045,1.0489,0.4278,-4.3115,-0.3324,0.0189,-0.0196,0.4434,-1.1578,2.7894,4.3569,0.0527,1.4045,1.0489,-0.3325,-0.4302,4.3125,0.0189,-0.0196,0.4434,,,4.3115,0.8385,18.9,moving
2026-09-21T17:36:36.100+09:00,TEST_0002_LAN_L2,LAN_L2,PULL_TEST,,609.777099609375,-308.7356262207031,359.82708740234375,89.96762084960938,-90.00003814697266,-0.018082480877637863,-2.792,-4.3555,-1.1568,0.0527,1.4045,1.0489,0.4278,-4.3115,-0.3324,0.0189,-0.0196,0.4434,-1.1578,2.7894,4.3569,0.0527,1.4045,1.0489,-0.3325,-0.4302,4.3125,0.0189,-0.0196,0.4434,,,4.3115,1.3648,18.9,moving
2026-09-21T17:36:36.156+09:00,TEST_0002_LAN_L2,LAN_L2,PULL_TEST,,609.7538452148438,-308.1683044433594,359.8238830566406,89.96678924560547,-90.00057983398438,-0.019718432798981667,-2.6966,-8.8535,-1.7774,0.0099,1.3844,1.2968,0.5232,-8.8095,-0.953,-0.0239,-0.0397,0.6913,-1.7782,2.691,8.8551,0.0099,1.3844,1.2968,-0.9529,-0.5286,8.8106,-0.0239,-0.0397,0.6913,,,8.8095,1.9321,18.9,moving
2026-09-21T17:36:36.211+09:00,TEST_0002_LAN_L2,LAN_L2,PULL_TEST,,609.7276000976562,-307.6408996582031,359.8182678222656,89.96514129638672,-90.00161743164062,-0.021815219894051552,-2.6966,-8.8535,-1.7774,0.0099,1.3844,1.2968,0.5232,-8.8095,-0.953,-0.0239,-0.0397,0.6913,-1.7782,2.691,8.8551,0.0099,1.3844,1.2968,-0.9529,-0.5286,8.8106,-0.0239,-0.0397,0.6913,,,8.8095,2.4595,18.9,moving
2026-09-21T17:36:36.266+09:00,TEST_0002_LAN_L2,LAN_L2,PULL_TEST,,609.7003173828125,-307.0967102050781,359.8183898925781,89.96343994140625,-90.00189971923828,-0.024273790419101715,-2.8957,-13.6526,-2.4168,-0.0047,1.3504,1.5434,0.3242,-13.6086,-1.5924,-0.0385,-0.0737,0.938,-2.4175,2.8865,13.6544,-0.0047,1.3504,1.5434,-1.5922,-0.3331,13.61,-0.0385,-0.0737,0.938,,,13.6086,3.0037,18.9,moving
2026-09-21T17:36:36.321+09:00,TEST_0002_LAN_L2,LAN_L2,PULL_TEST,,609.6799926757812,-306.5409240722656,359.8218688964844,89.96286010742188,-90.00205993652344,-0.02610030211508274,-3.2286,-18.1356,-3.0115,-0.0271,1.3124,1.7845,-0.0088,-18.0916,-2.1871,-0.0609,-0.1117,1.179,-3.0124,3.2154,18.1378,-0.0271,1.3124,1.7845,-2.1871,-0.0042,18.0934,-0.0609,-0.1117,1.179,,,18.0916,3.5595,18.9,moving
2026-09-21T17:36:36.377+09:00,TEST_0002_LAN_L2,LAN_L2,PULL_TEST,,609.6817016601562,-305.964111328125,359.833740234375,89.96585845947266,-90.00254821777344,-0.026278074830770493,-3.2286,-18.1356,-3.0115,-0.0271,1.3124,1.7845,-0.0088,-18.0916,-2.1871,-0.0609,-0.1117,1.179,-3.0124,3.2154,18.1378,-0.0271,1.3124,1.7845,-2.1871,-0.0042,18.0934,-0.0609,-0.1117,1.179,,,18.0916,4.1363,18.8,moving
2026-09-21T17:36:36.435+09:00,TEST_0002_LAN_L2,LAN_L2,PULL_TEST,,609.6856079101562,-305.3492736816406,359.8696594238281,89.9683837890625,-90.00157165527344,-0.02365531586110592,-3.6297,-22.4089,-3.8154,-0.0914,1.278,2.0477,-0.4099,-22.3649,-2.991,-0.1252,-0.1461,1.4423,-3.8162,3.6157,22.4111,-0.0914,1.278,2.0477,-2.9909,0.3961,22.3666,-0.1252,-0.1461,1.4423,,,22.3649,4.7512,18.8,moving
2026-09-21T17:36:36.490+09:00,TEST_0002_LAN_L2,LAN_L2,PULL_TEST,,609.7033081054688,-304.758544921875,359.90228271484375,89.97264099121094,-90.00170135498047,-0.020550966262817383,-3.6297,-22.4089,-3.8154,-0.0914,1.278,2.0477,-0.4099,-22.3649,-2.991,-0.1252,-0.1461,1.4423,-3.8162,3.6157,22.4111,-0.0914,1.278,2.0477,-2.9909,0.3961,22.3666,-0.1252,-0.1461,1.4423,,,22.3649,5.3419,18.8,moving
2026-09-21T17:36:36.546+09:00,TEST_0002_LAN_L2,LAN_L2,PULL_TEST,,609.7030639648438,-304.2093811035156,359.9072570800781,89.97134399414062,-90.0014877319336,-0.0198993980884552,-3.9221,-26.3711,-4.4347,-0.1159,1.2517,2.2748,-0.7023,-26.3271,-3.6103,-0.1497,-0.1724,1.6693,-4.4353,3.908,26.3731,-0.1159,1.2517,2.2748,-3.61,0.6884,26.3287,-0.1497,-0.1724,1.6693,,,26.3271,5.8911,18.8,moving
2026-09-21T17:37:12.790+09:00,TEST_0002_LAN_L2,LAN_L2,RELEASE,RETURN_SOFT_GRIP_COMMAND,609.9779663085938,-303.8539123535156,359.84844970703125,89.99445343017578,-90.00013732910156,-0.012492641806602478,-4.1583,-13.9796,-1.7898,0.1578,1.3518,1.7182,0.0,0.0,0.0,0.0,0.0,0.0,-1.7907,4.1566,13.98,0.1578,1.3518,1.7182,0.0,0.0,0.0,0.0,0.0,0.0,,,,,18.1,holding
2026-09-21T17:37:13.869+09:00,TEST_0002_LAN_L2,LAN_L2,RELEASE,RETURN_SOFT_GRIP_OPEN_REACHED,610.0036010742188,-303.80242919921875,359.8596496582031,89.99930572509766,-89.99893188476562,-0.011905982159078121,-4.1506,-4.5439,2.7536,-0.0048,1.32,1.5888,0.0,0.0,0.0,0.0,0.0,0.0,2.7526,4.1512,4.544,-0.0048,1.32,1.5888,0.0,0.0,0.0,0.0,0.0,0.0,,,,,25.9,holding
2026-09-21T17:37:20.931+09:00,TEST_0002_LAN_L5,LAN_L5,PREPARE_SOFT_GRIP,INITIAL_SOFT_GRIP_OPEN_COMMAND,602.371826171875,-36.327850341796875,347.8071594238281,113.15240478515625,-136.43080139160156,-147.84088134765625,1.2786,-2.5937,3.1879,0.9717,-2.3827,0.8762,0.0,0.0,0.0,0.0,0.0,0.0,-3.5483,2.415,-0.3196,0.9717,-2.3827,0.8762,0.0,0.0,0.0,0.0,0.0,0.0,,,,,27.6,holding
2026-09-21T17:37:20.958+09:00,TEST_0002_LAN_L5,LAN_L5,PREPARE_SOFT_GRIP,INITIAL_SOFT_GRIP_OPEN_REACHED,602.3727416992188,-36.328269958496094,347.807861328125,113.1525650024414,-136.43063354492188,-147.84060668945312,1.2786,-2.5937,3.1879,0.9717,-2.3827,0.8762,0.0,0.0,0.0,0.0,0.0,0.0,-3.5483,2.415,-0.3196,0.9717,-2.3827,0.8762,0.0,0.0,0.0,0.0,0.0,0.0,,,,,27.4,moving
2026-09-21T17:37:28.230+09:00,TEST_0002_LAN_L5,LAN_L5,SOFT_GRIP_ENTRY,SOFT_GRIP_COMMAND,564.91552734375,-300.0998229980469,360.00048828125,89.98908996582031,-89.99259185791016,0.00042246811790391803,-2.007,-1.6629,3.9712,0.3282,1.6417,0.4274,0.0,0.0,0.0,0.0,0.0,0.0,3.971,2.0067,1.6638,0.3282,1.6417,0.4274,0.0,0.0,0.0,0.0,0.0,0.0,,,,,23.4,holding
2026-09-21T17:37:28.232+09:00,TEST_0002_LAN_L5,LAN_L5,SOFT_GRIP_ENTRY,ENTRY_MOTION_START_WIDTH_REACHED,564.91552734375,-300.0998229980469,360.00048828125,89.98908996582031,-89.99259185791016,0.00042246811790391803,-2.007,-1.6629,3.9712,0.3282,1.6417,0.4274,0.0,0.0,0.0,0.0,0.0,0.0,3.971,2.0067,1.6638,0.3282,1.6417,0.4274,0.0,0.0,0.0,0.0,0.0,0.0,,,,,23.4,holding
2026-09-21T17:37:28.264+09:00,TEST_0002_LAN_L5,LAN_L5,SOFT_GRIP_ENTRY,,564.9156494140625,-300.0998229980469,359.9987487792969,89.9890365600586,-89.99272918701172,0.0003183934895787388,-2.007,-1.6629,3.9712,0.3282,1.6417,0.4274,0.0,0.0,0.0,0.0,0.0,0.0,3.971,2.0067,1.6638,0.3282,1.6417,0.4274,0.0,0.0,0.0,0.0,0.0,0.0,0.0,0.0,,,23.4,holding
2026-09-21T17:37:28.320+09:00,TEST_0002_LAN_L5,LAN_L5,SOFT_GRIP_ENTRY,,564.9153442382812,-300.0998229980469,359.9979553222656,89.9889907836914,-89.99287414550781,0.00016481544298585504,-2.1487,-1.7756,3.9023,0.2673,1.6024,0.5013,-0.1417,-0.1126,-0.0688,-0.061,-0.0393,0.0738,3.9021,2.1484,1.7765,0.2673,1.6024,0.5013,-0.0688,0.1417,0.1127,-0.061,-0.0393,0.0738,0.1126,0.0,,,23.4,holding
2026-09-21T17:37:28.375+09:00,TEST_0002_LAN_L5,LAN_L5,SOFT_GRIP_ENTRY,,564.92333984375,-300.1290283203125,359.9905700683594,89.99012756347656,-89.99415588378906,0.00016968454292509705,-2.1487,-1.7756,3.9023,0.2673,1.6024,0.5013,-0.1417,-0.1126,-0.0688,-0.061,-0.0393,0.0738,3.9021,2.1484,1.7765,0.2673,1.6024,0.5013,-0.0688,0.1417,0.1127,-0.061,-0.0393,0.0738,0.1126,0.0292,,,23.4,holding
2026-09-21T17:37:28.430+09:00,TEST_0002_LAN_L5,LAN_L5,SOFT_GRIP_ENTRY,,564.9583129882812,-300.28375244140625,359.9727783203125,89.99484252929688,-89.99724578857422,0.00016200995014514774,-2.2071,-0.9188,3.8451,0.216,1.5641,0.4352,-0.2001,0.7441,-0.1261,-0.1123,-0.0776,0.0078,3.845,2.207,0.9192,0.216,1.5641,0.4352,-0.126,0.2003,-0.7446,-0.1123,-0.0776,0.0078,0.7441,0.1839,,,23.4,holding
2026-09-21T17:37:28.487+09:00,TEST_0002_LAN_L5,LAN_L5,SOFT_GRIP_ENTRY,,564.9838256835938,-300.62725830078125,359.9859619140625,89.99633026123047,-89.99478912353516,0.0005624252371490002,-2.2071,-0.9188,3.8451,0.216,1.5641,0.4352,-0.2001,0.7441,-0.1261,-0.1123,-0.0776,0.0078,3.845,2.207,0.9192,0.216,1.5641,0.4352,-0.126,0.2003,-0.7446,-0.1123,-0.0776,0.0078,0.7441,0.5274,,,23.4,holding
2026-09-21T17:37:28.543+09:00,TEST_0002_LAN_L5,LAN_L5,SOFT_GRIP_ENTRY,,565.0134887695312,-301.094482421875,359.9780578613281,89.99791717529297,-89.99517822265625,0.00015591390547342598,-2.2062,-0.0991,3.6532,0.2496,1.5302,0.3652,-0.1991,1.5638,-0.3179,-0.0787,-0.1116,-0.0622,3.6533,2.2061,0.0996,0.2496,1.5302,0.3652,-0.3177,0.1994,-1.5643,-0.0787,-0.1116,-0.0622,1.5638,0.9947,,,23.4,holding
2026-09-21T17:37:28.599+09:00,TEST_0002_LAN_L5,LAN_L5,SOFT_GRIP_ENTRY,,565.0206298828125,-301.6448059082031,359.9440612792969,89.99684143066406,-89.9947280883789,-0.0052662501111626625,-2.2062,-0.0991,3.6532,0.2496,1.5302,0.3652,-0.1991,1.5638,-0.3179,-0.0787,-0.1116,-0.0622,3.6533,2.2061,0.0996,0.2496,1.5302,0.3652,-0.3177,0.1994,-1.5643,-0.0787,-0.1116,-0.0622,1.5638,1.545,,,23.4,holding
2026-09-21T17:37:28.657+09:00,TEST_0002_LAN_L5,LAN_L5,SOFT_GRIP_ENTRY,,565.0380859375,-302.2098388671875,359.8888244628906,89.99823760986328,-89.99639892578125,-0.012288648635149002,-2.0098,0.3828,3.4274,0.3105,1.5181,0.2497,-0.0027,2.0457,-0.5438,-0.0177,-0.1236,-0.1777,3.4271,2.0103,-0.3824,0.3105,1.5181,0.2497,-0.5439,0.0036,-2.0462,-0.0177,-0.1236,-0.1777,2.0457,2.11,,,23.4,holding
2026-09-21T17:37:28.713+09:00,TEST_0002_LAN_L5,LAN_L5,SOFT_GRIP_ENTRY,,565.035400390625,-302.78753662109375,359.8500671386719,89.9959945678711,-89.99586486816406,-0.018563969060778618,-2.0098,0.3828,3.4274,0.3105,1.5181,0.2497,-0.0027,2.0457,-0.5438,-0.0177,-0.1236,-0.1777,3.4271,2.0103,-0.3824,0.3105,1.5181,0.2497,-0.5439,0.0036,-2.0462,-0.0177,-0.1236,-0.1777,2.0457,2.6877,,,23.4,holding
2026-09-21T17:37:28.768+09:00,TEST_0002_LAN_L5,LAN_L5,SOFT_GRIP_ENTRY,,565.0310668945312,-303.3662109375,359.81707763671875,89.99376678466797,-89.99412536621094,-0.025077035650610924,-1.9662,0.7242,3.0061,0.3453,1.5257,0.1978,0.0408,2.3871,-0.965,0.017,-0.116,-0.2296,3.0055,1.9673,-0.7238,0.3453,1.5257,0.1978,-0.9654,-0.0394,-2.3876,0.017,-0.116,-0.2296,2.3871,3.2664,,,23.4,holding
2026-09-21T17:37:28.825+09:00,TEST_0002_LAN_L5,LAN_L5,SOFT_GRIP_ENTRY,,565.0503540039062,-303.9215393066406,359.7869567871094,89.9959487915039,-89.9933090209961,-0.029770605266094208,-1.8813,1.2319,2.5746,0.3657,1.5615,0.136,0.1258,2.8948,-1.3966,0.0374,-0.0802,-0.2914,2.5737,1.8827,-1.2315,0.3657,1.5615,0.136,-1.3972,-0.124,-2.8953,0.0374,-0.0802,-0.2914,2.8948,3.8217,,,23.4,holding
2026-09-21T17:37:28.881+09:00,TEST_0002_LAN_L5,LAN_L5,SOFT_GRIP_ENTRY,,565.0485229492188,-304.45947265625,359.75006103515625,89.99546813964844,-89.99214172363281,-0.033877044916152954,-1.8813,1.2319,2.5746,0.3657,1.5615,0.136,0.1258,2.8948,-1.3966,0.0374,-0.0802,-0.2914,2.5737,1.8827,-1.2315,0.3657,1.5615,0.136,-1.3972,-0.124,-2.8953,0.0374,-0.0802,-0.2914,2.8948,4.3596,,,23.4,holding
2026-09-21T17:37:28.937+09:00,TEST_0002_LAN_L5,LAN_L5,SOFT_GRIP_ENTRY,,565.0443115234375,-305.0003356933594,359.7182922363281,89.99495697021484,-89.9920654296875,-0.033833350986242294,-1.7028,2.0391,2.2407,0.3891,1.6101,0.0561,0.3043,3.702,-1.7305,0.0609,-0.0317,-0.3713,2.2399,1.7043,-2.0386,0.3891,1.6101,0.0561,-1.731,-0.3024,-3.7024,0.0609,-0.0317,-0.3713,3.702,4.9005,,,23.4,holding
2026-09-21T17:37:28.992+09:00,TEST_0002_LAN_L5,LAN_L5,SOFT_GRIP_ENTRY,,565.0327758789062,-305.4663391113281,359.68896484375,89.99418640136719,-89.99158477783203,-0.03404435142874718,-1.7028,2.0391,2.2407,0.3891,1.6101,0.0561,0.3043,3.702,-1.7305,0.0609,-0.0317,-0.3713,2.2399,1.7043,-2.0386,0.3891,1.6101,0.0561,-1.731,-0.3024,-3.7024,0.0609,-0.0317,-0.3713,3.702,5.3665,,,23.4,holding
2026-09-21T17:37:30.048+09:00,TEST_0002_LAN_L5,LAN_L5,SOFT_GRIP_ENTRY,SOFT_GRIP_STABILIZATION_END,564.840087890625,-306.1474914550781,359.9889221191406,89.98453521728516,-89.9920883178711,-0.0033817302901297808,-1.4403,-0.3574,1.0698,0.1601,1.4916,0.5277,0.0,0.0,0.0,0.0,0.0,0.0,1.0696,1.4402,0.358,0.1601,1.4916,0.5277,0.0,0.0,0.0,0.0,0.0,0.0,,,,,23.6,holding
2026-09-21T17:37:30.187+09:00,TEST_0002_LAN_L5,LAN_L5,HARD_GRIP,HARD_GRIP_COMMAND,564.8418579101562,-306.1445617675781,359.9895324707031,89.98477935791016,-89.99223327636719,-0.0032969950698316097,-1.4587,-0.4951,1.0217,0.1386,1.4714,0.5335,0.0,0.0,0.0,0.0,0.0,0.0,1.0215,1.4586,0.4956,0.1386,1.4714,0.5335,0.0,0.0,0.0,0.0,0.0,0.0,,,,,23.6,holding
2026-09-21T17:37:31.191+09:00,TEST_0002_LAN_L5,LAN_L5,HARD_GRIP,HARD_GRIP_STABILIZATION_END,564.8739624023438,-306.10626220703125,360.00518798828125,89.9884262084961,-89.9928970336914,-0.0012322106631472707,-2.4746,-0.1033,-1.5268,-0.0013,1.4154,0.6157,0.0,0.0,0.0,0.0,0.0,0.0,-1.5269,2.4746,0.1036,-0.0013,1.4154,0.6157,0.0,0.0,0.0,0.0,0.0,0.0,,,,,20.3,moving
2026-09-21T17:37:31.226+09:00,TEST_0002_LAN_L5,LAN_L5,PULL_TEST,,564.8755493164062,-306.1052551269531,360.0079650878906,89.988525390625,-89.99291229248047,-0.0009067457285709679,-2.6219,-0.1057,-1.603,-0.0227,1.408,0.6559,-0.1473,-0.0024,-0.0762,-0.0214,-0.0074,0.0403,-1.603,2.6219,0.106,-0.0227,1.408,0.6559,-0.0761,0.1473,0.0024,-0.0214,-0.0074,0.0403,,,0.0024,0.001,20.3,moving
2026-09-21T17:37:31.282+09:00,TEST_0002_LAN_L5,LAN_L5,PULL_TEST,,564.8800659179688,-306.099365234375,360.0121765136719,89.98898315429688,-89.99288177490234,-0.00017661515448708087,-2.6219,-0.1057,-1.603,-0.0227,1.408,0.6559,-0.1473,-0.0024,-0.0762,-0.0214,-0.0074,0.0403,-1.603,2.6219,0.106,-0.0227,1.408,0.6559,-0.0761,0.1473,0.0024,-0.0214,-0.0074,0.0403,,,0.0024,0.0069,20.3,moving
2026-09-21T17:37:31.338+09:00,TEST_0002_LAN_L5,LAN_L5,PULL_TEST,,564.8803100585938,-306.0369873046875,360.032470703125,89.98882293701172,-89.99080657958984,0.0011128273326903582,-2.7727,-0.3891,-1.6907,-0.0333,1.4098,0.7254,-0.298,-0.2858,-0.1639,-0.032,-0.0056,0.1097,-1.6907,2.7726,0.3893,-0.0333,1.4098,0.7254,-0.1638,0.298,0.2857,-0.032,-0.0056,0.1097,,,0.2858,0.0693,20.3,moving
2026-09-21T17:37:31.394+09:00,TEST_0002_LAN_L5,LAN_L5,PULL_TEST,,564.8567504882812,-305.8810729980469,360.0522155761719,89.9843978881836,-89.99037170410156,0.0038177177775651217,-2.7727,-0.3891,-1.6907,-0.0333,1.4098,0.7254,-0.298,-0.2858,-0.1639,-0.032,-0.0056,0.1097,-1.6907,2.7726,0.3893,-0.0333,1.4098,0.7254,-0.1638,0.298,0.2857,-0.032,-0.0056,0.1097,,,0.2858,0.2252,20.3,moving
2026-09-21T17:37:31.451+09:00,TEST_0002_LAN_L5,LAN_L5,PULL_TEST,,564.8211669921875,-305.59564208984375,360.07147216796875,89.97822570800781,-89.99166107177734,0.00788049679249525,-2.7558,-2.7072,-2.0362,-0.0159,1.413,1.0936,-0.2811,-2.6039,-0.5094,-0.0146,-0.0024,0.4779,-2.0364,2.7551,2.7078,-0.0159,1.413,1.0936,-0.5095,0.2805,2.6042,-0.0146,-0.0024,0.4779,,,2.6039,0.5106,20.3,moving
2026-09-21T17:37:31.507+09:00,TEST_0002_LAN_L5,LAN_L5,PULL_TEST,,564.7925415039062,-305.1437683105469,360.09747314453125,89.97425842285156,-89.99140167236328,0.011513685807585716,-2.7558,-2.7072,-2.0362,-0.0159,1.413,1.0936,-0.2811,-2.6039,-0.5094,-0.0146,-0.0024,0.4779,-2.0364,2.7551,2.7078,-0.0159,1.413,1.0936,-0.5095,0.2805,2.6042,-0.0146,-0.0024,0.4779,,,2.6039,0.9625,20.1,moving
2026-09-21T17:37:31.562+09:00,TEST_0002_LAN_L5,LAN_L5,PULL_TEST,,564.7706909179688,-304.6167907714844,360.1223449707031,89.97090148925781,-89.99186706542969,0.01573704369366169,-2.7249,-6.1896,-2.5567,-0.0276,1.3983,1.3617,-0.2502,-6.0863,-1.0299,-0.0263,-0.017,0.7461,-2.5571,2.7226,6.1904,-0.0276,1.3983,1.3617,-1.0301,0.248,6.0868,-0.0263,-0.017,0.7461,,,6.0863,1.4895,20.1,moving
2026-09-21T17:37:31.619+09:00,TEST_0002_LAN_L5,LAN_L5,PULL_TEST,,564.7780151367188,-304.0593566894531,360.11138916015625,89.9715805053711,-89.99302673339844,0.015854446217417717,-3.4083,-9.4254,-3.0178,0.0064,1.3754,1.6053,-0.9337,-9.3221,-1.4909,0.0077,-0.0399,0.9897,-3.018,3.4045,9.4267,0.0064,1.3754,1.6053,-1.4911,0.9299,9.3231,0.0077,-0.0399,0.9897,,,9.3221,2.0469,20.1,moving
2026-09-21T17:37:31.675+09:00,TEST_0002_LAN_L5,LAN_L5,PULL_TEST,,564.7626953125,-303.514404296875,360.095947265625,89.96762084960938,-89.99297332763672,0.01430533267557621,-3.4083,-9.4254,-3.0178,0.0064,1.3754,1.6053,-0.9337,-9.3221,-1.4909,0.0077,-0.0399,0.9897,-3.018,3.4045,9.4267,0.0064,1.3754,1.6053,-1.4911,0.9299,9.3231,0.0077,-0.0399,0.9897,,,9.3221,2.5919,20.1,moving
2026-09-21T17:37:31.730+09:00,TEST_0002_LAN_L5,LAN_L5,PULL_TEST,,564.7655639648438,-302.9751892089844,360.07476806640625,89.96661376953125,-89.99353790283203,0.012282615527510643,-4.0575,-12.6384,-3.568,-0.0065,1.3389,1.8638,-1.5829,-12.5351,-2.0412,-0.0052,-0.0765,1.2481,-3.5685,4.0509,12.6404,-0.0065,1.3389,1.8638,-2.0415,1.5764,12.5367,-0.0052,-0.0765,1.2481,,,12.5351,3.1311,20.1,moving
2026-09-21T17:37:31.787+09:00,TEST_0002_LAN_L5,LAN_L5,PULL_TEST,,564.763916015625,-302.40008544921875,360.0413818359375,89.9659652709961,-89.99266815185547,0.006242327857762575,-4.0575,-12.6384,-3.568,-0.0065,1.3389,1.8638,-1.5829,-12.5351,-2.0412,-0.0052,-0.0765,1.2481,-3.5685,4.0509,12.6404,-0.0065,1.3389,1.8638,-2.0415,1.5764,12.5367,-0.0052,-0.0765,1.2481,,,12.5351,3.7062,19.9,moving
2026-09-21T17:37:31.842+09:00,TEST_0002_LAN_L5,LAN_L5,PULL_TEST,,564.7850341796875,-301.8229675292969,360.02630615234375,89.96906280517578,-89.99205017089844,0.003780495608225465,-4.0693,-16.0874,-4.0584,-0.024,1.3006,2.0207,-1.5947,-15.9841,-2.5316,-0.0227,-0.1148,1.4051,-4.0603,4.0603,16.0892,-0.024,1.3006,2.0207,-2.5334,1.5857,15.9855,-0.0227,-0.1148,1.4051,,,15.9841,4.2833,19.9,moving
2026-09-21T17:37:31.898+09:00,TEST_0002_LAN_L5,LAN_L5,PULL_TEST,,564.7960205078125,-301.25860595703125,360.0142517089844,89.97105407714844,-89.99230194091797,0.0014537720708176494,-4.0693,-16.0874,-4.0584,-0.024,1.3006,2.0207,-1.5947,-15.9841,-2.5316,-0.0227,-0.1148,1.4051,-4.0603,4.0603,16.0892,-0.024,1.3006,2.0207,-2.5334,1.5857,15.9855,-0.0227,-0.1148,1.4051,,,15.9841,4.8477,19.9,moving
2026-09-21T17:37:31.953+09:00,TEST_0002_LAN_L5,LAN_L5,PULL_TEST,,564.7968139648438,-300.6979675292969,360.0049743652344,89.9707260131836,-89.9926986694336,0.00014833651948720217,-3.8999,-19.8131,-4.7177,-0.0259,1.2723,2.1108,-1.4252,-19.7098,-3.1909,-0.0246,-0.143,1.4952,-4.7203,3.8901,19.8144,-0.0259,1.2723,2.1108,-3.1934,1.4155,19.7108,-0.0246,-0.143,1.4952,,,19.7098,5.4083,19.8,moving
2026-09-21T17:37:32.009+09:00,TEST_0002_LAN_L5,LAN_L5,PULL_TEST,,564.7943725585938,-300.13861083984375,359.983154296875,89.97154998779297,-89.99392700195312,-0.003174455603584647,-3.8999,-19.8131,-4.7177,-0.0259,1.2723,2.1108,-1.4252,-19.7098,-3.1909,-0.0246,-0.143,1.4952,-4.7203,3.8901,19.8144,-0.0259,1.2723,2.1108,-3.1934,1.4155,19.7108,-0.0246,-0.143,1.4952,,,19.7098,5.9677,19.8,moving
2026-09-21T17:37:32.064+09:00,TEST_0002_LAN_L5,LAN_L5,PULL_TEST,,564.7904052734375,-299.5788879394531,359.9957580566406,89.97052764892578,-89.99390411376953,-0.0015480555593967438,-3.5924,-23.4407,-5.4756,-0.023,1.2422,2.1665,-1.1178,-23.3374,-3.9488,-0.0217,-0.1732,1.5509,-5.4783,3.5803,23.4419,-0.023,1.2422,2.1665,-3.9514,1.1057,23.3383,-0.0217,-0.1732,1.5509,,,23.3374,6.5274,19.8,moving
2026-09-21T17:37:32.120+09:00,TEST_0002_LAN_L5,LAN_L5,PULL_TEST,,564.7991333007812,-299.02984619140625,360.00390625,89.97178649902344,-89.99411010742188,-0.00021093114628456533,-3.2856,-26.5831,-6.2874,-0.0148,1.2233,2.1735,-0.8109,-26.4798,-4.7605,-0.0135,-0.192,1.5579,-6.2901,3.2724,26.5841,-0.0148,1.2233,2.1735,-4.7632,0.7979,26.4805,-0.0135,-0.192,1.5579,,,26.4798,7.0764,19.6,moving
2026-09-21T17:37:49.550+09:00,TEST_0002_LAN_L5,LAN_L5,RELEASE,RETURN_SOFT_GRIP_COMMAND,564.9077758789062,-298.7408142089844,359.99932861328125,89.9889907836914,-89.9925765991211,-0.00026958173839375377,-3.5158,-16.2927,-2.86,0.2256,1.3439,1.603,0.0,0.0,0.0,0.0,0.0,0.0,-2.8621,3.5127,16.2931,0.2256,1.3439,1.603,0.0,0.0,0.0,0.0,0.0,0.0,,,,,18.9,holding
2026-09-21T17:37:50.527+09:00,TEST_0002_LAN_L5,LAN_L5,RELEASE,RETURN_SOFT_GRIP_OPEN_REACHED,564.9480590820312,-298.66497802734375,360.01715087890625,89.99694061279297,-89.9909896850586,0.0008591121295467019,-3.1683,-4.9429,2.726,-0.0262,1.2808,1.484,0.0,0.0,0.0,0.0,0.0,0.0,2.7253,3.168,4.9435,-0.0262,1.2808,1.484,0.0,0.0,0.0,0.0,0.0,0.0,,,,,25.6,holding
2026-09-21T17:39:19.964+09:00,TEST_0003_LAN_L2,LAN_L2,PREPARE_SOFT_GRIP,INITIAL_SOFT_GRIP_OPEN_COMMAND,602.3610229492188,-36.41298294067383,347.7203063964844,113.13288879394531,-136.4288330078125,-147.8484649658203,0.86,-2.2259,3.5316,0.7468,-2.7052,1.2546,0.0,0.0,0.0,0.0,0.0,0.0,-3.5682,2.1441,-0.915,0.7468,-2.7052,1.2546,0.0,0.0,0.0,0.0,0.0,0.0,,,,,27.1,holding
2026-09-21T17:39:19.979+09:00,TEST_0003_LAN_L2,LAN_L2,PREPARE_SOFT_GRIP,INITIAL_SOFT_GRIP_OPEN_REACHED,602.3610229492188,-36.41298294067383,347.7203063964844,113.13288879394531,-136.4288330078125,-147.8484649658203,0.86,-2.2259,3.5316,0.7468,-2.7052,1.2546,0.0,0.0,0.0,0.0,0.0,0.0,-3.5682,2.1441,-0.915,0.7468,-2.7052,1.2546,0.0,0.0,0.0,0.0,0.0,0.0,,,,,27.1,moving
2026-09-21T17:39:27.130+09:00,TEST_0003_LAN_L2,LAN_L2,SOFT_GRIP_ENTRY,SOFT_GRIP_COMMAND,609.9728393554688,-305.09820556640625,359.864013671875,89.99317932128906,-89.99996185302734,-0.010264844633638859,-3.5226,-1.4602,3.8828,0.3468,1.7031,0.6144,0.0,0.0,0.0,0.0,0.0,0.0,3.8822,3.5231,1.4606,0.3468,1.7031,0.6144,0.0,0.0,0.0,0.0,0.0,0.0,,,,,23.4,holding
2026-09-21T17:39:27.133+09:00,TEST_0003_LAN_L2,LAN_L2,SOFT_GRIP_ENTRY,ENTRY_MOTION_START_WIDTH_REACHED,609.9728393554688,-305.09820556640625,359.864013671875,89.99317932128906,-89.99996185302734,-0.010264844633638859,-3.5226,-1.4602,3.8828,0.3468,1.7031,0.6144,0.0,0.0,0.0,0.0,0.0,0.0,3.8822,3.5231,1.4606,0.3468,1.7031,0.6144,0.0,0.0,0.0,0.0,0.0,0.0,,,,,23.4,holding
2026-09-21T17:39:27.164+09:00,TEST_0003_LAN_L2,LAN_L2,SOFT_GRIP_ENTRY,,609.9729614257812,-305.0981750488281,359.86029052734375,89.99299621582031,-90.00005340576172,-0.010564795695245266,-3.5226,-1.4602,3.8828,0.3468,1.7031,0.6144,0.0,0.0,0.0,0.0,0.0,0.0,3.8822,3.5231,1.4606,0.3468,1.7031,0.6144,0.0,0.0,0.0,0.0,0.0,0.0,0.0,-0.0,,,23.4,holding
2026-09-21T17:39:27.219+09:00,TEST_0003_LAN_L2,LAN_L2,SOFT_GRIP_ENTRY,,609.974609375,-305.0970764160156,359.857177734375,89.99309539794922,-90.00004577636719,-0.011008890345692635,-3.6674,-1.5566,3.8334,0.297,1.6637,0.6921,-0.1448,-0.0964,-0.0493,-0.0498,-0.0394,0.0777,3.8327,3.668,1.5571,0.297,1.6637,0.6921,-0.0494,0.1448,0.0965,-0.0498,-0.0394,0.0777,0.0964,-0.0011,,,23.4,holding
2026-09-21T17:39:27.274+09:00,TEST_0003_LAN_L2,LAN_L2,SOFT_GRIP_ENTRY,,609.9849853515625,-305.1222839355469,359.84912109375,89.99459075927734,-90.00108337402344,-0.01120657566934824,-3.6674,-1.5566,3.8334,0.297,1.6637,0.6921,-0.1448,-0.0964,-0.0493,-0.0498,-0.0394,0.0777,3.8327,3.668,1.5571,0.297,1.6637,0.6921,-0.0494,0.1448,0.0965,-0.0498,-0.0394,0.0777,0.0964,0.0241,,,23.4,holding
2026-09-21T17:39:27.329+09:00,TEST_0003_LAN_L2,LAN_L2,SOFT_GRIP_ENTRY,,610.0297241210938,-305.2504577636719,359.8284912109375,90.00151062011719,-90.00466918945312,-0.011314185336232185,-3.7447,-0.7424,3.769,0.2533,1.6239,0.6428,-0.222,0.7178,-0.1138,-0.0935,-0.0791,0.0284,3.7683,3.7454,0.742,0.2533,1.6239,0.6428,-0.1138,0.2223,-0.7186,-0.0935,-0.0791,0.0284,0.7178,0.1523,,,23.4,holding
2026-09-21T17:39:27.387+09:00,TEST_0003_LAN_L2,LAN_L2,SOFT_GRIP_ENTRY,,610.0702514648438,-305.55621337890625,359.8412780761719,90.00655364990234,-90.00228881835938,-0.011138612404465675,-3.7447,-0.7424,3.769,0.2533,1.6239,0.6428,-0.222,0.7178,-0.1138,-0.0935,-0.0791,0.0284,3.7683,3.7454,0.742,0.2533,1.6239,0.6428,-0.1138,0.2223,-0.7186,-0.0935,-0.0791,0.0284,0.7178,0.458,,,23.4,holding
2026-09-21T17:39:27.442+09:00,TEST_0003_LAN_L2,LAN_L2,SOFT_GRIP_ENTRY,,610.0943603515625,-305.9975280761719,359.8467712402344,90.00804901123047,-90.00052642822266,-0.011665772646665573,-3.7314,-0.2675,3.6789,0.3119,1.5884,0.5555,-0.2087,1.1927,-0.2039,-0.0348,-0.1147,-0.0589,3.6782,3.7321,0.2669,0.3119,1.5884,0.5555,-0.204,0.209,-1.1937,-0.0348,-0.1147,-0.0589,1.1927,0.8993,,,23.4,holding
2026-09-21T17:39:27.497+09:00,TEST_0003_LAN_L2,LAN_L2,SOFT_GRIP_ENTRY,,610.097900390625,-306.55572509765625,359.81488037109375,90.00678253173828,-90.00009155273438,-0.01691075973212719,-3.7314,-0.2675,3.6789,0.3119,1.5884,0.5555,-0.2087,1.1927,-0.2039,-0.0348,-0.1147,-0.0589,3.6782,3.7321,0.2669,0.3119,1.5884,0.5555,-0.204,0.209,-1.1937,-0.0348,-0.1147,-0.0589,1.1927,1.4575,,,23.4,holding
2026-09-21T17:39:27.552+09:00,TEST_0003_LAN_L2,LAN_L2,SOFT_GRIP_ENTRY,,610.0863647460938,-307.12982177734375,359.75885009765625,90.00415802001953,-89.99913024902344,-0.02639000490307808,-3.6726,-0.3267,3.7887,0.3849,1.5718,0.508,-0.15,1.1335,-0.0941,0.0381,-0.1312,-0.1064,3.7874,3.674,0.3263,0.3849,1.5718,0.508,-0.0948,0.1509,-1.1343,0.0381,-0.1312,-0.1064,1.1335,2.0316,,,23.4,holding
2026-09-21T17:39:27.608+09:00,TEST_0003_LAN_L2,LAN_L2,SOFT_GRIP_ENTRY,,610.1013793945312,-307.65240478515625,359.7093811035156,90.00633239746094,-89.99835968017578,-0.034869950264692307,-3.6726,-0.3267,3.7887,0.3849,1.5718,0.508,-0.15,1.1335,-0.0941,0.0381,-0.1312,-0.1064,3.7874,3.674,0.3263,0.3849,1.5718,0.508,-0.0948,0.1509,-1.1343,0.0381,-0.1312,-0.1064,1.1335,2.5542,,,23.4,holding
2026-09-21T17:39:27.663+09:00,TEST_0003_LAN_L2,LAN_L2,SOFT_GRIP_ENTRY,,610.0983276367188,-308.21795654296875,359.67474365234375,90.00437927246094,-89.9979476928711,-0.04035027325153351,-3.2193,1.109,3.5754,0.3801,1.5825,0.4172,0.3033,2.5691,-0.3073,0.0333,-0.1206,-0.1972,3.5735,3.2214,-1.1092,0.3801,1.5825,0.4172,-0.3087,-0.3017,-2.5698,0.0333,-0.1206,-0.1972,2.5691,3.1198,,,23.4,holding
2026-09-21T17:39:27.719+09:00,TEST_0003_LAN_L2,LAN_L2,SOFT_GRIP_ENTRY,,610.0838012695312,-308.7845764160156,359.6423034667969,90.00071716308594,-89.99726104736328,-0.045293550938367844,-2.8558,1.3657,3.5991,0.4386,1.631,0.3362,0.6668,2.8259,-0.2837,0.0918,-0.072,-0.2782,3.5969,2.8587,-1.3655,0.4386,1.631,0.3362,-0.2853,-0.6645,-2.8261,0.0918,-0.072,-0.2782,2.8259,3.6864,,,23.4,holding
2026-09-21T17:39:27.776+09:00,TEST_0003_LAN_L2,LAN_L2,SOFT_GRIP_ENTRY,,610.0726928710938,-309.3312072753906,359.6090087890625,89.99768829345703,-89.997802734375,-0.046538345515728,-2.8558,1.3657,3.5991,0.4386,1.631,0.3362,0.6668,2.8259,-0.2837,0.0918,-0.072,-0.2782,3.5969,2.8587,-1.3655,0.4386,1.631,0.3362,-0.2853,-0.6645,-2.8261,0.0918,-0.072,-0.2782,2.8259,4.233,,,23.4,holding
2026-09-21T17:39:28.834+09:00,TEST_0003_LAN_L2,LAN_L2,SOFT_GRIP_ENTRY,SOFT_GRIP_STABILIZATION_END,609.9512329101562,-310.13922119140625,359.80401611328125,89.98968505859375,-89.99959564208984,-0.015860121697187424,-2.3803,-0.7711,2.2492,0.1723,1.559,0.6363,0.0,0.0,0.0,0.0,0.0,0.0,2.2486,2.3808,0.7715,0.1723,1.559,0.6363,0.0,0.0,0.0,0.0,0.0,0.0,,,,,23.6,holding
2026-09-21T17:39:28.981+09:00,TEST_0003_LAN_L2,LAN_L2,HARD_GRIP,HARD_GRIP_COMMAND,609.9469604492188,-310.1371765136719,359.81298828125,89.98955535888672,-89.99967193603516,-0.015271042473614216,-2.3955,-0.8197,2.1756,0.1473,1.5351,0.65,0.0,0.0,0.0,0.0,0.0,0.0,2.175,2.3959,0.8202,0.1473,1.5351,0.65,0.0,0.0,0.0,0.0,0.0,0.0,,,,,23.6,holding
2026-09-21T17:39:29.986+09:00,TEST_0003_LAN_L2,LAN_L2,HARD_GRIP,HARD_GRIP_STABILIZATION_END,609.952392578125,-310.1193542480469,359.817626953125,89.99093627929688,-90.0002212524414,-0.016525955870747566,-2.8653,-1.0065,-1.7661,0.0655,1.4014,0.5673,0.0,0.0,0.0,0.0,0.0,0.0,-1.7669,2.8647,1.007,0.0655,1.4014,0.5673,0.0,0.0,0.0,0.0,0.0,0.0,,,,,19.1,moving
2026-09-21T17:39:30.022+09:00,TEST_0003_LAN_L2,LAN_L2,PULL_TEST,,609.9527587890625,-310.1183166503906,359.81939697265625,89.99103546142578,-90.00022888183594,-0.016308894380927086,-2.9153,-1.0333,-1.7789,0.057,1.4001,0.5858,-0.05,-0.0268,-0.0128,-0.0085,-0.0013,0.0185,-1.7797,2.9146,1.0337,0.057,1.4001,0.5858,-0.0128,0.05,0.0268,-0.0085,-0.0013,0.0185,,,0.0268,0.0,19.1,moving
2026-09-21T17:39:30.077+09:00,TEST_0003_LAN_L2,LAN_L2,PULL_TEST,,609.9559326171875,-310.11199951171875,359.81939697265625,89.99163055419922,-90.00022888183594,-0.016456719487905502,-2.9153,-1.0333,-1.7789,0.057,1.4001,0.5858,-0.05,-0.0268,-0.0128,-0.0085,-0.0013,0.0185,-1.7797,2.9146,1.0337,0.057,1.4001,0.5858,-0.0128,0.05,0.0268,-0.0085,-0.0013,0.0185,,,0.0268,0.0063,19.1,moving
2026-09-21T17:39:30.132+09:00,TEST_0003_LAN_L2,LAN_L2,PULL_TEST,,609.9517211914062,-310.057373046875,359.82806396484375,89.9911880493164,-89.99871826171875,-0.016456061974167824,-2.9422,-1.3572,-1.7834,0.0632,1.3988,0.6362,-0.0769,-0.3507,-0.0173,-0.0023,-0.0026,0.0689,-1.7843,2.9415,1.3576,0.0632,1.3988,0.6362,-0.0174,0.0769,0.3506,-0.0023,-0.0026,0.0689,,,0.3507,0.0609,19.1,moving
2026-09-21T17:39:30.190+09:00,TEST_0003_LAN_L2,LAN_L2,PULL_TEST,,609.9232177734375,-309.90924072265625,359.8481140136719,89.98699188232422,-89.995361328125,-0.016512339934706688,-2.9422,-1.3572,-1.7834,0.0632,1.3988,0.6362,-0.0769,-0.3507,-0.0173,-0.0023,-0.0026,0.0689,-1.7843,2.9415,1.3576,0.0632,1.3988,0.6362,-0.0174,0.0769,0.3506,-0.0023,-0.0026,0.0689,,,0.3507,0.2091,18.9,moving
2026-09-21T17:39:30.245+09:00,TEST_0003_LAN_L2,LAN_L2,PULL_TEST,,609.8616943359375,-309.635009765625,359.8382263183594,89.97774505615234,-89.99723815917969,-0.016903521493077278,-2.7232,-3.6702,-1.9312,0.0983,1.3916,0.9167,0.1422,-2.6637,-0.1651,0.0327,-0.0098,0.3493,-1.9323,2.7215,3.6709,0.0983,1.3916,0.9167,-0.1653,-0.1432,2.6639,0.0327,-0.0098,0.3493,,,2.6637,0.4833,18.9,moving
2026-09-21T17:39:30.301+09:00,TEST_0003_LAN_L2,LAN_L2,PULL_TEST,,609.8218994140625,-309.1821594238281,359.83453369140625,89.97325897216797,-89.99817657470703,-0.017377514392137527,-2.7232,-3.6702,-1.9312,0.0983,1.3916,0.9167,0.1422,-2.6637,-0.1651,0.0327,-0.0098,0.3493,-1.9323,2.7215,3.6709,0.0983,1.3916,0.9167,-0.1653,-0.1432,2.6639,0.0327,-0.0098,0.3493,,,2.6637,0.9362,18.9,moving
2026-09-21T17:39:30.357+09:00,TEST_0003_LAN_L2,LAN_L2,PULL_TEST,,609.8057861328125,-308.637939453125,359.8279113769531,89.97339630126953,-89.99957275390625,-0.01831888221204281,-2.8983,-6.5513,-2.3129,0.0605,1.3859,1.1399,-0.0329,-5.5448,-0.5467,-0.005,-0.0155,0.5726,-2.3139,2.8945,6.5526,0.0605,1.3859,1.1399,-0.547,0.0298,5.5457,-0.005,-0.0155,0.5726,,,5.5448,1.4804,18.9,moving
2026-09-21T17:39:30.413+09:00,TEST_0003_LAN_L2,LAN_L2,PULL_TEST,,609.792236328125,-308.05487060546875,359.82806396484375,89.97418975830078,-90.00016784667969,-0.01936331018805504,-2.8983,-6.5513,-2.3129,0.0605,1.3859,1.1399,-0.0329,-5.5448,-0.5467,-0.005,-0.0155,0.5726,-2.3139,2.8945,6.5526,0.0605,1.3859,1.1399,-0.547,0.0298,5.5457,-0.005,-0.0155,0.5726,,,5.5448,2.0634,18.9,moving
2026-09-21T17:39:30.469+09:00,TEST_0003_LAN_L2,LAN_L2,PULL_TEST,,609.7791748046875,-307.4896240234375,359.8326721191406,89.97480773925781,-90.00088500976562,-0.020326094701886177,-3.3862,-8.8081,-2.8739,0.0174,1.3568,1.3121,-0.5208,-7.8016,-1.1078,-0.0482,-0.0446,0.7448,-2.875,3.3812,8.8096,0.0174,1.3568,1.3121,-1.1081,0.5165,7.8026,-0.0482,-0.0446,0.7448,,,7.8016,2.6287,18.9,moving
2026-09-21T17:39:30.526+09:00,TEST_0003_LAN_L2,LAN_L2,PULL_TEST,,609.7783813476562,-306.8906555175781,359.8549499511719,89.97693634033203,-90.00153350830078,-0.018596841022372246,-4.1717,-9.5335,-3.1989,-0.0401,1.3205,1.5463,-1.3063,-8.527,-1.4327,-0.1056,-0.0808,0.9789,-3.2,4.1668,9.5352,-0.0401,1.3205,1.5463,-1.4331,1.3021,8.5283,-0.1056,-0.0808,0.9789,,,8.527,3.2277,18.9,moving
2026-09-21T17:39:30.582+09:00,TEST_0003_LAN_L2,LAN_L2,PULL_TEST,,609.7611083984375,-306.3243103027344,359.87017822265625,89.97636413574219,-90.001953125,-0.01889696717262268,-4.1717,-9.5335,-3.1989,-0.0401,1.3205,1.5463,-1.3063,-8.527,-1.4327,-0.1056,-0.0808,0.9789,-3.2,4.1668,9.5352,-0.0401,1.3205,1.5463,-1.4331,1.3021,8.5283,-0.1056,-0.0808,0.9789,,,8.527,3.794,18.9,moving
2026-09-21T17:39:30.639+09:00,TEST_0003_LAN_L2,LAN_L2,PULL_TEST,,609.76708984375,-305.74517822265625,359.9046630859375,89.97895812988281,-90.00253295898438,-0.015420359559357166,-4.6588,-11.7101,-3.8505,-0.1259,1.2788,1.7857,-1.7935,-10.7036,-2.0844,-0.1914,-0.1225,1.2184,-3.8514,4.6531,11.7121,-0.1259,1.2788,1.7857,-2.0845,1.7884,10.7051,-0.1914,-0.1225,1.2184,,,10.7036,4.3731,18.9,moving
2026-09-21T17:39:30.694+09:00,TEST_0003_LAN_L2,LAN_L2,PULL_TEST,,609.7581176757812,-305.17864990234375,359.9486999511719,89.97872924804688,-90.00178527832031,-0.011410217732191086,-4.6588,-11.7101,-3.8505,-0.1259,1.2788,1.7857,-1.7935,-10.7036,-2.0844,-0.1914,-0.1225,1.2184,-3.8514,4.6531,11.7121,-0.1259,1.2788,1.7857,-2.0845,1.7884,10.7051,-0.1914,-0.1225,1.2184,,,10.7036,4.9397,18.9,moving
2026-09-21T17:39:30.750+09:00,TEST_0003_LAN_L2,LAN_L2,PULL_TEST,,609.7680053710938,-304.5993957519531,359.9898376464844,89.98140716552734,-90.00151824951172,-0.006631774827837944,-4.9076,-14.3211,-4.4701,-0.1385,1.2547,1.9329,-2.0422,-13.3146,-2.704,-0.204,-0.1467,1.3655,-4.4704,4.9018,14.323,-0.1385,1.2547,1.9329,-2.7035,2.0371,13.316,-0.204,-0.1467,1.3655,,,13.3146,5.5189,18.8,moving
2026-09-21T17:39:30.806+09:00,TEST_0003_LAN_L2,LAN_L2,PULL_TEST,,609.7734985351562,-304.03662109375,360.0248107910156,89.98145294189453,-90.00176239013672,-0.0014919135719537735,-4.9076,-14.3211,-4.4701,-0.1385,1.2547,1.9329,-2.0422,-13.3146,-2.704,-0.204,-0.1467,1.3655,-4.4704,4.9018,14.323,-0.1385,1.2547,1.9329,-2.7035,2.0371,13.316,-0.204,-0.1467,1.3655,,,13.3146,6.0817,18.8,moving
2026-09-21T17:39:30.862+09:00,TEST_0003_LAN_L2,LAN_L2,PULL_TEST,,609.7769165039062,-303.49664306640625,360.04119873046875,89.97943878173828,-90.00216674804688,0.0016773766838014126,-5.4444,-15.7482,-4.9431,-0.1267,1.2292,2.0754,-2.5791,-14.7417,-3.177,-0.1922,-0.1722,1.5081,-4.9427,5.4392,15.7502,-0.1267,1.2292,2.0754,-3.1757,2.5745,14.7432,-0.1922,-0.1722,1.5081,,,14.7417,6.6217,18.8,moving
2026-09-21T17:39:30.918+09:00,TEST_0003_LAN_L2,LAN_L2,PULL_TEST,,609.8103637695312,-302.9198303222656,360.064453125,89.98279571533203,-90.00345611572266,0.006689066998660564,-5.4444,-15.7482,-4.9431,-0.1267,1.2292,2.0754,-2.5791,-14.7417,-3.177,-0.1922,-0.1722,1.5081,-5.5354,5.8008,18.9947,-0.1032,1.2025,2.2082,-3.7684,2.9361,17.9878,-0.1687,-0.1989,1.6408,,,14.7417,7.1985,18.8,moving
2026-09-21T17:39:30.974+09:00,TEST_0003_LAN_L2,LAN_L2,PULL_TEST,,609.8121337890625,-302.37005615234375,360.0654296875,89.9795150756836,-90.00325012207031,0.008500264957547188,-5.8059,-18.9927,-5.5371,-0.1032,1.2025,2.2082,-2.9405,-17.9862,-3.771,-0.1687,-0.1989,1.6408,-5.5354,5.8008,18.9947,-0.1032,1.2025,2.2082,-3.7684,2.9361,17.9878,-0.1687,-0.1989,1.6408,,,17.9862,7.7483,18.8,moving
2026-09-21T17:39:31.030+09:00,TEST_0003_LAN_L2,LAN_L2,PULL_TEST,,609.8333740234375,-301.827392578125,360.0257263183594,89.9787368774414,-90.00360107421875,0.0063489810563623905,-6.1854,-21.0256,-5.9491,-0.0922,1.1768,2.3563,-3.3201,-20.0191,-4.183,-0.1577,-0.2246,1.7889,-5.947,6.1785,21.0283,-0.0922,1.1768,2.3563,-4.1801,3.3138,20.0213,-0.1577,-0.2246,1.7889,,,20.0191,8.2909,18.8,moving
2026-09-21T17:39:31.087+09:00,TEST_0003_LAN_L2,LAN_L2,PULL_TEST,,609.8480224609375,-301.2803649902344,359.9638671875,89.97653198242188,-90.0031967163086,0.0010635369690135121,-6.1854,-21.0256,-5.9491,-0.0922,1.1768,2.3563,-3.3201,-20.0191,-4.183,-0.1577,-0.2246,1.7889,-5.947,6.1785,21.0283,-0.0922,1.1768,2.3563,-4.1801,3.3138,20.0213,-0.1577,-0.2246,1.7889,,,20.0191,8.838,18.8,moving
2026-09-21T17:39:31.142+09:00,TEST_0003_LAN_L2,LAN_L2,PULL_TEST,,609.8695678710938,-300.7301025390625,359.8830871582031,89.97545623779297,-90.00245666503906,-0.00715772807598114,-6.3716,-23.4934,-6.1982,-0.096,1.1616,2.4343,-3.5063,-22.4869,-4.4321,-0.1615,-0.2398,1.8669,-6.1976,6.3611,23.4964,-0.096,1.1616,2.4343,-4.4307,3.4965,22.4894,-0.1615,-0.2398,1.8669,,,22.4869,9.3882,18.8,moving
2026-09-21T17:39:31.197+09:00,TEST_0003_LAN_L2,LAN_L2,PULL_TEST,,609.9175415039062,-300.1493835449219,359.8081970214844,89.97975158691406,-90.00210571289062,-0.014866764657199383,-6.3716,-23.4934,-6.1982,-0.096,1.1616,2.4343,-3.5063,-22.4869,-4.4321,-0.1615,-0.2398,1.8669,-6.1976,6.3611,23.4964,-0.096,1.1616,2.4343,-4.4307,3.4965,22.4894,-0.1615,-0.2398,1.8669,,,22.4869,9.9689,18.8,moving
2026-09-21T17:39:31.253+09:00,TEST_0003_LAN_L2,LAN_L2,PULL_TEST,,609.9522705078125,-299.5499267578125,359.7706298828125,89.98313903808594,-90.00100708007812,-0.019337177276611328,-6.1432,-25.7394,-6.3987,-0.1298,1.1436,2.475,-3.2778,-24.7329,-4.6326,-0.1953,-0.2578,1.9077,-6.3999,6.1328,25.7416,-0.1298,1.1436,2.475,-4.633,3.2681,24.7346,-0.1953,-0.2578,1.9077,,,24.7329,10.5684,18.8,moving
2026-09-21T17:39:31.308+09:00,TEST_0003_LAN_L2,LAN_L2,PULL_TEST,,609.9588623046875,-299.00872802734375,359.760009765625,89.98358154296875,-90.00162506103516,-0.02010307088494301,-6.1432,-25.7394,-6.3987,-0.1298,1.1436,2.475,-3.2778,-24.7329,-4.6326,-0.1953,-0.2578,1.9077,-6.3999,6.1328,25.7416,-0.1298,1.1436,2.475,-4.633,3.2681,24.7346,-0.1953,-0.2578,1.9077,,,24.7329,11.1096,18.8,moving
2026-09-21T17:39:31.363+09:00,TEST_0003_LAN_L2,LAN_L2,PULL_TEST,,609.9436645507812,-298.4635925292969,359.7764587402344,89.98162841796875,-90.00189971923828,-0.01805259846150875,-5.2692,-27.0755,-6.5235,-0.1757,1.1259,2.4894,-2.4039,-26.069,-4.7573,-0.2413,-0.2755,1.9221,-6.5245,5.2589,27.0772,-0.1757,1.1259,2.4894,-4.7576,2.3942,26.0703,-0.2413,-0.2755,1.9221,,,26.069,11.6547,18.8,moving
2026-09-21T17:39:41.844+09:00,TEST_0003_LAN_L2,LAN_L2,RELEASE,RETURN_SOFT_GRIP_COMMAND,609.962158203125,-298.2421875,359.84613037109375,89.99267578125,-90.00001525878906,-0.013115132227540016,-5.089,-11.5445,-3.4162,0.085,1.2559,1.6302,0.0,0.0,0.0,0.0,0.0,0.0,-3.4174,5.0867,11.5452,0.085,1.2559,1.6302,0.0,0.0,0.0,0.0,0.0,0.0,,,,,18.4,holding
2026-09-21T17:39:43.067+09:00,TEST_0003_LAN_L2,LAN_L2,RELEASE,RETURN_SOFT_GRIP_OPEN_REACHED,609.984375,-298.2135925292969,359.882080078125,89.99569702148438,-89.99828338623047,-0.008920464664697647,-4.6347,-4.6565,2.4402,-0.1246,1.2256,1.6944,0.0,0.0,0.0,0.0,0.0,0.0,2.4394,4.6348,4.6569,-0.1246,1.2256,1.6944,0.0,0.0,0.0,0.0,0.0,0.0,,,,,26.1,holding
2026-09-21T17:39:50.131+09:00,TEST_0003_LAN_L5,LAN_L5,PREPARE_SOFT_GRIP,INITIAL_SOFT_GRIP_OPEN_COMMAND,602.370849609375,-36.32147979736328,347.8125305175781,113.15386962890625,-136.4308624267578,-147.83985900878906,1.0768,-2.4573,3.3215,0.8784,-2.4667,0.917,0.0,0.0,0.0,0.0,0.0,0.0,-3.5708,2.2734,-0.5575,0.8784,-2.4667,0.917,0.0,0.0,0.0,0.0,0.0,0.0,,,,,27.6,holding
2026-09-21T17:39:50.179+09:00,TEST_0003_LAN_L5,LAN_L5,PREPARE_SOFT_GRIP,INITIAL_SOFT_GRIP_OPEN_REACHED,602.3709716796875,-36.32273864746094,347.8154296875,113.15399932861328,-136.43055725097656,-147.8394317626953,1.0768,-2.4573,3.3215,0.8784,-2.4667,0.917,0.0,0.0,0.0,0.0,0.0,0.0,-3.5708,2.2734,-0.5575,0.8784,-2.4667,0.917,0.0,0.0,0.0,0.0,0.0,0.0,,,,,27.2,moving
2026-09-21T17:39:57.530+09:00,TEST_0003_LAN_L5,LAN_L5,SOFT_GRIP_ENTRY,SOFT_GRIP_COMMAND,564.90966796875,-300.1018981933594,359.9958190917969,89.98865509033203,-89.9927978515625,-0.0005056305089965463,-2.3965,-1.9931,3.7104,0.2076,1.6137,0.6156,0.0,0.0,0.0,0.0,0.0,0.0,3.7101,2.3961,1.9941,0.2076,1.6137,0.6156,0.0,0.0,0.0,0.0,0.0,0.0,,,,,23.3,holding
2026-09-21T17:39:57.533+09:00,TEST_0003_LAN_L5,LAN_L5,SOFT_GRIP_ENTRY,ENTRY_MOTION_START_WIDTH_REACHED,564.909423828125,-300.1018981933594,359.9950256347656,89.98860168457031,-89.99293518066406,-0.0005110964993946254,-2.3965,-1.9931,3.7104,0.2076,1.6137,0.6156,0.0,0.0,0.0,0.0,0.0,0.0,3.7101,2.3961,1.9941,0.2076,1.6137,0.6156,0.0,0.0,0.0,0.0,0.0,0.0,,,,,23.3,holding
2026-09-21T17:39:57.564+09:00,TEST_0003_LAN_L5,LAN_L5,SOFT_GRIP_ENTRY,,564.9083251953125,-300.1018981933594,359.9945068359375,89.98841857910156,-89.99302673339844,-0.000516558880917728,-2.3965,-1.9931,3.7104,0.2076,1.6137,0.6156,0.0,0.0,0.0,0.0,0.0,0.0,3.7101,2.3961,1.9941,0.2076,1.6137,0.6156,0.0,0.0,0.0,0.0,0.0,0.0,0.0,0.0,,,23.3,holding
2026-09-21T17:39:57.620+09:00,TEST_0003_LAN_L5,LAN_L5,SOFT_GRIP_ENTRY,,564.9080200195312,-300.1018981933594,359.99371337890625,89.98836517333984,-89.9931640625,-0.0006701349630020559,-2.6629,-2.083,3.5839,0.1426,1.5679,0.7448,-0.2665,-0.0899,-0.1265,-0.0651,-0.0458,0.1292,3.5836,2.6626,2.084,0.1426,1.5679,0.7448,-0.1265,0.2665,0.0899,-0.0651,-0.0458,0.1292,0.0899,0.0,,,23.3,holding
2026-09-21T17:39:57.678+09:00,TEST_0003_LAN_L5,LAN_L5,SOFT_GRIP_ENTRY,,564.9201049804688,-300.125244140625,359.98431396484375,89.99018859863281,-89.99463653564453,-0.0009173325379379094,-2.6629,-2.083,3.5839,0.1426,1.5679,0.7448,-0.2665,-0.0899,-0.1265,-0.0651,-0.0458,0.1292,3.5836,2.6626,2.084,0.1426,1.5679,0.7448,-0.1265,0.2665,0.0899,-0.0651,-0.0458,0.1292,0.0899,0.0233,,,23.3,holding
2026-09-21T17:39:57.735+09:00,TEST_0003_LAN_L5,LAN_L5,SOFT_GRIP_ENTRY,,564.9618530273438,-300.2799987792969,359.96490478515625,89.99616241455078,-89.9981689453125,-0.000826172181405127,-2.787,-1.3025,3.465,0.0981,1.5134,0.6948,-0.3905,0.6907,-0.2454,-0.1095,-0.1003,0.0792,3.4649,2.7869,1.3028,0.0981,1.5134,0.6948,-0.2452,0.3908,-0.6912,-0.1095,-0.1003,0.0792,0.6907,0.1781,,,23.3,holding
2026-09-21T17:39:57.790+09:00,TEST_0003_LAN_L5,LAN_L5,SOFT_GRIP_ENTRY,,564.9852294921875,-300.6371154785156,359.9797668457031,89.99710845947266,-89.99555206298828,-0.0004391786060295999,-2.787,-1.3025,3.465,0.0981,1.5134,0.6948,-0.3905,0.6907,-0.2454,-0.1095,-0.1003,0.0792,3.4649,2.7869,1.3028,0.0981,1.5134,0.6948,-0.2452,0.3908,-0.6912,-0.1095,-0.1003,0.0792,0.6907,0.5352,,,23.3,holding
2026-09-21T17:39:57.846+09:00,TEST_0003_LAN_L5,LAN_L5,SOFT_GRIP_ENTRY,,565.01708984375,-301.09844970703125,359.97686767578125,89.99887084960938,-89.99581146240234,-0.0001354367850581184,-2.8484,-0.536,3.3368,0.1263,1.4682,0.6205,-0.4519,1.4572,-0.3735,-0.0813,-0.1455,0.0049,3.3368,2.8484,0.5364,0.1263,1.4682,0.6205,-0.3733,0.4523,-1.4577,-0.0813,-0.1455,0.0049,1.4572,0.9966,,,23.3,holding
2026-09-21T17:39:57.901+09:00,TEST_0003_LAN_L5,LAN_L5,SOFT_GRIP_ENTRY,,565.0244140625,-301.6524353027344,359.9615173339844,89.99665069580078,-89.99536895751953,-0.0024854603689163923,-2.8484,-0.536,3.3368,0.1263,1.4682,0.6205,-0.4519,1.4572,-0.3735,-0.0813,-0.1455,0.0049,3.3368,2.8484,0.5364,0.1263,1.4682,0.6205,-0.3733,0.4523,-1.4577,-0.0813,-0.1455,0.0049,1.4572,1.5505,,,23.3,holding
2026-09-21T17:39:57.958+09:00,TEST_0003_LAN_L5,LAN_L5,SOFT_GRIP_ENTRY,,565.0398559570312,-302.2252502441406,359.912353515625,89.99749755859375,-89.99635314941406,-0.008979656733572483,-2.6273,-0.5085,3.3075,0.1834,1.4535,0.5366,-0.2308,1.4846,-0.4029,-0.0242,-0.1602,-0.079,3.3072,2.6275,0.509,0.1834,1.4535,0.5366,-0.4029,0.2314,-1.4851,-0.0242,-0.1602,-0.079,1.4846,2.1234,,,23.3,holding
2026-09-21T17:39:58.014+09:00,TEST_0003_LAN_L5,LAN_L5,SOFT_GRIP_ENTRY,,565.0379028320312,-302.79119873046875,359.8758850097656,89.99526977539062,-89.99604797363281,-0.014830521307885647,-2.6273,-0.5085,3.3075,0.1834,1.4535,0.5366,-0.2308,1.4846,-0.4029,-0.0242,-0.1602,-0.079,3.3072,2.6275,0.509,0.1834,1.4535,0.5366,-0.4029,0.2314,-1.4851,-0.0242,-0.1602,-0.079,1.4846,2.6893,,,23.4,holding
2026-09-21T17:39:58.069+09:00,TEST_0003_LAN_L5,LAN_L5,SOFT_GRIP_ENTRY,,565.0289306640625,-303.3738708496094,359.8384094238281,89.9925537109375,-89.99407958984375,-0.022137362509965897,-2.4386,-0.2537,2.9743,0.2033,1.4674,0.4689,-0.0422,1.7394,-0.736,-0.0044,-0.1463,-0.1467,2.9736,2.4394,0.2542,0.2033,1.4674,0.4689,-0.7365,0.0433,-1.7399,-0.0044,-0.1463,-0.1467,1.7394,3.272,,,23.4,holding
2026-09-21T17:39:58.126+09:00,TEST_0003_LAN_L5,LAN_L5,SOFT_GRIP_ENTRY,,565.047607421875,-303.92041015625,359.8057556152344,89.99468231201172,-89.99371337890625,-0.02729722298681736,-2.4173,0.0675,2.6063,0.2529,1.5287,0.415,-0.0209,2.0607,-1.1041,0.0452,-0.085,-0.2006,2.6051,2.4185,-0.0671,0.2529,1.5287,0.415,-1.105,0.0225,-2.0611,0.0452,-0.085,-0.2006,2.0607,3.8185,,,23.4,holding
2026-09-21T17:39:58.182+09:00,TEST_0003_LAN_L5,LAN_L5,SOFT_GRIP_ENTRY,,565.0447387695312,-304.4652404785156,359.7658386230469,89.99430847167969,-89.99249267578125,-0.03333790600299835,-2.4173,0.0675,2.6063,0.2529,1.5287,0.415,-0.0209,2.0607,-1.1041,0.0452,-0.085,-0.2006,2.6051,2.4185,-0.0671,0.2529,1.5287,0.415,-1.105,0.0225,-2.0611,0.0452,-0.085,-0.2006,2.0607,4.3633,,,23.4,holding
2026-09-21T17:39:58.238+09:00,TEST_0003_LAN_L5,LAN_L5,SOFT_GRIP_ENTRY,,565.0447998046875,-305.01190185546875,359.7370910644531,89.99423217773438,-89.99264526367188,-0.03361549973487854,-2.3097,1.0704,2.3602,0.2778,1.5855,0.3354,0.0867,3.0635,-1.3502,0.0702,-0.0282,-0.2802,2.359,2.3112,-1.0698,0.2778,1.5855,0.3354,-1.3511,-0.0848,-3.0639,0.0702,-0.0282,-0.2802,3.0635,4.91,,,23.4,holding
2026-09-21T17:39:58.294+09:00,TEST_0003_LAN_L5,LAN_L5,SOFT_GRIP_ENTRY,,565.02978515625,-305.4721984863281,359.7005310058594,89.9936752319336,-89.99230194091797,-0.03478115797042847,-2.3097,1.0704,2.3602,0.2778,1.5855,0.3354,0.0867,3.0635,-1.3502,0.0702,-0.0282,-0.2802,2.359,2.3112,-1.0698,0.2778,1.5855,0.3354,-1.3511,-0.0848,-3.0639,0.0702,-0.0282,-0.2802,3.0635,5.3703,,,23.4,holding
2026-09-21T17:39:59.351+09:00,TEST_0003_LAN_L5,LAN_L5,SOFT_GRIP_ENTRY,SOFT_GRIP_STABILIZATION_END,564.8400268554688,-306.1445617675781,359.9787902832031,89.98454284667969,-89.99242401123047,-0.004941378254443407,-1.7907,-0.1555,1.1453,0.1376,1.5156,0.5864,0.0,0.0,0.0,0.0,0.0,0.0,1.1452,1.7908,0.1561,0.1376,1.5156,0.5864,0.0,0.0,0.0,0.0,0.0,0.0,,,,,23.4,holding
2026-09-21T17:39:59.501+09:00,TEST_0003_LAN_L5,LAN_L5,HARD_GRIP,HARD_GRIP_COMMAND,564.8405151367188,-306.1426086425781,359.97967529296875,89.98455047607422,-89.99252319335938,-0.004856638610363007,-1.9849,-0.2862,1.054,0.1009,1.497,0.6537,0.0,0.0,0.0,0.0,0.0,0.0,1.0538,1.9849,0.2869,0.1009,1.497,0.6537,0.0,0.0,0.0,0.0,0.0,0.0,,,,,23.4,holding
2026-09-21T17:40:00.505+09:00,TEST_0003_LAN_L5,LAN_L5,HARD_GRIP,HARD_GRIP_STABILIZATION_END,564.8695068359375,-306.1082458496094,359.9965515136719,89.98780822753906,-89.9931869506836,-0.002268864307552576,-3.251,1.6511,-0.7941,0.0853,1.4314,0.7599,0.0,0.0,0.0,0.0,0.0,0.0,-0.7941,3.2513,-1.6505,0.0853,1.4314,0.7599,0.0,0.0,0.0,0.0,0.0,0.0,,,,,20.3,moving
2026-09-21T17:40:00.540+09:00,TEST_0003_LAN_L5,LAN_L5,PULL_TEST,,564.8707885742188,-306.10723876953125,359.9986267089844,89.98790740966797,-89.99320220947266,-0.002061772160232067,-3.3725,1.7018,-0.868,0.0654,1.4314,0.7756,-0.1215,0.0507,-0.0739,-0.0199,0.0,0.0157,-0.8679,3.3728,-1.7012,0.0654,1.4314,0.7756,-0.0738,0.1215,-0.0507,-0.0199,0.0,0.0157,,,0.0507,0.001,20.3,moving
2026-09-21T17:40:00.596+09:00,TEST_0003_LAN_L5,LAN_L5,PULL_TEST,,564.8757934570312,-306.1023254394531,360.0032653808594,89.98839569091797,-89.99322509765625,-0.0012132653500884771,-3.3725,1.7018,-0.868,0.0654,1.4314,0.7756,-0.1215,0.0507,-0.0739,-0.0199,0.0,0.0157,-0.8679,3.3728,-1.7012,0.0654,1.4314,0.7756,-0.0738,0.1215,-0.0507,-0.0199,0.0,0.0157,,,0.0507,0.0059,20.1,moving
2026-09-21T17:40:00.651+09:00,TEST_0003_LAN_L5,LAN_L5,PULL_TEST,,564.8731689453125,-306.0419006347656,360.02105712890625,89.98790740966797,-89.99108123779297,-0.0003973529383074492,-3.4388,1.6313,-0.9292,0.0473,1.4339,0.797,-0.1877,-0.0198,-0.1351,-0.038,0.0025,0.0371,-0.9291,3.4391,-1.6308,0.0473,1.4339,0.797,-0.135,0.1877,0.0198,-0.038,0.0025,0.0371,,,0.0198,0.0663,20.1,moving
2026-09-21T17:40:00.707+09:00,TEST_0003_LAN_L5,LAN_L5,PULL_TEST,,564.8489990234375,-305.8889465332031,360.044921875,89.98351287841797,-89.99014282226562,0.0024025114253163338,-3.4388,1.6313,-0.9292,0.0473,1.4339,0.797,-0.1877,-0.0198,-0.1351,-0.038,0.0025,0.0371,-0.9291,3.4391,-1.6308,0.0473,1.4339,0.797,-0.135,0.1877,0.0198,-0.038,0.0025,0.0371,,,0.0198,0.2193,20.1,moving
2026-09-21T17:40:00.763+09:00,TEST_0003_LAN_L5,LAN_L5,PULL_TEST,,564.8097534179688,-305.6064453125,360.0608825683594,89.97686004638672,-89.99150848388672,0.0059877862222492695,-3.3736,-0.1274,-1.2101,0.0252,1.4319,1.0015,-0.1225,-1.7785,-0.416,-0.0601,0.0005,0.2416,-1.21,3.3736,0.1283,0.0252,1.4319,1.0015,-0.4159,0.1223,1.7788,-0.0601,0.0005,0.2416,,,1.7785,0.5018,20.1,moving
2026-09-21T17:40:00.819+09:00,TEST_0003_LAN_L5,LAN_L5,PULL_TEST,,564.7766723632812,-305.1614990234375,360.0767822265625,89.97266387939453,-89.99168395996094,0.008290719240903854,-3.1319,-4.0155,-1.6909,0.0175,1.4292,1.2282,0.1191,-5.6666,-0.8967,-0.0678,-0.0023,0.4683,-1.691,3.1302,4.0167,0.0175,1.4292,1.2282,-0.8969,-0.1211,5.6672,-0.0678,-0.0023,0.4683,,,5.6666,0.9467,20.1,moving
2026-09-21T17:40:00.877+09:00,TEST_0003_LAN_L5,LAN_L5,PULL_TEST,,564.7463989257812,-304.6355285644531,360.1072998046875,89.96803283691406,-89.99237823486328,0.013344701379537582,-3.1319,-4.0155,-1.6909,0.0175,1.4292,1.2282,0.1191,-5.6666,-0.8967,-0.0678,-0.0023,0.4683,-1.691,3.1302,4.0167,0.0175,1.4292,1.2282,-0.8969,-0.1211,5.6672,-0.0678,-0.0023,0.4683,,,5.6666,1.4727,19.9,moving
2026-09-21T17:40:00.935+09:00,TEST_0003_LAN_L5,LAN_L5,PULL_TEST,,564.7493896484375,-304.05584716796875,360.1250305175781,89.96868896484375,-89.99347686767578,0.01729021593928337,-3.3645,-8.5328,-2.4629,-0.0003,1.4039,1.5001,-0.1135,-10.1839,-1.6688,-0.0856,-0.0275,0.7403,-2.4629,3.3607,8.5343,-0.0003,1.4039,1.5001,-1.6688,0.1094,10.1848,-0.0856,-0.0275,0.7403,,,10.1839,2.0524,19.9,moving
2026-09-21T17:40:00.993+09:00,TEST_0003_LAN_L5,LAN_L5,PULL_TEST,,564.7330932617188,-303.4818420410156,360.1144104003906,89.96549224853516,-89.99345397949219,0.016031991690397263,-3.3645,-8.5328,-2.4629,-0.0003,1.4039,1.5001,-0.1135,-10.1839,-1.6688,-0.0856,-0.0275,0.7403,-2.4629,3.3607,8.5343,-0.0003,1.4039,1.5001,-1.6688,0.1094,10.1848,-0.0856,-0.0275,0.7403,,,10.1839,2.6264,19.9,moving
2026-09-21T17:40:01.050+09:00,TEST_0003_LAN_L5,LAN_L5,PULL_TEST,,564.7345581054688,-302.92718505859375,360.09259033203125,89.96485137939453,-89.99388885498047,0.013583332300186157,-4.083,-11.7381,-2.8786,0.0254,1.3771,1.7182,-0.832,-13.3892,-2.0845,-0.0599,-0.0544,0.9584,-2.8788,4.0766,11.7403,0.0254,1.3771,1.7182,-2.0847,0.8253,13.3908,-0.0599,-0.0544,0.9584,,,13.3892,3.1811,19.8,moving
2026-09-21T17:40:01.107+09:00,TEST_0003_LAN_L5,LAN_L5,PULL_TEST,,564.7415771484375,-302.34405517578125,360.0754699707031,89.96443176269531,-89.992919921875,0.010617820546030998,-4.083,-11.7381,-2.8786,0.0254,1.3771,1.7182,-0.832,-13.3892,-2.0845,-0.0599,-0.0544,0.9584,-2.8788,4.0766,11.7403,0.0254,1.3771,1.7182,-2.0847,0.8253,13.3908,-0.0599,-0.0544,0.9584,,,13.3892,3.7642,19.8,moving
2026-09-21T17:40:01.163+09:00,TEST_0003_LAN_L5,LAN_L5,PULL_TEST,,564.7693481445312,-301.7475280761719,360.0446472167969,89.96916961669922,-89.99274444580078,0.005904274061322212,-4.7938,-14.5574,-3.2613,0.0096,1.3465,1.901,-1.5428,-16.2085,-2.4672,-0.0757,-0.0849,1.1411,-3.2624,4.7857,14.5598,0.0096,1.3465,1.901,-2.4683,1.5343,16.2103,-0.0757,-0.0849,1.1411,,,16.2085,4.3607,19.8,moving
2026-09-21T17:40:01.218+09:00,TEST_0003_LAN_L5,LAN_L5,PULL_TEST,,564.7825927734375,-301.1732482910156,360.0267639160156,89.97078704833984,-89.9928207397461,0.0031994355376809835,-4.7938,-14.5574,-3.2613,0.0096,1.3465,1.901,-1.5428,-16.2085,-2.4672,-0.0757,-0.0849,1.1411,-3.8602,5.1851,17.6149,-0.038,1.3129,2.0108,-3.0661,1.9338,19.2654,-0.1233,-0.1185,1.2509,,,16.2085,4.935,19.6,moving
2026-09-21T17:40:01.276+09:00,TEST_0003_LAN_L5,LAN_L5,PULL_TEST,,564.7772216796875,-300.61273193359375,360.0163879394531,89.9699478149414,-89.99333190917969,0.0014163769083097577,-5.1938,-17.6128,-3.8583,-0.038,1.3129,2.0108,-1.9428,-19.2639,-3.0642,-0.1233,-0.1185,1.2509,-3.8602,5.1851,17.6149,-0.038,1.3129,2.0108,-3.0661,1.9338,19.2654,-0.1233,-0.1185,1.2509,,,19.2639,5.4955,19.6,moving
2026-09-21T17:40:01.331+09:00,TEST_0003_LAN_L5,LAN_L5,PULL_TEST,,564.776611328125,-300.0560607910156,360.0016784667969,89.96991729736328,-89.99442291259766,-0.000786192249506712,-5.2785,-21.2049,-4.628,-0.0383,1.2879,2.0704,-2.0275,-22.8561,-3.8339,-0.1236,-0.1435,1.3106,-4.6301,5.2677,21.2072,-0.0383,1.2879,2.0704,-3.836,2.0164,22.8577,-0.1236,-0.1435,1.3106,,,22.8561,6.0522,19.6,moving
2026-09-21T17:40:01.386+09:00,TEST_0003_LAN_L5,LAN_L5,PULL_TEST,,564.7669067382812,-299.49749755859375,359.9963073730469,89.96869659423828,-89.99457550048828,-0.001856781542301178,-5.2785,-21.2049,-4.628,-0.0383,1.2879,2.0704,-2.0275,-22.8561,-3.8339,-0.1236,-0.1435,1.3106,-4.6301,5.2677,21.2072,-0.0383,1.2879,2.0704,-3.836,2.0164,22.8577,-0.1236,-0.1435,1.3106,,,22.8561,6.6107,19.4,moving
2026-09-21T17:40:01.441+09:00,TEST_0003_LAN_L5,LAN_L5,PULL_TEST,,564.7747192382812,-298.96112060546875,359.9996643066406,89.9697036743164,-89.9944839477539,-0.0016835684655234218,-5.3494,-25.1032,-5.5632,-0.0295,1.2644,2.114,-2.0983,-26.7543,-4.769,-0.1148,-0.167,1.3541,-5.5657,5.3358,25.1055,-0.0295,1.2644,2.114,-4.7716,2.0845,26.756,-0.1148,-0.167,1.3541,,,26.7543,7.1471,19.4,moving
2026-09-21T17:40:21.370+09:00,TEST_0003_LAN_L5,LAN_L5,RELEASE,RETURN_SOFT_GRIP_COMMAND,564.9030151367188,-298.664794921875,359.9945068359375,89.98839569091797,-89.99295043945312,-0.0008240060997195542,-4.4364,-7.4887,-1.2806,0.0714,1.3488,1.2069,0.0,0.0,0.0,0.0,0.0,0.0,-1.2816,4.4349,7.4895,0.0714,1.3488,1.2069,0.0,0.0,0.0,0.0,0.0,0.0,,,,,18.4,holding
2026-09-21T17:40:22.247+09:00,TEST_0003_LAN_L5,LAN_L5,RELEASE,RETURN_SOFT_GRIP_OPEN_REACHED,564.9071655273438,-298.6590270996094,360.0037536621094,89.9893798828125,-89.9918441772461,-0.00048164385952986777,-3.2016,-4.9031,2.7729,-0.0232,1.3036,1.3731,0.0,0.0,0.0,0.0,0.0,0.0,2.7722,3.2007,4.9041,-0.0232,1.3036,1.3731,0.0,0.0,0.0,0.0,0.0,0.0,,,,,25.1,holding
2026-09-21T17:42:45.599+09:00,TEST_0004_LAN_L2,LAN_L2,PREPARE_SOFT_GRIP,INITIAL_SOFT_GRIP_OPEN_COMMAND,602.3610229492188,-36.41298294067383,347.7203063964844,113.13288879394531,-136.4288330078125,-147.8484649658203,0.8702,-2.1246,3.6972,0.667,-2.6234,1.1187,0.0,0.0,0.0,0.0,0.0,0.0,-3.584,2.2121,-1.0964,0.667,-2.6234,1.1187,0.0,0.0,0.0,0.0,0.0,0.0,,,,,26.2,holding
2026-09-21T17:42:45.612+09:00,TEST_0004_LAN_L2,LAN_L2,PREPARE_SOFT_GRIP,INITIAL_SOFT_GRIP_OPEN_REACHED,602.3610229492188,-36.41298294067383,347.7203063964844,113.13288879394531,-136.4288330078125,-147.8484649658203,0.8702,-2.1246,3.6972,0.667,-2.6234,1.1187,0.0,0.0,0.0,0.0,0.0,0.0,-3.584,2.2121,-1.0964,0.667,-2.6234,1.1187,0.0,0.0,0.0,0.0,0.0,0.0,,,,,26.2,holding
2026-09-21T17:42:52.830+09:00,TEST_0004_LAN_L2,LAN_L2,SOFT_GRIP_ENTRY,SOFT_GRIP_COMMAND,609.9764404296875,-305.0876770019531,359.86187744140625,89.99384307861328,-90.00001525878906,-0.011077996343374252,-3.2342,-1.4465,3.9611,0.3612,1.6381,0.5225,0.0,0.0,0.0,0.0,0.0,0.0,3.9605,3.2348,1.4469,0.3612,1.6381,0.5225,0.0,0.0,0.0,0.0,0.0,0.0,,,,,25.3,holding
2026-09-21T17:42:52.871+09:00,TEST_0004_LAN_L2,LAN_L2,SOFT_GRIP_ENTRY,ENTRY_MOTION_START_WIDTH_REACHED,609.9765625,-305.0876770019531,359.8600158691406,89.99380493164062,-90.00016021728516,-0.011180642992258072,-3.2342,-1.4465,3.9611,0.3612,1.6381,0.5225,0.0,0.0,0.0,0.0,0.0,0.0,3.9605,3.2348,1.4469,0.3612,1.6381,0.5225,0.0,0.0,0.0,0.0,0.0,0.0,,,,,24.9,moving
2026-09-21T17:42:52.903+09:00,TEST_0004_LAN_L2,LAN_L2,SOFT_GRIP_ENTRY,,609.97705078125,-305.08660888671875,359.858154296875,89.99375915527344,-90.00011444091797,-0.011525974608957767,-3.2342,-1.4465,3.9611,0.3612,1.6381,0.5225,0.0,0.0,0.0,0.0,0.0,0.0,3.9605,3.2348,1.4469,0.3612,1.6381,0.5225,0.0,0.0,0.0,0.0,0.0,0.0,0.0,-0.0011,,,24.6,moving
2026-09-21T17:42:52.959+09:00,TEST_0004_LAN_L2,LAN_L2,SOFT_GRIP_ENTRY,,609.9772338867188,-305.08660888671875,359.8563232421875,89.99372100830078,-90.00025177001953,-0.011776787228882313,-3.3097,-1.5636,3.8044,0.2949,1.5878,0.5839,-0.0755,-0.1171,-0.1567,-0.0663,-0.0503,0.0614,3.8037,3.3103,1.564,0.2949,1.5878,0.5839,-0.1567,0.0755,0.1171,-0.0663,-0.0503,0.0614,0.1171,-0.0011,,,23.4,moving
2026-09-21T17:42:53.014+09:00,TEST_0004_LAN_L2,LAN_L2,SOFT_GRIP_ENTRY,,609.9909057617188,-305.1002502441406,359.85076904296875,89.99600982666016,-90.001220703125,-0.012073278427124023,-3.3097,-1.5636,3.8044,0.2949,1.5878,0.5839,-0.0755,-0.1171,-0.1567,-0.0663,-0.0503,0.0614,3.8037,3.3103,1.564,0.2949,1.5878,0.5839,-0.1567,0.0755,0.1171,-0.0663,-0.0503,0.0614,0.1171,0.0126,,,21.9,holding
2026-09-21T17:42:53.069+09:00,TEST_0004_LAN_L2,LAN_L2,SOFT_GRIP_ENTRY,,610.03515625,-305.2326354980469,359.8262023925781,90.00281524658203,-90.0054931640625,-0.012196572497487068,-3.4242,-1.4763,3.5697,0.2145,1.5221,0.6102,-0.19,-0.0297,-0.3914,-0.1467,-0.116,0.0877,3.569,3.4249,1.4764,0.2145,1.5221,0.6102,-0.3915,0.1901,0.0295,-0.1467,-0.116,0.0877,0.0297,0.145,,,21.8,holding
2026-09-21T17:42:53.125+09:00,TEST_0004_LAN_L2,LAN_L2,SOFT_GRIP_ENTRY,,610.0776977539062,-305.5310363769531,359.8393249511719,90.00822448730469,-90.00318145751953,-0.012054027989506721,-3.5388,-0.2819,3.4397,0.1995,1.471,0.5275,-0.3046,1.1646,-0.5214,-0.1617,-0.1671,0.005,3.439,3.5396,0.2812,0.1995,1.471,0.5275,-0.5215,0.3047,-1.1656,-0.1617,-0.1671,0.005,1.1646,0.4434,,,21.8,holding
2026-09-21T17:42:53.181+09:00,TEST_0004_LAN_L2,LAN_L2,SOFT_GRIP_ENTRY,,610.10009765625,-305.9807434082031,359.85064697265625,90.00918579101562,-90.00104522705078,-0.011829269118607044,-3.5388,-0.2819,3.4397,0.1995,1.471,0.5275,-0.3046,1.1646,-0.5214,-0.1617,-0.1671,0.005,3.439,3.5396,0.2812,0.1995,1.471,0.5275,-0.5215,0.3047,-1.1656,-0.1617,-0.1671,0.005,1.1646,0.8931,,,21.8,holding
2026-09-21T17:42:53.237+09:00,TEST_0004_LAN_L2,LAN_L2,SOFT_GRIP_ENTRY,,610.1143188476562,-306.54608154296875,359.84515380859375,90.00845336914062,-90.00074768066406,-0.012686347588896751,-3.5324,0.0468,3.4312,0.2368,1.4444,0.4789,-0.2982,1.4934,-0.5298,-0.1244,-0.1937,-0.0435,3.4305,3.5331,-0.0474,0.2368,1.4444,0.4789,-0.53,0.2983,-1.4943,-0.1244,-0.1937,-0.0435,1.4934,1.4584,,,21.8,holding
2026-09-21T17:42:53.293+09:00,TEST_0004_LAN_L2,LAN_L2,SOFT_GRIP_ENTRY,,610.0967407226562,-307.1474304199219,359.8069152832031,90.00398254394531,-89.99942016601562,-0.019685011357069016,-3.5324,0.0468,3.4312,0.2368,1.4444,0.4789,-0.2982,1.4934,-0.5298,-0.1244,-0.1937,-0.0435,3.4305,3.5331,-0.0474,0.2368,1.4444,0.4789,-0.53,0.2983,-1.4943,-0.1244,-0.1937,-0.0435,1.4934,2.0598,,,21.8,holding
2026-09-21T17:42:53.348+09:00,TEST_0004_LAN_L2,LAN_L2,SOFT_GRIP_ENTRY,,610.0918579101562,-307.6994934082031,359.74932861328125,90.0027847290039,-89.99859619140625,-0.029302943497896194,-3.2114,-0.4286,3.6051,0.3303,1.4507,0.3602,0.0228,1.018,-0.3559,-0.0309,-0.1874,-0.1622,3.6037,3.213,0.4284,0.3303,1.4507,0.3602,-0.3567,-0.0218,-1.0184,-0.0309,-0.1874,-0.1622,1.018,2.6118,,,21.6,holding
2026-09-21T17:42:53.403+09:00,TEST_0004_LAN_L2,LAN_L2,SOFT_GRIP_ENTRY,,610.0855102539062,-308.2640686035156,359.70343017578125,90.00089263916016,-89.99828338623047,-0.036582157015800476,-3.2114,-0.4286,3.6051,0.3303,1.4507,0.3602,0.0228,1.018,-0.3559,-0.0309,-0.1874,-0.1622,3.6037,3.213,0.4284,0.3303,1.4507,0.3602,-0.3567,-0.0218,-1.0184,-0.0309,-0.1874,-0.1622,1.018,3.1764,,,21.6,holding
2026-09-21T17:42:53.459+09:00,TEST_0004_LAN_L2,LAN_L2,SOFT_GRIP_ENTRY,,610.0745849609375,-308.82440185546875,359.6696472167969,89.99808502197266,-89.9971923828125,-0.04255209490656853,-2.9984,-0.5687,3.709,0.3721,1.5028,0.2902,0.2359,0.8778,-0.2521,0.0108,-0.1353,-0.2322,3.7069,3.0009,0.5688,0.3721,1.5028,0.2902,-0.2535,-0.234,-0.8781,0.0108,-0.1353,-0.2322,0.8778,3.7367,,,21.6,holding
2026-09-21T17:42:53.514+09:00,TEST_0004_LAN_L2,LAN_L2,SOFT_GRIP_ENTRY,,610.078369140625,-309.3258361816406,359.6448974609375,89.99772644042969,-89.99732208251953,-0.0447939932346344,-2.9984,-0.5687,3.709,0.3721,1.5028,0.2902,0.2359,0.8778,-0.2521,0.0108,-0.1353,-0.2322,3.7069,3.0009,0.5688,0.3721,1.5028,0.2902,-0.2535,-0.234,-0.8781,0.0108,-0.1353,-0.2322,0.8778,4.2382,,,21.6,holding
2026-09-21T17:42:54.570+09:00,TEST_0004_LAN_L2,LAN_L2,SOFT_GRIP_ENTRY,SOFT_GRIP_STABILIZATION_END,609.9630126953125,-310.1181335449219,359.8200378417969,89.9911880493164,-89.99967193603516,-0.014166552573442459,-2.2379,-1.6061,3.4547,0.1885,1.5464,0.5044,0.0,0.0,0.0,0.0,0.0,0.0,3.4541,2.2385,1.6064,0.1885,1.5464,0.5044,0.0,0.0,0.0,0.0,0.0,0.0,,,,,21.8,holding
2026-09-21T17:42:54.709+09:00,TEST_0004_LAN_L2,LAN_L2,HARD_GRIP,HARD_GRIP_COMMAND,609.959228515625,-310.1181945800781,359.82672119140625,89.99100494384766,-89.99978637695312,-0.0136267663910985,-2.28,-1.6527,3.4133,0.1709,1.5229,0.5252,0.0,0.0,0.0,0.0,0.0,0.0,3.4127,2.2806,1.653,0.1709,1.5229,0.5252,0.0,0.0,0.0,0.0,0.0,0.0,,,,,21.8,holding
2026-09-21T17:42:55.712+09:00,TEST_0004_LAN_L2,LAN_L2,HARD_GRIP,HARD_GRIP_STABILIZATION_END,609.9622192382812,-310.10247802734375,359.8310852050781,89.99211120605469,-90.00062561035156,-0.014512360095977783,-2.5282,-0.0499,0.6644,0.0877,1.4017,0.4323,0.0,0.0,0.0,0.0,0.0,0.0,0.6637,2.5284,0.0502,0.0877,1.4017,0.4323,0.0,0.0,0.0,0.0,0.0,0.0,,,,,18.9,moving
2026-09-21T17:42:55.747+09:00,TEST_0004_LAN_L2,LAN_L2,PULL_TEST,,609.9622192382812,-310.10247802734375,359.8310852050781,89.99211120605469,-90.00062561035156,-0.014512360095977783,-2.5511,-0.0709,0.6579,0.0805,1.3927,0.4413,-0.0229,-0.021,-0.0065,-0.0072,-0.009,0.0091,0.6572,2.5513,0.0712,0.0805,1.3927,0.4413,-0.0065,0.0229,0.021,-0.0072,-0.009,0.0091,,,0.021,0.0,18.9,moving
2026-09-21T17:42:55.802+09:00,TEST_0004_LAN_L2,LAN_L2,PULL_TEST,,609.9638061523438,-310.0993347167969,359.8310852050781,89.9924087524414,-90.00062561035156,-0.014512178488075733,-2.5511,-0.0709,0.6579,0.0805,1.3927,0.4413,-0.0229,-0.021,-0.0065,-0.0072,-0.009,0.0091,0.6572,2.5513,0.0712,0.0805,1.3927,0.4413,-0.0065,0.0229,0.021,-0.0072,-0.009,0.0091,,,0.021,0.0031,18.9,moving
2026-09-21T17:42:55.858+09:00,TEST_0004_LAN_L2,LAN_L2,PULL_TEST,,609.9579467773438,-310.05206298828125,359.8401184082031,89.99170684814453,-89.99923706054688,-0.014560899697244167,-2.5485,-0.1095,0.6943,0.0858,1.4006,0.4435,-0.0203,-0.0596,0.0299,-0.0018,-0.0011,0.0112,0.6936,2.5487,0.1098,0.0858,1.4006,0.4435,0.0299,0.0203,0.0596,-0.0018,-0.0011,0.0112,,,0.0596,0.0504,18.9,moving
2026-09-21T17:42:55.914+09:00,TEST_0004_LAN_L2,LAN_L2,PULL_TEST,,609.926025390625,-309.91864013671875,359.85565185546875,89.98687744140625,-89.99653625488281,-0.014744467101991177,-2.5485,-0.1095,0.6943,0.0858,1.4006,0.4435,-0.0203,-0.0596,0.0299,-0.0018,-0.0011,0.0112,0.6936,2.5487,0.1098,0.0858,1.4006,0.4435,0.0299,0.0203,0.0596,-0.0018,-0.0011,0.0112,,,0.0596,0.1838,18.9,moving
2026-09-21T17:42:55.969+09:00,TEST_0004_LAN_L2,LAN_L2,PULL_TEST,,609.8626098632812,-309.65911865234375,359.8433837890625,89.97720336914062,-89.99882507324219,-0.014991190284490585,-2.3834,-1.7734,0.5895,0.1294,1.3964,0.6734,0.1448,-1.7235,-0.0748,0.0417,-0.0053,0.2412,0.5888,2.3831,1.774,0.1294,1.3964,0.6734,-0.0749,-0.1453,1.7238,0.0417,-0.0053,0.2412,,,1.7235,0.4434,18.9,moving
2026-09-21T17:42:56.026+09:00,TEST_0004_LAN_L2,LAN_L2,PULL_TEST,,609.8162231445312,-309.2293701171875,359.840087890625,89.9714126586914,-89.99938201904297,-0.01567069999873638,-2.162,-5.1841,0.4036,0.0725,1.3776,0.9419,0.3662,-5.1342,-0.2607,-0.0152,-0.0241,0.5097,0.403,2.1596,5.1852,0.0725,1.3776,0.9419,-0.2607,-0.3688,5.135,-0.0152,-0.0241,0.5097,,,5.1342,0.8731,18.9,moving
2026-09-21T17:42:56.081+09:00,TEST_0004_LAN_L2,LAN_L2,PULL_TEST,,609.7923583984375,-308.70196533203125,359.8351745605469,89.97019958496094,-90.00053405761719,-0.01662571355700493,-2.162,-5.1841,0.4036,0.0725,1.3776,0.9419,0.3662,-5.1342,-0.2607,-0.0152,-0.0241,0.5097,0.403,2.1596,5.1852,0.0725,1.3776,0.9419,-0.2607,-0.3688,5.135,-0.0152,-0.0241,0.5097,,,5.1342,1.4005,18.9,moving
2026-09-21T17:42:56.136+09:00,TEST_0004_LAN_L2,LAN_L2,PULL_TEST,,609.7750854492188,-308.1377868652344,359.8315124511719,89.97029113769531,-90.0010986328125,-0.018235787749290466,-2.2041,-8.8809,0.1213,0.0531,1.3517,1.1437,0.3242,-8.831,-0.5431,-0.0346,-0.05,0.7114,0.1208,2.1996,8.882,0.0531,1.3517,1.1437,-0.543,-0.3288,8.8318,-0.0346,-0.05,0.7114,,,8.831,1.9647,18.9,moving
2026-09-21T17:42:56.191+09:00,TEST_0004_LAN_L2,LAN_L2,PULL_TEST,,609.7506713867188,-307.60516357421875,359.82867431640625,89.96903228759766,-90.00196075439453,-0.02011233940720558,-2.2041,-8.8809,0.1213,0.0531,1.3517,1.1437,0.3242,-8.831,-0.5431,-0.0346,-0.05,0.7114,0.1208,2.1996,8.882,0.0531,1.3517,1.1437,-0.543,-0.3288,8.8318,-0.0346,-0.05,0.7114,,,8.831,2.4973,18.9,moving
2026-09-21T17:42:56.248+09:00,TEST_0004_LAN_L2,LAN_L2,PULL_TEST,,609.7327270507812,-307.037841796875,359.830078125,89.96903228759766,-90.00228118896484,-0.0220418069511652,-2.4194,-12.5053,-0.3408,0.0135,1.3184,1.3304,0.1088,-12.4554,-1.0052,-0.0741,-0.0833,0.8982,-0.3413,2.4128,12.5066,0.0135,1.3184,1.3304,-1.005,-0.1156,12.4564,-0.0741,-0.0833,0.8982,,,12.4554,3.0646,18.8,moving
2026-09-21T17:42:56.304+09:00,TEST_0004_LAN_L2,LAN_L2,PULL_TEST,,609.7074584960938,-306.4568176269531,359.84027099609375,89.96755981445312,-90.00203704833984,-0.02287372574210167,-2.4194,-12.5053,-0.3408,0.0135,1.3184,1.3304,0.1088,-12.4554,-1.0052,-0.0741,-0.0833,0.8982,-0.3413,2.4128,12.5066,0.0135,1.3184,1.3304,-1.005,-0.1156,12.4564,-0.0741,-0.0833,0.8982,,,12.4554,3.6457,18.8,moving
2026-09-21T17:42:56.360+09:00,TEST_0004_LAN_L2,LAN_L2,PULL_TEST,,609.7681274414062,-305.7853698730469,359.8685607910156,89.98069763183594,-90.00247955322266,-0.021176280453801155,-2.9152,-15.3608,-0.8484,-0.0499,1.2795,1.5259,-0.387,-15.3109,-1.5127,-0.1375,-0.1222,1.0936,-0.849,2.9068,15.3623,-0.0499,1.2795,1.5259,-1.5127,0.3784,15.3121,-0.1375,-0.1222,1.0936,,,15.3109,4.3171,18.8,moving
2026-09-21T17:42:56.415+09:00,TEST_0004_LAN_L2,LAN_L2,PULL_TEST,,609.7621459960938,-305.2000427246094,359.8955993652344,89.98184967041016,-90.00199890136719,-0.02055089920759201,-2.9152,-15.3608,-0.8484,-0.0499,1.2795,1.5259,-0.387,-15.3109,-1.5127,-0.1375,-0.1222,1.0936,-0.849,2.9068,15.3623,-0.0499,1.2795,1.5259,-1.5127,0.3784,15.3121,-0.1375,-0.1222,1.0936,,,15.3109,4.9024,18.8,moving
2026-09-21T17:42:56.470+09:00,TEST_0004_LAN_L2,LAN_L2,PULL_TEST,,609.7652587890625,-304.6481628417969,359.9296569824219,89.98342895507812,-90.00193786621094,-0.016862234100699425,-3.9406,-14.0689,-1.3733,-0.1793,1.2402,1.7484,-1.4124,-14.019,-2.0376,-0.267,-0.1615,1.3161,-1.3742,3.9357,14.0702,-0.1793,1.2402,1.7484,-2.0379,1.4073,14.0199,-0.267,-0.1615,1.3161,,,14.019,5.4543,18.8,moving
2026-09-21T17:42:56.525+09:00,TEST_0004_LAN_L2,LAN_L2,PULL_TEST,,609.7638549804688,-304.1137390136719,359.9505920410156,89.98207092285156,-90.00199890136719,-0.01327648013830185,-4.3658,-16.7064,-2.028,-0.1826,1.2225,1.9354,-1.8375,-16.6565,-2.6924,-0.2703,-0.1792,1.5031,-2.0285,4.3601,16.7078,-0.1826,1.2225,1.9354,-2.6923,1.8317,16.6576,-0.2703,-0.1792,1.5031,,,16.6565,5.9887,18.8,moving
2026-09-21T17:42:56.581+09:00,TEST_0004_LAN_L2,LAN_L2,PULL_TEST,,609.771240234375,-303.5549011230469,359.96624755859375,89.98097229003906,-90.00215148925781,-0.009572524577379227,-4.3658,-16.7064,-2.028,-0.1826,1.2225,1.9354,-1.8375,-16.6565,-2.6924,-0.2703,-0.1792,1.5031,-2.0285,4.3601,16.7078,-0.1826,1.2225,1.9354,-2.6923,1.8317,16.6576,-0.2703,-0.1792,1.5031,,,16.6565,6.5476,18.8,moving
2026-09-21T17:42:56.638+09:00,TEST_0004_LAN_L2,LAN_L2,PULL_TEST,,609.8231811523438,-302.9308776855469,359.9970703125,89.98809814453125,-90.00311279296875,-0.0040713343769311905,-5.0251,-18.3664,-2.3594,-0.1876,1.2049,2.0967,-2.4969,-18.3165,-3.0238,-0.2753,-0.1968,1.6645,-2.359,5.0198,18.3679,-0.1876,1.2049,2.0967,-3.0228,2.4914,18.3177,-0.2753,-0.1968,1.6645,,,18.3165,7.1716,18.8,moving
2026-09-21T17:42:56.693+09:00,TEST_0004_LAN_L2,LAN_L2,PULL_TEST,,609.8317260742188,-302.37469482421875,360.00958251953125,89.98545837402344,-90.00218200683594,-0.000893699296284467,-5.0251,-18.3664,-2.3594,-0.1876,1.2049,2.0967,-2.4969,-18.3165,-3.0238,-0.2753,-0.1968,1.6645,-2.359,5.0198,18.3679,-0.1876,1.2049,2.0967,-3.0228,2.4914,18.3177,-0.2753,-0.1968,1.6645,,,18.3165,7.7278,18.8,moving
2026-09-21T17:42:56.750+09:00,TEST_0004_LAN_L2,LAN_L2,PULL_TEST,,609.900146484375,-301.734375,360.0051574707031,89.99356079101562,-90.00323486328125,0.0020570941269397736,-5.9467,-16.4086,-2.2127,-0.1531,1.1827,2.2262,-3.4185,-16.3587,-2.8771,-0.2408,-0.219,1.7939,-2.2118,5.944,16.4096,-0.1531,1.1827,2.2262,-2.8755,3.4156,16.3594,-0.2408,-0.219,1.7939,,,16.3587,8.3681,18.8,moving
2026-09-21T17:42:56.805+09:00,TEST_0004_LAN_L2,LAN_L2,PULL_TEST,,609.9166870117188,-301.1999206542969,359.9547119140625,89.99134826660156,-90.00305938720703,-0.0016832159599289298,-5.9467,-16.4086,-2.2127,-0.1531,1.1827,2.2262,-3.4185,-16.3587,-2.8771,-0.2408,-0.219,1.7939,-2.2118,5.944,16.4096,-0.1531,1.1827,2.2262,-2.8755,3.4156,16.3594,-0.2408,-0.219,1.7939,,,16.3587,8.9026,18.8,moving
2026-09-21T17:42:56.860+09:00,TEST_0004_LAN_L2,LAN_L2,PULL_TEST,,609.9244384765625,-300.6853332519531,359.8938293457031,89.9872817993164,-90.00220489501953,-0.00759504409506917,-6.5463,-15.3866,-2.0778,-0.1587,1.1577,2.3241,-4.0181,-15.3368,-2.7421,-0.2464,-0.244,1.8919,-2.0773,6.5436,15.3879,-0.1587,1.1577,2.3241,-2.741,4.0152,15.3376,-0.2464,-0.244,1.8919,,,15.3368,9.4171,18.8,moving
2026-09-21T17:42:56.915+09:00,TEST_0004_LAN_L2,LAN_L2,PULL_TEST,,609.9698486328125,-300.1244812011719,359.8213195800781,89.99059295654297,-90.00196838378906,-0.014517746865749359,-6.5463,-15.3866,-2.0778,-0.1587,1.1577,2.3241,-4.0181,-15.3368,-2.7421,-0.2464,-0.244,1.8919,-2.0773,6.5436,15.3879,-0.1587,1.1577,2.3241,-2.741,4.0152,15.3376,-0.2464,-0.244,1.8919,,,15.3368,9.978,18.6,moving
2026-09-21T17:42:56.970+09:00,TEST_0004_LAN_L2,LAN_L2,PULL_TEST,,609.9833984375,-299.5755310058594,359.7774353027344,89.99010467529297,-90.00106811523438,-0.019222423434257507,-6.63,-17.2689,-1.9606,-0.2002,1.1384,2.3561,-4.1018,-17.219,-2.6249,-0.2878,-0.2633,1.9239,-1.9617,6.6267,17.27,-0.2002,1.1384,2.3561,-2.6255,4.0983,17.2198,-0.2878,-0.2633,1.9239,,,17.219,10.5269,18.6,moving
2026-09-21T17:42:57.026+09:00,TEST_0004_LAN_L2,LAN_L2,PULL_TEST,,609.990966796875,-299.0205993652344,359.76519775390625,89.99047088623047,-90.00162506103516,-0.020036574453115463,-5.7346,-18.4959,-1.7591,-0.2496,1.1196,2.3472,-3.2063,-18.446,-2.4235,-0.3373,-0.2821,1.915,-1.7606,5.7309,18.4969,-0.2496,1.1196,2.3472,-2.4244,3.2025,18.4467,-0.3373,-0.2821,1.915,,,18.446,11.0819,18.6,moving
2026-09-21T17:42:57.082+09:00,TEST_0004_LAN_L2,LAN_L2,PULL_TEST,,609.9724731445312,-298.48065185546875,359.7787780761719,89.98755645751953,-90.00192260742188,-0.01799948327243328,-5.7346,-18.4959,-1.7591,-0.2496,1.1196,2.3472,-3.2063,-18.446,-2.4235,-0.3373,-0.2821,1.915,-1.7606,5.7309,18.4969,-0.2496,1.1196,2.3472,-2.4244,3.2025,18.4467,-0.3373,-0.2821,1.915,,,18.446,11.6218,18.6,moving
2026-09-21T17:42:57.140+09:00,TEST_0004_LAN_L2,LAN_L2,PULL_TEST,,609.9577026367188,-297.9081115722656,359.80609130859375,89.98576354980469,-90.0020751953125,-0.015070803463459015,-5.5168,-19.943,-1.8816,-0.2284,1.1012,2.3952,-2.9886,-19.8931,-2.5459,-0.3161,-0.3005,1.9629,-1.8824,5.5114,19.9444,-0.2284,1.1012,2.3952,-2.5461,2.983,19.8941,-0.3161,-0.3005,1.9629,,,19.8931,12.1944,18.6,moving
2026-09-21T17:42:57.195+09:00,TEST_0004_LAN_L2,LAN_L2,PULL_TEST,,609.9660034179688,-297.35650634765625,359.8295593261719,89.987548828125,-90.0032958984375,-0.011181212961673737,-5.5168,-19.943,-1.8816,-0.2284,1.1012,2.3952,-2.9886,-19.8931,-2.5459,-0.3161,-0.3005,1.9629,-1.8824,5.5114,19.9444,-0.2284,1.1012,2.3952,-2.5461,2.983,19.8941,-0.3161,-0.3005,1.9629,,,19.8931,12.746,18.6,moving
2026-09-21T17:42:57.250+09:00,TEST_0004_LAN_L2,LAN_L2,PULL_TEST,,609.9534912109375,-296.81634521484375,359.86529541015625,89.98521423339844,-90.00328826904297,-0.00585734099149704,-5.5012,-21.304,-2.3778,-0.2497,1.0819,2.4496,-2.973,-21.2541,-3.0422,-0.3374,-0.3199,2.0173,-2.3773,5.4955,21.3056,-0.2497,1.0819,2.4496,-3.041,2.9671,21.2553,-0.3374,-0.3199,2.0173,,,21.2541,13.2861,18.6,moving
2026-09-21T17:43:08.490+09:00,TEST_0004_LAN_L2,LAN_L2,RELEASE,RETURN_SOFT_GRIP_COMMAND,609.9671020507812,-296.636474609375,359.84088134765625,89.9929428100586,-90.00032043457031,-0.013750121928751469,-6.4967,-11.7782,-0.1568,-0.087,1.2065,1.857,0.0,0.0,0.0,0.0,0.0,0.0,-0.1583,6.4952,11.779,-0.087,1.2065,1.857,0.0,0.0,0.0,0.0,0.0,0.0,,,,,18.2,holding
2026-09-21T17:43:09.607+09:00,TEST_0004_LAN_L2,LAN_L2,RELEASE,RETURN_SOFT_GRIP_OPEN_REACHED,609.9960327148438,-296.58074951171875,359.8524475097656,89.99828338623047,-89.99995422363281,-0.012351814657449722,-5.0092,-4.0738,2.3584,-0.2769,1.1921,1.6835,0.0,0.0,0.0,0.0,0.0,0.0,2.3573,5.0096,4.0739,-0.2769,1.1921,1.6835,0.0,0.0,0.0,0.0,0.0,0.0,,,,,25.6,holding
2026-09-21T17:43:16.631+09:00,TEST_0004_LAN_L5,LAN_L5,PREPARE_SOFT_GRIP,INITIAL_SOFT_GRIP_OPEN_COMMAND,602.3732299804688,-36.324859619140625,347.8191223144531,113.15465545654297,-136.4307403564453,-147.83880615234375,1.3009,-2.5786,3.2353,1.0856,-2.5122,1.0052,0.0,0.0,0.0,0.0,0.0,0.0,-3.5588,2.4528,-0.3575,1.0856,-2.5122,1.0052,0.0,0.0,0.0,0.0,0.0,0.0,,,,,26.9,holding
2026-09-21T17:43:16.644+09:00,TEST_0004_LAN_L5,LAN_L5,PREPARE_SOFT_GRIP,INITIAL_SOFT_GRIP_OPEN_REACHED,602.3731689453125,-36.32487487792969,347.82086181640625,113.1548843383789,-136.43072509765625,-147.83834838867188,1.3009,-2.5786,3.2353,1.0856,-2.5122,1.0052,0.0,0.0,0.0,0.0,0.0,0.0,-3.5588,2.4528,-0.3575,1.0856,-2.5122,1.0052,0.0,0.0,0.0,0.0,0.0,0.0,,,,,26.9,holding
2026-09-21T17:43:23.939+09:00,TEST_0004_LAN_L5,LAN_L5,SOFT_GRIP_ENTRY,SOFT_GRIP_COMMAND,564.913330078125,-300.09991455078125,360.00048828125,89.9890365600586,-89.99272918701172,0.000505865435115993,-1.8814,-1.9193,4.0207,0.3284,1.6554,0.4335,0.0,0.0,0.0,0.0,0.0,0.0,4.0205,1.881,1.9202,0.3284,1.6554,0.4335,0.0,0.0,0.0,0.0,0.0,0.0,,,,,25.7,holding
2026-09-21T17:43:24.010+09:00,TEST_0004_LAN_L5,LAN_L5,SOFT_GRIP_ENTRY,ENTRY_MOTION_START_WIDTH_REACHED,564.9119262695312,-300.09991455078125,359.9991760253906,89.98880004882812,-89.99296569824219,0.00034691175096668303,-1.8814,-1.9193,4.0207,0.3284,1.6554,0.4335,0.0,0.0,0.0,0.0,0.0,0.0,4.0205,1.881,1.9202,0.3284,1.6554,0.4335,0.0,0.0,0.0,0.0,0.0,0.0,,,,,24.6,moving
2026-09-21T17:43:24.042+09:00,TEST_0004_LAN_L5,LAN_L5,SOFT_GRIP_ENTRY,,564.9112548828125,-300.0998840332031,359.9977111816406,89.98860931396484,-89.99304962158203,0.0002428401494398713,-1.9403,-2.0151,3.8699,0.2568,1.618,0.4908,-0.0589,-0.0958,-0.1508,-0.0716,-0.0375,0.0574,3.8697,1.9399,2.0159,0.2568,1.618,0.4908,-0.1508,0.0589,0.0957,-0.0716,-0.0375,0.0574,0.0958,-0.0,,,24.3,moving
2026-09-21T17:43:24.098+09:00,TEST_0004_LAN_L5,LAN_L5,SOFT_GRIP_ENTRY,,564.9107055664062,-300.0998840332031,359.99609375,89.98851776123047,-89.99333190917969,8.379634527955204e-05,-1.9403,-2.0151,3.8699,0.2568,1.618,0.4908,-0.0589,-0.0958,-0.1508,-0.0716,-0.0375,0.0574,3.8697,1.9399,2.0159,0.2568,1.618,0.4908,-0.1508,0.0589,0.0957,-0.0716,-0.0375,0.0574,0.0958,-0.0,,,22.4,moving
2026-09-21T17:43:24.152+09:00,TEST_0004_LAN_L5,LAN_L5,SOFT_GRIP_ENTRY,,564.9230346679688,-300.1174011230469,359.9884948730469,89.99050903320312,-89.9946517944336,-6.475706322817132e-05,-1.9457,-2.0457,3.5793,0.1978,1.5692,0.5154,-0.0644,-0.1264,-0.4414,-0.1306,-0.0862,0.0819,3.5791,1.9453,2.0465,0.1978,1.5692,0.5154,-0.4414,0.0644,0.1263,-0.1306,-0.0862,0.0819,0.1264,0.0175,,,21.6,holding
2026-09-21T17:43:24.208+09:00,TEST_0004_LAN_L5,LAN_L5,SOFT_GRIP_ENTRY,,564.9641723632812,-300.251708984375,359.9651184082031,89.99649047851562,-89.99871826171875,-0.0001154673082055524,-1.9457,-2.0457,3.5793,0.1978,1.5692,0.5154,-0.0644,-0.1264,-0.4414,-0.1306,-0.0862,0.0819,3.5791,1.9453,2.0465,0.1978,1.5692,0.5154,-0.4414,0.0644,0.1263,-0.1306,-0.0862,0.0819,0.1264,0.1518,,,21.6,holding
2026-09-21T17:43:24.262+09:00,TEST_0004_LAN_L5,LAN_L5,SOFT_GRIP_ENTRY,,564.99267578125,-300.58062744140625,359.9798889160156,89.99856567382812,-89.99610900878906,0.0002512122446205467,-2.1188,-0.7033,3.3058,0.1704,1.5103,0.4608,-0.2375,1.216,-0.7149,-0.158,-0.1451,0.0274,3.3058,2.1188,0.7035,0.1704,1.5103,0.4608,-0.7147,0.2379,-1.2166,-0.158,-0.1451,0.0274,1.216,0.4807,,,21.6,holding
2026-09-21T17:43:24.318+09:00,TEST_0004_LAN_L5,LAN_L5,SOFT_GRIP_ENTRY,,565.024169921875,-301.0341491699219,359.9794921875,90.00032806396484,-89.99594116210938,0.0005617154529318213,-2.1188,-0.7033,3.3058,0.1704,1.5103,0.4608,-0.2375,1.216,-0.7149,-0.158,-0.1451,0.0274,3.3058,2.1188,0.7035,0.1704,1.5103,0.4608,-0.7147,0.2379,-1.2166,-0.158,-0.1451,0.0274,1.216,0.9342,,,21.6,holding
2026-09-21T17:43:24.373+09:00,TEST_0004_LAN_L5,LAN_L5,SOFT_GRIP_ENTRY,,565.0420532226562,-301.55511474609375,359.9566955566406,90.00051879882812,-89.99591827392578,-0.002640400780364871,-2.0196,0.2387,2.973,0.2327,1.4745,0.3771,-0.1383,2.158,-1.0477,-0.0958,-0.181,-0.0563,2.973,2.0196,-0.2385,0.2327,1.4745,0.3771,-1.0475,0.1387,-2.1587,-0.0958,-0.181,-0.0563,2.158,1.4552,,,21.6,holding
2026-09-21T17:43:24.429+09:00,TEST_0004_LAN_L5,LAN_L5,SOFT_GRIP_ENTRY,,565.0537109375,-302.1123962402344,359.9036865234375,90.0011215209961,-89.99669647216797,-0.010123522020876408,-1.8671,0.9345,2.3924,0.2759,1.461,0.3045,0.0142,2.8538,-1.6283,-0.0525,-0.1945,-0.129,2.3922,1.8675,-0.9344,0.2759,1.461,0.3045,-1.6283,-0.0135,-2.8546,-0.0525,-0.1945,-0.129,2.8538,2.0125,,,21.6,holding
2026-09-21T17:43:24.484+09:00,TEST_0004_LAN_L5,LAN_L5,SOFT_GRIP_ENTRY,,565.0501708984375,-302.6969299316406,359.8625183105469,89.99879455566406,-89.99620819091797,-0.01674650050699711,-1.8671,0.9345,2.3924,0.2759,1.461,0.3045,0.0142,2.8538,-1.6283,-0.0525,-0.1945,-0.129,2.3922,1.8675,-0.9344,0.2759,1.461,0.3045,-1.6283,-0.0135,-2.8546,-0.0525,-0.1945,-0.129,2.8538,2.597,,,21.6,holding
2026-09-21T17:43:24.539+09:00,TEST_0004_LAN_L5,LAN_L5,SOFT_GRIP_ENTRY,,565.0404663085938,-303.2765197753906,359.83587646484375,89.99530792236328,-89.9942398071289,-0.022433120757341385,-1.9461,1.5027,1.8605,0.2678,1.4812,0.3144,-0.0647,3.422,-2.1602,-0.0606,-0.1742,-0.1191,1.8599,1.9468,-1.5024,0.2678,1.4812,0.3144,-2.1605,0.0659,-3.4226,-0.0606,-0.1742,-0.1191,3.422,3.1766,,,21.6,holding
2026-09-21T17:43:24.595+09:00,TEST_0004_LAN_L5,LAN_L5,SOFT_GRIP_ENTRY,,565.055908203125,-303.8172302246094,359.8013610839844,89.99686431884766,-89.99359893798828,-0.028028983622789383,-1.9461,1.5027,1.8605,0.2678,1.4812,0.3144,-0.0647,3.422,-2.1602,-0.0606,-0.1742,-0.1191,1.8599,1.9468,-1.5024,0.2678,1.4812,0.3144,-2.1605,0.0659,-3.4226,-0.0606,-0.1742,-0.1191,3.422,3.7173,,,21.6,holding
2026-09-21T17:43:24.652+09:00,TEST_0004_LAN_L5,LAN_L5,SOFT_GRIP_ENTRY,,565.0459594726562,-304.3814697265625,359.76739501953125,89.99478912353516,-89.99251556396484,-0.03376173600554466,-1.9349,2.1831,1.8195,0.3357,1.5486,0.2513,-0.0535,4.1024,-2.2012,0.0073,-0.1068,-0.1822,1.8188,1.936,-2.1827,0.3357,1.5486,0.2513,-2.2017,0.0551,-4.1029,0.0073,-0.1068,-0.1822,4.1024,4.2816,,,21.6,holding
2026-09-21T17:43:24.706+09:00,TEST_0004_LAN_L5,LAN_L5,SOFT_GRIP_ENTRY,,565.04052734375,-304.9281921386719,359.73590087890625,89.9940185546875,-89.99239349365234,-0.036079294979572296,-1.9349,2.1831,1.8195,0.3357,1.5486,0.2513,-0.0535,4.1024,-2.2012,0.0073,-0.1068,-0.1822,1.8188,1.936,-2.1827,0.3357,1.5486,0.2513,-2.2017,0.0551,-4.1029,0.0073,-0.1068,-0.1822,4.1024,4.8283,,,21.6,holding
2026-09-21T17:43:24.762+09:00,TEST_0004_LAN_L5,LAN_L5,SOFT_GRIP_ENTRY,,565.03125,-305.39715576171875,359.710205078125,89.99383544921875,-89.99208068847656,-0.03591887652873993,-1.917,2.6896,1.7616,0.3776,1.6088,0.1713,-0.0356,4.6089,-2.2591,0.0492,-0.0466,-0.2622,1.7608,1.9184,-2.6892,0.3776,1.6088,0.1713,-2.2597,0.0374,-4.6094,0.0492,-0.0466,-0.2622,4.6089,5.2972,,,21.6,holding
2026-09-21T17:43:25.818+09:00,TEST_0004_LAN_L5,LAN_L5,SOFT_GRIP_ENTRY,SOFT_GRIP_STABILIZATION_END,564.8392944335938,-306.1493835449219,359.9820251464844,89.98404693603516,-89.99244689941406,-0.0037380328867584467,-1.4234,-1.1878,1.4019,0.1833,1.5275,0.4896,0.0,0.0,0.0,0.0,0.0,0.0,1.4016,1.4232,1.1883,0.1833,1.5275,0.4896,0.0,0.0,0.0,0.0,0.0,0.0,,,,,21.9,holding
2026-09-21T17:43:25.968+09:00,TEST_0004_LAN_L5,LAN_L5,HARD_GRIP,HARD_GRIP_COMMAND,564.8392333984375,-306.14837646484375,359.98291015625,89.98395538330078,-89.99253845214844,-0.0036532937083393335,-1.6785,-1.3407,1.3054,0.1369,1.4716,0.5594,0.0,0.0,0.0,0.0,0.0,0.0,1.3051,1.6782,1.3413,0.1369,1.4716,0.5594,0.0,0.0,0.0,0.0,0.0,0.0,,,,,21.9,holding
2026-09-21T17:43:26.971+09:00,TEST_0004_LAN_L5,LAN_L5,HARD_GRIP,HARD_GRIP_STABILIZATION_END,564.8677368164062,-306.1130676269531,359.9969787597656,89.98731231689453,-89.99319458007812,-0.0024271681904792786,-2.7131,-0.3585,-0.4929,0.0966,1.4387,0.6715,0.0,0.0,0.0,0.0,0.0,0.0,-0.493,2.713,0.359,0.0966,1.4387,0.6715,0.0,0.0,0.0,0.0,0.0,0.0,,,,,20.1,moving
2026-09-21T17:43:27.004+09:00,TEST_0004_LAN_L5,LAN_L5,PULL_TEST,,564.8704833984375,-306.1101379394531,359.99810791015625,89.98760986328125,-89.99320220947266,-0.0021706942934542894,-2.7131,-0.3585,-0.4929,0.0966,1.4387,0.6715,0.0,0.0,0.0,0.0,0.0,0.0,-0.493,2.713,0.359,0.0966,1.4387,0.6715,0.0,0.0,0.0,0.0,0.0,0.0,,,0.0,0.002,20.1,moving
2026-09-21T17:43:27.061+09:00,TEST_0004_LAN_L5,LAN_L5,PULL_TEST,,564.8772583007812,-306.100341796875,360.0023193359375,89.98859405517578,-89.99322509765625,-0.001460292492993176,-2.852,0.0385,-0.5286,0.0808,1.4378,0.7124,-0.1389,0.397,-0.0357,-0.0159,-0.0009,0.0409,-0.5287,2.852,-0.038,0.0808,1.4378,0.7124,-0.0356,0.139,-0.397,-0.0159,-0.0009,0.0409,,,0.397,0.0117,19.9,moving
2026-09-21T17:43:27.116+09:00,TEST_0004_LAN_L5,LAN_L5,PULL_TEST,,564.88330078125,-306.0340576171875,360.0252380371094,89.98925018310547,-89.9913101196289,0.00042094485252164304,-2.852,0.0385,-0.5286,0.0808,1.4378,0.7124,-0.1389,0.397,-0.0357,-0.0159,-0.0009,0.0409,-0.5287,2.852,-0.038,0.0808,1.4378,0.7124,-0.0356,0.139,-0.397,-0.0159,-0.0009,0.0409,,,0.397,0.078,19.9,moving
2026-09-21T17:43:27.172+09:00,TEST_0004_LAN_L5,LAN_L5,PULL_TEST,,564.8588256835938,-305.88482666015625,360.0519104003906,89.98392486572266,-89.9919662475586,0.005208315793424845,-3.0124,-0.323,-0.6302,0.0722,1.4493,0.8341,-0.2993,0.0355,-0.1374,-0.0244,0.0106,0.1625,-0.6302,3.0123,0.3235,0.0722,1.4493,0.8341,-0.1372,0.2993,-0.0356,-0.0244,0.0106,0.1625,,,0.0355,0.2273,19.9,moving
2026-09-21T17:43:27.228+09:00,TEST_0004_LAN_L5,LAN_L5,PULL_TEST,,564.823486328125,-305.6063232421875,360.06671142578125,89.9783935546875,-89.9925765991211,0.00785896833986044,-3.1639,-3.0051,-1.002,0.0364,1.4424,1.1788,-0.4508,-2.6466,-0.5091,-0.0602,0.0037,0.5072,-1.0019,3.1629,3.0061,0.0364,1.4424,1.1788,-0.5089,0.4499,2.6471,-0.0602,0.0037,0.5072,,,2.6466,0.5058,19.9,moving
2026-09-21T17:43:27.283+09:00,TEST_0004_LAN_L5,LAN_L5,PULL_TEST,,564.7871704101562,-305.17205810546875,360.0867614746094,89.9735336303711,-89.99243927001953,0.010509717278182507,-3.1639,-3.0051,-1.002,0.0364,1.4424,1.1788,-0.4508,-2.6466,-0.5091,-0.0602,0.0037,0.5072,-1.0019,3.1629,3.0061,0.0364,1.4424,1.1788,-0.5089,0.4499,2.6471,-0.0602,0.0037,0.5072,,,2.6466,0.94,19.8,moving
2026-09-21T17:43:27.341+09:00,TEST_0004_LAN_L5,LAN_L5,PULL_TEST,,564.7584838867188,-304.6490173339844,360.1181335449219,89.96931457519531,-89.992919921875,0.015290847979485989,-2.8826,-7.2316,-1.6367,-0.0015,1.4203,1.408,-0.1695,-6.8732,-1.1438,-0.0981,-0.0184,0.7364,-1.6369,2.8793,7.2329,-0.0015,1.4203,1.408,-1.1439,0.1662,6.8739,-0.0981,-0.0184,0.7364,,,6.8732,1.4631,19.8,moving
2026-09-21T17:43:27.397+09:00,TEST_0004_LAN_L5,LAN_L5,PULL_TEST,,564.761474609375,-304.0849914550781,360.13104248046875,89.97026062011719,-89.9940185546875,0.01811066083610058,-2.8826,-7.2316,-1.6367,-0.0015,1.4203,1.408,-0.1695,-6.8732,-1.1438,-0.0981,-0.0184,0.7364,-1.6369,2.8793,7.2329,-0.0015,1.4203,1.408,-1.1439,0.1662,6.8739,-0.0981,-0.0184,0.7364,,,6.8732,2.0271,19.6,moving
2026-09-21T17:43:27.453+09:00,TEST_0004_LAN_L5,LAN_L5,PULL_TEST,,564.7384643554688,-303.5478820800781,360.1209411621094,89.9652328491211,-89.99388885498047,0.016906296834349632,-2.5468,-11.9106,-2.3038,0.0094,1.3987,1.6538,0.1663,-11.5521,-1.8109,-0.0872,-0.04,0.9822,-2.3042,2.5407,11.9118,0.0094,1.3987,1.6538,-1.8112,-0.1723,11.5528,-0.0872,-0.04,0.9822,,,11.5521,2.5642,19.6,moving
2026-09-21T17:43:27.509+09:00,TEST_0004_LAN_L5,LAN_L5,PULL_TEST,,564.7373657226562,-303.00103759765625,360.1018371582031,89.96422576904297,-89.9944839477539,0.01398545503616333,-2.5468,-11.9106,-2.3038,0.0094,1.3987,1.6538,0.1663,-11.5521,-1.8109,-0.0872,-0.04,0.9822,-2.3042,2.5407,11.9118,0.0094,1.3987,1.6538,-1.8112,-0.1723,11.5528,-0.0872,-0.04,0.9822,,,11.5521,3.1111,19.6,moving
2026-09-21T17:43:27.566+09:00,TEST_0004_LAN_L5,LAN_L5,PULL_TEST,,564.74072265625,-302.4190673828125,360.074462890625,89.96421813964844,-89.99332427978516,0.009404604323208332,-2.4808,-16.2133,-2.7979,0.0143,1.3668,1.8683,0.2323,-15.8548,-2.3051,-0.0823,-0.0719,1.1967,-2.7989,2.4713,16.2146,0.0143,1.3668,1.8683,-2.3059,-0.2417,15.8555,-0.0823,-0.0719,1.1967,,,15.8548,3.693,19.6,moving
2026-09-21T17:43:27.622+09:00,TEST_0004_LAN_L5,LAN_L5,PULL_TEST,,564.76416015625,-301.8262634277344,360.0535888671875,89.96725463867188,-89.9928970336914,0.006877785548567772,-2.5861,-20.1402,-3.2655,0.0261,1.3391,1.9906,0.127,-19.7817,-2.7726,-0.0705,-0.0996,1.3191,-3.2677,2.575,20.1413,0.0261,1.3391,1.9906,-2.7747,-0.138,19.7822,-0.0705,-0.0996,1.3191,,,19.7817,4.2858,19.4,moving
2026-09-21T17:43:27.680+09:00,TEST_0004_LAN_L5,LAN_L5,PULL_TEST,,564.76904296875,-301.246337890625,360.0293884277344,89.96834564208984,-89.99300384521484,0.0031930531840771437,-2.5861,-20.1402,-3.2655,0.0261,1.3391,1.9906,0.127,-19.7817,-2.7726,-0.0705,-0.0996,1.3191,-3.2677,2.575,20.1413,0.0261,1.3391,1.9906,-2.7747,-0.138,19.7822,-0.0705,-0.0996,1.3191,,,19.7817,4.8658,19.4,moving
2026-09-21T17:43:27.735+09:00,TEST_0004_LAN_L5,LAN_L5,PULL_TEST,,564.7742309570312,-300.6887512207031,360.0138244628906,89.96931457519531,-89.9932861328125,0.0005562267615459859,-2.7261,-24.0301,-3.9536,0.0242,1.3072,2.0481,-0.0129,-23.6716,-3.4608,-0.0724,-0.1315,1.3766,-3.9564,2.7132,24.0311,0.0242,1.3072,2.0481,-3.4634,0.0002,23.672,-0.0724,-0.1315,1.3766,,,23.6716,5.4233,19.3,moving
2026-09-21T17:43:44.128+09:00,TEST_0004_LAN_L5,LAN_L5,RELEASE,RETURN_SOFT_GRIP_COMMAND,564.9024658203125,-300.3712463378906,359.9984436035156,89.98847198486328,-89.99300384521484,-0.00030934004462324083,-3.6585,-5.8018,-0.1827,0.1401,1.386,1.1773,0.0,0.0,0.0,0.0,0.0,0.0,-0.1834,3.6574,5.8025,0.1401,1.386,1.1773,0.0,0.0,0.0,0.0,0.0,0.0,,,,,18.1,holding
2026-09-21T17:43:45.167+09:00,TEST_0004_LAN_L5,LAN_L5,RELEASE,RETURN_SOFT_GRIP_OPEN_REACHED,564.9031982421875,-300.3712463378906,360.0025939941406,89.9886703491211,-89.99244689941406,-0.00018913000531028956,-2.8405,-4.6771,2.841,-0.0022,1.3231,1.2889,0.0,0.0,0.0,0.0,0.0,0.0,2.8404,2.8396,4.6781,-0.0022,1.3231,1.2889,0.0,0.0,0.0,0.0,0.0,0.0,,,,,26.1,holding
2026-09-21T17:44:26.758+09:00,TEST_0005_LAN_L2,LAN_L2,PREPARE_SOFT_GRIP,INITIAL_SOFT_GRIP_OPEN_COMMAND,602.361328125,-36.41288757324219,347.7210998535156,113.13301086425781,-136.42881774902344,-147.84829711914062,0.6037,-2.2219,3.6718,0.6855,-2.8353,1.3795,0.0,0.0,0.0,0.0,0.0,0.0,-3.7107,1.957,-1.0885,0.6855,-2.8353,1.3795,0.0,0.0,0.0,0.0,0.0,0.0,,,,,27.6,holding
2026-09-21T17:44:26.799+09:00,TEST_0005_LAN_L2,LAN_L2,PREPARE_SOFT_GRIP,INITIAL_SOFT_GRIP_OPEN_REACHED,602.361328125,-36.41288757324219,347.7210998535156,113.13301086425781,-136.42881774902344,-147.84829711914062,0.6037,-2.2219,3.6718,0.6855,-2.8353,1.3795,0.0,0.0,0.0,0.0,0.0,0.0,-3.7107,1.957,-1.0885,0.6855,-2.8353,1.3795,0.0,0.0,0.0,0.0,0.0,0.0,,,,,27.2,moving
2026-09-21T17:44:33.938+09:00,TEST_0005_LAN_L2,LAN_L2,SOFT_GRIP_ENTRY,SOFT_GRIP_COMMAND,609.9760131835938,-305.0918884277344,359.87139892578125,89.9937744140625,-89.99998474121094,-0.009554712101817131,-3.7143,-1.5842,3.8682,0.3336,1.6679,0.6943,0.0,0.0,0.0,0.0,0.0,0.0,3.8676,3.7148,1.5846,0.3336,1.6679,0.6943,0.0,0.0,0.0,0.0,0.0,0.0,,,,,23.4,holding
2026-09-21T17:44:33.941+09:00,TEST_0005_LAN_L2,LAN_L2,SOFT_GRIP_ENTRY,ENTRY_MOTION_START_WIDTH_REACHED,609.9760131835938,-305.0918884277344,359.87139892578125,89.9937744140625,-89.99998474121094,-0.009554712101817131,-3.7143,-1.5842,3.8682,0.3336,1.6679,0.6943,0.0,0.0,0.0,0.0,0.0,0.0,3.8676,3.7148,1.5846,0.3336,1.6679,0.6943,0.0,0.0,0.0,0.0,0.0,0.0,,,,,23.4,holding
2026-09-21T17:44:33.972+09:00,TEST_0005_LAN_L2,LAN_L2,SOFT_GRIP_ENTRY,,609.9757690429688,-305.0918884277344,359.8687438964844,89.99359130859375,-90.00008392333984,-0.009756017476320267,-3.7143,-1.5842,3.8682,0.3336,1.6679,0.6943,0.0,0.0,0.0,0.0,0.0,0.0,3.8676,3.7148,1.5846,0.3336,1.6679,0.6943,0.0,0.0,0.0,0.0,0.0,0.0,0.0,-0.0,,,23.4,holding
2026-09-21T17:44:34.028+09:00,TEST_0005_LAN_L2,LAN_L2,SOFT_GRIP_ENTRY,,609.9769287109375,-305.09185791015625,359.8656311035156,89.99359130859375,-90.00007629394531,-0.010200112126767635,-3.8634,-1.7257,3.7857,0.2793,1.6288,0.7737,-0.1491,-0.1416,-0.0826,-0.0542,-0.039,0.0794,3.785,3.8639,1.7262,0.2793,1.6288,0.7737,-0.0827,0.1491,0.1416,-0.0542,-0.039,0.0794,0.1416,-0.0001,,,23.4,holding
2026-09-21T17:44:34.083+09:00,TEST_0005_LAN_L2,LAN_L2,SOFT_GRIP_ENTRY,,609.9891357421875,-305.11810302734375,359.8569030761719,89.99541473388672,-90.00122833251953,-0.010545792058110237,-3.8634,-1.7257,3.7857,0.2793,1.6288,0.7737,-0.1491,-0.1416,-0.0826,-0.0542,-0.039,0.0794,3.785,3.8639,1.7262,0.2793,1.6288,0.7737,-0.0827,0.1491,0.1416,-0.0542,-0.039,0.0794,0.1416,0.0262,,,23.4,holding
2026-09-21T17:44:34.140+09:00,TEST_0005_LAN_L2,LAN_L2,SOFT_GRIP_ENTRY,,610.0254516601562,-305.2693786621094,359.8380432128906,90.0007095336914,-90.00450134277344,-0.010641524568200111,-3.9719,-1.0101,3.6788,0.2166,1.5762,0.7474,-0.2575,0.5741,-0.1894,-0.117,-0.0917,0.053,3.6782,3.9725,1.0098,0.2166,1.5762,0.7474,-0.1895,0.2577,-0.5748,-0.117,-0.0917,0.053,0.5741,0.1775,,,23.4,holding
2026-09-21T17:44:34.195+09:00,TEST_0005_LAN_L2,LAN_L2,SOFT_GRIP_ENTRY,,610.0696411132812,-305.56463623046875,359.85137939453125,90.0064926147461,-90.00189971923828,-0.010580738075077534,-3.9719,-1.0101,3.6788,0.2166,1.5762,0.7474,-0.2575,0.5741,-0.1894,-0.117,-0.0917,0.053,3.6782,3.9725,1.0098,0.2166,1.5762,0.7474,-0.1895,0.2577,-0.5748,-0.117,-0.0917,0.053,0.5741,0.4727,,,23.4,holding
2026-09-21T17:44:34.251+09:00,TEST_0005_LAN_L2,LAN_L2,SOFT_GRIP_ENTRY,,610.0889282226562,-306.0165100097656,359.8546447753906,90.00728607177734,-90.00020599365234,-0.01133513730019331,-4.0029,-0.4607,3.5672,0.2398,1.5354,0.684,-0.2886,1.1235,-0.301,-0.0938,-0.1325,-0.0103,3.5665,4.0036,0.4601,0.2398,1.5354,0.684,-0.3011,0.2888,-1.1245,-0.0938,-0.1325,-0.0103,1.1235,0.9246,,,23.4,holding
2026-09-21T17:44:34.308+09:00,TEST_0005_LAN_L2,LAN_L2,SOFT_GRIP_ENTRY,,610.0963134765625,-306.5904541015625,359.8150939941406,90.00679779052734,-89.99989318847656,-0.01761547476053238,-4.0029,-0.4607,3.5672,0.2398,1.5354,0.684,-0.2886,1.1235,-0.301,-0.0938,-0.1325,-0.0103,3.5665,4.0036,0.4601,0.2398,1.5354,0.684,-0.3011,0.2888,-1.1245,-0.0938,-0.1325,-0.0103,1.1235,1.4985,,,23.4,holding
2026-09-21T17:44:34.363+09:00,TEST_0005_LAN_L2,LAN_L2,SOFT_GRIP_ENTRY,,610.0762939453125,-307.1761474609375,359.7583923339844,90.0028076171875,-89.99884796142578,-0.027500208467245102,-3.8454,-0.5048,3.6355,0.3019,1.5244,0.6101,-0.1311,1.0794,-0.2328,-0.0317,-0.1434,-0.0842,3.6341,3.8468,0.5044,0.3019,1.5244,0.6101,-0.2335,0.132,-1.0802,-0.0317,-0.1434,-0.0842,1.0794,2.0842,,,23.4,holding
2026-09-21T17:44:34.418+09:00,TEST_0005_LAN_L2,LAN_L2,SOFT_GRIP_ENTRY,,610.0731201171875,-307.73126220703125,359.7128601074219,90.00126647949219,-89.99822998046875,-0.03499126434326172,-3.8454,-0.5048,3.6355,0.3019,1.5244,0.6101,-0.1311,1.0794,-0.2328,-0.0317,-0.1434,-0.0842,3.6341,3.8468,0.5044,0.3019,1.5244,0.6101,-0.2335,0.132,-1.0802,-0.0317,-0.1434,-0.0842,1.0794,2.6393,,,23.4,holding
2026-09-21T17:44:34.474+09:00,TEST_0005_LAN_L2,LAN_L2,SOFT_GRIP_ENTRY,,610.0751342773438,-308.2873229980469,359.6820373535156,90.00016784667969,-89.99797058105469,-0.03963680937886238,-3.7741,-0.7032,3.4537,0.2776,1.5405,0.5849,-0.0598,0.881,-0.4146,-0.056,-0.1274,-0.1094,3.4513,3.7763,0.7032,0.2776,1.5405,0.5849,-0.4163,0.0615,-0.8814,-0.056,-0.1274,-0.1094,0.881,3.1954,,,23.4,holding
2026-09-21T17:44:34.530+09:00,TEST_0005_LAN_L2,LAN_L2,SOFT_GRIP_ENTRY,,610.0693969726562,-308.8591003417969,359.67156982421875,89.99708557128906,-89.99735260009766,-0.040006157010793686,-3.6512,-0.6109,3.5243,0.2986,1.6003,0.5434,0.0632,0.9733,-0.3439,-0.035,-0.0676,-0.151,3.5217,3.6536,0.6112,0.2986,1.6003,0.5434,-0.3459,-0.0612,-0.9734,-0.035,-0.0676,-0.151,0.9733,3.7672,,,23.4,holding
2026-09-21T17:44:34.584+09:00,TEST_0005_LAN_L2,LAN_L2,SOFT_GRIP_ENTRY,,610.0725708007812,-309.35430908203125,359.6363525390625,89.9972152709961,-89.99726104736328,-0.04177119955420494,-3.6512,-0.6109,3.5243,0.2986,1.6003,0.5434,0.0632,0.9733,-0.3439,-0.035,-0.0676,-0.151,3.5217,3.6536,0.6112,0.2986,1.6003,0.5434,-0.3459,-0.0612,-0.9734,-0.035,-0.0676,-0.151,0.9733,4.2624,,,23.4,holding
2026-09-21T17:44:35.640+09:00,TEST_0005_LAN_L2,LAN_L2,SOFT_GRIP_ENTRY,SOFT_GRIP_STABILIZATION_END,609.9547729492188,-310.1339416503906,359.8267517089844,89.99017333984375,-89.9996566772461,-0.012998528778553009,-2.9915,-2.0522,3.234,0.0736,1.4961,0.7167,0.0,0.0,0.0,0.0,0.0,0.0,3.2333,2.9919,2.0527,0.0736,1.4961,0.7167,0.0,0.0,0.0,0.0,0.0,0.0,,,,,23.4,holding
2026-09-21T17:44:35.787+09:00,TEST_0005_LAN_L2,LAN_L2,HARD_GRIP,HARD_GRIP_COMMAND,609.9517211914062,-310.1319274902344,359.83447265625,89.99018859863281,-89.99977111816406,-0.012508101761341095,-3.0185,-2.0421,3.1648,0.0571,1.4631,0.7287,0.0,0.0,0.0,0.0,0.0,0.0,3.1641,3.0188,2.0427,0.0571,1.4631,0.7287,0.0,0.0,0.0,0.0,0.0,0.0,,,,,23.4,holding
2026-09-21T17:44:36.790+09:00,TEST_0005_LAN_L2,LAN_L2,HARD_GRIP,HARD_GRIP_STABILIZATION_END,609.9555053710938,-310.1130676269531,359.8443298339844,89.99156188964844,-90.00015258789062,-0.013513565063476562,-2.6506,-2.4455,1.8297,0.0208,1.3607,0.5149,0.0,0.0,0.0,0.0,0.0,0.0,1.8291,2.6507,2.4459,0.0208,1.3607,0.5149,0.0,0.0,0.0,0.0,0.0,0.0,,,,,18.8,moving
2026-09-21T17:44:36.826+09:00,TEST_0005_LAN_L2,LAN_L2,PULL_TEST,,609.9551391601562,-310.1130676269531,359.8453674316406,89.99156188964844,-90.00015258789062,-0.013414899818599224,-2.6258,-2.7015,1.7875,0.0142,1.359,0.5019,0.0248,-0.256,-0.0422,-0.0066,-0.0017,-0.013,1.7869,2.6259,2.7019,0.0142,1.359,0.5019,-0.0422,-0.0249,0.256,-0.0066,-0.0017,-0.013,,,0.256,0.0,18.8,moving
2026-09-21T17:44:36.882+09:00,TEST_0005_LAN_L2,LAN_L2,PULL_TEST,,609.9567260742188,-310.10992431640625,359.8453674316406,89.99185943603516,-90.00015258789062,-0.01356272492557764,-2.6258,-2.7015,1.7875,0.0142,1.359,0.5019,0.0248,-0.256,-0.0422,-0.0066,-0.0017,-0.013,1.7869,2.6259,2.7019,0.0142,1.359,0.5019,-0.0422,-0.0249,0.256,-0.0066,-0.0017,-0.013,,,0.256,0.0031,18.8,moving
2026-09-21T17:44:36.939+09:00,TEST_0005_LAN_L2,LAN_L2,PULL_TEST,,609.9479370117188,-310.0574035644531,359.8540954589844,89.99061584472656,-89.9986343383789,-0.013564870692789555,-2.6325,-3.2909,1.7433,0.0134,1.3569,0.5388,0.0181,-0.8454,-0.0864,-0.0074,-0.0038,0.024,1.7426,2.6324,3.2913,0.0134,1.3569,0.5388,-0.0864,-0.0183,0.8454,-0.0074,-0.0038,0.024,,,0.8454,0.0557,18.8,moving
2026-09-21T17:44:36.994+09:00,TEST_0005_LAN_L2,LAN_L2,PULL_TEST,,609.9130249023438,-309.92291259765625,359.8661193847656,89.98522186279297,-89.99667358398438,-0.013647194020450115,-2.6325,-3.2909,1.7433,0.0134,1.3569,0.5388,0.0181,-0.8454,-0.0864,-0.0074,-0.0038,0.024,1.7426,2.6324,3.2913,0.0134,1.3569,0.5388,-0.0864,-0.0183,0.8454,-0.0074,-0.0038,0.024,,,0.8454,0.1902,18.8,moving
2026-09-21T17:44:37.052+09:00,TEST_0005_LAN_L2,LAN_L2,PULL_TEST,,609.8487548828125,-309.6507873535156,359.8566589355469,89.9754867553711,-89.99848175048828,-0.014039113186299801,-2.5834,-6.0153,1.6467,0.0295,1.3559,0.87,0.0672,-3.5697,-0.183,0.0087,-0.0048,0.3552,1.6459,2.5818,6.0162,0.0295,1.3559,0.87,-0.1832,-0.0689,3.5703,0.0087,-0.0048,0.3552,,,3.5697,0.4623,18.8,moving
2026-09-21T17:44:37.107+09:00,TEST_0005_LAN_L2,LAN_L2,PULL_TEST,,609.8062744140625,-309.2052917480469,359.8543701171875,89.97042083740234,-89.99898529052734,-0.01460355520248413,-2.5834,-6.0153,1.6467,0.0295,1.3559,0.87,0.0672,-3.5697,-0.183,0.0087,-0.0048,0.3552,1.6459,2.5818,6.0162,0.0295,1.3559,0.87,-0.1832,-0.0689,3.5703,0.0087,-0.0048,0.3552,,,3.5697,0.9078,18.8,moving
2026-09-21T17:44:37.162+09:00,TEST_0005_LAN_L2,LAN_L2,PULL_TEST,,609.782958984375,-308.6883850097656,359.8460388183594,89.96917724609375,-90.00054931640625,-0.01566089317202568,-2.201,-9.9229,1.6382,0.0006,1.3534,1.1155,0.4497,-7.4774,-0.1915,-0.0203,-0.0073,0.6007,1.6375,2.1963,9.9241,0.0006,1.3534,1.1155,-0.1916,-0.4544,7.4782,-0.0203,-0.0073,0.6007,,,7.4774,1.4247,18.8,moving
2026-09-21T17:44:37.218+09:00,TEST_0005_LAN_L2,LAN_L2,PULL_TEST,,609.7605590820312,-308.11474609375,359.843994140625,89.96843719482422,-90.00127410888672,-0.01709759794175625,-2.201,-9.9229,1.6382,0.0006,1.3534,1.1155,0.4497,-7.4774,-0.1915,-0.0203,-0.0073,0.6007,1.6375,2.1963,9.9241,0.0006,1.3534,1.1155,-0.1916,-0.4544,7.4782,-0.0203,-0.0073,0.6007,,,7.4774,1.9983,18.8,moving
2026-09-21T17:44:37.275+09:00,TEST_0005_LAN_L2,LAN_L2,PULL_TEST,,609.739013671875,-307.5726318359375,359.8414001464844,89.96759796142578,-90.00215911865234,-0.019284643232822418,-2.4972,-14.0499,0.912,-0.014,1.3343,1.331,0.1535,-11.6044,-0.9176,-0.0348,-0.0265,0.8162,0.9116,2.4895,14.0513,-0.014,1.3343,1.331,-0.9174,-0.1612,11.6054,-0.0348,-0.0265,0.8162,,,11.6044,2.5404,18.8,moving
2026-09-21T17:44:37.331+09:00,TEST_0005_LAN_L2,LAN_L2,PULL_TEST,,609.7210693359375,-306.98638916015625,359.8467102050781,89.96758270263672,-90.0023193359375,-0.02074919268488884,-3.0309,-17.2562,-0.1773,-0.0414,1.3105,1.5023,-0.3803,-14.8107,-2.007,-0.0622,-0.0502,0.9874,-0.1777,3.0212,17.2579,-0.0414,1.3105,1.5023,-2.0067,0.3704,14.812,-0.0622,-0.0502,0.9874,,,14.8107,3.1267,18.8,moving
2026-09-21T17:44:37.387+09:00,TEST_0005_LAN_L2,LAN_L2,PULL_TEST,,609.7205200195312,-306.3885192871094,359.8681945800781,89.9699478149414,-90.00228118896484,-0.020446911454200745,-3.0309,-17.2562,-0.1773,-0.0414,1.3105,1.5023,-0.3803,-14.8107,-2.007,-0.0622,-0.0502,0.9874,-0.1777,3.0212,17.2579,-0.0414,1.3105,1.5023,-2.0067,0.3704,14.812,-0.0622,-0.0502,0.9874,,,14.8107,3.7245,18.8,moving
2026-09-21T17:44:37.442+09:00,TEST_0005_LAN_L2,LAN_L2,PULL_TEST,,609.7540893554688,-305.7768249511719,359.91119384765625,89.977294921875,-90.00227355957031,-0.015966791659593582,-3.822,-18.9509,-0.9656,-0.1309,1.2807,1.7474,-1.1714,-16.5054,-2.7953,-0.1517,-0.0801,1.2325,-0.9661,3.8131,18.9527,-0.1309,1.2807,1.7474,-2.7951,1.1624,16.5068,-0.1517,-0.0801,1.2325,,,16.5054,4.3362,18.6,moving
2026-09-21T17:44:53.479+09:00,TEST_0005_LAN_L2,LAN_L2,RELEASE,RETURN_SOFT_GRIP_COMMAND,609.9714965820312,-305.5052795410156,359.86492919921875,89.99330139160156,-89.99998474121094,-0.010532348416745663,-3.6115,-0.7909,0.9605,-0.084,1.4014,1.335,0.0,0.0,0.0,0.0,0.0,0.0,0.9598,3.6116,0.7913,-0.084,1.4014,1.335,0.0,0.0,0.0,0.0,0.0,0.0,,,,,17.6,moving
2026-09-21T17:44:53.767+09:00,TEST_0005_LAN_L2,LAN_L2,RELEASE,RETURN_SOFT_GRIP_OPEN_REACHED,609.9647216796875,-305.5189514160156,359.8699951171875,89.99205780029297,-89.9998550415039,-0.009976018220186234,-4.6024,-3.6795,2.9534,-0.0218,1.3669,1.5949,0.0,0.0,0.0,0.0,0.0,0.0,2.9526,4.6024,3.6801,-0.0218,1.3669,1.5949,0.0,0.0,0.0,0.0,0.0,0.0,,,,,26.6,holding
2026-09-21T17:45:00.840+09:00,TEST_0005_LAN_L5,LAN_L5,PREPARE_SOFT_GRIP,INITIAL_SOFT_GRIP_OPEN_COMMAND,602.3741455078125,-36.3176383972168,347.8023986816406,113.15289306640625,-136.43069458007812,-147.84152221679688,1.1602,-2.5291,3.2162,1.0645,-2.5593,1.0848,0.0,0.0,0.0,0.0,0.0,0.0,-3.5443,2.3138,-0.4131,1.0645,-2.5593,1.0848,0.0,0.0,0.0,0.0,0.0,0.0,,,,,27.7,holding
2026-09-21T17:45:00.879+09:00,TEST_0005_LAN_L5,LAN_L5,PREPARE_SOFT_GRIP,INITIAL_SOFT_GRIP_OPEN_REACHED,602.3741455078125,-36.318275451660156,347.8047180175781,113.15306854248047,-136.43052673339844,-147.84107971191406,1.1602,-2.5291,3.2162,1.0645,-2.5593,1.0848,0.0,0.0,0.0,0.0,0.0,0.0,-3.5443,2.3138,-0.4131,1.0645,-2.5593,1.0848,0.0,0.0,0.0,0.0,0.0,0.0,,,,,27.2,moving
2026-09-21T17:45:08.238+09:00,TEST_0005_LAN_L5,LAN_L5,SOFT_GRIP_ENTRY,SOFT_GRIP_COMMAND,564.9102172851562,-300.0999755859375,359.9904479980469,89.98885345458984,-89.99276733398438,-0.0011464741546660662,-2.2848,-2.0109,3.8345,0.2117,1.6229,0.5253,0.0,0.0,0.0,0.0,0.0,0.0,3.8342,2.2845,2.0118,0.2117,1.6229,0.5253,0.0,0.0,0.0,0.0,0.0,0.0,,,,,23.4,holding
2026-09-21T17:45:08.241+09:00,TEST_0005_LAN_L5,LAN_L5,SOFT_GRIP_ENTRY,ENTRY_MOTION_START_WIDTH_REACHED,564.9099731445312,-300.0999755859375,359.9896545410156,89.98880004882812,-89.99290466308594,-0.0011519400868564844,-2.2848,-2.0109,3.8345,0.2117,1.6229,0.5253,0.0,0.0,0.0,0.0,0.0,0.0,3.8342,2.2845,2.0118,0.2117,1.6229,0.5253,0.0,0.0,0.0,0.0,0.0,0.0,,,,,23.4,holding
2026-09-21T17:45:08.272+09:00,TEST_0005_LAN_L5,LAN_L5,SOFT_GRIP_ENTRY,,564.9088745117188,-300.0999755859375,359.9891357421875,89.98861694335938,-89.99299621582031,-0.0013054286828264594,-2.2848,-2.0109,3.8345,0.2117,1.6229,0.5253,0.0,0.0,0.0,0.0,0.0,0.0,3.8342,2.2845,2.0118,0.2117,1.6229,0.5253,0.0,0.0,0.0,0.0,0.0,0.0,0.0,0.0,,,23.4,holding
2026-09-21T17:45:08.327+09:00,TEST_0005_LAN_L5,LAN_L5,SOFT_GRIP_ENTRY,,564.9083251953125,-300.0999755859375,359.987548828125,89.98851776123047,-89.99327087402344,-0.0014644676120951772,-2.2076,-2.0672,3.7878,0.1724,1.5769,0.5417,0.0772,-0.0563,-0.0467,-0.0392,-0.046,0.0164,3.7875,2.2073,2.0681,0.1724,1.5769,0.5417,-0.0467,-0.0772,0.0563,-0.0392,-0.046,0.0164,0.0563,0.0,,,23.4,holding
2026-09-21T17:45:08.383+09:00,TEST_0005_LAN_L5,LAN_L5,SOFT_GRIP_ENTRY,,564.9193725585938,-300.12042236328125,359.9807434082031,89.99026489257812,-89.99446105957031,-0.0016075668390840292,-2.2076,-2.0672,3.7878,0.1724,1.5769,0.5417,0.0772,-0.0563,-0.0467,-0.0392,-0.046,0.0164,3.7875,2.2073,2.0681,0.1724,1.5769,0.5417,-0.0467,-0.0772,0.0563,-0.0392,-0.046,0.0164,0.0563,0.0204,,,23.4,holding
2026-09-21T17:45:08.438+09:00,TEST_0005_LAN_L5,LAN_L5,SOFT_GRIP_ENTRY,,564.9598388671875,-300.25958251953125,359.9576110839844,89.99607849121094,-89.99848175048828,-0.001652904786169529,-2.2782,-1.2027,3.6616,0.1142,1.5196,0.4782,0.0066,0.8083,-0.1729,-0.0975,-0.1033,-0.0471,3.6615,2.2782,1.203,0.1142,1.5196,0.4782,-0.1727,-0.0063,-0.8089,-0.0975,-0.1033,-0.0471,0.8083,0.1596,,,23.4,holding
2026-09-21T17:45:08.493+09:00,TEST_0005_LAN_L5,LAN_L5,SOFT_GRIP_ENTRY,,564.9832763671875,-300.5962829589844,359.9743957519531,89.99726867675781,-89.99568939208984,-0.001034467713907361,-2.2782,-1.2027,3.6616,0.1142,1.5196,0.4782,0.0066,0.8083,-0.1729,-0.0975,-0.1033,-0.0471,3.6615,2.2782,1.203,0.1142,1.5196,0.4782,-0.1727,-0.0063,-0.8089,-0.0975,-0.1033,-0.0471,0.8083,0.4963,,,23.4,holding
2026-09-21T17:45:08.549+09:00,TEST_0005_LAN_L5,LAN_L5,SOFT_GRIP_ENTRY,,565.0132446289062,-301.06341552734375,359.97540283203125,89.99849700927734,-89.99535369873047,-0.0007187277660705149,-2.437,-0.4449,3.5555,0.1569,1.4744,0.4271,-0.1522,1.566,-0.279,-0.0548,-0.1485,-0.0982,3.5554,2.437,0.4453,0.1569,1.4744,0.4271,-0.2788,0.1525,-1.5665,-0.0548,-0.1485,-0.0982,1.566,0.9634,,,23.4,holding
2026-09-21T17:45:08.605+09:00,TEST_0005_LAN_L5,LAN_L5,SOFT_GRIP_ENTRY,,565.0283203125,-301.6104431152344,359.9707946777344,89.99696350097656,-89.9954605102539,-0.0008543548174202442,-2.437,-0.4449,3.5555,0.1569,1.4744,0.4271,-0.1522,1.566,-0.279,-0.0548,-0.1485,-0.0982,3.5554,2.437,0.4453,0.1569,1.4744,0.4271,-0.2788,0.1525,-1.5665,-0.0548,-0.1485,-0.0982,1.566,1.5105,,,23.4,holding
2026-09-21T17:45:08.660+09:00,TEST_0005_LAN_L5,LAN_L5,SOFT_GRIP_ENTRY,,565.04248046875,-302.1636962890625,359.93145751953125,89.99716186523438,-89.99635314941406,-0.005833333358168602,-2.3362,-0.5621,3.5785,0.2126,1.4598,0.3594,-0.0514,1.4488,-0.256,0.0009,-0.1631,-0.1659,3.5784,2.3362,0.5626,0.2126,1.4598,0.3594,-0.2558,0.0517,-1.4493,0.0009,-0.1631,-0.1659,1.4488,2.0637,,,23.4,holding
2026-09-21T17:45:08.715+09:00,TEST_0005_LAN_L5,LAN_L5,SOFT_GRIP_ENTRY,,565.0355834960938,-302.739501953125,359.8856506347656,89.99455261230469,-89.99605560302734,-0.013215908780694008,-2.3362,-0.5621,3.5785,0.2126,1.4598,0.3594,-0.0514,1.4488,-0.256,0.0009,-0.1631,-0.1659,3.5784,2.3362,0.5626,0.2126,1.4598,0.3594,-0.2558,0.0517,-1.4493,0.0009,-0.1631,-0.1659,1.4488,2.6395,,,23.4,holding
2026-09-21T17:45:08.771+09:00,TEST_0005_LAN_L5,LAN_L5,SOFT_GRIP_ENTRY,,565.02490234375,-303.32794189453125,359.8539123535156,89.99119567871094,-89.9942626953125,-0.019479900598526,-2.1518,-0.7393,3.6684,0.2663,1.4737,0.3017,0.133,1.2716,-0.1661,0.0546,-0.1492,-0.2235,3.6679,2.1526,0.7398,0.2663,1.4737,0.3017,-0.1663,-0.1319,-1.2721,0.0546,-0.1492,-0.2235,1.2716,3.228,,,23.4,holding
2026-09-21T17:45:08.827+09:00,TEST_0005_LAN_L5,LAN_L5,SOFT_GRIP_ENTRY,,565.0425415039062,-303.8648376464844,359.8164367675781,89.99361419677734,-89.99360656738281,-0.025850823149085045,-2.0038,-0.7262,3.5241,0.3055,1.5267,0.2527,0.2809,1.2847,-0.3104,0.0938,-0.0962,-0.2726,3.5231,2.0053,0.7268,0.3055,1.5267,0.2527,-0.3111,-0.2791,-1.285,0.0938,-0.0962,-0.2726,1.2847,3.7649,,,23.4,holding
2026-09-21T17:45:08.883+09:00,TEST_0005_LAN_L5,LAN_L5,SOFT_GRIP_ENTRY,,565.0390625,-304.4065856933594,359.7895812988281,89.99241638183594,-89.9925308227539,-0.03011740930378437,-2.0038,-0.7262,3.5241,0.3055,1.5267,0.2527,0.2809,1.2847,-0.3104,0.0938,-0.0962,-0.2726,3.5231,2.0053,0.7268,0.3055,1.5267,0.2527,-0.3111,-0.2791,-1.285,0.0938,-0.0962,-0.2726,1.2847,4.3066,,,23.4,holding
2026-09-21T17:45:08.938+09:00,TEST_0005_LAN_L5,LAN_L5,SOFT_GRIP_ENTRY,,565.0389404296875,-304.9495544433594,359.75323486328125,89.99320220947266,-89.99263763427734,-0.032904163002967834,-1.8052,-0.0664,3.3937,0.3557,1.5971,0.1747,0.4796,1.9445,-0.4408,0.144,-0.0258,-0.3506,3.3927,1.8072,0.0671,0.3557,1.5971,0.1747,-0.4415,-0.4773,-1.9447,0.144,-0.0258,-0.3506,1.9445,4.8496,,,23.4,holding
2026-09-21T17:45:08.994+09:00,TEST_0005_LAN_L5,LAN_L5,SOFT_GRIP_ENTRY,,565.0283813476562,-305.42437744140625,359.7231750488281,89.9929428100586,-89.9921646118164,-0.03265637531876564,-1.8052,-0.0664,3.3937,0.3557,1.5971,0.1747,0.4796,1.9445,-0.4408,0.144,-0.0258,-0.3506,3.3927,1.8072,0.0671,0.3557,1.5971,0.1747,-0.4415,-0.4773,-1.9447,0.144,-0.0258,-0.3506,1.9445,5.3244,,,23.4,holding
2026-09-21T17:45:10.051+09:00,TEST_0005_LAN_L5,LAN_L5,SOFT_GRIP_ENTRY,SOFT_GRIP_STABILIZATION_END,564.834716796875,-306.1475830078125,359.9826965332031,89.98424530029297,-89.992431640625,-0.004576388280838728,-1.4095,-1.8644,2.4206,0.125,1.5098,0.5572,0.0,0.0,0.0,0.0,0.0,0.0,2.4203,1.4092,1.8651,0.125,1.5098,0.5572,0.0,0.0,0.0,0.0,0.0,0.0,,,,,23.4,holding
2026-09-21T17:45:10.189+09:00,TEST_0005_LAN_L5,LAN_L5,HARD_GRIP,HARD_GRIP_COMMAND,564.8357543945312,-306.1446533203125,359.98358154296875,89.9843521118164,-89.9925308227539,-0.0044916486367583275,-1.6082,-1.7013,2.2376,0.1097,1.4873,0.5738,0.0,0.0,0.0,0.0,0.0,0.0,2.2372,1.6079,1.702,0.1097,1.4873,0.5738,0.0,0.0,0.0,0.0,0.0,0.0,,,,,23.4,holding
2026-09-21T17:45:11.192+09:00,TEST_0005_LAN_L5,LAN_L5,HARD_GRIP,HARD_GRIP_STABILIZATION_END,564.8668212890625,-306.1064147949219,359.9877014160156,89.98814392089844,-89.99319458007812,-0.00399525323882699,-2.4956,-0.2121,-0.4047,0.1247,1.426,0.589,0.0,0.0,0.0,0.0,0.0,0.0,-0.4049,2.4955,0.2126,0.1247,1.426,0.589,0.0,0.0,0.0,0.0,0.0,0.0,,,,,19.6,moving
2026-09-21T17:45:11.226+09:00,TEST_0005_LAN_L5,LAN_L5,PULL_TEST,,564.8677978515625,-306.10638427734375,359.9905090332031,89.98814392089844,-89.99320983886719,-0.0036697881296277046,-2.5584,-0.1928,-0.403,0.1212,1.4224,0.6178,-0.0628,0.0193,0.0017,-0.0034,-0.0036,0.0288,-0.4032,2.5583,0.1933,0.1212,1.4224,0.6178,0.0018,0.0628,-0.0193,-0.0034,-0.0036,0.0288,,,0.0193,0.0,19.6,moving
2026-09-21T17:45:11.282+09:00,TEST_0005_LAN_L5,LAN_L5,PULL_TEST,,564.8707885742188,-306.1034240722656,359.99481201171875,89.98834991455078,-89.99303436279297,-0.003054040716961026,-2.5584,-0.1928,-0.403,0.1212,1.4224,0.6178,-0.0628,0.0193,0.0017,-0.0034,-0.0036,0.0288,-0.4032,2.5583,0.1933,0.1212,1.4224,0.6178,0.0018,0.0628,-0.0193,-0.0034,-0.0036,0.0288,,,0.0193,0.003,19.6,moving
2026-09-21T17:45:11.337+09:00,TEST_0005_LAN_L5,LAN_L5,PULL_TEST,,564.8687133789062,-306.0469055175781,360.012451171875,89.98787689208984,-89.99104309082031,-0.002119750715792179,-2.6024,-0.3998,-0.3697,0.1324,1.427,0.6652,-0.1068,-0.1877,0.035,0.0078,0.0009,0.0762,-0.3699,2.6023,0.4003,0.1324,1.427,0.6652,0.035,0.1068,0.1877,0.0078,0.0009,0.0762,,,0.1877,0.0595,19.6,moving
2026-09-21T17:45:11.392+09:00,TEST_0005_LAN_L5,LAN_L5,PULL_TEST,,564.84716796875,-305.8978576660156,360.03558349609375,89.98410034179688,-89.989013671875,-0.00016131243319250643,-2.6024,-0.3998,-0.3697,0.1324,1.427,0.6652,-0.1068,-0.1877,0.035,0.0078,0.0009,0.0762,-0.3699,2.6023,0.4003,0.1324,1.427,0.6652,0.035,0.1068,0.1877,0.0078,0.0009,0.0762,,,0.1877,0.2086,19.4,moving
2026-09-21T17:45:11.447+09:00,TEST_0005_LAN_L5,LAN_L5,PULL_TEST,,564.8093872070312,-305.62701416015625,360.0511474609375,89.97737884521484,-89.99078369140625,0.003651616396382451,-2.6098,-2.7202,-0.6449,0.1121,1.4291,0.9836,-0.1142,-2.5081,-0.2402,-0.0126,0.0031,0.3946,-0.6453,2.6089,2.721,0.1121,1.4291,0.9836,-0.2404,0.1134,2.5084,-0.0126,0.0031,0.3946,,,2.5081,0.4794,19.4,moving
2026-09-21T17:45:11.502+09:00,TEST_0005_LAN_L5,LAN_L5,PULL_TEST,,564.7811279296875,-305.2051696777344,360.07757568359375,89.97249603271484,-89.99114227294922,0.008197714574635029,-2.6098,-2.7202,-0.6449,0.1121,1.4291,0.9836,-0.1142,-2.5081,-0.2402,-0.0126,0.0031,0.3946,-0.6453,2.6089,2.721,0.1121,1.4291,0.9836,-0.2404,0.1134,2.5084,-0.0126,0.0031,0.3946,,,2.5081,0.9012,19.4,moving
2026-09-21T17:45:11.558+09:00,TEST_0005_LAN_L5,LAN_L5,PULL_TEST,,564.7572021484375,-304.69268798828125,360.08203125,89.96826171875,-89.9915771484375,0.00999100785702467,-2.4904,-6.9701,-1.1361,0.1101,1.4132,1.2747,0.0053,-6.758,-0.7314,-0.0146,-0.0129,0.6857,-1.1368,2.487,6.9712,0.1101,1.4132,1.2747,-0.7319,-0.0086,6.7586,-0.0146,-0.0129,0.6857,,,6.758,1.4137,19.3,moving
2026-09-21T17:45:11.613+09:00,TEST_0005_LAN_L5,LAN_L5,PULL_TEST,,564.7753295898438,-304.1380310058594,360.06646728515625,89.96990203857422,-89.99317932128906,0.010564233176410198,-2.4904,-6.9701,-1.1361,0.1101,1.4132,1.2747,0.0053,-6.758,-0.7314,-0.0146,-0.0129,0.6857,-1.1368,2.487,6.9712,0.1101,1.4132,1.2747,-0.7319,-0.0086,6.7586,-0.0146,-0.0129,0.6857,,,6.758,1.9684,19.3,moving
2026-09-21T17:45:11.668+09:00,TEST_0005_LAN_L5,LAN_L5,PULL_TEST,,564.7615966796875,-303.60565185546875,360.0625915527344,89.96573638916016,-89.99324798583984,0.010860936716198921,-2.3806,-11.5153,-1.7069,0.1164,1.3878,1.5944,0.115,-11.3032,-1.3022,-0.0082,-0.0382,1.0054,-1.7078,2.3747,11.5164,0.1164,1.3878,1.5944,-1.3029,-0.1209,11.3038,-0.0082,-0.0382,1.0054,,,11.3032,2.5008,19.1,moving
2026-09-21T17:45:11.723+09:00,TEST_0005_LAN_L5,LAN_L5,PULL_TEST,,564.7606201171875,-303.0762634277344,360.03509521484375,89.9644546508789,-89.99353790283203,0.007256867364048958,-2.3806,-11.5153,-1.7069,0.1164,1.3878,1.5944,0.115,-11.3032,-1.3022,-0.0082,-0.0382,1.0054,-2.1792,1.9655,15.8363,0.1258,1.3443,1.8119,-1.7743,-0.5301,15.6237,0.0011,-0.0818,1.2229,,,11.3032,3.0302,19.1,moving
2026-09-21T17:45:11.779+09:00,TEST_0005_LAN_L5,LAN_L5,PULL_TEST,,564.7557373046875,-302.5147399902344,360.009033203125,89.96283721923828,-89.99285888671875,0.0030736748594790697,-1.975,-15.8353,-2.1777,0.1258,1.3443,1.8119,0.5206,-15.6232,-1.773,0.0011,-0.0818,1.2229,-2.1792,1.9655,15.8363,0.1258,1.3443,1.8119,-1.7743,-0.5301,15.6237,0.0011,-0.0818,1.2229,,,15.6232,3.5917,18.9,moving
2026-09-21T17:45:25.979+09:00,TEST_0005_LAN_L5,LAN_L5,RELEASE,RETURN_SOFT_GRIP_COMMAND,564.9044189453125,-302.1395568847656,359.98834228515625,89.98884582519531,-89.99299621582031,-0.0017113578505814075,-3.6665,-1.6882,0.111,0.1648,1.4003,1.246,0.0,0.0,0.0,0.0,0.0,0.0,0.1107,3.6662,1.6889,0.1648,1.4003,1.246,0.0,0.0,0.0,0.0,0.0,0.0,,,,,18.1,holding
2026-09-21T17:45:27.107+09:00,TEST_0005_LAN_L5,LAN_L5,RELEASE,RETURN_SOFT_GRIP_OPEN_REACHED,564.904296875,-302.14056396484375,359.9934387207031,89.98893737792969,-89.99244689941406,-0.0014942629495635629,-3.0692,-4.3411,2.7472,0.092,1.3589,1.385,0.0,0.0,0.0,0.0,0.0,0.0,2.7466,3.0685,4.3421,0.092,1.3589,1.385,0.0,0.0,0.0,0.0,0.0,0.0,,,,,26.1,holding
2026-09-21T17:46:14.285+09:00,TEST_0006_LAN_L2,LAN_L2,PREPARE_SOFT_GRIP,INITIAL_SOFT_GRIP_OPEN_COMMAND,602.361328125,-36.41288757324219,347.7210998535156,113.13301086425781,-136.42881774902344,-147.84829711914062,0.7987,-2.1475,3.6825,0.726,-2.7892,1.3066,0.0,0.0,0.0,0.0,0.0,0.0,-3.6109,2.1407,-1.0906,0.726,-2.7892,1.3066,0.0,0.0,0.0,0.0,0.0,0.0,,,,,27.6,holding
2026-09-21T17:46:14.318+09:00,TEST_0006_LAN_L2,LAN_L2,PREPARE_SOFT_GRIP,INITIAL_SOFT_GRIP_OPEN_REACHED,602.361328125,-36.41288757324219,347.7210998535156,113.13301086425781,-136.42881774902344,-147.84829711914062,0.7987,-2.1475,3.6825,0.726,-2.7892,1.3066,0.0,0.0,0.0,0.0,0.0,0.0,-3.6109,2.1407,-1.0906,0.726,-2.7892,1.3066,0.0,0.0,0.0,0.0,0.0,0.0,,,,,27.4,moving
2026-09-21T17:46:21.448+09:00,TEST_0006_LAN_L2,LAN_L2,SOFT_GRIP_ENTRY,SOFT_GRIP_COMMAND,609.97802734375,-305.08355712890625,359.8634338378906,89.99452209472656,-90.0000991821289,-0.010298378765583038,-3.7194,-1.5218,4.0323,0.4095,1.7008,0.7004,0.0,0.0,0.0,0.0,0.0,0.0,4.0317,3.7199,1.5222,0.4095,1.7008,0.7004,0.0,0.0,0.0,0.0,0.0,0.0,,,,,23.3,holding
2026-09-21T17:46:21.450+09:00,TEST_0006_LAN_L2,LAN_L2,SOFT_GRIP_ENTRY,ENTRY_MOTION_START_WIDTH_REACHED,609.97802734375,-305.08355712890625,359.8634338378906,89.99452209472656,-90.0000991821289,-0.010298378765583038,-3.7194,-1.5218,4.0323,0.4095,1.7008,0.7004,0.0,0.0,0.0,0.0,0.0,0.0,4.0317,3.7199,1.5222,0.4095,1.7008,0.7004,0.0,0.0,0.0,0.0,0.0,0.0,,,,,23.3,holding
2026-09-21T17:46:21.481+09:00,TEST_0006_LAN_L2,LAN_L2,SOFT_GRIP_ENTRY,,609.978759765625,-305.0835266113281,359.8613586425781,89.99452209472656,-90.00009155273438,-0.010643696412444115,-3.7194,-1.5218,4.0323,0.4095,1.7008,0.7004,0.0,0.0,0.0,0.0,0.0,0.0,4.0317,3.7199,1.5222,0.4095,1.7008,0.7004,0.0,0.0,0.0,0.0,0.0,0.0,0.0,-0.0,,,23.3,holding
2026-09-21T17:46:21.536+09:00,TEST_0006_LAN_L2,LAN_L2,SOFT_GRIP_ENTRY,,609.978759765625,-305.08453369140625,359.85662841796875,89.99424743652344,-90.00018310546875,-0.01104242354631424,-3.8288,-1.7152,3.9052,0.335,1.6538,0.7743,-0.1094,-0.1933,-0.1271,-0.0745,-0.047,0.074,3.9045,3.8293,1.7155,0.335,1.6538,0.7743,-0.1272,0.1094,0.1934,-0.0745,-0.047,0.074,0.1933,0.001,,,23.3,holding
2026-09-21T17:46:21.592+09:00,TEST_0006_LAN_L2,LAN_L2,SOFT_GRIP_ENTRY,,609.9871826171875,-305.1139221191406,359.849365234375,89.99537658691406,-90.0010757446289,-0.011384125798940659,-3.8288,-1.7152,3.9052,0.335,1.6538,0.7743,-0.1094,-0.1933,-0.1271,-0.0745,-0.047,0.074,3.9045,3.8293,1.7155,0.335,1.6538,0.7743,-0.1272,0.1094,0.1934,-0.0745,-0.047,0.074,0.1933,0.0304,,,23.3,holding
2026-09-21T17:46:21.648+09:00,TEST_0006_LAN_L2,LAN_L2,SOFT_GRIP_ENTRY,,610.024169921875,-305.2725830078125,359.8303527832031,90.00077819824219,-90.00425720214844,-0.011590279638767242,-3.9315,-1.0835,3.8109,0.2794,1.6088,0.7476,-0.2121,0.4384,-0.2214,-0.1301,-0.092,0.0473,3.8101,3.9322,1.0833,0.2794,1.6088,0.7476,-0.2215,0.2123,-0.4389,-0.1301,-0.092,0.0473,0.4384,0.189,,,23.3,holding
2026-09-21T17:46:21.706+09:00,TEST_0006_LAN_L2,LAN_L2,SOFT_GRIP_ENTRY,,610.068115234375,-305.5772705078125,359.8441162109375,90.00642395019531,-90.00170135498047,-0.011407425627112389,-3.9315,-1.0835,3.8109,0.2794,1.6088,0.7476,-0.2121,0.4384,-0.2214,-0.1301,-0.092,0.0473,3.8101,3.9322,1.0833,0.2794,1.6088,0.7476,-0.2215,0.2123,-0.4389,-0.1301,-0.092,0.0473,0.4384,0.4937,,,23.3,holding
2026-09-21T17:46:21.762+09:00,TEST_0006_LAN_L2,LAN_L2,SOFT_GRIP_ENTRY,,610.085693359375,-306.04803466796875,359.8475036621094,90.00662231445312,-90.00018310546875,-0.01190194208174944,-3.9282,-0.4816,3.7155,0.2995,1.5635,0.6665,-0.2089,1.0403,-0.3168,-0.11,-0.1374,-0.0339,3.7147,3.929,0.481,0.2995,1.5635,0.6665,-0.317,0.2091,-1.0412,-0.11,-0.1374,-0.0339,1.0403,0.9645,,,23.3,holding
2026-09-21T17:46:21.819+09:00,TEST_0006_LAN_L2,LAN_L2,SOFT_GRIP_ENTRY,,610.09228515625,-306.61566162109375,359.8183288574219,90.00569152832031,-89.99978637695312,-0.016667185351252556,-3.9282,-0.4816,3.7155,0.2995,1.5635,0.6665,-0.2089,1.0403,-0.3168,-0.11,-0.1374,-0.0339,3.7147,3.929,0.481,0.2995,1.5635,0.6665,-0.317,0.2091,-1.0412,-0.11,-0.1374,-0.0339,1.0403,1.5321,,,23.3,holding
2026-09-21T17:46:21.875+09:00,TEST_0006_LAN_L2,LAN_L2,SOFT_GRIP_ENTRY,,610.07275390625,-307.22235107421875,359.7604675292969,90.00169372558594,-89.99880981445312,-0.026660289615392685,-3.7016,-0.4291,3.7675,0.3494,1.5437,0.5657,0.0178,1.0927,-0.2649,-0.0601,-0.1571,-0.1346,3.7663,3.7028,0.4288,0.3494,1.5437,0.5657,-0.2654,-0.0171,-1.0934,-0.0601,-0.1571,-0.1346,1.0927,2.1388,,,23.3,holding
2026-09-21T17:46:21.933+09:00,TEST_0006_LAN_L2,LAN_L2,SOFT_GRIP_ENTRY,,610.0723266601562,-307.7922058105469,359.7096862792969,90.00093078613281,-89.99813842773438,-0.0351056270301342,-3.496,-0.694,3.6481,0.3451,1.5592,0.4974,0.2234,0.8278,-0.3842,-0.0644,-0.1416,-0.203,3.646,3.4982,0.6941,0.3451,1.5592,0.4974,-0.3857,-0.2217,-0.8281,-0.0644,-0.1416,-0.203,0.8278,2.7086,,,23.3,holding
2026-09-21T17:46:21.990+09:00,TEST_0006_LAN_L2,LAN_L2,SOFT_GRIP_ENTRY,,610.07568359375,-308.3630065917969,359.67340087890625,90.0000991821289,-89.99800872802734,-0.040436774492263794,-3.496,-0.694,3.6481,0.3451,1.5592,0.4974,0.2234,0.8278,-0.3842,-0.0644,-0.1416,-0.203,3.646,3.4982,0.6941,0.3451,1.5592,0.4974,-0.3857,-0.2217,-0.8281,-0.0644,-0.1416,-0.203,0.8278,3.2794,,,23.3,holding
2026-09-21T17:46:22.047+09:00,TEST_0006_LAN_L2,LAN_L2,SOFT_GRIP_ENTRY,,610.0673828125,-308.92962646484375,359.6473388671875,89.99736785888672,-89.9972915649414,-0.043560344725847244,-3.2431,-0.6793,3.7969,0.4004,1.6185,0.4139,0.4762,0.8425,-0.2354,-0.0091,-0.0824,-0.2865,3.7944,3.246,0.6796,0.4004,1.6185,0.4139,-0.2373,-0.474,-0.8426,-0.0091,-0.0824,-0.2865,0.8425,3.8461,,,23.3,holding
2026-09-21T17:46:22.103+09:00,TEST_0006_LAN_L2,LAN_L2,SOFT_GRIP_ENTRY,,610.07177734375,-309.428955078125,359.6212463378906,89.99724578857422,-89.99727630615234,-0.04319560155272484,-3.2431,-0.6793,3.7969,0.4004,1.6185,0.4139,0.4762,0.8425,-0.2354,-0.0091,-0.0824,-0.2865,3.7944,3.246,0.6796,0.4004,1.6185,0.4139,-0.2373,-0.474,-0.8426,-0.0091,-0.0824,-0.2865,0.8425,4.3454,,,23.3,holding
2026-09-21T17:46:23.161+09:00,TEST_0006_LAN_L2,LAN_L2,SOFT_GRIP_ENTRY,SOFT_GRIP_STABILIZATION_END,609.960693359375,-310.12030029296875,359.8280334472656,89.99141693115234,-89.99980163574219,-0.01235953439027071,-2.9698,-2.1225,3.321,0.1178,1.5233,0.7386,0.0,0.0,0.0,0.0,0.0,0.0,3.3203,2.9702,2.1229,0.1178,1.5233,0.7386,0.0,0.0,0.0,0.0,0.0,0.0,,,,,23.3,holding
2026-09-21T17:46:23.264+09:00,TEST_0006_LAN_L2,LAN_L2,HARD_GRIP,HARD_GRIP_COMMAND,609.95751953125,-310.11932373046875,359.834716796875,89.99134063720703,-89.99991607666016,-0.011819746345281601,-2.9605,-2.0947,3.2337,0.0929,1.4892,0.7429,0.0,0.0,0.0,0.0,0.0,0.0,3.2331,2.9608,2.0952,0.0929,1.4892,0.7429,0.0,0.0,0.0,0.0,0.0,0.0,,,,,23.3,holding
2026-09-21T17:46:24.268+09:00,TEST_0006_LAN_L2,LAN_L2,HARD_GRIP,HARD_GRIP_STABILIZATION_END,609.9633178710938,-310.10150146484375,359.8359069824219,89.99275207519531,-90.00031280517578,-0.013920406810939312,-3.203,-0.8902,-1.0131,0.0385,1.4139,0.5837,0.0,0.0,0.0,0.0,0.0,0.0,-1.0139,3.2026,0.8907,0.0385,1.4139,0.5837,0.0,0.0,0.0,0.0,0.0,0.0,,,,,18.8,moving
2026-09-21T17:46:24.305+09:00,TEST_0006_LAN_L2,LAN_L2,PULL_TEST,,609.964111328125,-310.1004333496094,359.83673095703125,89.99288940429688,-90.00017547607422,-0.01391757745295763,-3.203,-0.8902,-1.0131,0.0385,1.4139,0.5837,0.0,0.0,0.0,0.0,0.0,0.0,-1.0139,3.2026,0.8907,0.0385,1.4139,0.5837,0.0,0.0,0.0,0.0,0.0,0.0,,,0.0,0.0011,18.8,moving
2026-09-21T17:46:24.360+09:00,TEST_0006_LAN_L2,LAN_L2,PULL_TEST,,609.9664916992188,-310.0941467285156,359.83697509765625,89.99333953857422,-90.00012969970703,-0.014065406285226345,-3.2575,-1.0027,-1.0014,0.0344,1.4133,0.6013,-0.0545,-0.1125,0.0117,-0.0042,-0.0006,0.0176,-1.0022,3.2571,1.0031,0.0344,1.4133,0.6013,0.0117,0.0545,0.1125,-0.0042,-0.0006,0.0176,,,0.1125,0.0074,18.8,moving
2026-09-21T17:46:24.416+09:00,TEST_0006_LAN_L2,LAN_L2,PULL_TEST,,609.9571533203125,-310.04266357421875,359.845703125,89.99199676513672,-89.99861145019531,-0.014067565090954304,-3.2575,-1.0027,-1.0014,0.0344,1.4133,0.6013,-0.0545,-0.1125,0.0117,-0.0042,-0.0006,0.0176,-1.0022,3.2571,1.0031,0.0344,1.4133,0.6013,0.0117,0.0545,0.1125,-0.0042,-0.0006,0.0176,,,0.1125,0.0588,18.6,moving
2026-09-21T17:46:24.472+09:00,TEST_0006_LAN_L2,LAN_L2,PULL_TEST,,609.93115234375,-309.8924255371094,359.86376953125,89.98834991455078,-89.99565887451172,-0.014149335213005543,-3.2758,-1.6671,-0.9663,0.0684,1.4151,0.7577,-0.0728,-0.7769,0.0469,0.0299,0.0012,0.174,-0.9671,3.2753,1.6675,0.0684,1.4151,0.7577,0.0468,0.0727,0.7769,0.0299,0.0012,0.174,,,0.7769,0.2091,18.6,moving
2026-09-21T17:46:24.529+09:00,TEST_0006_LAN_L2,LAN_L2,PULL_TEST,,609.8665771484375,-309.6129150390625,359.8562316894531,89.97853088378906,-89.99694061279297,-0.014633363112807274,-3.0123,-4.0695,-1.2054,0.067,1.404,1.0382,0.1907,-3.1792,-0.1923,0.0285,-0.0099,0.4545,-1.2064,3.0105,4.0705,0.067,1.404,1.0382,-0.1925,-0.1921,3.1798,0.0285,-0.0099,0.4545,,,3.1792,0.4886,18.6,moving
2026-09-21T17:46:24.586+09:00,TEST_0006_LAN_L2,LAN_L2,PULL_TEST,,609.8171997070312,-309.1674499511719,359.8507080078125,89.97238159179688,-89.9980697631836,-0.01523500680923462,-3.0123,-4.0695,-1.2054,0.067,1.404,1.0382,0.1907,-3.1792,-0.1923,0.0285,-0.0099,0.4545,-1.2064,3.0105,4.0705,0.067,1.404,1.0382,-0.1925,-0.1921,3.1798,0.0285,-0.0099,0.4545,,,3.1792,0.9341,18.6,moving
2026-09-21T17:46:24.644+09:00,TEST_0006_LAN_L2,LAN_L2,PULL_TEST,,609.789794921875,-308.6358337402344,359.8420715332031,89.97054290771484,-89.99955749511719,-0.016568053513765335,-2.8036,-8.4356,-1.6949,0.0279,1.3861,1.2513,0.3994,-7.5454,-0.6817,-0.0107,-0.0278,0.6676,-1.6958,2.7989,8.437,0.0279,1.3861,1.2513,-0.6818,-0.4037,7.5463,-0.0107,-0.0278,0.6676,,,7.5454,1.4657,18.6,moving
2026-09-21T17:46:24.699+09:00,TEST_0006_LAN_L2,LAN_L2,PULL_TEST,,609.7599487304688,-308.0821838378906,359.8377380371094,89.96839141845703,-90.000244140625,-0.018484877422451973,-2.8036,-8.4356,-1.6949,0.0279,1.3861,1.2513,0.3994,-7.5454,-0.6817,-0.0107,-0.0278,0.6676,-1.6958,2.7989,8.437,0.0279,1.3861,1.2513,-0.6818,-0.4037,7.5463,-0.0107,-0.0278,0.6676,,,7.5454,2.0193,18.6,moving
2026-09-21T17:46:24.754+09:00,TEST_0006_LAN_L2,LAN_L2,PULL_TEST,,609.7221069335938,-307.57684326171875,359.8331604003906,89.96466827392578,-90.00128173828125,-0.020632343366742134,-2.8419,-13.5138,-2.2723,0.0024,1.3598,1.4669,0.3611,-12.6235,-1.2591,-0.0362,-0.0541,0.8832,-2.2731,2.8329,13.5155,0.0024,1.3598,1.4669,-1.2592,-0.3697,12.6248,-0.0362,-0.0541,0.8832,,,12.6235,2.5247,18.4,moving
2026-09-21T17:46:24.809+09:00,TEST_0006_LAN_L2,LAN_L2,PULL_TEST,,609.6978149414062,-307.0221252441406,359.8347473144531,89.96356201171875,-90.00131225585938,-0.022792557254433632,-2.8419,-13.5138,-2.2723,0.0024,1.3598,1.4669,0.3611,-12.6235,-1.2591,-0.0362,-0.0541,0.8832,-2.2731,2.8329,13.5155,0.0024,1.3598,1.4669,-1.2592,-0.3697,12.6248,-0.0362,-0.0541,0.8832,,,12.6235,3.0794,18.4,moving
2026-09-21T17:46:24.865+09:00,TEST_0006_LAN_L2,LAN_L2,PULL_TEST,,609.6886596679688,-306.4348449707031,359.8374938964844,89.96507263183594,-90.0018539428711,-0.02454647608101368,-3.2218,-17.7148,-2.7259,-0.0342,1.3278,1.6683,-0.0188,-16.8246,-1.7127,-0.0727,-0.0861,1.0846,-2.7268,3.2093,17.7169,-0.0342,1.3278,1.6683,-1.7128,0.0067,16.8263,-0.0727,-0.0861,1.0846,,,16.8246,3.6667,18.4,moving
2026-09-21T17:46:47.958+09:00,TEST_0006_LAN_L2,LAN_L2,RELEASE,RETURN_SOFT_GRIP_COMMAND,609.9752807617188,-306.02490234375,359.8578796386719,89.99431610107422,-90.00016021728516,-0.011059921234846115,-4.0488,-5.8238,0.7092,0.1867,1.4274,1.368,0.0,0.0,0.0,0.0,0.0,0.0,0.7084,4.0484,5.8242,0.1867,1.4274,1.368,0.0,0.0,0.0,0.0,0.0,0.0,,,,,17.7,moving
2026-09-21T17:46:48.824+09:00,TEST_0006_LAN_L2,LAN_L2,RELEASE,RETURN_SOFT_GRIP_OPEN_REACHED,609.9767456054688,-306.0238342285156,359.8636169433594,89.99456787109375,-89.99959564208984,-0.01070939376950264,-4.4727,-4.4442,2.7384,0.0401,1.3534,1.6408,0.0,0.0,0.0,0.0,0.0,0.0,2.7375,4.4728,4.4446,0.0401,1.3534,1.6408,0.0,0.0,0.0,0.0,0.0,0.0,,,,,25.9,holding
2026-09-21T17:46:55.839+09:00,TEST_0006_LAN_L5,LAN_L5,PREPARE_SOFT_GRIP,INITIAL_SOFT_GRIP_OPEN_COMMAND,602.3676147460938,-36.317752838134766,347.80126953125,113.15253448486328,-136.43118286132812,-147.84274291992188,1.1818,-2.5891,3.2618,1.0687,-2.6199,1.1424,0.0,0.0,0.0,0.0,0.0,0.0,-3.612,2.3519,-0.4023,1.0687,-2.6199,1.1424,0.0,0.0,0.0,0.0,0.0,0.0,,,,,27.6,holding
2026-09-21T17:46:55.880+09:00,TEST_0006_LAN_L5,LAN_L5,PREPARE_SOFT_GRIP,INITIAL_SOFT_GRIP_OPEN_REACHED,602.3673095703125,-36.318485260009766,347.8028259277344,113.152587890625,-136.4310302734375,-147.8424835205078,1.1818,-2.5891,3.2618,1.0687,-2.6199,1.1424,0.0,0.0,0.0,0.0,0.0,0.0,-3.612,2.3519,-0.4023,1.0687,-2.6199,1.1424,0.0,0.0,0.0,0.0,0.0,0.0,,,,,27.2,moving
2026-09-21T17:47:03.138+09:00,TEST_0006_LAN_L5,LAN_L5,SOFT_GRIP_ENTRY,SOFT_GRIP_COMMAND,564.9144897460938,-300.0960388183594,360.00006103515625,89.98943328857422,-89.99272918701172,0.0005158401909284294,-1.8654,-1.852,4.1042,0.356,1.6717,0.4054,0.0,0.0,0.0,0.0,0.0,0.0,4.104,1.865,1.8528,0.356,1.6717,0.4054,0.0,0.0,0.0,0.0,0.0,0.0,,,,,23.4,holding
2026-09-21T17:47:03.141+09:00,TEST_0006_LAN_L5,LAN_L5,SOFT_GRIP_ENTRY,ENTRY_MOTION_START_WIDTH_REACHED,564.9144897460938,-300.0960388183594,360.00006103515625,89.98943328857422,-89.99272918701172,0.0005158401909284294,-1.8654,-1.852,4.1042,0.356,1.6717,0.4054,0.0,0.0,0.0,0.0,0.0,0.0,4.104,1.865,1.8528,0.356,1.6717,0.4054,0.0,0.0,0.0,0.0,0.0,0.0,,,,,23.4,holding
2026-09-21T17:47:03.172+09:00,TEST_0006_LAN_L5,LAN_L5,SOFT_GRIP_ENTRY,,564.9144897460938,-300.0960388183594,360.00006103515625,89.98943328857422,-89.99272918701172,0.0005158401909284294,-1.8654,-1.852,4.1042,0.356,1.6717,0.4054,0.0,0.0,0.0,0.0,0.0,0.0,4.104,1.865,1.8528,0.356,1.6717,0.4054,0.0,0.0,0.0,0.0,0.0,0.0,0.0,0.0,,,23.4,holding
2026-09-21T17:47:03.228+09:00,TEST_0006_LAN_L5,LAN_L5,SOFT_GRIP_ENTRY,,564.913818359375,-300.0960388183594,359.99859619140625,89.98924255371094,-89.99281311035156,0.0004116903874091804,-1.9882,-1.9882,4.0441,0.2986,1.63,0.4821,-0.1228,-0.1362,-0.0601,-0.0573,-0.0417,0.0767,4.0439,1.9878,1.9891,0.2986,1.63,0.4821,-0.0601,0.1228,0.1362,-0.0573,-0.0417,0.0767,0.1362,0.0,,,23.4,holding
2026-09-21T17:47:03.283+09:00,TEST_0006_LAN_L5,LAN_L5,SOFT_GRIP_ENTRY,,564.9237060546875,-300.1271667480469,359.9892883300781,89.9906997680664,-89.99443054199219,0.00026309717213734984,-1.9882,-1.9882,4.0441,0.2986,1.63,0.4821,-0.1228,-0.1362,-0.0601,-0.0573,-0.0417,0.0767,4.0439,1.9878,1.9891,0.2986,1.63,0.4821,-0.0601,0.1228,0.1362,-0.0573,-0.0417,0.0767,0.1362,0.0311,,,23.4,holding
2026-09-21T17:47:03.338+09:00,TEST_0006_LAN_L5,LAN_L5,SOFT_GRIP_ENTRY,,564.9556884765625,-300.27996826171875,359.972900390625,89.99491119384766,-89.99728393554688,0.0002555089013185352,-2.1136,-1.1328,3.9661,0.2483,1.5885,0.4518,-0.2482,0.7191,-0.1381,-0.1077,-0.0833,0.0464,3.9661,2.1135,1.1332,0.2483,1.5885,0.4518,-0.1379,0.2484,-0.7196,-0.1077,-0.0833,0.0464,0.7191,0.1839,,,23.4,holding
2026-09-21T17:47:03.395+09:00,TEST_0006_LAN_L5,LAN_L5,SOFT_GRIP_ENTRY,,564.977783203125,-300.63128662109375,359.9876708984375,89.99584197998047,-89.99459838867188,0.000646966858766973,-2.1136,-1.1328,3.9661,0.2483,1.5885,0.4518,-0.2482,0.7191,-0.1381,-0.1077,-0.0833,0.0464,3.9661,2.1135,1.1332,0.2483,1.5885,0.4518,-0.1379,0.2484,-0.7196,-0.1077,-0.0833,0.0464,0.7191,0.5352,,,23.4,holding
2026-09-21T17:47:03.450+09:00,TEST_0006_LAN_L5,LAN_L5,SOFT_GRIP_ENTRY,,565.0082397460938,-301.0897216796875,359.9795227050781,89.99761962890625,-89.9947280883789,2.350990689592436e-05,-2.2831,-0.398,3.8094,0.2596,1.5488,0.4201,-0.4177,1.454,-0.2948,-0.0964,-0.1229,0.0148,3.8094,2.2831,0.3985,0.2596,1.5488,0.4201,-0.2946,0.4181,-1.4544,-0.0964,-0.1229,0.0148,1.454,0.9937,,,23.4,holding
2026-09-21T17:47:03.507+09:00,TEST_0006_LAN_L5,LAN_L5,SOFT_GRIP_ENTRY,,565.0128784179688,-301.6351318359375,359.9483337402344,89.99595642089844,-89.99470520019531,-0.0046152896247804165,-2.2831,-0.398,3.8094,0.2596,1.5488,0.4201,-0.4177,1.454,-0.2948,-0.0964,-0.1229,0.0148,3.8094,2.2831,0.3985,0.2596,1.5488,0.4201,-0.2946,0.4181,-1.4544,-0.0964,-0.1229,0.0148,1.454,1.5391,,,23.4,holding
2026-09-21T17:47:03.562+09:00,TEST_0006_LAN_L5,LAN_L5,SOFT_GRIP_ENTRY,,565.0275268554688,-302.1953125,359.89599609375,89.996826171875,-89.9957046508789,-0.011725774966180325,-2.0897,-0.5535,3.9085,0.3268,1.535,0.321,-0.2243,1.2985,-0.1958,-0.0292,-0.1368,-0.0843,3.9081,2.0902,0.554,0.3268,1.535,0.321,-0.1959,0.2252,-1.2989,-0.0292,-0.1368,-0.0843,1.2985,2.0993,,,23.4,holding
2026-09-21T17:47:03.618+09:00,TEST_0006_LAN_L5,LAN_L5,SOFT_GRIP_ENTRY,,565.0224609375,-302.7826843261719,359.8601379394531,89.9938735961914,-89.99529266357422,-0.01740892045199871,-2.0897,-0.5535,3.9085,0.3268,1.535,0.321,-0.2243,1.2985,-0.1958,-0.0292,-0.1368,-0.0843,3.9081,2.0902,0.554,0.3268,1.535,0.321,-0.1959,0.2252,-1.2989,-0.0292,-0.1368,-0.0843,1.2985,2.6866,,,23.4,holding
2026-09-21T17:47:03.673+09:00,TEST_0006_LAN_L5,LAN_L5,SOFT_GRIP_ENTRY,,565.0180053710938,-303.35638427734375,359.8390197753906,89.9911117553711,-89.99340057373047,-0.022170457988977432,-1.9495,-0.8454,3.906,0.3553,1.5443,0.2794,-0.0841,1.0065,-0.1982,-0.0006,-0.1274,-0.126,3.9053,1.9507,0.846,0.3553,1.5443,0.2794,-0.1987,0.0856,-1.0069,-0.0006,-0.1274,-0.126,1.0065,3.2603,,,23.4,holding
2026-09-21T17:47:03.728+09:00,TEST_0006_LAN_L5,LAN_L5,SOFT_GRIP_ENTRY,,565.0322875976562,-303.8991394042969,359.7990417480469,89.99288940429688,-89.99288177490234,-0.028320487588644028,-1.8053,-1.0402,3.984,0.4025,1.5871,0.2376,0.0601,0.8118,-0.1202,0.0465,-0.0846,-0.1678,3.983,1.8072,1.0409,0.4025,1.5871,0.2376,-0.121,-0.0579,-0.812,0.0465,-0.0846,-0.1678,0.8118,3.8031,,,23.4,holding
2026-09-21T17:47:03.784+09:00,TEST_0006_LAN_L5,LAN_L5,SOFT_GRIP_ENTRY,,565.03076171875,-304.43798828125,359.7663879394531,89.9922103881836,-89.99202728271484,-0.03224721550941467,-1.8053,-1.0402,3.984,0.4025,1.5871,0.2376,0.0601,0.8118,-0.1202,0.0465,-0.0846,-0.1678,3.983,1.8072,1.0409,0.4025,1.5871,0.2376,-0.121,-0.0579,-0.812,0.0465,-0.0846,-0.1678,0.8118,4.3419,,,23.4,holding
2026-09-21T17:47:03.839+09:00,TEST_0006_LAN_L5,LAN_L5,SOFT_GRIP_ENTRY,,565.0275268554688,-304.9779357910156,359.7329406738281,89.99208068847656,-89.9920425415039,-0.033198531717061996,-1.6306,-0.6315,3.8882,0.405,1.6326,0.1949,0.2348,1.2205,-0.216,0.0491,-0.0391,-0.2104,3.8872,1.6328,0.6323,0.405,1.6326,0.1949,-0.2168,-0.2322,-1.2206,0.0491,-0.0391,-0.2104,1.2205,4.8819,,,23.4,holding
2026-09-21T17:47:03.894+09:00,TEST_0006_LAN_L5,LAN_L5,SOFT_GRIP_ENTRY,,565.0189208984375,-305.4420471191406,359.70477294921875,89.99211120605469,-89.99161529541016,-0.033492863178253174,-1.6306,-0.6315,3.8882,0.405,1.6326,0.1949,0.2348,1.2205,-0.216,0.0491,-0.0391,-0.2104,3.8872,1.6328,0.6323,0.405,1.6326,0.1949,-0.2168,-0.2322,-1.2206,0.0491,-0.0391,-0.2104,1.2205,5.346,,,23.4,holding
2026-09-21T17:47:04.950+09:00,TEST_0006_LAN_L5,LAN_L5,SOFT_GRIP_ENTRY,SOFT_GRIP_STABILIZATION_END,564.846435546875,-306.13580322265625,359.9727783203125,89.98567199707031,-89.9921646118164,-0.0048837559297680855,-1.704,-2.1313,2.61,0.1119,1.487,0.6534,0.0,0.0,0.0,0.0,0.0,0.0,2.6096,1.7037,2.1321,0.1119,1.487,0.6534,0.0,0.0,0.0,0.0,0.0,0.0,,,,,23.4,holding
2026-09-21T17:47:05.045+09:00,TEST_0006_LAN_L5,LAN_L5,HARD_GRIP,HARD_GRIP_COMMAND,564.846923828125,-306.13482666015625,359.9726867675781,89.9857177734375,-89.9923095703125,-0.004917393438518047,-1.7601,-2.1853,2.545,0.0836,1.4606,0.6685,0.0,0.0,0.0,0.0,0.0,0.0,2.5445,1.7598,2.1861,0.0836,1.4606,0.6685,0.0,0.0,0.0,0.0,0.0,0.0,,,,,23.4,holding
2026-09-21T17:47:06.048+09:00,TEST_0006_LAN_L5,LAN_L5,HARD_GRIP,HARD_GRIP_STABILIZATION_END,564.8692016601562,-306.11309814453125,359.9919128417969,89.9876937866211,-89.99298858642578,-0.003030408639460802,-2.5144,-1.8476,0.1954,0.0822,1.432,0.6347,0.0,0.0,0.0,0.0,0.0,0.0,0.195,2.514,1.8482,0.0822,1.432,0.6347,0.0,0.0,0.0,0.0,0.0,0.0,,,,,19.4,moving
2026-09-21T17:47:06.084+09:00,TEST_0006_LAN_L5,LAN_L5,PULL_TEST,,564.8717041015625,-306.112060546875,359.99749755859375,89.98779296875,-89.99301147460938,-0.0022314523812383413,-2.5144,-1.8476,0.1954,0.0822,1.432,0.6347,0.0,0.0,0.0,0.0,0.0,0.0,0.195,2.514,1.8482,0.0822,1.432,0.6347,0.0,0.0,0.0,0.0,0.0,0.0,,,0.0,0.001,19.4,moving
2026-09-21T17:47:06.141+09:00,TEST_0006_LAN_L5,LAN_L5,PULL_TEST,,564.88671875,-306.1011047363281,360.0233459472656,89.98873138427734,-89.99308776855469,0.0020202125888317823,-2.6536,-1.5432,0.1144,0.0529,1.4288,0.67,-0.1392,0.3044,-0.0809,-0.0292,-0.0032,0.0353,0.1143,2.6532,1.5437,0.0529,1.4288,0.67,-0.0807,0.1393,-0.3044,-0.0292,-0.0032,0.0353,,,0.3044,0.012,19.4,moving
2026-09-21T17:47:06.197+09:00,TEST_0006_LAN_L5,LAN_L5,PULL_TEST,,564.8883056640625,-306.03570556640625,360.0531311035156,89.98831176757812,-89.99085998535156,0.004878213629126549,-2.6536,-1.5432,0.1144,0.0529,1.4288,0.67,-0.1392,0.3044,-0.0809,-0.0292,-0.0032,0.0353,0.1143,2.6532,1.5437,0.0529,1.4288,0.67,-0.0807,0.1393,-0.3044,-0.0292,-0.0032,0.0353,,,0.3044,0.0774,19.3,moving
2026-09-21T17:47:06.253+09:00,TEST_0006_LAN_L5,LAN_L5,PULL_TEST,,564.8638305664062,-305.8808898925781,360.0682678222656,89.9844970703125,-89.98969268798828,0.006029036827385426,-2.8264,-2.2802,0.0037,0.0921,1.4372,0.8901,-0.3121,-0.4326,-0.1917,0.0099,0.0052,0.2554,0.0036,2.8259,2.2809,0.0921,1.4372,0.8901,-0.1914,0.312,0.4327,0.0099,0.0052,0.2554,,,0.4326,0.2322,19.3,moving
2026-09-21T17:47:06.309+09:00,TEST_0006_LAN_L5,LAN_L5,PULL_TEST,,564.8198852539062,-305.5888366699219,360.0685729980469,89.9781265258789,-89.99120330810547,0.007096908520907164,-2.8264,-2.2802,0.0037,0.0921,1.4372,0.8901,-0.3121,-0.4326,-0.1917,0.0099,0.0052,0.2554,0.0036,2.8259,2.2809,0.0921,1.4372,0.8901,-0.1914,0.312,0.4327,0.0099,0.0052,0.2554,,,0.4326,0.5243,19.1,moving
2026-09-21T17:47:06.364+09:00,TEST_0006_LAN_L5,LAN_L5,PULL_TEST,,564.7900390625,-305.148681640625,360.0954284667969,89.97405242919922,-89.99101257324219,0.01066962257027626,-2.5129,-4.7233,-0.22,0.0778,1.4282,1.0923,0.0014,-2.8757,-0.4154,-0.0044,-0.0038,0.4575,-0.2204,2.511,4.7243,0.0778,1.4282,1.0923,-0.4154,-0.003,2.8761,-0.0044,-0.0038,0.4575,,,2.8757,0.9644,19.1,moving
2026-09-21T17:47:06.419+09:00,TEST_0006_LAN_L5,LAN_L5,PULL_TEST,,564.7619018554688,-304.64508056640625,360.1268615722656,89.96967315673828,-89.99214172363281,0.016171259805560112,-2.5129,-4.7233,-0.22,0.0778,1.4282,1.0923,0.0014,-2.8757,-0.4154,-0.0044,-0.0038,0.4575,-0.2204,2.511,4.7243,0.0778,1.4282,1.0923,-0.4154,-0.003,2.8761,-0.0044,-0.0038,0.4575,,,2.8757,1.468,19.1,moving
2026-09-21T17:47:06.474+09:00,TEST_0006_LAN_L5,LAN_L5,PULL_TEST,,564.7561645507812,-304.11322021484375,360.1396789550781,89.96923828125,-89.99327087402344,0.01868404634296894,-2.3947,-8.7193,-0.8636,0.0549,1.3987,1.3556,0.1196,-6.8717,-1.059,-0.0272,-0.0333,0.7208,-0.8641,2.3904,8.7205,0.0549,1.3987,1.3556,-1.0591,-0.1236,6.8723,-0.0272,-0.0333,0.7208,,,6.8717,1.9999,19.1,moving
2026-09-21T17:47:06.529+09:00,TEST_0006_LAN_L5,LAN_L5,PULL_TEST,,564.7315673828125,-303.5869140625,360.1387939453125,89.96442413330078,-89.99348449707031,0.019004574045538902,-2.2155,-14.0259,-1.4935,0.0886,1.3725,1.6184,0.2989,-12.1783,-1.6889,0.0065,-0.0595,0.9837,-1.4944,2.2072,14.0271,0.0886,1.3725,1.6184,-1.6894,-0.3067,12.1789,0.0065,-0.0595,0.9837,,,12.1783,2.5262,18.9,moving
2026-09-21T17:47:06.584+09:00,TEST_0006_LAN_L5,LAN_L5,PULL_TEST,,564.7249145507812,-303.060546875,360.1150817871094,89.96251678466797,-89.99383544921875,0.01591723971068859,-2.2155,-14.0259,-1.4935,0.0886,1.3725,1.6184,0.2989,-12.1783,-1.6889,0.0065,-0.0595,0.9837,-1.4944,2.2072,14.0271,0.0886,1.3725,1.6184,-1.6894,-0.3067,12.1789,0.0065,-0.0595,0.9837,,,12.1783,3.0526,18.9,moving
2026-09-21T17:47:06.639+09:00,TEST_0006_LAN_L5,LAN_L5,PULL_TEST,,564.7268676757812,-302.49993896484375,360.10101318359375,89.96170043945312,-89.99291229248047,0.013221630826592445,-2.1953,-18.7073,-1.8961,0.0943,1.3436,1.7924,0.3191,-16.8597,-2.0915,0.0121,-0.0885,1.1576,-1.8977,2.1833,18.7086,0.0943,1.3436,1.7924,-2.0927,-0.3307,16.8604,0.0121,-0.0885,1.1576,,,16.8597,3.6132,18.8,moving
2026-09-21T17:47:19.231+09:00,TEST_0006_LAN_L5,LAN_L5,RELEASE,RETURN_SOFT_GRIP_COMMAND,564.9073486328125,-302.1189880371094,359.9969787597656,89.98881530761719,-89.9927749633789,-8.900459943106398e-05,-3.4373,-1.6618,-0.001,0.0764,1.4456,1.3116,0.0,0.0,0.0,0.0,0.0,0.0,-0.0013,3.437,1.6625,0.0764,1.4456,1.3116,0.0,0.0,0.0,0.0,0.0,0.0,,,,,17.9,moving
2026-09-21T17:47:20.245+09:00,TEST_0006_LAN_L5,LAN_L5,RELEASE,RETURN_SOFT_GRIP_OPEN_REACHED,564.907470703125,-302.1190185546875,360.00140380859375,89.98900604248047,-89.99221801757812,9.764524293132126e-06,-3.2448,-4.0369,2.5684,-0.0505,1.3573,1.446,0.0,0.0,0.0,0.0,0.0,0.0,2.5679,3.2441,4.0379,-0.0505,1.3573,1.446,0.0,0.0,0.0,0.0,0.0,0.0,,,,,24.9,holding
2026-09-21T17:49:14.170+09:00,TEST_0007_LAN_L2,LAN_L2,PREPARE_SOFT_GRIP,INITIAL_SOFT_GRIP_OPEN_COMMAND,602.361083984375,-36.41194534301758,347.7203063964844,113.13298797607422,-136.4288330078125,-147.8484649658203,0.7385,-2.1828,3.6263,0.7225,-2.8723,1.4069,0.0,0.0,0.0,0.0,0.0,0.0,-3.6203,2.0648,-1.0438,0.7225,-2.8723,1.4069,0.0,0.0,0.0,0.0,0.0,0.0,,,,,27.2,holding
2026-09-21T17:49:14.185+09:00,TEST_0007_LAN_L2,LAN_L2,PREPARE_SOFT_GRIP,INITIAL_SOFT_GRIP_OPEN_REACHED,602.361083984375,-36.41194534301758,347.7203063964844,113.13298797607422,-136.4288330078125,-147.8484649658203,0.7385,-2.1828,3.6263,0.7225,-2.8723,1.4069,0.0,0.0,0.0,0.0,0.0,0.0,-3.6203,2.0648,-1.0438,0.7225,-2.8723,1.4069,0.0,0.0,0.0,0.0,0.0,0.0,,,,,27.2,moving
2026-09-21T17:49:21.344+09:00,TEST_0007_LAN_L2,LAN_L2,SOFT_GRIP_ENTRY,SOFT_GRIP_COMMAND,609.977783203125,-305.0876770019531,359.8587646484375,89.99394989013672,-90.00019073486328,-0.01068716961890459,-3.5659,-1.3839,4.0088,0.4045,1.6624,0.6514,0.0,0.0,0.0,0.0,0.0,0.0,4.0081,3.5665,1.3842,0.4045,1.6624,0.6514,0.0,0.0,0.0,0.0,0.0,0.0,,,,,23.4,holding
2026-09-21T17:49:21.347+09:00,TEST_0007_LAN_L2,LAN_L2,SOFT_GRIP_ENTRY,ENTRY_MOTION_START_WIDTH_REACHED,609.9781494140625,-305.087646484375,359.85772705078125,89.99394989013672,-90.00019073486328,-0.010785815306007862,-3.5659,-1.3839,4.0088,0.4045,1.6624,0.6514,0.0,0.0,0.0,0.0,0.0,0.0,4.0081,3.5665,1.3842,0.4045,1.6624,0.6514,0.0,0.0,0.0,0.0,0.0,0.0,,,,,23.4,holding
2026-09-21T17:49:21.377+09:00,TEST_0007_LAN_L2,LAN_L2,SOFT_GRIP_ENTRY,,609.9789428710938,-305.087646484375,359.85565185546875,89.99394989013672,-90.00018310546875,-0.011131133884191513,-3.5659,-1.3839,4.0088,0.4045,1.6624,0.6514,0.0,0.0,0.0,0.0,0.0,0.0,4.0081,3.5665,1.3842,0.4045,1.6624,0.6514,0.0,0.0,0.0,0.0,0.0,0.0,0.0,-0.0,,,23.4,holding
2026-09-21T17:49:21.434+09:00,TEST_0007_LAN_L2,LAN_L2,SOFT_GRIP_ENTRY,,609.9794921875,-305.0876159667969,359.8527526855469,89.99391174316406,-90.00032043457031,-0.011332573369145393,-3.6438,-1.5163,3.8905,0.3471,1.6219,0.7107,-0.0779,-0.1324,-0.1183,-0.0574,-0.0405,0.0593,3.8897,3.6444,1.5167,0.3471,1.6219,0.7107,-0.1184,0.0779,0.1325,-0.0574,-0.0405,0.0593,0.1324,-0.0001,,,23.4,holding
2026-09-21T17:49:21.490+09:00,TEST_0007_LAN_L2,LAN_L2,SOFT_GRIP_ENTRY,,609.990966796875,-305.1159973144531,359.8467102050781,89.99571228027344,-90.00137329101562,-0.011476989835500717,-3.6438,-1.5163,3.8905,0.3471,1.6219,0.7107,-0.0779,-0.1324,-0.1183,-0.0574,-0.0405,0.0593,3.8897,3.6444,1.5167,0.3471,1.6219,0.7107,-0.1184,0.0779,0.1325,-0.0574,-0.0405,0.0593,0.1324,0.0283,,,23.4,holding
2026-09-21T17:49:21.548+09:00,TEST_0007_LAN_L2,LAN_L2,SOFT_GRIP_ENTRY,,610.0322875976562,-305.27252197265625,359.8275146484375,90.00177764892578,-90.00453186035156,-0.011659449897706509,-3.7753,-0.781,3.7545,0.2773,1.5651,0.6781,-0.2094,0.6029,-0.2543,-0.1272,-0.0973,0.0267,3.7537,3.7761,0.7807,0.2773,1.5651,0.6781,-0.2544,0.2096,-0.6035,-0.1272,-0.0973,0.0267,0.6029,0.1848,,,23.4,holding
2026-09-21T17:49:21.604+09:00,TEST_0007_LAN_L2,LAN_L2,SOFT_GRIP_ENTRY,,610.0721435546875,-305.5814514160156,359.84283447265625,90.00678253173828,-90.00175476074219,-0.01164067443460226,-3.7753,-0.781,3.7545,0.2773,1.5651,0.6781,-0.2094,0.6029,-0.2543,-0.1272,-0.0973,0.0267,3.7537,3.7761,0.7807,0.2773,1.5651,0.6781,-0.2544,0.2096,-0.6035,-0.1272,-0.0973,0.0267,0.6029,0.4938,,,23.4,holding
2026-09-21T17:49:21.660+09:00,TEST_0007_LAN_L2,LAN_L2,SOFT_GRIP_ENTRY,,610.0901489257812,-306.0458984375,359.8460693359375,90.0071029663086,-90.0002670288086,-0.012139175087213516,-3.7504,-0.3188,3.594,0.2827,1.5155,0.5907,-0.1846,1.065,-0.4148,-0.1218,-0.1469,-0.0606,3.5932,3.7512,0.3182,0.2827,1.5155,0.5907,-0.4149,0.1847,-1.066,-0.1218,-0.1469,-0.0606,1.065,0.9582,,,23.4,holding
2026-09-21T17:49:21.716+09:00,TEST_0007_LAN_L2,LAN_L2,SOFT_GRIP_ENTRY,,610.0966186523438,-306.62713623046875,359.81915283203125,90.00596618652344,-89.9998550415039,-0.016542209312319756,-3.7504,-0.3188,3.594,0.2827,1.5155,0.5907,-0.1846,1.065,-0.4148,-0.1218,-0.1469,-0.0606,3.5932,3.7512,0.3182,0.2827,1.5155,0.5907,-0.4149,0.1847,-1.066,-0.1218,-0.1469,-0.0606,1.065,1.5395,,,23.4,holding
2026-09-21T17:49:21.771+09:00,TEST_0007_LAN_L2,LAN_L2,SOFT_GRIP_ENTRY,,610.0789184570312,-307.2117614746094,359.76580810546875,90.00221252441406,-89.99886322021484,-0.025835782289505005,-3.5603,-0.377,3.6624,0.3388,1.5007,0.5,0.0055,1.0068,-0.3464,-0.0658,-0.1616,-0.1513,3.6612,3.5616,0.3767,0.3388,1.5007,0.5,-0.3469,-0.0049,-1.0075,-0.0658,-0.1616,-0.1513,1.0068,2.1241,,,23.4,holding
2026-09-21T17:49:21.828+09:00,TEST_0007_LAN_L2,LAN_L2,SOFT_GRIP_ENTRY,,610.075927734375,-307.7711181640625,359.7153015136719,90.00103759765625,-89.99827575683594,-0.034024715423583984,-3.5603,-0.377,3.6624,0.3388,1.5007,0.5,0.0055,1.0068,-0.3464,-0.0658,-0.1616,-0.1513,3.6612,3.5616,0.3767,0.3388,1.5007,0.5,-0.3469,-0.0049,-1.0075,-0.0658,-0.1616,-0.1513,1.0068,2.6834,,,23.4,holding
2026-09-21T17:49:21.883+09:00,TEST_0007_LAN_L2,LAN_L2,SOFT_GRIP_ENTRY,,610.0780029296875,-308.33251953125,359.6753234863281,90.00033569335938,-89.99807739257812,-0.0402367003262043,-3.3799,-0.5421,3.596,0.3463,1.5171,0.4431,0.186,0.8418,-0.4128,-0.0582,-0.1453,-0.2083,3.5939,3.382,0.5422,0.3463,1.5171,0.4431,-0.4142,-0.1844,-0.8421,-0.0582,-0.1453,-0.2083,0.8418,3.2448,,,23.4,holding
2026-09-21T17:49:21.940+09:00,TEST_0007_LAN_L2,LAN_L2,SOFT_GRIP_ENTRY,,610.0709838867188,-308.8896179199219,359.65313720703125,89.99764251708984,-89.99713897705078,-0.043754544109106064,-3.2141,-0.4865,3.7248,0.3861,1.5809,0.3925,0.3518,0.8973,-0.284,-0.0185,-0.0815,-0.2588,3.7223,3.2169,0.4869,0.3861,1.5809,0.3925,-0.2858,-0.3496,-0.8974,-0.0185,-0.0815,-0.2588,0.8973,3.8019,,,23.4,holding
2026-09-21T17:49:21.997+09:00,TEST_0007_LAN_L2,LAN_L2,SOFT_GRIP_ENTRY,,610.0762939453125,-309.3931579589844,359.6285400390625,89.99755096435547,-89.99724578857422,-0.043774332851171494,-3.2141,-0.4865,3.7248,0.3861,1.5809,0.3925,0.3518,0.8973,-0.284,-0.0185,-0.0815,-0.2588,3.7223,3.2169,0.4869,0.3861,1.5809,0.3925,-0.2858,-0.3496,-0.8974,-0.0185,-0.0815,-0.2588,0.8973,4.3055,,,23.4,holding
2026-09-21T17:49:23.054+09:00,TEST_0007_LAN_L2,LAN_L2,SOFT_GRIP_ENTRY,SOFT_GRIP_STABILIZATION_END,609.96044921875,-310.12445068359375,359.81524658203125,89.9909896850586,-89.99991607666016,-0.014189164154231548,-2.8145,-1.8476,3.3711,0.1409,1.521,0.6916,0.0,0.0,0.0,0.0,0.0,0.0,3.3704,2.815,1.848,0.1409,1.521,0.6916,0.0,0.0,0.0,0.0,0.0,0.0,,,,,23.4,holding
2026-09-21T17:49:23.151+09:00,TEST_0007_LAN_L2,LAN_L2,HARD_GRIP,HARD_GRIP_COMMAND,609.9580078125,-310.1234436035156,359.8198547363281,89.99090576171875,-90.00003051757812,-0.01384670753031969,-2.821,-1.901,3.3227,0.1307,1.4951,0.7081,0.0,0.0,0.0,0.0,0.0,0.0,3.322,2.8215,1.9014,0.1307,1.4951,0.7081,0.0,0.0,0.0,0.0,0.0,0.0,,,,,23.4,holding
2026-09-21T17:49:24.155+09:00,TEST_0007_LAN_L2,LAN_L2,HARD_GRIP,HARD_GRIP_STABILIZATION_END,609.9622192382812,-310.1045837402344,359.8243103027344,89.99213409423828,-90.00035858154297,-0.015039562247693539,-3.3682,-0.4462,-0.8361,0.0891,1.3964,0.5721,0.0,0.0,0.0,0.0,0.0,0.0,-0.837,3.3679,0.4467,0.0891,1.3964,0.5721,0.0,0.0,0.0,0.0,0.0,0.0,,,,,18.9,moving
2026-09-21T17:49:24.179+09:00,TEST_0007_LAN_L2,LAN_L2,PULL_TEST,,609.9627075195312,-310.1035461425781,359.8243103027344,89.99223327636719,-90.00035858154297,-0.015039562247693539,-3.3682,-0.4462,-0.8361,0.0891,1.3964,0.5721,0.0,0.0,0.0,0.0,0.0,0.0,-0.837,3.3679,0.4467,0.0891,1.3964,0.5721,0.0,0.0,0.0,0.0,0.0,0.0,,,0.0,0.0,18.9,moving
2026-09-21T17:49:24.237+09:00,TEST_0007_LAN_L2,LAN_L2,PULL_TEST,,609.9656372070312,-310.0982971191406,359.82513427734375,89.99276733398438,-90.00021362304688,-0.015184557996690273,-3.3992,-0.465,-0.832,0.0851,1.3863,0.5883,-0.031,-0.0187,0.0041,-0.004,-0.0101,0.0162,-0.8329,3.3989,0.4654,0.0851,1.3863,0.5883,0.0041,0.031,0.0187,-0.004,-0.0101,0.0162,,,0.0187,0.0052,18.9,moving
2026-09-21T17:49:24.294+09:00,TEST_0007_LAN_L2,LAN_L2,PULL_TEST,,609.9575805664062,-310.0426025390625,359.8340759277344,89.99166870117188,-89.9986572265625,-0.015186726115643978,-3.3992,-0.465,-0.832,0.0851,1.3863,0.5883,-0.031,-0.0187,0.0041,-0.004,-0.0101,0.0162,-0.8329,3.3989,0.4654,0.0851,1.3863,0.5883,0.0041,0.031,0.0187,-0.004,-0.0101,0.0162,,,0.0187,0.0609,18.9,moving
2026-09-21T17:49:24.350+09:00,TEST_0007_LAN_L2,LAN_L2,PULL_TEST,,609.9279174804688,-309.8955078125,359.8517150878906,89.98726654052734,-89.99571990966797,-0.015251618809998035,-3.3272,-1.7356,-0.9114,0.1194,1.38,0.7859,0.041,-1.2893,-0.0753,0.0303,-0.0164,0.2138,-0.9124,3.3267,1.7362,0.1194,1.38,0.7859,-0.0754,-0.0413,1.2895,0.0303,-0.0164,0.2138,,,1.2893,0.208,18.9,moving
2026-09-21T17:49:24.405+09:00,TEST_0007_LAN_L2,LAN_L2,PULL_TEST,,609.8644409179688,-309.6296691894531,359.8439025878906,89.9776611328125,-89.99710845947266,-0.015749696642160416,-3.3272,-1.7356,-0.9114,0.1194,1.38,0.7859,0.041,-1.2893,-0.0753,0.0303,-0.0164,0.2138,-0.9124,3.3267,1.7362,0.1194,1.38,0.7859,-0.0754,-0.0413,1.2895,0.0303,-0.0164,0.2138,,,1.2893,0.4739,18.9,moving
2026-09-21T17:49:24.462+09:00,TEST_0007_LAN_L2,LAN_L2,PULL_TEST,,609.8153076171875,-309.1947021484375,359.8393859863281,89.9714584350586,-89.99818420410156,-0.016226790845394135,-2.9674,-5.145,-1.2797,0.0927,1.3785,1.0171,0.4009,-4.6987,-0.4436,0.0036,-0.0179,0.445,-1.2807,2.9647,5.1462,0.0927,1.3785,1.0171,-0.4437,-0.4033,4.6995,0.0036,-0.0179,0.445,,,4.6987,0.9088,18.8,moving
2026-09-21T17:49:24.517+09:00,TEST_0007_LAN_L2,LAN_L2,PULL_TEST,,609.788818359375,-308.6715087890625,359.83026123046875,89.96973419189453,-89.99976348876953,-0.01726027950644493,-2.9674,-5.145,-1.2797,0.0927,1.3785,1.0171,0.4009,-4.6987,-0.4436,0.0036,-0.0179,0.445,-1.2807,2.9647,5.1462,0.0927,1.3785,1.0171,-0.4437,-0.4033,4.6995,0.0036,-0.0179,0.445,,,4.6987,1.432,18.8,moving
2026-09-21T17:49:24.572+09:00,TEST_0007_LAN_L2,LAN_L2,PULL_TEST,,609.7642822265625,-308.1167907714844,359.82635498046875,89.96853637695312,-90.00067901611328,-0.018515529111027718,-2.8795,-9.5455,-1.8401,0.069,1.3608,1.2362,0.4887,-9.0993,-1.004,-0.0201,-0.0357,0.6642,-1.841,2.8739,9.547,0.069,1.3608,1.2362,-1.004,-0.4941,9.1003,-0.0201,-0.0357,0.6642,,,9.0993,1.9868,18.8,moving
2026-09-21T17:49:24.627+09:00,TEST_0007_LAN_L2,LAN_L2,PULL_TEST,,609.7371215820312,-307.59356689453125,359.8220520019531,89.9666748046875,-90.00161743164062,-0.020491261035203934,-2.8795,-9.5455,-1.8401,0.069,1.3608,1.2362,0.4887,-9.0993,-1.004,-0.0201,-0.0357,0.6642,-1.841,2.8739,9.547,0.069,1.3608,1.2362,-1.004,-0.4941,9.1003,-0.0201,-0.0357,0.6642,,,9.0993,2.51,18.8,moving
2026-09-21T17:49:24.682+09:00,TEST_0007_LAN_L2,LAN_L2,PULL_TEST,,609.7083740234375,-307.05462646484375,359.8232727050781,89.96458435058594,-90.00209045410156,-0.022450940683484077,-3.1483,-13.8308,-2.4339,0.0514,1.3258,1.431,0.2199,-13.3846,-1.5978,-0.0377,-0.0706,0.8589,-2.4346,3.1394,13.8327,0.0514,1.3258,1.431,-1.5977,-0.2286,13.386,-0.0377,-0.0706,0.8589,,,13.3846,3.0489,18.8,moving
2026-09-21T17:49:24.738+09:00,TEST_0007_LAN_L2,LAN_L2,PULL_TEST,,609.685791015625,-306.49041748046875,359.8322448730469,89.96346282958984,-90.00206756591797,-0.023867862299084663,-3.5801,-18.179,-3.0808,0.0229,1.2913,1.6509,-0.2118,-17.7328,-2.2447,-0.0662,-0.1051,1.0788,-3.0816,3.5671,18.1814,0.0229,1.2913,1.6509,-2.2446,0.1992,17.7347,-0.0662,-0.1051,1.0788,,,17.7328,3.6131,18.8,moving
2026-09-21T17:49:34.538+09:00,TEST_0007_LAN_L2,LAN_L2,RELEASE,RETURN_SOFT_GRIP_COMMAND,609.9740600585938,-306.0741882324219,359.8420715332031,89.99333953857422,-90.00018310546875,-0.012853890657424927,-4.3271,-16.3785,-1.8032,0.1551,1.3825,1.4502,0.0,0.0,0.0,0.0,0.0,0.0,-1.8041,4.3247,16.379,0.1551,1.3825,1.4502,0.0,0.0,0.0,0.0,0.0,0.0,,,,,18.2,holding
2026-09-21T17:49:35.685+09:00,TEST_0007_LAN_L2,LAN_L2,RELEASE,RETURN_SOFT_GRIP_OPEN_REACHED,610.0504760742188,-305.9208679199219,359.857421875,90.00809478759766,-89.99891662597656,-0.012011026963591576,-4.6188,-4.2508,2.7742,0.0208,1.3463,1.6411,0.0,0.0,0.0,0.0,0.0,0.0,2.7731,4.62,4.2502,0.0208,1.3463,1.6411,0.0,0.0,0.0,0.0,0.0,0.0,,,,,24.9,holding
2026-09-21T17:49:42.738+09:00,TEST_0007_LAN_L5,LAN_L5,PREPARE_SOFT_GRIP,INITIAL_SOFT_GRIP_OPEN_COMMAND,602.369873046875,-36.319644927978516,347.8060607910156,113.15286254882812,-136.43099975585938,-147.8409423828125,1.385,-2.6745,3.2092,1.2446,-2.6164,1.1923,0.0,0.0,0.0,0.0,0.0,0.0,-3.5968,2.5235,-0.255,1.2446,-2.6164,1.1923,0.0,0.0,0.0,0.0,0.0,0.0,,,,,26.2,holding
2026-09-21T17:49:42.747+09:00,TEST_0007_LAN_L5,LAN_L5,PREPARE_SOFT_GRIP,INITIAL_SOFT_GRIP_OPEN_REACHED,602.3701782226562,-36.31954574584961,347.80682373046875,113.15298461914062,-136.4309844970703,-147.8407745361328,1.385,-2.6745,3.2092,1.2446,-2.6164,1.1923,0.0,0.0,0.0,0.0,0.0,0.0,-3.5968,2.5235,-0.255,1.2446,-2.6164,1.1923,0.0,0.0,0.0,0.0,0.0,0.0,,,,,26.2,holding
2026-09-21T17:49:50.044+09:00,TEST_0007_LAN_L5,LAN_L5,SOFT_GRIP_ENTRY,SOFT_GRIP_COMMAND,564.9136962890625,-300.101806640625,359.9984130859375,89.9888916015625,-89.99258422851562,-0.00037660187808796763,-2.2646,-1.6913,3.7062,0.2244,1.6304,0.5389,0.0,0.0,0.0,0.0,0.0,0.0,3.7059,2.2643,1.6922,0.2244,1.6304,0.5389,0.0,0.0,0.0,0.0,0.0,0.0,,,,,25.3,holding
2026-09-21T17:49:50.091+09:00,TEST_0007_LAN_L5,LAN_L5,SOFT_GRIP_ENTRY,ENTRY_MOTION_START_WIDTH_REACHED,564.912353515625,-300.101806640625,359.9971008300781,89.98865509033203,-89.99281311035156,-0.0003875285910908133,-2.2646,-1.6913,3.7062,0.2244,1.6304,0.5389,0.0,0.0,0.0,0.0,0.0,0.0,3.7059,2.2643,1.6922,0.2244,1.6304,0.5389,0.0,0.0,0.0,0.0,0.0,0.0,,,,,24.8,moving
2026-09-21T17:49:50.122+09:00,TEST_0007_LAN_L5,LAN_L5,SOFT_GRIP_ENTRY,,564.9124755859375,-300.101806640625,359.995361328125,89.98860168457031,-89.99295043945312,-0.0004916038014926016,-2.2646,-1.6913,3.7062,0.2244,1.6304,0.5389,0.0,0.0,0.0,0.0,0.0,0.0,3.7059,2.2643,1.6922,0.2244,1.6304,0.5389,0.0,0.0,0.0,0.0,0.0,0.0,0.0,0.0,,,24.4,moving
2026-09-21T17:49:50.177+09:00,TEST_0007_LAN_L5,LAN_L5,SOFT_GRIP_ENTRY,,564.91162109375,-300.100830078125,359.9940490722656,89.98846435546875,-89.99317932128906,-0.0006506404024548829,-2.3392,-1.7953,3.5425,0.1431,1.5961,0.5987,-0.0745,-0.104,-0.1637,-0.0813,-0.0343,0.0599,3.5422,2.3389,1.7962,0.1431,1.5961,0.5987,-0.1637,0.0745,0.104,-0.0813,-0.0343,0.0599,0.104,-0.001,,,23.4,moving
2026-09-21T17:49:50.232+09:00,TEST_0007_LAN_L5,LAN_L5,SOFT_GRIP_ENTRY,,564.9237060546875,-300.12030029296875,359.98614501953125,89.99040222167969,-89.99455261230469,-0.0007992024766281247,-2.382,-1.6895,3.2978,0.0993,1.5541,0.6027,-0.1173,0.0018,-0.4084,-0.1251,-0.0763,0.0639,3.2976,2.3817,1.6902,0.0993,1.5541,0.6027,-0.4084,0.1174,-0.002,-0.1251,-0.0763,0.0639,0.0018,0.0185,,,21.8,holding
2026-09-21T17:49:50.288+09:00,TEST_0007_LAN_L5,LAN_L5,SOFT_GRIP_ENTRY,,564.96728515625,-300.25457763671875,359.9619445800781,89.9968032836914,-89.99876403808594,-0.0008499595569446683,-2.382,-1.6895,3.2978,0.0993,1.5541,0.6027,-0.1173,0.0018,-0.4084,-0.1251,-0.0763,0.0639,3.2976,2.3817,1.6902,0.0993,1.5541,0.6027,-0.4084,0.1174,-0.002,-0.1251,-0.0763,0.0639,0.0018,0.1528,,,21.6,holding
2026-09-21T17:49:50.344+09:00,TEST_0007_LAN_L5,LAN_L5,SOFT_GRIP_ENTRY,,564.9963989257812,-300.5883483886719,359.978271484375,89.99894714355469,-89.99588775634766,-0.0003194769087713212,-2.5331,0.0302,2.9179,0.1076,1.5077,0.5181,-0.2684,1.7215,-0.7883,-0.1168,-0.1227,-0.0208,2.9178,2.5331,-0.03,0.1076,1.5077,0.5181,-0.7881,0.2687,-1.7222,-0.1168,-0.1227,-0.0208,1.7215,0.4865,,,21.6,holding
2026-09-21T17:49:50.399+09:00,TEST_0007_LAN_L5,LAN_L5,SOFT_GRIP_ENTRY,,565.0289306640625,-301.0525817871094,359.97650146484375,90.00083923339844,-89.9958267211914,-0.000117479357868433,-2.5331,0.0302,2.9179,0.1076,1.5077,0.5181,-0.2684,1.7215,-0.7883,-0.1168,-0.1227,-0.0208,2.9178,2.5331,-0.03,0.1076,1.5077,0.5181,-0.7881,0.2687,-1.7222,-0.1168,-0.1227,-0.0208,1.7215,0.9508,,,21.6,holding
2026-09-21T17:49:50.454+09:00,TEST_0007_LAN_L5,LAN_L5,SOFT_GRIP_ENTRY,,565.0436401367188,-301.5793762207031,359.9560852050781,90.00030517578125,-89.99576568603516,-0.0029654274694621563,-2.3574,0.9242,2.408,0.1567,1.4834,0.4062,-0.0928,2.6155,-1.2981,-0.0676,-0.1471,-0.1327,2.408,2.3574,-0.9241,0.1567,1.4834,0.4062,-1.2979,0.0931,-2.6163,-0.0676,-0.1471,-0.1327,2.6155,1.4776,,,21.6,holding
2026-09-21T17:49:50.510+09:00,TEST_0007_LAN_L5,LAN_L5,SOFT_GRIP_ENTRY,,565.0502319335938,-302.1338195800781,359.897216796875,90.00035858154297,-89.99668884277344,-0.011292609386146069,-2.3574,0.9242,2.408,0.1567,1.4834,0.4062,-0.0928,2.6155,-1.2981,-0.0676,-0.1471,-0.1327,2.408,2.3574,-0.9241,0.1567,1.4834,0.4062,-1.2979,0.0931,-2.6163,-0.0676,-0.1471,-0.1327,2.6155,2.032,,,21.6,holding
2026-09-21T17:49:50.564+09:00,TEST_0007_LAN_L5,LAN_L5,SOFT_GRIP_ENTRY,,565.045654296875,-302.7085876464844,359.8562316894531,89.99784088134766,-89.99642181396484,-0.01769854873418808,-2.0524,1.5739,1.7625,0.1917,1.4876,0.2992,0.2122,3.2651,-1.9436,-0.0327,-0.1428,-0.2397,1.7621,2.0528,-1.5737,0.1917,1.4876,0.2992,-1.9438,-0.2115,-3.2659,-0.0327,-0.1428,-0.2397,3.2651,2.6068,,,21.6,holding
2026-09-21T17:49:50.620+09:00,TEST_0007_LAN_L5,LAN_L5,SOFT_GRIP_ENTRY,,565.03173828125,-303.2911376953125,359.8298034667969,89.99368286132812,-89.9941635131836,-0.023617161437869072,-2.0524,1.5739,1.7625,0.1917,1.4876,0.2992,0.2122,3.2651,-1.9436,-0.0327,-0.1428,-0.2397,1.7621,2.0528,-1.5737,0.1917,1.4876,0.2992,-1.9438,-0.2115,-3.2659,-0.0327,-0.1428,-0.2397,3.2651,3.1893,,,21.6,holding
2026-09-21T17:49:50.676+09:00,TEST_0007_LAN_L5,LAN_L5,SOFT_GRIP_ENTRY,,565.0504150390625,-303.8396301269531,359.7979736328125,89.99581146240234,-89.99322509765625,-0.028943918645381927,-2.0025,2.2614,1.4088,0.2309,1.5198,0.2585,0.2622,3.9527,-2.2973,0.0066,-0.1106,-0.2804,1.4082,2.0033,-2.261,0.2309,1.5198,0.2585,-2.2977,-0.261,-3.9532,0.0066,-0.1106,-0.2804,3.9527,3.7378,,,21.6,holding
2026-09-21T17:49:50.730+09:00,TEST_0007_LAN_L5,LAN_L5,SOFT_GRIP_ENTRY,,565.0428466796875,-304.3794860839844,359.76483154296875,89.99415588378906,-89.99220275878906,-0.033554550260305405,-2.1309,2.7547,1.4732,0.3097,1.5767,0.2145,0.1338,4.446,-2.233,0.0853,-0.0537,-0.3243,1.4723,2.132,-2.7543,0.3097,1.5767,0.2145,-2.2336,-0.1323,-4.4465,0.0853,-0.0537,-0.3243,4.446,4.2777,,,21.6,holding
2026-09-21T17:49:50.787+09:00,TEST_0007_LAN_L5,LAN_L5,SOFT_GRIP_ENTRY,,565.0406494140625,-304.92913818359375,359.7317199707031,89.99396514892578,-89.99223327636719,-0.03421008959412575,-2.1309,2.7547,1.4732,0.3097,1.5767,0.2145,0.1338,4.446,-2.233,0.0853,-0.0537,-0.3243,1.4723,2.132,-2.7543,0.3097,1.5767,0.2145,-2.2336,-0.1323,-4.4465,0.0853,-0.0537,-0.3243,4.446,4.8273,,,21.6,holding
2026-09-21T17:49:50.843+09:00,TEST_0007_LAN_L5,LAN_L5,SOFT_GRIP_ENTRY,,565.031494140625,-305.40594482421875,359.7024230957031,89.99407196044922,-89.9919662475586,-0.034505218267440796,-2.0018,2.8663,1.3518,0.339,1.6253,0.1177,0.2629,4.5575,-2.3543,0.1146,-0.0051,-0.4212,1.351,2.0028,-2.8659,0.339,1.6253,0.1177,-2.3549,-0.2615,-4.5581,0.1146,-0.0051,-0.4212,4.5575,5.3041,,,21.6,holding
2026-09-21T17:49:51.900+09:00,TEST_0007_LAN_L5,LAN_L5,SOFT_GRIP_ENTRY,SOFT_GRIP_STABILIZATION_END,564.838134765625,-306.1465759277344,359.9841003417969,89.98453521728516,-89.99234771728516,-0.00459314975887537,-1.4295,0.8103,0.5436,0.0975,1.506,0.5073,0.0,0.0,0.0,0.0,0.0,0.0,0.5436,1.4298,-0.8099,0.0975,1.506,0.5073,0.0,0.0,0.0,0.0,0.0,0.0,,,,,21.8,holding
2026-09-21T17:49:52.004+09:00,TEST_0007_LAN_L5,LAN_L5,HARD_GRIP,HARD_GRIP_COMMAND,564.83837890625,-306.1446228027344,359.9842834472656,89.98454284667969,-89.99244689941406,-0.004478756338357925,-1.4682,0.7265,0.5173,0.0837,1.486,0.5283,0.0,0.0,0.0,0.0,0.0,0.0,0.5173,1.4685,-0.726,0.0837,1.486,0.5283,0.0,0.0,0.0,0.0,0.0,0.0,,,,,21.8,holding
2026-09-21T17:49:53.008+09:00,TEST_0007_LAN_L5,LAN_L5,HARD_GRIP,HARD_GRIP_STABILIZATION_END,564.8707885742188,-306.10919189453125,360.0096435546875,89.98780822753906,-89.99295806884766,-0.000861213484313339,-2.5867,1.5833,-0.8962,0.018,1.4197,0.6619,0.0,0.0,0.0,0.0,0.0,0.0,-0.8961,2.587,-1.5828,0.018,1.4197,0.6619,0.0,0.0,0.0,0.0,0.0,0.0,,,,,20.3,moving
2026-09-21T17:49:53.043+09:00,TEST_0007_LAN_L5,LAN_L5,PULL_TEST,,564.8739624023438,-306.1081237792969,360.0149841308594,89.98789978027344,-89.99298858642578,0.00010549737635301426,-2.7177,1.5543,-0.9757,-0.0,1.4252,0.6939,-0.131,-0.0289,-0.0795,-0.018,0.0055,0.032,-0.9755,2.718,-1.5539,-0.0,1.4252,0.6939,-0.0794,0.131,0.0289,-0.018,0.0055,0.032,,,0.0289,0.001,20.3,moving
2026-09-21T17:49:53.098+09:00,TEST_0007_LAN_L5,LAN_L5,PULL_TEST,,564.8798828125,-306.1031799316406,360.0240478515625,89.98839569091797,-89.99303436279297,0.0014964832225814462,-2.7177,1.5543,-0.9757,-0.0,1.4252,0.6939,-0.131,-0.0289,-0.0795,-0.018,0.0055,0.032,-0.9755,2.718,-1.5539,-0.0,1.4252,0.6939,-0.0794,0.131,0.0289,-0.018,0.0055,0.032,,,0.0289,0.006,20.1,moving
2026-09-21T17:49:53.154+09:00,TEST_0007_LAN_L5,LAN_L5,PULL_TEST,,564.876953125,-306.043701171875,360.0455322265625,89.98747253417969,-89.99095153808594,0.0031864596530795097,-2.817,1.3429,-1.0624,-0.0114,1.418,0.7379,-0.2303,-0.2404,-0.1662,-0.0294,-0.0017,0.076,-1.0622,2.8173,-1.3424,-0.0114,1.418,0.7379,-0.166,0.2303,0.2404,-0.0294,-0.0017,0.076,,,0.2404,0.0655,20.1,moving
2026-09-21T17:49:53.211+09:00,TEST_0007_LAN_L5,LAN_L5,PULL_TEST,,564.8489379882812,-305.88873291015625,360.05841064453125,89.98226928710938,-89.99201202392578,0.006063793320208788,-2.817,1.3429,-1.0624,-0.0114,1.418,0.7379,-0.2303,-0.2404,-0.1662,-0.0294,-0.0017,0.076,-1.0622,2.8173,-1.3424,-0.0114,1.418,0.7379,-0.166,0.2303,0.2404,-0.0294,-0.0017,0.076,,,0.2404,0.2204,20.1,moving
2026-09-21T17:49:53.267+09:00,TEST_0007_LAN_L5,LAN_L5,PULL_TEST,,564.8103637695312,-305.6033935546875,360.07196044921875,89.97610473632812,-89.9927978515625,0.008569497615098953,-2.6934,-0.6836,-1.3278,-0.0275,1.4231,0.9704,-0.1067,-2.2668,-0.4316,-0.0455,0.0033,0.3085,-1.3276,2.6933,0.6843,-0.0275,1.4231,0.9704,-0.4315,0.1063,2.2671,-0.0455,0.0033,0.3085,,,2.2668,0.5058,20.1,moving
2026-09-21T17:49:53.323+09:00,TEST_0007_LAN_L5,LAN_L5,PULL_TEST,,564.7769165039062,-305.1612854003906,360.0948486328125,89.97138977050781,-89.9922866821289,0.011667679995298386,-2.6934,-0.6836,-1.3278,-0.0275,1.4231,0.9704,-0.1067,-2.2668,-0.4316,-0.0455,0.0033,0.3085,-1.3276,2.6933,0.6843,-0.0275,1.4231,0.9704,-0.4315,0.1063,2.2671,-0.0455,0.0033,0.3085,,,2.2668,0.9479,19.9,moving
2026-09-21T17:49:53.379+09:00,TEST_0007_LAN_L5,LAN_L5,PULL_TEST,,564.7551879882812,-304.6439208984375,360.1248779296875,89.96746826171875,-89.99292755126953,0.01682702638208866,-2.3807,-4.7607,-1.8798,-0.0371,1.4106,1.2007,0.206,-6.3439,-0.9836,-0.055,-0.0091,0.5388,-1.88,2.3787,4.7616,-0.0371,1.4106,1.2007,-0.9838,-0.2084,6.3444,-0.055,-0.0091,0.5388,,,6.3439,1.4652,19.9,moving
2026-09-21T17:49:53.433+09:00,TEST_0007_LAN_L5,LAN_L5,PULL_TEST,,564.7594604492188,-304.1001892089844,360.114501953125,89.96793365478516,-89.99386596679688,0.01681360974907875,-2.4479,-9.4475,-2.5132,0.0038,1.3877,1.4688,0.1388,-11.0307,-1.617,-0.0142,-0.032,0.8069,-2.5135,2.4434,9.4486,0.0038,1.3877,1.4688,-1.6174,-0.1436,11.0314,-0.0142,-0.032,0.8069,,,11.0307,2.009,19.9,moving
2026-09-21T17:49:53.490+09:00,TEST_0007_LAN_L5,LAN_L5,PULL_TEST,,564.7410888671875,-303.5610656738281,360.1015319824219,89.96329498291016,-89.99363708496094,0.015505430288612843,-2.4479,-9.4475,-2.5132,0.0038,1.3877,1.4688,0.1388,-11.0307,-1.617,-0.0142,-0.032,0.8069,-2.5135,2.4434,9.4486,0.0038,1.3877,1.4688,-1.6174,-0.1436,11.0314,-0.0142,-0.032,0.8069,,,11.0307,2.5481,19.8,moving
2026-09-21T17:49:53.546+09:00,TEST_0007_LAN_L5,LAN_L5,PULL_TEST,,564.7418823242188,-303.0218811035156,360.07952880859375,89.9620132446289,-89.99409484863281,0.01280165370553732,-2.6281,-13.8072,-3.0582,0.0097,1.3581,1.6982,-0.0414,-15.3904,-2.1619,-0.0082,-0.0616,1.0363,-3.059,2.6197,13.8086,0.0097,1.3581,1.6982,-2.1628,0.0327,15.3914,-0.0082,-0.0616,1.0363,,,15.3904,3.0873,19.8,moving
2026-09-21T17:50:12.079+09:00,TEST_0007_LAN_L5,LAN_L5,RELEASE,RETURN_SOFT_GRIP_COMMAND,564.90576171875,-302.6325988769531,359.9969482421875,89.98839569091797,-89.99280548095703,-0.0007240052218548954,-2.1083,-11.7188,-0.5492,0.1623,1.4411,1.1637,0.0,0.0,0.0,0.0,0.0,0.0,-0.5507,2.1059,11.7192,0.1623,1.4411,1.1637,0.0,0.0,0.0,0.0,0.0,0.0,,,,,18.9,holding
2026-09-21T17:50:13.005+09:00,TEST_0007_LAN_L5,LAN_L5,RELEASE,RETURN_SOFT_GRIP_OPEN_REACHED,564.9148559570312,-302.6151428222656,360.0047912597656,89.99027252197266,-89.99207305908203,-0.00028556367033161223,-2.9489,-5.4474,2.3582,0.0511,1.3609,1.4202,0.0,0.0,0.0,0.0,0.0,0.0,2.3575,2.948,5.4483,0.0511,1.3609,1.4202,0.0,0.0,0.0,0.0,0.0,0.0,,,,,25.3,holding
