timestamp,trial_id,inspection_point_id,state,grip_event,tcp_x,tcp_y,tcp_z,tcp_rx,tcp_ry,tcp_rz,base_fx,base_fy,base_fz,base_tx,base_ty,base_tz,base_dfx,base_dfy,base_dfz,base_dtx,base_dty,base_dtz,tool_fx,tool_fy,tool_fz,tool_tx,tool_ty,tool_tz,tool_dfx,tool_dfy,tool_dfz,tool_dtx,tool_dty,tool_dtz,entry_force_n,entry_depth_mm,pull_force_n,pull_displacement_mm,gripper_width,gripper_state
2026-09-21T16:41:12.249+09:00,TEST_0001_LAN_L2,LAN_L2,PREPARE_SOFT_GRIP,INITIAL_SOFT_GRIP_OPEN_COMMAND,602.3610229492188,-36.41298294067383,347.7203063964844,113.13288879394531,-136.4288330078125,-147.8484649658203,0.1127,-2.0469,3.7209,-0.6612,-2.1966,0.3217,0.0,0.0,0.0,0.0,0.0,0.0,-3.7259,1.5145,-1.368,-0.6612,-2.1966,0.3217,0.0,0.0,0.0,0.0,0.0,0.0,,,,,25.7,holding
2026-09-21T16:41:12.400+09:00,TEST_0001_LAN_L2,LAN_L2,PREPARE_SOFT_GRIP,INITIAL_SOFT_GRIP_OPEN_REACHED,602.3610229492188,-36.41298294067383,347.7203063964844,113.13288879394531,-136.4288330078125,-147.8484649658203,0.1056,-2.0519,3.7437,-0.6619,-2.1949,0.3237,0.0,0.0,0.0,0.0,0.0,0.0,-3.7448,1.5164,-1.3833,-0.6619,-2.1949,0.3237,0.0,0.0,0.0,0.0,0.0,0.0,,,,,25.7,holding
2026-09-21T16:41:15.222+09:00,TEST_0001_LAN_L2,LAN_L2,SOFT_GRIP_ENTRY,SOFT_GRIP_COMMAND,601.7939453125,-303.108642578125,336.850830078125,90.32465362548828,-89.99771118164062,179.97547912597656,-5.3693,-1.9995,1.2536,-0.5439,-1.9218,1.3493,0.0,0.0,0.0,0.0,0.0,0.0,-1.2513,-5.3811,1.9691,-0.5439,-1.9218,1.3493,0.0,0.0,0.0,0.0,0.0,0.0,,,,,25.7,holding
2026-09-21T16:41:15.329+09:00,TEST_0001_LAN_L2,LAN_L2,SOFT_GRIP_ENTRY,ENTRY_MOTION_START_WIDTH_REACHED,601.7916870117188,-303.1034851074219,336.84722900390625,90.32434844970703,-89.99821472167969,179.975341796875,-5.3015,-2.1749,1.315,-0.5583,-1.9109,1.3903,0.0678,-0.1754,0.0614,-0.0144,0.0109,0.0409,-1.3127,-5.3143,2.1449,-0.5583,-1.9109,1.3903,-0.0614,0.0667,0.1758,-0.0144,0.0109,0.0409,,,,,24.8,moving
2026-09-21T16:41:15.360+09:00,TEST_0001_LAN_L2,LAN_L2,SOFT_GRIP_ENTRY,,601.792724609375,-303.1003723144531,336.84564208984375,90.32454681396484,-89.99848937988281,179.97532653808594,-5.3015,-2.1749,1.315,-0.5583,-1.9109,1.3903,0.0678,-0.1754,0.0614,-0.0144,0.0109,0.0409,-1.3127,-5.3143,2.1449,-0.5583,-1.9109,1.3903,-0.0614,0.0667,0.1758,-0.0144,0.0109,0.0409,0.1754,-0.0093,,,24.3,moving
2026-09-21T16:41:15.415+09:00,TEST_0001_LAN_L2,LAN_L2,SOFT_GRIP_ENTRY,,601.7920532226562,-303.0972900390625,336.8464050292969,90.32451629638672,-89.99853515625,179.9754180908203,-5.1772,-2.294,1.3911,-0.5573,-1.8758,1.4217,0.1921,-0.2945,0.1374,-0.0133,0.0459,0.0724,-1.3888,-5.1907,2.2647,-0.5573,-1.8758,1.4217,-0.1375,0.1904,0.2956,-0.0133,0.0459,0.0724,0.2945,-0.0124,,,22.4,moving
2026-09-21T16:41:15.471+09:00,TEST_0001_LAN_L2,LAN_L2,SOFT_GRIP_ENTRY,,601.8037109375,-303.1065368652344,336.8416442871094,90.32646942138672,-89.9993667602539,179.9754180908203,-5.1772,-2.294,1.3911,-0.5573,-1.8758,1.4217,0.1921,-0.2945,0.1374,-0.0133,0.0459,0.0724,-1.3888,-5.1907,2.2647,-0.5573,-1.8758,1.4217,-0.1375,0.1904,0.2956,-0.0133,0.0459,0.0724,0.2945,-0.0031,,,21.8,holding
2026-09-21T16:41:15.528+09:00,TEST_0001_LAN_L2,LAN_L2,SOFT_GRIP_ENTRY,,601.8772583007812,-303.2115478515625,336.82537841796875,90.33856201171875,-90.00236511230469,179.9756317138672,-5.2745,-1.5096,1.9219,-0.5729,-1.8534,1.346,0.0948,0.4899,0.6683,-0.0289,0.0684,-0.0033,-1.9197,-5.2841,1.4787,-0.5729,-1.8534,1.346,-0.6685,0.097,-0.4904,-0.0289,0.0684,-0.0033,0.4899,0.1019,,,21.8,holding
2026-09-21T16:41:15.583+09:00,TEST_0001_LAN_L2,LAN_L2,SOFT_GRIP_ENTRY,,601.92626953125,-303.5089111328125,336.83966064453125,90.34500122070312,-89.9999008178711,179.97608947753906,-5.2745,-1.5096,1.9219,-0.5729,-1.8534,1.346,0.0948,0.4899,0.6683,-0.0289,0.0684,-0.0033,-1.9197,-5.2841,1.4787,-0.5729,-1.8534,1.346,-0.6685,0.097,-0.4904,-0.0289,0.0684,-0.0033,0.4899,0.3992,,,21.8,holding
2026-09-21T16:41:15.639+09:00,TEST_0001_LAN_L2,LAN_L2,SOFT_GRIP_ENTRY,,601.9170532226562,-303.9844970703125,336.83514404296875,90.34048461914062,-89.99901580810547,179.9750213623047,-5.4898,0.0308,2.412,-0.5079,-1.8383,1.2548,-0.1205,2.0303,1.1584,0.036,0.0835,-0.0945,-2.4097,-5.4905,-0.0636,-0.5079,-1.8383,1.2548,-1.1584,-0.1094,-2.0327,0.036,0.0835,-0.0945,2.0303,0.8748,,,21.8,holding
2026-09-21T16:41:15.694+09:00,TEST_0001_LAN_L2,LAN_L2,SOFT_GRIP_ENTRY,,601.9031982421875,-304.4376220703125,336.8054504394531,90.3372573852539,-89.99787902832031,179.9694061279297,-5.4898,0.0308,2.412,-0.5079,-1.8383,1.2548,-0.1205,2.0303,1.1584,0.036,0.0835,-0.0945,-2.4097,-5.4905,-0.0636,-0.5079,-1.8383,1.2548,-1.1584,-0.1094,-2.0327,0.036,0.0835,-0.0945,2.0303,1.3279,,,21.8,holding
2026-09-21T16:41:16.751+09:00,TEST_0001_LAN_L2,LAN_L2,SOFT_GRIP_ENTRY,SOFT_GRIP_STABILIZATION_END,601.775634765625,-305.2398681640625,336.75384521484375,90.32145690917969,-89.99777221679688,179.9630584716797,-4.2026,-1.6552,3.0362,-0.4319,-1.6288,1.2441,0.0,0.0,0.0,0.0,0.0,0.0,-3.0334,-4.2138,1.6317,-0.4319,-1.6288,1.2441,0.0,0.0,0.0,0.0,0.0,0.0,,,,,21.8,holding
2026-09-21T16:41:16.806+09:00,TEST_0001_LAN_L2,LAN_L2,HARD_GRIP,HARD_GRIP_COMMAND,601.7735595703125,-305.23992919921875,336.7599792480469,90.32145690917969,-89.99778747558594,179.9637908935547,-4.2026,-1.6552,3.0362,-0.4319,-1.6288,1.2441,0.0,0.0,0.0,0.0,0.0,0.0,-3.0334,-4.2138,1.6317,-0.4319,-1.6288,1.2441,0.0,0.0,0.0,0.0,0.0,0.0,,,,,21.8,holding
2026-09-21T16:41:17.809+09:00,TEST_0001_LAN_L2,LAN_L2,HARD_GRIP,HARD_GRIP_STABILIZATION_END,601.7646484375,-305.20947265625,336.83270263671875,90.32380676269531,-89.99789428710938,179.97157287597656,-4.1337,-0.1259,4.6423,-0.5233,-1.7556,1.2143,0.0,0.0,0.0,0.0,0.0,0.0,-4.6219,-4.1728,0.0537,-0.5284,-1.7558,1.2265,0.0,0.0,0.0,0.0,0.0,0.0,,,,,19.1,moving
2026-09-21T16:41:17.842+09:00,TEST_0001_LAN_L2,LAN_L2,PULL_TEST,,601.765380859375,-305.20843505859375,336.8334045410156,90.32390594482422,-89.99789428710938,179.97169494628906,-4.1702,-0.0771,4.624,-0.5284,-1.7558,1.2265,0.0,0.0,0.0,0.0,0.0,0.0,-4.6219,-4.1728,0.0537,-0.5284,-1.7558,1.2265,0.0,0.0,0.0,0.0,0.0,0.0,,,0.0,0.001,19.1,moving
2026-09-21T16:41:17.898+09:00,TEST_0001_LAN_L2,LAN_L2,PULL_TEST,,601.7674560546875,-305.2032470703125,336.8343811035156,90.32426452636719,-89.99784851074219,179.97181701660156,-4.1702,-0.0771,4.624,-0.5284,-1.7558,1.2265,0.0,0.0,0.0,0.0,0.0,0.0,-4.6219,-4.1728,0.0537,-0.5284,-1.7558,1.2265,0.0,0.0,0.0,0.0,0.0,0.0,,,0.0,0.0062,19.1,moving
2026-09-21T16:41:17.952+09:00,TEST_0001_LAN_L2,LAN_L2,PULL_TEST,,601.7671508789062,-305.1484680175781,336.84136962890625,90.32453918457031,-89.99675750732422,179.971923828125,-4.1105,-0.1064,4.563,-0.54,-1.7581,1.1976,0.0597,-0.0292,-0.061,-0.0116,-0.0023,-0.0288,-4.561,-4.1133,0.0832,-0.54,-1.7581,1.1976,0.0609,0.0596,0.0295,-0.0116,-0.0023,-0.0288,,,0.0292,0.061,19.1,moving
2026-09-21T16:41:18.007+09:00,TEST_0001_LAN_L2,LAN_L2,PULL_TEST,,601.7403564453125,-304.9977111816406,336.83404541015625,90.32077026367188,-89.99812316894531,179.97190856933594,-4.1105,-0.1064,4.563,-0.54,-1.7581,1.1976,0.0597,-0.0292,-0.061,-0.0116,-0.0023,-0.0288,-4.561,-4.1133,0.0832,-0.54,-1.7581,1.1976,0.0609,0.0596,0.0295,-0.0116,-0.0023,-0.0288,,,0.0292,0.2118,19.1,moving
2026-09-21T16:41:18.064+09:00,TEST_0001_LAN_L2,LAN_L2,PULL_TEST,,601.6864624023438,-304.7210388183594,336.8383483886719,90.3130874633789,-89.99803161621094,179.9722442626953,-4.0418,-1.6867,4.4442,-0.54,-1.7649,1.384,0.1284,-1.6095,-0.1798,-0.0117,-0.0091,0.1575,-4.4421,-4.0533,1.6642,-0.54,-1.7649,1.384,0.1797,0.1195,1.6104,-0.0117,-0.0091,0.1575,,,1.6095,0.4884,18.9,holding
2026-09-21T16:41:18.119+09:00,TEST_0001_LAN_L2,LAN_L2,PULL_TEST,,601.6298828125,-304.32855224609375,336.8460693359375,90.30536651611328,-89.99786376953125,179.97299194335938,-3.6786,-5.3299,4.1376,-0.5903,-1.7748,1.625,0.4916,-5.2528,-0.4863,-0.062,-0.019,0.3985,-4.1357,-3.709,5.3103,-0.5903,-1.7748,1.625,0.4862,0.4639,5.2566,-0.062,-0.019,0.3985,,,5.2528,0.8809,18.9,holding
2026-09-21T16:41:18.175+09:00,TEST_0001_LAN_L2,LAN_L2,PULL_TEST,,601.6054077148438,-303.81585693359375,336.8721618652344,90.3029556274414,-89.99830627441406,179.97705078125,-3.6786,-5.3299,4.1376,-0.5903,-1.7748,1.625,0.4916,-5.2528,-0.4863,-0.062,-0.019,0.3985,-4.1357,-3.709,5.3103,-0.5903,-1.7748,1.625,0.4862,0.4639,5.2566,-0.062,-0.019,0.3985,,,5.2528,1.3936,18.9,holding
2026-09-21T16:41:18.232+09:00,TEST_0001_LAN_L2,LAN_L2,PULL_TEST,,601.580078125,-303.26171875,336.90753173828125,90.29999542236328,-89.9986572265625,179.98265075683594,-3.8975,-10.4321,3.4376,-0.6664,-1.8235,1.9376,0.2727,-10.355,-1.1864,-0.138,-0.0677,0.7111,-3.436,-3.9532,10.4117,-0.6664,-1.8235,1.9376,1.1859,0.2196,10.3579,-0.138,-0.0677,0.7111,,,10.355,1.9478,18.9,holding
2026-09-21T16:41:18.287+09:00,TEST_0001_LAN_L2,LAN_L2,PULL_TEST,,601.5570678710938,-302.74267578125,336.94781494140625,90.29710388183594,-89.99864959716797,179.98843383789062,-3.8975,-10.4321,3.4376,-0.6664,-1.8235,1.9376,0.2727,-10.355,-1.1864,-0.138,-0.0677,0.7111,-3.436,-3.9532,10.4117,-0.6664,-1.8235,1.9376,1.1859,0.2196,10.3579,-0.138,-0.0677,0.7111,,,10.355,2.4668,18.9,holding
2026-09-21T16:41:18.342+09:00,TEST_0001_LAN_L2,LAN_L2,PULL_TEST,,601.5479125976562,-302.1977233886719,336.97320556640625,90.2969970703125,-89.99951171875,179.9925537109375,-3.9571,-15.6694,2.6382,-0.6931,-1.858,2.1201,0.2131,-15.5922,-1.9858,-0.1648,-0.1023,0.8936,-2.6374,-4.0389,15.6486,-0.6931,-1.858,2.1201,1.9845,0.1339,15.5949,-0.1648,-0.1023,0.8936,,,15.5922,3.0117,18.9,holding
2026-09-21T16:41:18.398+09:00,TEST_0001_LAN_L2,LAN_L2,PULL_TEST,,601.5263061523438,-301.6548156738281,337.0049133300781,90.29432678222656,-89.99813842773438,179.99522399902344,-3.9571,-15.6694,2.6382,-0.6931,-1.858,2.1201,0.2131,-15.5922,-1.9858,-0.1648,-0.1023,0.8936,-2.6374,-4.0389,15.6486,-0.6931,-1.858,2.1201,1.9845,0.1339,15.5949,-0.1648,-0.1023,0.8936,,,15.5922,3.5547,18.9,holding
2026-09-21T16:41:18.454+09:00,TEST_0001_LAN_L2,LAN_L2,PULL_TEST,,601.53857421875,-301.0867004394531,336.993408203125,90.29668426513672,-89.998046875,179.99183654785156,-3.8548,-20.6658,1.9687,-0.6865,-1.8813,2.2363,0.3154,-20.5887,-2.6552,-0.1582,-0.1255,1.0098,-1.9677,-3.9613,20.6458,-0.6865,-1.8813,2.2363,2.6541,0.2116,20.592,-0.1582,-0.1255,1.0098,,,20.5887,4.1228,18.9,holding
2026-09-21T16:41:18.510+09:00,TEST_0001_LAN_L2,LAN_L2,PULL_TEST,,601.54638671875,-300.4905700683594,336.9785461425781,90.29795837402344,-89.9979019165039,179.986083984375,-4.1798,-24.7396,1.4095,-0.7212,-1.9428,2.3915,-0.0097,-24.6624,-3.2145,-0.1928,-0.187,1.165,-1.4075,-4.3088,24.7175,-0.7212,-1.9428,2.3915,3.2143,-0.1359,24.6638,-0.1928,-0.187,1.165,,,24.6624,4.7189,18.9,holding
2026-09-21T16:41:18.566+09:00,TEST_0001_LAN_L2,LAN_L2,PULL_TEST,,601.572265625,-299.90850830078125,336.953125,90.30084228515625,-89.99864196777344,179.9807891845703,-4.1798,-24.7396,1.4095,-0.7212,-1.9428,2.3915,-0.0097,-24.6624,-3.2145,-0.1928,-0.187,1.165,-1.4075,-4.3088,24.7175,-0.7212,-1.9428,2.3915,3.2143,-0.1359,24.6638,-0.1928,-0.187,1.165,,,24.6624,5.301,18.9,holding
2026-09-21T16:41:18.622+09:00,TEST_0001_LAN_L2,LAN_L2,PULL_TEST,,601.595947265625,-299.34161376953125,336.8991394042969,90.3017807006836,-89.99880981445312,179.9741668701172,-4.8316,-27.6062,1.0359,-0.7199,-2.0092,2.5758,-0.6614,-27.529,-3.588,-0.1916,-0.2534,1.3493,-1.0332,-4.9777,27.5803,-0.7199,-2.0092,2.5758,3.5887,-0.8049,27.5266,-0.1916,-0.2534,1.3493,,,27.529,5.8679,18.9,holding
2026-09-21T16:41:34.248+09:00,TEST_0001_LAN_L2,LAN_L2,RELEASE,RETURN_SOFT_GRIP_COMMAND,601.7870483398438,-298.97418212890625,336.8466796875,90.32434844970703,-89.99822235107422,179.9749298095703,-4.7039,-20.6238,2.4417,-0.4923,-1.7372,1.8263,0.0,0.0,0.0,0.0,0.0,0.0,-2.4389,-4.8217,20.5969,-0.4923,-1.7372,1.8263,0.0,0.0,0.0,0.0,0.0,0.0,,,,,18.9,holding
2026-09-21T16:41:34.678+09:00,TEST_0001_LAN_L2,LAN_L2,RELEASE,RETURN_SOFT_GRIP_OPEN_REACHED,601.8717651367188,-298.8031311035156,336.8459777832031,90.34062957763672,-89.99821472167969,179.9748077392578,-5.1687,-5.9154,2.3017,-0.5753,-1.793,1.8424,0.0,0.0,0.0,0.0,0.0,0.0,-2.2992,-5.2048,5.8847,-0.5753,-1.793,1.8424,0.0,0.0,0.0,0.0,0.0,0.0,,,,,24.3,moving
2026-09-21T16:41:37.418+09:00,TEST_0001_LAN_L5,LAN_L5,PREPARE_SOFT_GRIP,INITIAL_SOFT_GRIP_OPEN_COMMAND,602.3673095703125,-36.230777740478516,347.89599609375,113.17240142822266,-136.43008422851562,-147.8135528564453,1.235,-3.1192,4.0561,-0.3533,-1.9632,1.0147,0.0,0.0,0.0,0.0,0.0,0.0,-4.4713,2.7055,-0.6274,-0.3533,-1.9632,1.0147,0.0,0.0,0.0,0.0,0.0,0.0,,,,,25.3,holding
2026-09-21T16:41:37.430+09:00,TEST_0001_LAN_L5,LAN_L5,PREPARE_SOFT_GRIP,INITIAL_SOFT_GRIP_OPEN_REACHED,602.3672485351562,-36.231815338134766,347.89599609375,113.17230224609375,-136.43008422851562,-147.8135528564453,1.235,-3.1192,4.0561,-0.3533,-1.9632,1.0147,0.0,0.0,0.0,0.0,0.0,0.0,-4.4713,2.7055,-0.6274,-0.3533,-1.9632,1.0147,0.0,0.0,0.0,0.0,0.0,0.0,,,,,25.3,holding
2026-09-21T16:41:40.222+09:00,TEST_0001_LAN_L5,LAN_L5,SOFT_GRIP_ENTRY,SOFT_GRIP_COMMAND,559.9393310546875,-295.1573791503906,336.8211975097656,90.31754302978516,-89.99633026123047,179.97584533691406,-1.9004,-2.1136,4.0766,0.3186,-0.6591,0.5851,0.0,0.0,0.0,0.0,0.0,0.0,-4.0757,-1.9138,2.1033,0.3186,-0.6591,0.5851,0.0,0.0,0.0,0.0,0.0,0.0,,,,,25.3,holding
2026-09-21T16:41:40.268+09:00,TEST_0001_LAN_L5,LAN_L5,SOFT_GRIP_ENTRY,ENTRY_MOTION_START_WIDTH_REACHED,559.9387817382812,-295.1564025878906,336.82073974609375,90.31745147705078,-89.99640655517578,179.97584533691406,-1.9004,-2.1136,4.0766,0.3186,-0.6591,0.5851,0.0,0.0,0.0,0.0,0.0,0.0,-4.0757,-1.9138,2.1033,0.3186,-0.6591,0.5851,0.0,0.0,0.0,0.0,0.0,0.0,,,,,24.9,moving
2026-09-21T16:41:40.299+09:00,TEST_0001_LAN_L5,LAN_L5,SOFT_GRIP_ENTRY,,559.9386596679688,-295.15447998046875,336.8202819824219,90.31745147705078,-89.9964828491211,179.97569274902344,-1.9004,-2.1136,4.0766,0.3186,-0.6591,0.5851,0.0,0.0,0.0,0.0,0.0,0.0,-4.0757,-1.9138,2.1033,0.3186,-0.6591,0.5851,0.0,0.0,0.0,0.0,0.0,0.0,0.0,-0.0029,,,24.8,moving
2026-09-21T16:41:40.356+09:00,TEST_0001_LAN_L5,LAN_L5,SOFT_GRIP_ENTRY,,559.938232421875,-295.152587890625,336.8190612792969,90.31739807128906,-89.99669647216797,179.97552490234375,-1.9946,-2.2898,4.029,0.2874,-0.691,0.6809,-0.0942,-0.1762,-0.0476,-0.0313,-0.0319,0.0958,-4.028,-2.009,2.2789,0.2874,-0.691,0.6809,0.0477,-0.0952,0.1756,-0.0313,-0.0319,0.0958,0.1762,-0.0048,,,23.8,moving
2026-09-21T16:41:40.414+09:00,TEST_0001_LAN_L5,LAN_L5,SOFT_GRIP_ENTRY,,559.9474487304688,-295.16021728515625,336.8151550292969,90.31898498535156,-89.99755096435547,179.9756317138672,-2.0122,-2.262,3.8314,0.2442,-0.7343,0.6966,-0.1117,-0.1484,-0.2452,-0.0744,-0.0752,0.1115,-3.8304,-2.0263,2.251,0.2442,-0.7343,0.6966,0.2453,-0.1125,0.1477,-0.0744,-0.0752,0.1115,0.1484,0.0028,,,21.9,holding
2026-09-21T16:41:40.470+09:00,TEST_0001_LAN_L5,LAN_L5,SOFT_GRIP_ENTRY,,560.0126953125,-295.2695007324219,336.8004150390625,90.32925415039062,-90.0002670288086,179.97581481933594,-2.0122,-2.262,3.8314,0.2442,-0.7343,0.6966,-0.1117,-0.1484,-0.2452,-0.0744,-0.0752,0.1115,-3.8304,-2.0263,2.251,0.2442,-0.7343,0.6966,0.2453,-0.1125,0.1477,-0.0744,-0.0752,0.1115,0.1484,0.1121,,,21.4,holding
2026-09-21T16:41:40.526+09:00,TEST_0001_LAN_L5,LAN_L5,SOFT_GRIP_ENTRY,,560.0650634765625,-295.5634765625,336.81121826171875,90.33544158935547,-89.99868774414062,179.97662353515625,-2.195,-0.9427,3.9623,0.2162,-0.7704,0.587,-0.2945,1.1709,-0.1143,-0.1025,-0.1113,0.0019,-3.9613,-2.2021,0.9299,0.2162,-0.7704,0.587,0.1143,-0.2882,-1.1734,-0.1025,-0.1113,0.0019,1.1709,0.4061,,,21.4,holding
2026-09-21T16:41:40.582+09:00,TEST_0001_LAN_L5,LAN_L5,SOFT_GRIP_ENTRY,,560.1078491210938,-296.0239562988281,336.8026123046875,90.3384780883789,-90.00028228759766,179.97726440429688,-2.195,-0.9427,3.9623,0.2162,-0.7704,0.587,-0.2945,1.1709,-0.1143,-0.1025,-0.1113,0.0019,-3.9613,-2.2021,0.9299,0.2162,-0.7704,0.587,0.1143,-0.2882,-1.1734,-0.1025,-0.1113,0.0019,1.1709,0.8666,,,21.4,holding
2026-09-21T16:41:40.639+09:00,TEST_0001_LAN_L5,LAN_L5,SOFT_GRIP_ENTRY,,560.1400146484375,-296.5588684082031,336.78668212890625,90.34043884277344,-90.0000228881836,179.9749298095703,-2.1682,-0.0644,4.1456,0.2609,-0.7816,0.5008,-0.2678,2.0492,0.0691,-0.0578,-0.1225,-0.0843,-4.1448,-2.1702,0.0515,0.2609,-0.7816,0.5008,-0.0691,-0.2564,-2.0518,-0.0578,-0.1225,-0.0843,2.0492,1.4015,,,21.4,holding
2026-09-21T16:41:40.695+09:00,TEST_0001_LAN_L5,LAN_L5,SOFT_GRIP_ENTRY,,560.1407470703125,-297.11761474609375,336.7585754394531,90.33942413330078,-89.99723815917969,179.9679718017578,-2.1682,-0.0644,4.1456,0.2609,-0.7816,0.5008,-0.2678,2.0492,0.0691,-0.0578,-0.1225,-0.0843,-4.1448,-2.1702,0.0515,0.2609,-0.7816,0.5008,-0.0691,-0.2564,-2.0518,-0.0578,-0.1225,-0.0843,2.0492,1.9602,,,21.4,holding
2026-09-21T16:41:40.752+09:00,TEST_0001_LAN_L5,LAN_L5,SOFT_GRIP_ENTRY,,560.1336059570312,-297.6940612792969,336.7017822265625,90.33845520019531,-89.99689483642578,179.9584197998047,-1.9423,1.5184,4.1192,0.3187,-0.7685,0.3678,-0.0419,3.632,0.0426,0.0001,-0.1095,-0.2173,-4.1181,-1.9357,-1.5297,0.3187,-0.7685,0.3678,-0.0424,-0.0219,-3.633,0.0001,-0.1095,-0.2173,3.632,2.5367,,,21.4,holding
2026-09-21T16:41:40.808+09:00,TEST_0001_LAN_L5,LAN_L5,SOFT_GRIP_ENTRY,,560.106201171875,-298.2734375,336.6615905761719,90.33403778076172,-89.99610900878906,179.95140075683594,-1.9423,1.5184,4.1192,0.3187,-0.7685,0.3678,-0.0419,3.632,0.0426,0.0001,-0.1095,-0.2173,-4.1181,-1.9357,-1.5297,0.3187,-0.7685,0.3678,-0.0424,-0.0219,-3.633,0.0001,-0.1095,-0.2173,3.632,3.1161,,,21.4,holding
2026-09-21T16:41:40.866+09:00,TEST_0001_LAN_L5,LAN_L5,SOFT_GRIP_ENTRY,,560.0958862304688,-298.8528747558594,336.6385192871094,90.33356475830078,-89.99713897705078,179.95115661621094,-1.7257,3.3689,3.9915,0.313,-0.7073,0.2344,0.1747,5.4825,-0.0851,-0.0056,-0.0483,-0.3507,-3.9903,-1.7094,-3.3786,0.313,-0.7073,0.2344,0.0854,0.2044,-5.4819,-0.0056,-0.0483,-0.3507,5.4825,3.6955,,,21.4,holding
2026-09-21T16:41:40.924+09:00,TEST_0001_LAN_L5,LAN_L5,SOFT_GRIP_ENTRY,,560.0521850585938,-299.46539306640625,336.64031982421875,90.32830047607422,-89.99747467041016,179.95486450195312,-1.2645,4.439,4.0062,0.2993,-0.6481,0.1106,0.636,6.5526,-0.0704,-0.0194,0.011,-0.4745,-4.0054,-1.2421,-4.446,0.2993,-0.6481,0.1106,0.0703,0.6717,-6.5493,-0.0194,0.011,-0.4745,6.5526,4.308,,,21.4,holding
2026-09-21T16:41:40.981+09:00,TEST_0001_LAN_L5,LAN_L5,SOFT_GRIP_ENTRY,,560.0189208984375,-300.0518798828125,336.6793212890625,90.32542419433594,-89.99671173095703,179.96022033691406,-1.2645,4.439,4.0062,0.2993,-0.6481,0.1106,0.636,6.5526,-0.0704,-0.0194,0.011,-0.4745,-4.0054,-1.2421,-4.446,0.2993,-0.6481,0.1106,0.0703,0.6717,-6.5493,-0.0194,0.011,-0.4745,6.5526,4.8945,,,21.4,holding
2026-09-21T16:41:41.036+09:00,TEST_0001_LAN_L5,LAN_L5,SOFT_GRIP_ENTRY,,559.9893798828125,-300.5237731933594,336.7342834472656,90.32396697998047,-89.99646759033203,179.96678161621094,-0.6069,4.4861,3.8894,0.28,-0.6138,-0.0236,1.2935,6.5997,-0.1872,-0.0386,0.0452,-0.6087,-3.8893,-0.584,-4.4892,0.28,-0.6138,-0.0236,0.1863,1.3298,-6.5925,-0.0386,0.0452,-0.6087,6.5997,5.3664,,,21.4,holding
2026-09-21T16:41:42.093+09:00,TEST_0001_LAN_L5,LAN_L5,SOFT_GRIP_ENTRY,SOFT_GRIP_STABILIZATION_END,559.8867797851562,-301.1970520019531,336.8482360839844,90.31359100341797,-89.996337890625,179.9787139892578,-1.0312,3.7806,3.1995,0.1714,-0.7547,0.5943,0.0,0.0,0.0,0.0,0.0,0.0,-3.1994,-1.0117,-3.786,0.1714,-0.7547,0.5943,0.0,0.0,0.0,0.0,0.0,0.0,,,,,21.4,holding
2026-09-21T16:41:42.145+09:00,TEST_0001_LAN_L5,LAN_L5,HARD_GRIP,HARD_GRIP_COMMAND,559.8865356445312,-301.1960754394531,336.8468322753906,90.31349182128906,-89.99641418457031,179.97860717773438,-1.0765,3.6824,3.1475,0.1571,-0.7734,0.6158,0.0,0.0,0.0,0.0,0.0,0.0,-3.1474,-1.0575,-3.688,0.1571,-0.7734,0.6158,0.0,0.0,0.0,0.0,0.0,0.0,,,,,21.4,holding
2026-09-21T16:41:43.149+09:00,TEST_0001_LAN_L5,LAN_L5,HARD_GRIP,HARD_GRIP_STABILIZATION_END,559.9034423828125,-301.1698913574219,336.83990478515625,90.31596374511719,-89.99647521972656,179.97674560546875,-1.511,4.5948,3.4159,0.1212,-0.8772,0.6718,0.0,0.0,0.0,0.0,0.0,0.0,-3.4156,-1.487,-4.6028,0.1212,-0.8772,0.6718,0.0,0.0,0.0,0.0,0.0,0.0,,,,,20.1,moving
2026-09-21T16:41:43.184+09:00,TEST_0001_LAN_L5,LAN_L5,PULL_TEST,,559.904296875,-301.1689147949219,336.8389587402344,90.3160629272461,-89.99647521972656,179.9766387939453,-1.511,4.5948,3.4159,0.1212,-0.8772,0.6718,0.0,0.0,0.0,0.0,0.0,0.0,-3.4156,-1.487,-4.6028,0.1212,-0.8772,0.6718,0.0,0.0,0.0,0.0,0.0,0.0,,,0.0,0.001,20.1,moving
2026-09-21T16:41:43.241+09:00,TEST_0001_LAN_L5,LAN_L5,PULL_TEST,,559.906982421875,-301.1631164550781,336.8383483886719,90.31652069091797,-89.99641418457031,179.97654724121094,-1.5459,4.5809,3.4277,0.1157,-0.8863,0.6783,-0.0349,-0.0138,0.0118,-0.0056,-0.0091,0.0065,-3.4273,-1.522,-4.5892,0.1157,-0.8863,0.6783,-0.0118,-0.035,0.0136,-0.0056,-0.0091,0.0065,,,0.0138,0.0068,19.9,moving
2026-09-21T16:41:43.297+09:00,TEST_0001_LAN_L5,LAN_L5,PULL_TEST,,559.9008178710938,-301.10546875,336.84881591796875,90.31588745117188,-89.99442291259766,179.9762725830078,-1.5459,4.5809,3.4277,0.1157,-0.8863,0.6783,-0.0349,-0.0138,0.0118,-0.0056,-0.0091,0.0065,-3.4273,-1.522,-4.5892,0.1157,-0.8863,0.6783,-0.0118,-0.035,0.0136,-0.0056,-0.0091,0.0065,,,0.0138,0.0644,19.9,moving
2026-09-21T16:41:43.353+09:00,TEST_0001_LAN_L5,LAN_L5,PULL_TEST,,559.8583984375,-300.96240234375,336.8336181640625,90.30950927734375,-89.99671173095703,179.97564697265625,-1.4513,3.8823,3.4229,0.1378,-0.8931,0.7433,0.0597,-0.7125,0.007,0.0165,-0.0159,0.0715,-3.4226,-1.4314,-3.8899,0.1378,-0.8931,0.7433,-0.0071,0.0556,0.7129,0.0165,-0.0159,0.0715,,,0.7125,0.2075,19.9,moving
2026-09-21T16:41:43.409+09:00,TEST_0001_LAN_L5,LAN_L5,PULL_TEST,,559.8228759765625,-300.65673828125,336.8236389160156,90.30545806884766,-89.99755096435547,179.97445678710938,-1.4513,3.8823,3.4229,0.1378,-0.8931,0.7433,0.0597,-0.7125,0.007,0.0165,-0.0159,0.0715,-3.2419,-1.0326,-0.9776,0.1184,-0.8895,0.9272,0.1737,0.4544,3.6252,-0.0028,-0.0123,0.2554,,,0.7125,0.5132,19.9,moving
2026-09-21T16:41:43.465+09:00,TEST_0001_LAN_L5,LAN_L5,PULL_TEST,,559.7781372070312,-300.2039489746094,336.8195495605469,90.30074310302734,-89.99649047851562,179.97264099121094,-1.0363,0.9723,3.2423,0.1184,-0.8895,0.9272,0.4747,-3.6225,-0.1736,-0.0028,-0.0123,0.2554,-3.2419,-1.0326,-0.9776,0.1184,-0.8895,0.9272,0.1737,0.4544,3.6252,-0.0028,-0.0123,0.2554,,,3.6225,0.9659,19.8,moving
2026-09-21T16:41:43.521+09:00,TEST_0001_LAN_L5,LAN_L5,PULL_TEST,,559.7484130859375,-299.6826477050781,336.7975769042969,90.29830932617188,-89.99627685546875,179.9690399169922,-0.9112,-3.7529,2.756,0.1056,-0.9264,1.1774,0.5998,-8.3477,-0.6599,-0.0156,-0.0492,0.5055,-2.7552,-0.9321,3.7483,0.1056,-0.9264,1.1774,0.6603,0.5549,8.3511,-0.0156,-0.0492,0.5055,,,8.3477,1.4872,19.8,moving
2026-09-21T16:41:43.578+09:00,TEST_0001_LAN_L5,LAN_L5,PULL_TEST,,559.7239990234375,-299.1340637207031,336.7730407714844,90.29564666748047,-89.99475860595703,179.96421813964844,-0.9112,-3.7529,2.756,0.1056,-0.9264,1.1774,0.5998,-8.3477,-0.6599,-0.0156,-0.0492,0.5055,-2.7552,-0.9321,3.7483,0.1056,-0.9264,1.1774,0.6603,0.5549,8.3511,-0.0156,-0.0492,0.5055,,,8.3477,2.0358,19.8,moving
2026-09-21T16:41:43.634+09:00,TEST_0001_LAN_L5,LAN_L5,PULL_TEST,,559.7267456054688,-298.5522766113281,336.74993896484375,90.29625701904297,-89.99423217773438,179.96031188964844,-1.2094,-8.3513,2.3075,0.0877,-0.9674,1.4694,0.3016,-12.9461,-1.1084,-0.0335,-0.0902,0.7976,-2.3058,-1.254,8.3452,0.0877,-0.9674,1.4694,1.1097,0.233,12.948,-0.0335,-0.0902,0.7976,,,12.9461,2.6176,19.6,moving
2026-09-21T16:41:43.689+09:00,TEST_0001_LAN_L5,LAN_L5,PULL_TEST,,559.7517700195312,-297.9690246582031,336.718505859375,90.29933166503906,-89.9953842163086,179.95669555664062,-1.2094,-8.3513,2.3075,0.0877,-0.9674,1.4694,0.3016,-12.9461,-1.1084,-0.0335,-0.0902,0.7976,-2.3058,-1.254,8.3452,0.0877,-0.9674,1.4694,1.1097,0.233,12.948,-0.0335,-0.0902,0.7976,,,12.9461,3.2009,19.6,moving
2026-09-21T16:41:43.745+09:00,TEST_0001_LAN_L5,LAN_L5,PULL_TEST,,559.75439453125,-297.4203186035156,336.6906433105469,90.2975845336914,-89.99534606933594,179.95358276367188,-2.0634,-9.4621,2.0929,0.0318,-1.0115,1.7533,-0.5525,-14.0569,-1.3229,-0.0894,-0.1343,1.0815,-2.0905,-2.1144,9.4514,0.0318,-1.0115,1.7533,1.3251,-0.6274,14.0542,-0.0894,-0.1343,1.0815,,,14.0569,3.7496,19.6,moving
2026-09-21T16:41:43.801+09:00,TEST_0001_LAN_L5,LAN_L5,PULL_TEST,,559.7925415039062,-296.83935546875,336.66131591796875,90.30130767822266,-89.99696350097656,179.9512939453125,-2.0634,-9.4621,2.0929,0.0318,-1.0115,1.7533,-0.5525,-14.0569,-1.3229,-0.0894,-0.1343,1.0815,-2.0905,-2.1144,9.4514,0.0318,-1.0115,1.7533,1.3251,-0.6274,14.0542,-0.0894,-0.1343,1.0815,,,14.0569,4.3305,19.6,moving
2026-09-21T16:41:43.856+09:00,TEST_0001_LAN_L5,LAN_L5,PULL_TEST,,559.8117065429688,-296.274658203125,336.6600646972656,90.30111694335938,-89.99560546875,179.9510955810547,-2.3131,-12.7825,1.9011,0.0185,-1.0421,1.9245,-0.8021,-17.3773,-1.5148,-0.1027,-0.1649,1.2527,-1.8983,-2.382,12.7702,0.0185,-1.0421,1.9245,1.5172,-0.895,17.3731,-0.1027,-0.1649,1.2527,,,17.3773,4.8952,19.4,moving
2026-09-21T16:41:43.911+09:00,TEST_0001_LAN_L5,LAN_L5,PULL_TEST,,559.8163452148438,-295.7514953613281,336.6746826171875,90.29883575439453,-89.99494934082031,179.95314025878906,-2.3576,-16.5862,1.5078,-0.0037,-1.0698,2.0326,-0.8466,-21.181,-1.9081,-0.125,-0.1926,1.3608,-1.5044,-2.4453,16.5738,-0.0037,-1.0698,2.0326,1.9112,-0.9582,21.1767,-0.125,-0.1926,1.3608,,,21.181,5.4184,19.4,moving
2026-09-21T16:41:43.967+09:00,TEST_0001_LAN_L5,LAN_L5,PULL_TEST,,559.8338623046875,-295.1899108886719,336.69000244140625,90.30000305175781,-89.99589538574219,179.95608520507812,-2.3576,-16.5862,1.5078,-0.0037,-1.0698,2.0326,-0.8466,-21.181,-1.9081,-0.125,-0.1926,1.3608,-1.5044,-2.4453,16.5738,-0.0037,-1.0698,2.0326,1.9112,-0.9582,21.1767,-0.125,-0.1926,1.3608,,,21.181,5.98,19.4,moving
2026-09-21T16:41:44.024+09:00,TEST_0001_LAN_L5,LAN_L5,PULL_TEST,,559.842529296875,-294.5996398925781,336.720947265625,90.30070495605469,-89.99625396728516,179.9608612060547,-2.3768,-20.3535,1.0552,-0.0005,-1.0934,2.1173,-0.8658,-24.9483,-2.3607,-0.1218,-0.2162,1.4454,-1.0521,-2.4844,20.3408,-0.0005,-1.0934,2.1173,2.3634,-0.9974,24.9437,-0.1218,-0.2162,1.4454,,,24.9483,6.5703,19.4,moving
2026-09-21T16:41:44.081+09:00,TEST_0001_LAN_L5,LAN_L5,PULL_TEST,,559.8471069335938,-294.0289306640625,336.7364501953125,90.30187225341797,-89.99724578857422,179.96389770507812,-2.3768,-20.3535,1.0552,-0.0005,-1.0934,2.1173,-0.8658,-24.9483,-2.3607,-0.1218,-0.2162,1.4454,-1.0521,-2.4844,20.3408,-0.0005,-1.0934,2.1173,2.3634,-0.9974,24.9437,-0.1218,-0.2162,1.4454,,,24.9483,7.141,19.3,moving
2026-09-21T16:41:44.137+09:00,TEST_0001_LAN_L5,LAN_L5,PULL_TEST,,559.8333740234375,-293.4737548828125,336.7612609863281,90.30026245117188,-89.99610900878906,179.96559143066406,-2.3204,-23.5478,0.6459,-0.0037,-1.1054,2.1563,-0.8094,-28.1425,-2.77,-0.1249,-0.2282,1.4844,-0.6431,-2.4444,23.5353,-0.0037,-1.1054,2.1563,2.7724,-0.9574,28.1381,-0.1249,-0.2282,1.4844,,,28.1425,7.6961,19.3,moving
2026-09-21T16:41:55.917+09:00,TEST_0001_LAN_L5,LAN_L5,RELEASE,RETURN_SOFT_GRIP_COMMAND,559.9324340820312,-293.2010803222656,336.8300476074219,90.31673431396484,-89.99646759033203,179.97695922851562,-2.8377,-7.3926,3.3496,0.004,-0.9918,1.4904,0.0,0.0,0.0,0.0,0.0,0.0,-3.348,-2.8798,7.377,0.004,-0.9918,1.4904,0.0,0.0,0.0,0.0,0.0,0.0,,,,,18.6,holding
2026-09-21T16:41:56.239+09:00,TEST_0001_LAN_L5,LAN_L5,RELEASE,RETURN_SOFT_GRIP_OPEN_REACHED,559.9326171875,-293.20013427734375,336.8293762207031,90.31683349609375,-89.9964599609375,179.97683715820312,-2.8161,-5.0112,3.2239,-0.0478,-1.0641,1.4265,0.0,0.0,0.0,0.0,0.0,0.0,-3.2224,-2.8451,4.9958,-0.0478,-1.0641,1.4265,0.0,0.0,0.0,0.0,0.0,0.0,,,,,23.8,moving
2026-09-21T16:42:28.509+09:00,TEST_0002_LAN_L2,LAN_L2,PREPARE_SOFT_GRIP,INITIAL_SOFT_GRIP_OPEN_COMMAND,602.3613891601562,-36.41184997558594,347.7210998535156,113.13311004638672,-136.42881774902344,-147.84829711914062,0.6092,-1.9929,3.7172,-0.7547,-2.893,0.883,0.0,0.0,0.0,0.0,0.0,0.0,-3.5587,1.9738,-1.265,-0.7547,-2.893,0.883,0.0,0.0,0.0,0.0,0.0,0.0,,,,,25.1,holding
2026-09-21T16:42:28.523+09:00,TEST_0002_LAN_L2,LAN_L2,PREPARE_SOFT_GRIP,INITIAL_SOFT_GRIP_OPEN_REACHED,602.3613891601562,-36.41184997558594,347.7210998535156,113.13311004638672,-136.42881774902344,-147.84829711914062,0.6092,-1.9929,3.7172,-0.7547,-2.893,0.883,0.0,0.0,0.0,0.0,0.0,0.0,-3.5587,1.9738,-1.265,-0.7547,-2.893,0.883,0.0,0.0,0.0,0.0,0.0,0.0,,,,,25.1,holding
2026-09-21T16:42:31.322+09:00,TEST_0002_LAN_L2,LAN_L2,SOFT_GRIP_ENTRY,SOFT_GRIP_COMMAND,601.79296875,-303.1046142578125,336.8576354980469,90.32518768310547,-89.99777221679688,179.9759979248047,-5.1163,-1.9469,1.2936,-0.537,-1.9125,1.1804,0.0,0.0,0.0,0.0,0.0,0.0,-1.2914,-5.1279,1.9179,-0.537,-1.9125,1.1804,0.0,0.0,0.0,0.0,0.0,0.0,,,,,25.1,holding
2026-09-21T16:42:31.368+09:00,TEST_0002_LAN_L2,LAN_L2,SOFT_GRIP_ENTRY,ENTRY_MOTION_START_WIDTH_REACHED,601.7910766601562,-303.1036071777344,336.8559875488281,90.32495880126953,-89.99781036376953,179.97576904296875,-5.1163,-1.9469,1.2936,-0.537,-1.9125,1.1804,0.0,0.0,0.0,0.0,0.0,0.0,-1.2914,-5.1279,1.9179,-0.537,-1.9125,1.1804,0.0,0.0,0.0,0.0,0.0,0.0,,,,,24.9,moving
2026-09-21T16:42:31.398+09:00,TEST_0002_LAN_L2,LAN_L2,SOFT_GRIP_ENTRY,,601.7918701171875,-303.1015319824219,336.8551940917969,90.32511138916016,-89.9979476928711,179.9757537841797,-5.1163,-1.9469,1.2936,-0.537,-1.9125,1.1804,0.0,0.0,0.0,0.0,0.0,0.0,-1.2914,-5.1279,1.9179,-0.537,-1.9125,1.1804,0.0,0.0,0.0,0.0,0.0,0.0,0.0,-0.0041,,,24.8,moving
2026-09-21T16:42:31.453+09:00,TEST_0002_LAN_L2,LAN_L2,SOFT_GRIP_ENTRY,,601.7910766601562,-303.1004943847656,336.8539733886719,90.32501983642578,-89.99803924560547,179.9756317138672,-5.0794,-1.8922,1.3261,-0.5503,-1.8987,1.2243,0.0369,0.0547,0.0325,-0.0134,0.0138,0.0439,-1.3238,-5.0906,1.8634,-0.5503,-1.8987,1.2243,-0.0325,0.0372,-0.0545,-0.0134,0.0138,0.0439,0.0547,-0.0052,,,23.9,moving
2026-09-21T16:42:31.509+09:00,TEST_0002_LAN_L2,LAN_L2,SOFT_GRIP_ENTRY,,601.8013916015625,-303.11285400390625,336.847412109375,90.32677459716797,-89.99905395507812,179.9756622314453,-5.0794,-1.8922,1.3261,-0.5503,-1.8987,1.2243,0.0369,0.0547,0.0325,-0.0134,0.0138,0.0439,-1.4165,-5.0789,1.8351,-0.527,-1.8704,1.2386,-0.1251,0.049,-0.0828,0.01,0.0421,0.0582,0.0547,0.0072,,,22.1,moving
2026-09-21T16:42:31.565+09:00,TEST_0002_LAN_L2,LAN_L2,SOFT_GRIP_ENTRY,,601.8587036132812,-303.24072265625,336.8200378417969,90.33611297607422,-90.00324249267578,179.97512817382812,-5.0677,-1.864,1.4186,-0.527,-1.8704,1.2386,0.0486,0.0829,0.1251,0.01,0.0421,0.0582,-1.4165,-5.0789,1.8351,-0.527,-1.8704,1.2386,-0.1251,0.049,-0.0828,0.01,0.0421,0.0582,0.0829,0.1351,,,21.8,holding
2026-09-21T16:42:31.621+09:00,TEST_0002_LAN_L2,LAN_L2,SOFT_GRIP_ENTRY,,601.8920288085938,-303.5651550292969,336.8291320800781,90.340087890625,-89.99999237060547,179.97393798828125,-5.0885,-0.516,1.0337,-0.4837,-1.8451,1.0949,0.0278,1.4309,-0.2599,0.0533,0.0674,-0.0855,-1.0314,-5.092,0.4858,-0.4837,-1.8451,1.0949,0.2599,0.0359,-1.4322,0.0533,0.0674,-0.0855,1.4309,0.4595,,,21.8,holding
2026-09-21T16:42:31.677+09:00,TEST_0002_LAN_L2,LAN_L2,SOFT_GRIP_ENTRY,,601.88134765625,-304.0191955566406,336.80438232421875,90.33685302734375,-89.99906158447266,179.9694061279297,-5.0885,-0.516,1.0337,-0.4837,-1.8451,1.0949,0.0278,1.4309,-0.2599,0.0533,0.0674,-0.0855,-1.0314,-5.092,0.4858,-0.4837,-1.8451,1.0949,0.2599,0.0359,-1.4322,0.0533,0.0674,-0.0855,1.4309,0.9135,,,21.8,holding
2026-09-21T16:42:31.732+09:00,TEST_0002_LAN_L2,LAN_L2,SOFT_GRIP_ENTRY,,601.8831787109375,-304.4454040527344,336.7613220214844,90.33712768554688,-89.99788665771484,179.9617156982422,-4.7622,-0.4058,0.8279,-0.3964,-1.8224,0.926,0.3541,1.5412,-0.4657,0.1406,0.0901,-0.2544,-0.8249,-4.7651,0.3778,-0.3964,-1.8224,0.926,0.4665,0.3628,-1.5402,0.1406,0.0901,-0.2544,1.5412,1.3398,,,21.8,holding
2026-09-21T16:42:32.788+09:00,TEST_0002_LAN_L2,LAN_L2,SOFT_GRIP_ENTRY,SOFT_GRIP_STABILIZATION_END,601.7832641601562,-305.2254333496094,336.7271423339844,90.3235092163086,-89.99712371826172,179.9586181640625,-3.9465,4.749,1.3072,-0.3598,-1.6342,1.2382,0.0,0.0,0.0,0.0,0.0,0.0,-1.3045,-3.9206,-4.7712,-0.3598,-1.6342,1.2382,0.0,0.0,0.0,0.0,0.0,0.0,,,,,21.8,holding
2026-09-21T16:42:32.841+09:00,TEST_0002_LAN_L2,LAN_L2,HARD_GRIP,HARD_GRIP_COMMAND,601.7807006835938,-305.2254943847656,336.732421875,90.32331848144531,-89.99722290039062,179.95938110351562,-3.9178,4.5131,0.9347,-0.392,-1.6308,1.2224,0.0,0.0,0.0,0.0,0.0,0.0,-0.9321,-3.8929,-4.5351,-0.392,-1.6308,1.2224,0.0,0.0,0.0,0.0,0.0,0.0,,,,,21.8,holding
2026-09-21T16:42:33.845+09:00,TEST_0002_LAN_L2,LAN_L2,HARD_GRIP,HARD_GRIP_STABILIZATION_END,601.7642211914062,-305.2167053222656,336.8124084472656,90.32363891601562,-89.99769592285156,179.96884155273438,-3.7936,6.1814,0.9114,-0.5034,-1.7552,1.2555,0.0,0.0,0.0,0.0,0.0,0.0,-0.9096,-3.7592,-6.2027,-0.5034,-1.7552,1.2555,0.0,0.0,0.0,0.0,0.0,0.0,,,,,19.1,moving
2026-09-21T16:42:33.880+09:00,TEST_0002_LAN_L2,LAN_L2,PULL_TEST,,601.76416015625,-305.2167053222656,336.8141174316406,90.32363891601562,-89.9977035522461,179.96905517578125,-3.7936,6.1814,0.9114,-0.5034,-1.7552,1.2555,0.0,0.0,0.0,0.0,0.0,0.0,-0.9096,-3.7592,-6.2027,-0.5034,-1.7552,1.2555,0.0,0.0,0.0,0.0,0.0,0.0,,,0.0,0.0,19.1,moving
2026-09-21T16:42:33.937+09:00,TEST_0002_LAN_L2,LAN_L2,PULL_TEST,,601.7666015625,-305.21356201171875,336.81866455078125,90.32392883300781,-89.99771881103516,179.96974182128906,-3.8019,6.1203,0.8156,-0.5289,-1.7682,1.2598,-0.0083,-0.0611,-0.0959,-0.0255,-0.013,0.0043,-0.8138,-3.7677,-6.1416,-0.5289,-1.7682,1.2598,0.0958,-0.0086,0.061,-0.0255,-0.013,0.0043,,,0.0611,0.0031,19.1,moving
2026-09-21T16:42:33.993+09:00,TEST_0002_LAN_L2,LAN_L2,PULL_TEST,,601.7564697265625,-305.1671142578125,336.8326721191406,90.32231140136719,-89.99578094482422,179.97021484375,-3.8019,6.1203,0.8156,-0.5289,-1.7682,1.2598,-0.0083,-0.0611,-0.0959,-0.0255,-0.013,0.0043,-0.8138,-3.7677,-6.1416,-0.5289,-1.7682,1.2598,0.0958,-0.0086,0.061,-0.0255,-0.013,0.0043,,,0.0611,0.0496,19.1,moving
2026-09-21T16:42:34.048+09:00,TEST_0002_LAN_L2,LAN_L2,PULL_TEST,,601.7259521484375,-305.025634765625,336.8456726074219,90.31753540039062,-89.99478149414062,179.97129821777344,-3.7614,5.3017,0.7835,-0.5229,-1.7736,1.3698,0.0323,-0.8796,-0.1279,-0.0196,-0.0184,0.1143,-0.7821,-3.732,-5.3227,-0.5229,-1.7736,1.3698,0.1275,0.0272,0.88,-0.0196,-0.0184,0.1143,,,0.8796,0.1911,19.1,moving
2026-09-21T16:42:34.103+09:00,TEST_0002_LAN_L2,LAN_L2,PULL_TEST,,601.6697998046875,-304.7591857910156,336.855712890625,90.30852508544922,-89.99618530273438,179.9738311767578,-3.7614,5.3017,0.7835,-0.5229,-1.7736,1.3698,0.0323,-0.8796,-0.1279,-0.0196,-0.0184,0.1143,-0.7821,-3.732,-5.3227,-0.5229,-1.7736,1.3698,0.1275,0.0272,0.88,-0.0196,-0.0184,0.1143,,,0.8796,0.4575,19.1,moving
2026-09-21T16:42:34.158+09:00,TEST_0002_LAN_L2,LAN_L2,PULL_TEST,,601.6256713867188,-304.3612060546875,336.89306640625,90.30120086669922,-89.99642181396484,179.97976684570312,-3.6259,2.0897,0.507,-0.5919,-1.7724,1.6158,0.1678,-4.0917,-0.4044,-0.0886,-0.0172,0.3602,-0.5056,-3.6149,-2.1091,-0.5919,-1.7724,1.6158,0.404,0.1443,4.0936,-0.0886,-0.0172,0.3602,,,4.0917,0.8555,18.9,holding
2026-09-21T16:42:34.215+09:00,TEST_0002_LAN_L2,LAN_L2,PULL_TEST,,601.6077880859375,-303.8390808105469,336.92669677734375,90.2993392944336,-89.9974365234375,179.98573303222656,-3.6821,-2.9724,-0.1808,-0.651,-1.7835,1.8639,0.1115,-9.1538,-1.0922,-0.1476,-0.0284,0.6083,0.1819,-3.6976,2.9531,-0.651,-1.7835,1.8639,1.0915,0.0616,9.1558,-0.1476,-0.0284,0.6083,,,9.1538,1.3776,18.9,holding
2026-09-21T16:42:34.271+09:00,TEST_0002_LAN_L2,LAN_L2,PULL_TEST,,601.5805053710938,-303.27984619140625,336.9582214355469,90.29653930664062,-89.99781036376953,179.99057006835938,-3.6821,-2.9724,-0.1808,-0.651,-1.7835,1.8639,0.1115,-9.1538,-1.0922,-0.1476,-0.0284,0.6083,0.1819,-3.6976,2.9531,-0.651,-1.7835,1.8639,1.0915,0.0616,9.1558,-0.1476,-0.0284,0.6083,,,9.1538,1.9369,18.9,holding
2026-09-21T16:42:34.328+09:00,TEST_0002_LAN_L2,LAN_L2,PULL_TEST,,601.55615234375,-302.7330017089844,336.980224609375,90.2945785522461,-89.99823760986328,179.9937286376953,-3.8529,-8.6844,-0.9685,-0.6794,-1.8365,2.0507,-0.0592,-14.8658,-1.8799,-0.176,-0.0813,0.7951,0.9693,-3.8974,8.6644,-0.6794,-1.8365,2.0507,1.8789,-0.1382,14.8671,-0.176,-0.0813,0.7951,,,14.8658,2.4837,18.9,holding
2026-09-21T16:42:34.384+09:00,TEST_0002_LAN_L2,LAN_L2,PULL_TEST,,601.5481567382812,-302.1663818359375,337.01416015625,90.29500579833984,-89.99858856201172,179.99847412109375,-3.8529,-8.6844,-0.9685,-0.6794,-1.8365,2.0507,-0.0592,-14.8658,-1.8799,-0.176,-0.0813,0.7951,0.9693,-3.8974,8.6644,-0.6794,-1.8365,2.0507,1.8789,-0.1382,14.8671,-0.176,-0.0813,0.7951,,,14.8658,3.0503,18.9,holding
2026-09-21T16:42:34.439+09:00,TEST_0002_LAN_L2,LAN_L2,PULL_TEST,,601.5250854492188,-301.6215515136719,337.0460205078125,90.29313659667969,-89.99773406982422,-179.99876403808594,-4.1539,-13.4778,-1.5343,-0.6995,-1.8589,2.2038,-0.3602,-19.6592,-2.4457,-0.1961,-0.1037,0.9482,1.5348,-4.2227,13.4563,-0.6995,-1.8589,2.2038,2.4444,-0.4636,19.659,-0.1961,-0.1037,0.9482,,,19.6592,3.5952,18.9,holding
2026-09-21T16:42:34.494+09:00,TEST_0002_LAN_L2,LAN_L2,PULL_TEST,,601.5184936523438,-301.0746154785156,337.0615539550781,90.29435729980469,-89.99800872802734,-179.99957275390625,-4.1539,-13.4778,-1.5343,-0.6995,-1.8589,2.2038,-0.3602,-19.6592,-2.4457,-0.1961,-0.1037,0.9482,1.5348,-4.2227,13.4563,-0.6995,-1.8589,2.2038,2.4444,-0.4636,19.659,-0.1961,-0.1037,0.9482,,,19.6592,4.1421,18.9,holding
2026-09-21T16:42:34.549+09:00,TEST_0002_LAN_L2,LAN_L2,PULL_TEST,,601.5189208984375,-300.496337890625,337.0711669921875,90.29554748535156,-89.99787139892578,179.99603271484375,-4.2659,-18.5633,-2.1188,-0.6955,-1.8967,2.3242,-0.4723,-24.7447,-3.0302,-0.1921,-0.1415,1.0687,2.1195,-4.3613,18.541,-0.6955,-1.8967,2.3242,3.0291,-0.6021,24.7437,-0.1921,-0.1415,1.0687,,,24.7447,4.7204,18.9,holding
2026-09-21T16:42:34.604+09:00,TEST_0002_LAN_L2,LAN_L2,PULL_TEST,,601.5303955078125,-299.9383544921875,337.0503845214844,90.29681396484375,-89.99853515625,179.9907989501953,-4.2659,-18.5633,-2.1188,-0.6955,-1.8967,2.3242,-0.4723,-24.7447,-3.0302,-0.1921,-0.1415,1.0687,2.1195,-4.3613,18.541,-0.6955,-1.8967,2.3242,3.0291,-0.6021,24.7437,-0.1921,-0.1415,1.0687,,,24.7447,5.2784,18.9,holding
2026-09-21T16:42:34.659+09:00,TEST_0002_LAN_L2,LAN_L2,PULL_TEST,,601.5394287109375,-299.3945007324219,337.0202331542969,90.29618072509766,-89.99932861328125,179.9876251220703,-4.8708,-23.283,-2.7145,-0.7159,-1.9823,2.5475,-1.0772,-29.4644,-3.6259,-0.2125,-0.2271,1.292,2.7158,-4.9911,23.2573,-0.7159,-1.9823,2.5475,3.6254,-1.2319,29.46,-0.2125,-0.2271,1.292,,,29.4644,5.8222,18.9,holding
2026-09-21T16:42:44.948+09:00,TEST_0002_LAN_L2,LAN_L2,RELEASE,RETURN_SOFT_GRIP_COMMAND,601.78955078125,-298.9825134277344,336.8671569824219,90.32516479492188,-89.99726104736328,179.97665405273438,-4.4382,-16.8701,1.7858,-0.5604,-1.7263,2.1071,0.0,0.0,0.0,0.0,0.0,0.0,-1.7832,-4.5346,16.8447,-0.5604,-1.7263,2.1071,0.0,0.0,0.0,0.0,0.0,0.0,,,,,18.9,holding
2026-09-21T16:42:45.439+09:00,TEST_0002_LAN_L2,LAN_L2,RELEASE,RETURN_SOFT_GRIP_OPEN_REACHED,601.8515625,-298.8550109863281,336.8658142089844,90.33706665039062,-89.99749755859375,179.9766387939453,-5.7624,-5.2679,1.9229,-0.5729,-1.7939,2.086,0.0,0.0,0.0,0.0,0.0,0.0,-1.9203,-5.7941,5.234,-0.5729,-1.7939,2.086,0.0,0.0,0.0,0.0,0.0,0.0,,,,,23.9,moving
2026-09-21T16:42:48.117+09:00,TEST_0002_LAN_L5,LAN_L5,PREPARE_SOFT_GRIP,INITIAL_SOFT_GRIP_OPEN_COMMAND,602.3720092773438,-36.22007369995117,347.8592224121094,113.16867065429688,-136.4309539794922,-147.8193817138672,1.1315,-3.1504,4.0942,-0.373,-2.1237,1.1758,0.0,0.0,0.0,0.0,0.0,0.0,-4.5435,2.6237,-0.6634,-0.373,-2.1237,1.1758,0.0,0.0,0.0,0.0,0.0,0.0,,,,,25.1,holding
2026-09-21T16:42:48.130+09:00,TEST_0002_LAN_L5,LAN_L5,PREPARE_SOFT_GRIP,INITIAL_SOFT_GRIP_OPEN_REACHED,602.3720092773438,-36.22007369995117,347.8592224121094,113.16867065429688,-136.4309539794922,-147.8193817138672,1.1315,-3.1504,4.0942,-0.373,-2.1237,1.1758,0.0,0.0,0.0,0.0,0.0,0.0,-4.5435,2.6237,-0.6634,-0.373,-2.1237,1.1758,0.0,0.0,0.0,0.0,0.0,0.0,,,,,25.1,holding
2026-09-21T16:42:50.923+09:00,TEST_0002_LAN_L5,LAN_L5,SOFT_GRIP_ENTRY,SOFT_GRIP_COMMAND,559.95361328125,-295.1369323730469,336.8171691894531,90.3195571899414,-89.9964599609375,179.97604370117188,-1.9784,-0.5341,3.3603,0.2846,-0.6724,0.594,0.0,0.0,0.0,0.0,0.0,0.0,-3.3594,-1.9828,0.5233,0.2846,-0.6724,0.594,0.0,0.0,0.0,0.0,0.0,0.0,,,,,25.1,holding
2026-09-21T16:42:50.970+09:00,TEST_0002_LAN_L5,LAN_L5,SOFT_GRIP_ENTRY,ENTRY_MOTION_START_WIDTH_REACHED,559.9530029296875,-295.135986328125,336.8167419433594,90.31946563720703,-89.99653625488281,179.97604370117188,-1.9784,-0.5341,3.3603,0.2846,-0.6724,0.594,0.0,0.0,0.0,0.0,0.0,0.0,-3.3594,-1.9828,0.5233,0.2846,-0.6724,0.594,0.0,0.0,0.0,0.0,0.0,0.0,,,,,24.9,moving
2026-09-21T16:42:51.001+09:00,TEST_0002_LAN_L5,LAN_L5,SOFT_GRIP_ENTRY,,559.9517211914062,-295.1350402832031,336.8164367675781,90.3193130493164,-89.99675750732422,179.97598266601562,-1.9784,-0.5341,3.3603,0.2846,-0.6724,0.594,0.0,0.0,0.0,0.0,0.0,0.0,-3.3594,-1.9828,0.5233,0.2846,-0.6724,0.594,0.0,0.0,0.0,0.0,0.0,0.0,0.0,-0.0019,,,24.9,moving
2026-09-21T16:42:51.056+09:00,TEST_0002_LAN_L5,LAN_L5,SOFT_GRIP_ENTRY,,559.950439453125,-295.13409423828125,336.814453125,90.31909942626953,-89.99710845947266,179.97581481933594,-2.1129,-0.8242,3.1425,0.2465,-0.7107,0.6857,-0.1345,-0.2901,-0.2178,-0.0382,-0.0382,0.0918,-3.1415,-2.1188,0.8126,0.2465,-0.7107,0.6857,0.2179,-0.136,0.2893,-0.0382,-0.0382,0.0918,0.2901,-0.0028,,,24.4,moving
2026-09-21T16:42:51.113+09:00,TEST_0002_LAN_L5,LAN_L5,SOFT_GRIP_ENTRY,,559.9581298828125,-295.1417236328125,336.8094787597656,90.32035064697266,-89.99797058105469,179.9756622314453,-2.3435,-0.7079,1.981,0.1612,-0.7627,0.6999,-0.3651,-0.1738,-1.3793,-0.1234,-0.0902,0.1059,-1.98,-2.3483,0.6949,0.1612,-0.7627,0.6999,1.3794,-0.3655,0.1716,-0.1234,-0.0902,0.1059,0.1738,0.0048,,,23.3,moving
2026-09-21T16:42:51.169+09:00,TEST_0002_LAN_L5,LAN_L5,SOFT_GRIP_ENTRY,,560.0158081054688,-295.25103759765625,336.787841796875,90.32930755615234,-90.00189971923828,179.9757843017578,-2.3435,-0.7079,1.981,0.1612,-0.7627,0.6999,-0.3651,-0.1738,-1.3793,-0.1234,-0.0902,0.1059,-1.98,-2.3483,0.6949,0.1612,-0.7627,0.6999,1.3794,-0.3655,0.1716,-0.1234,-0.0902,0.1059,0.1738,0.1141,,,22.6,moving
2026-09-21T16:42:51.225+09:00,TEST_0002_LAN_L5,LAN_L5,SOFT_GRIP_ENTRY,,560.0699462890625,-295.5325012207031,336.7979431152344,90.33592224121094,-90.00044250488281,179.97657775878906,-2.5642,1.0072,1.4056,0.1848,-0.7846,0.6079,-0.5858,1.5413,-1.9547,-0.0998,-0.1122,0.0139,-1.4045,-2.5589,-1.0221,0.1848,-0.7846,0.6079,1.9549,-0.5761,-1.5454,-0.0998,-0.1122,0.0139,1.5413,0.3956,,,22.1,moving
2026-09-21T16:42:51.280+09:00,TEST_0002_LAN_L5,LAN_L5,SOFT_GRIP_ENTRY,,560.12060546875,-295.9709167480469,336.7891845703125,90.34097290039062,-90.00108337402344,179.97628784179688,-2.5642,1.0072,1.4056,0.1848,-0.7846,0.6079,-0.5858,1.5413,-1.9547,-0.0998,-0.1122,0.0139,-1.4045,-2.5589,-1.0221,0.1848,-0.7846,0.6079,1.9549,-0.5761,-1.5454,-0.0998,-0.1122,0.0139,1.5413,0.834,,,21.8,holding
2026-09-21T16:42:51.336+09:00,TEST_0002_LAN_L5,LAN_L5,SOFT_GRIP_ENTRY,,560.151123046875,-296.4888000488281,336.7630310058594,90.34407043457031,-89.99996948242188,179.9713592529297,-2.7909,3.5043,1.1685,0.2557,-0.7837,0.4977,-0.8125,4.0384,-2.1917,-0.029,-0.1113,-0.0963,-1.1672,-2.7705,-3.5209,0.2557,-0.7837,0.4977,2.1922,-0.7877,-4.0442,-0.029,-0.1113,-0.0963,4.0384,1.3519,,,21.8,holding
2026-09-21T16:42:51.392+09:00,TEST_0002_LAN_L5,LAN_L5,SOFT_GRIP_ENTRY,,560.146240234375,-297.0525207519531,336.723876953125,90.34252166748047,-89.99758911132812,179.96298217773438,-2.7909,3.5043,1.1685,0.2557,-0.7837,0.4977,-0.8125,4.0384,-2.1917,-0.029,-0.1113,-0.0963,-1.1672,-2.7705,-3.5209,0.2557,-0.7837,0.4977,2.1922,-0.7877,-4.0442,-0.029,-0.1113,-0.0963,4.0384,1.9156,,,21.8,holding
2026-09-21T16:42:51.448+09:00,TEST_0002_LAN_L5,LAN_L5,SOFT_GRIP_ENTRY,,560.1466064453125,-297.6172790527344,336.6742248535156,90.34269714355469,-89.99662017822266,179.95404052734375,-2.7642,5.8457,1.246,0.3017,-0.7654,0.3426,-0.7857,6.3798,-2.1142,0.017,-0.0929,-0.2513,-1.2444,-2.73,-5.8621,0.3017,-0.7654,0.3426,2.115,-0.7472,-6.3854,0.017,-0.0929,-0.2513,6.3798,2.4803,,,21.8,holding
2026-09-21T16:42:51.503+09:00,TEST_0002_LAN_L5,LAN_L5,SOFT_GRIP_ENTRY,,560.11328125,-298.19952392578125,336.6416931152344,90.33687591552734,-89.99622344970703,179.94833374023438,-2.7642,5.8457,1.246,0.3017,-0.7654,0.3426,-0.7857,6.3798,-2.1142,0.017,-0.0929,-0.2513,-1.2444,-2.73,-5.8621,0.3017,-0.7654,0.3426,2.115,-0.7472,-6.3854,0.017,-0.0929,-0.2513,6.3798,3.0626,,,21.8,holding
2026-09-21T16:42:51.558+09:00,TEST_0002_LAN_L5,LAN_L5,SOFT_GRIP_ENTRY,,560.0944213867188,-298.7779846191406,336.6121826171875,90.33465576171875,-89.9974136352539,179.9456787109375,-2.4985,7.3747,1.318,0.3321,-0.7131,0.2568,-0.5201,7.9088,-2.0423,0.0475,-0.0407,-0.3372,-1.3162,-2.4564,-7.3891,0.3321,-0.7131,0.2568,2.0432,-0.4736,-7.9124,0.0475,-0.0407,-0.3372,7.9088,3.6411,,,21.8,holding
2026-09-21T16:42:51.613+09:00,TEST_0002_LAN_L5,LAN_L5,SOFT_GRIP_ENTRY,,560.0690307617188,-299.3402099609375,336.6178283691406,90.3320541381836,-89.9975357055664,179.9497528076172,-1.9627,8.0167,1.0633,0.3101,-0.6574,0.1067,0.0158,8.5509,-2.297,0.0254,0.015,-0.4873,-1.062,-1.9171,-8.0279,0.3101,-0.6574,0.1067,2.2975,0.0657,-8.5512,0.0254,0.015,-0.4873,8.5509,4.2033,,,21.8,holding
2026-09-21T16:42:51.669+09:00,TEST_0002_LAN_L5,LAN_L5,SOFT_GRIP_ENTRY,,560.042724609375,-299.9024353027344,336.6507568359375,90.32966613769531,-89.99688720703125,179.95657348632812,-1.9627,8.0167,1.0633,0.3101,-0.6574,0.1067,0.0158,8.5509,-2.297,0.0254,0.015,-0.4873,-1.062,-1.9171,-8.0279,0.3101,-0.6574,0.1067,2.2975,0.0657,-8.5512,0.0254,0.015,-0.4873,8.5509,4.7655,,,21.8,holding
2026-09-21T16:42:51.724+09:00,TEST_0002_LAN_L5,LAN_L5,SOFT_GRIP_ENTRY,,560.006591796875,-300.4137268066406,336.7026062011719,90.32622528076172,-89.99671936035156,179.96316528320312,-1.359,8.7705,0.9665,0.3003,-0.6167,-0.0294,0.6194,9.3047,-2.3938,0.0156,0.0557,-0.6234,-0.9661,-1.3096,-8.7781,0.3003,-0.6167,-0.0294,2.3933,0.6732,-9.3014,0.0156,0.0557,-0.6234,9.3047,5.2768,,,21.8,holding
2026-09-21T16:42:52.781+09:00,TEST_0002_LAN_L5,LAN_L5,SOFT_GRIP_ENTRY,SOFT_GRIP_STABILIZATION_END,559.8953857421875,-301.1844482421875,336.8328857421875,90.31494903564453,-89.99647521972656,179.97718811035156,-1.6147,6.1086,0.4817,0.1831,-0.7476,0.6012,0.0,0.0,0.0,0.0,0.0,0.0,-0.4814,-1.5813,-6.1174,0.1831,-0.7476,0.6012,0.0,0.0,0.0,0.0,0.0,0.0,,,,,21.8,holding
2026-09-21T16:42:52.839+09:00,TEST_0002_LAN_L5,LAN_L5,HARD_GRIP,HARD_GRIP_COMMAND,559.894775390625,-301.1835021972656,336.83245849609375,90.31485748291016,-89.99655151367188,179.97718811035156,-1.5326,5.8864,0.4296,0.1721,-0.7649,0.59,0.0,0.0,0.0,0.0,0.0,0.0,-0.4294,-1.5004,-5.8947,0.1721,-0.7649,0.59,0.0,0.0,0.0,0.0,0.0,0.0,,,,,21.8,holding
2026-09-21T16:42:53.843+09:00,TEST_0002_LAN_L5,LAN_L5,HARD_GRIP,HARD_GRIP_STABILIZATION_END,559.9165649414062,-301.1466979980469,336.82574462890625,90.3182144165039,-89.99669647216797,179.97557067871094,-2.0037,6.2322,0.0336,0.1585,-0.8758,0.636,0.0,0.0,0.0,0.0,0.0,0.0,-0.0331,-1.969,-6.2432,0.1585,-0.8758,0.636,0.0,0.0,0.0,0.0,0.0,0.0,,,,,20.1,moving
2026-09-21T16:42:53.878+09:00,TEST_0002_LAN_L5,LAN_L5,PULL_TEST,,559.9170532226562,-301.145751953125,336.82574462890625,90.31831359863281,-89.99669647216797,179.97557067871094,-2.0037,6.2322,0.0336,0.1585,-0.8758,0.636,0.0,0.0,0.0,0.0,0.0,0.0,-0.0331,-1.969,-6.2432,0.1585,-0.8758,0.636,0.0,0.0,0.0,0.0,0.0,0.0,,,0.0,0.0009,20.1,moving
2026-09-21T16:42:53.934+09:00,TEST_0002_LAN_L5,LAN_L5,PULL_TEST,,559.9200439453125,-301.1408996582031,336.8247985839844,90.31880950927734,-89.99669647216797,179.97532653808594,-2.0245,6.2351,0.0848,0.1638,-0.8724,0.6391,-0.0208,0.0029,0.0513,0.0052,0.0034,0.0031,-0.0843,-1.9899,-6.2462,0.1638,-0.8724,0.6391,-0.0513,-0.0208,-0.0031,0.0052,0.0034,0.0031,,,0.0029,0.0058,20.1,moving
2026-09-21T16:42:53.990+09:00,TEST_0002_LAN_L5,LAN_L5,PULL_TEST,,559.9147338867188,-301.081298828125,336.8370666503906,90.31829071044922,-89.99451446533203,179.97518920898438,-2.0245,6.2351,0.0848,0.1638,-0.8724,0.6391,-0.0208,0.0029,0.0513,0.0052,0.0034,0.0031,-0.0843,-1.9899,-6.2462,0.1638,-0.8724,0.6391,-0.0513,-0.0208,-0.0031,0.0052,0.0034,0.0031,,,0.0029,0.0654,20.1,moving
2026-09-21T16:42:54.048+09:00,TEST_0002_LAN_L5,LAN_L5,PULL_TEST,,559.8731079101562,-300.9353332519531,336.82220458984375,90.31207275390625,-89.99674987792969,179.97470092773438,-1.9755,5.3717,-0.0062,0.1666,-0.8838,0.7442,0.0282,-0.8605,-0.0398,0.0081,-0.008,0.1082,0.0066,-1.9458,-5.3825,0.1666,-0.8838,0.7442,0.0397,0.0233,0.8607,0.0081,-0.008,0.1082,,,0.8605,0.2114,20.1,moving
2026-09-21T16:42:54.105+09:00,TEST_0002_LAN_L5,LAN_L5,PULL_TEST,,559.83544921875,-300.6162414550781,336.8159484863281,90.30779266357422,-89.99723052978516,179.97372436523438,-1.9755,5.3717,-0.0062,0.1666,-0.8838,0.7442,0.0282,-0.8605,-0.0398,0.0081,-0.008,0.1082,0.0066,-1.9458,-5.3825,0.1666,-0.8838,0.7442,0.0397,0.0233,0.8607,0.0081,-0.008,0.1082,,,0.8605,0.5305,20.1,moving
2026-09-21T16:42:54.161+09:00,TEST_0002_LAN_L5,LAN_L5,PULL_TEST,,559.7872314453125,-300.1644592285156,336.81103515625,90.30247497558594,-89.9966049194336,179.97195434570312,-1.6,2.2011,-0.3145,0.1362,-0.9057,0.9339,0.4037,-4.0311,-0.3481,-0.0223,-0.0299,0.2978,0.3151,-1.588,-2.2097,0.1362,-0.9057,0.9339,0.3482,0.381,4.0335,-0.0223,-0.0299,0.2978,,,4.0311,0.9822,19.9,moving
2026-09-21T16:42:54.218+09:00,TEST_0002_LAN_L5,LAN_L5,PULL_TEST,,559.762451171875,-299.62384033203125,336.7950134277344,90.30088806152344,-89.99642181396484,179.96910095214844,-1.573,-2.5189,-0.8103,0.1349,-0.9284,1.2038,0.4307,-8.751,-0.8439,-0.0237,-0.0526,0.5677,0.8113,-1.5857,2.5105,0.1349,-0.9284,1.2038,0.8444,0.3833,8.7537,-0.0237,-0.0526,0.5677,,,8.751,1.5229,19.9,moving
2026-09-21T16:42:54.275+09:00,TEST_0002_LAN_L5,LAN_L5,PULL_TEST,,559.7454223632812,-299.0634460449219,336.77935791015625,90.29833984375,-89.99482727050781,179.9660186767578,-1.573,-2.5189,-0.8103,0.1349,-0.9284,1.2038,0.4307,-8.751,-0.8439,-0.0237,-0.0526,0.5677,0.8113,-1.5857,2.5105,0.1349,-0.9284,1.2038,0.8444,0.3833,8.7537,-0.0237,-0.0526,0.5677,,,8.751,2.0833,19.9,moving
2026-09-21T16:42:54.332+09:00,TEST_0002_LAN_L5,LAN_L5,PULL_TEST,,559.7423706054688,-298.5054931640625,336.7596435546875,90.29676055908203,-89.99446105957031,179.9634552001953,-1.8121,-7.2543,-1.4215,0.0896,-0.9648,1.5379,0.1916,-13.4865,-1.4551,-0.0689,-0.089,0.9018,1.4233,-1.8489,7.2447,0.0896,-0.9648,1.5379,1.4564,0.1201,13.4879,-0.0689,-0.089,0.9018,,,13.4865,2.6412,19.8,moving
2026-09-21T16:42:54.388+09:00,TEST_0002_LAN_L5,LAN_L5,PULL_TEST,,559.7550048828125,-297.93963623046875,336.72698974609375,90.29772186279297,-89.9956283569336,179.95973205566406,-1.8121,-7.2543,-1.4215,0.0896,-0.9648,1.5379,0.1916,-13.4865,-1.4551,-0.0689,-0.089,0.9018,1.4233,-1.8489,7.2447,0.0896,-0.9648,1.5379,1.4564,0.1201,13.4879,-0.0689,-0.089,0.9018,,,13.4865,3.2071,19.8,moving
2026-09-21T16:42:54.445+09:00,TEST_0002_LAN_L5,LAN_L5,PULL_TEST,,559.7705688476562,-297.348388671875,336.6942138671875,90.29808044433594,-89.99592590332031,179.95556640625,-2.6885,-9.8114,-1.6361,0.0806,-1.0014,1.7966,-0.6848,-16.0436,-1.6697,-0.0779,-0.1256,1.1605,1.6389,-2.7381,9.7972,0.0806,-1.0014,1.7966,1.672,-0.769,16.0404,-0.0779,-0.1256,1.1605,,,16.0436,3.7983,19.8,moving
2026-09-21T16:42:54.501+09:00,TEST_0002_LAN_L5,LAN_L5,PULL_TEST,,559.8124389648438,-296.7644348144531,336.6722717285156,90.30213928222656,-89.99710845947266,179.95440673828125,-2.6885,-9.8114,-1.6361,0.0806,-1.0014,1.7966,-0.6848,-16.0436,-1.6697,-0.0779,-0.1256,1.1605,1.6389,-2.7381,9.7972,0.0806,-1.0014,1.7966,1.672,-0.769,16.0404,-0.0779,-0.1256,1.1605,,,16.0436,4.3823,19.8,moving
2026-09-21T16:42:54.557+09:00,TEST_0002_LAN_L5,LAN_L5,PULL_TEST,,559.82421875,-296.20361328125,336.6728820800781,90.30069732666016,-89.99588775634766,179.95436096191406,-3.2922,-11.9431,-1.9371,0.0424,-1.0382,1.961,-1.2886,-18.1753,-1.9707,-0.1162,-0.1624,1.325,1.9404,-3.3537,11.9255,0.0424,-1.0382,1.961,1.9734,-1.3846,18.1687,-0.1162,-0.1624,1.325,,,18.1753,4.9431,19.8,moving
2026-09-21T16:42:54.614+09:00,TEST_0002_LAN_L5,LAN_L5,PULL_TEST,,559.8330078125,-295.6563720703125,336.6830749511719,90.29939270019531,-89.99571228027344,179.9567413330078,-3.2542,-16.4961,-2.5721,0.0154,-1.0663,2.0374,-1.2506,-22.7282,-2.6056,-0.1432,-0.1905,1.4014,2.5759,-3.3384,16.4786,0.0154,-1.0663,2.0374,2.609,-1.3693,22.7218,-0.1432,-0.1905,1.4014,,,22.7282,5.4903,19.6,moving
2026-09-21T16:42:54.670+09:00,TEST_0002_LAN_L5,LAN_L5,PULL_TEST,,559.8436889648438,-295.0968017578125,336.7032775878906,90.29959869384766,-89.99618530273438,179.9601593017578,-3.2542,-16.4961,-2.5721,0.0154,-1.0663,2.0374,-1.2506,-22.7282,-2.6056,-0.1432,-0.1905,1.4014,2.5759,-3.3384,16.4786,0.0154,-1.0663,2.0374,2.609,-1.3693,22.7218,-0.1432,-0.1905,1.4014,,,22.7282,6.0499,19.6,moving
2026-09-21T16:42:54.727+09:00,TEST_0002_LAN_L5,LAN_L5,PULL_TEST,,559.849853515625,-294.511474609375,336.7261657714844,90.30035400390625,-89.99673461914062,179.9633026123047,-3.3401,-20.8909,-3.1245,0.052,-1.0865,2.1447,-1.3364,-27.1231,-3.158,-0.1066,-0.2107,1.5087,3.128,-3.4477,20.8729,0.052,-1.0865,2.1447,3.161,-1.4786,27.1161,-0.1066,-0.2107,1.5087,,,27.1231,6.6352,19.6,moving
2026-09-21T16:43:10.497+09:00,TEST_0002_LAN_L5,LAN_L5,RELEASE,RETURN_SOFT_GRIP_COMMAND,559.9407958984375,-294.221435546875,336.811279296875,90.31885528564453,-89.99633026123047,179.9745330810547,-2.1836,-12.1247,2.4497,0.1472,-0.979,1.4009,0.0,0.0,0.0,0.0,0.0,0.0,-2.448,-2.2521,12.1125,0.1472,-0.979,1.4009,0.0,0.0,0.0,0.0,0.0,0.0,,,,,18.9,holding
2026-09-21T16:43:11.099+09:00,TEST_0002_LAN_L5,LAN_L5,RELEASE,RETURN_SOFT_GRIP_OPEN_REACHED,559.973876953125,-294.1568298339844,336.813232421875,90.32533264160156,-89.99628448486328,179.97474670410156,-2.8838,-7.5124,2.4475,-0.0355,-1.047,1.4591,0.0,0.0,0.0,0.0,0.0,0.0,-2.4457,-2.9273,7.4961,-0.0355,-1.047,1.4591,0.0,0.0,0.0,0.0,0.0,0.0,,,,,23.8,moving
2026-09-21T16:50:52.396+09:00,TEST_0003_LAN_L2,LAN_L2,PREPARE_SOFT_GRIP,INITIAL_SOFT_GRIP_OPEN_COMMAND,602.3610229492188,-36.41298294067383,347.7203063964844,113.13288879394531,-136.4288330078125,-147.8484649658203,0.6892,-1.9421,3.8838,-0.9397,-3.1209,1.0551,0.0,0.0,0.0,0.0,0.0,0.0,-3.5967,2.1082,-1.3963,-0.9397,-3.1209,1.0551,0.0,0.0,0.0,0.0,0.0,0.0,,,,,25.3,holding
2026-09-21T16:50:52.405+09:00,TEST_0003_LAN_L2,LAN_L2,PREPARE_SOFT_GRIP,INITIAL_SOFT_GRIP_OPEN_REACHED,602.3610229492188,-36.41298294067383,347.7203063964844,113.13288879394531,-136.4288330078125,-147.8484649658203,0.6892,-1.9421,3.8838,-0.9397,-3.1209,1.0551,0.0,0.0,0.0,0.0,0.0,0.0,-3.5967,2.1082,-1.3963,-0.9397,-3.1209,1.0551,0.0,0.0,0.0,0.0,0.0,0.0,,,,,25.3,holding
2026-09-21T16:50:55.222+09:00,TEST_0003_LAN_L2,LAN_L2,SOFT_GRIP_ENTRY,SOFT_GRIP_COMMAND,601.7891845703125,-303.1026916503906,336.8626708984375,90.3252944946289,-89.99758911132812,179.97593688964844,-4.3645,-1.8045,1.4955,-0.5215,-1.9233,1.2528,0.0,0.0,0.0,0.0,0.0,0.0,-1.4936,-4.3753,1.7798,-0.5215,-1.9233,1.2528,0.0,0.0,0.0,0.0,0.0,0.0,,,,,25.3,holding
2026-09-21T16:50:55.269+09:00,TEST_0003_LAN_L2,LAN_L2,SOFT_GRIP_ENTRY,ENTRY_MOTION_START_WIDTH_REACHED,601.7886352539062,-303.1006164550781,336.86065673828125,90.32525634765625,-89.99781799316406,179.97581481933594,-4.3645,-1.8045,1.4955,-0.5215,-1.9233,1.2528,0.0,0.0,0.0,0.0,0.0,0.0,-1.4936,-4.3753,1.7798,-0.5215,-1.9233,1.2528,0.0,0.0,0.0,0.0,0.0,0.0,,,,,24.9,moving
2026-09-21T16:50:55.300+09:00,TEST_0003_LAN_L2,LAN_L2,SOFT_GRIP_ENTRY,,601.7880859375,-303.0995788574219,336.860107421875,90.32516479492188,-89.99790954589844,179.97581481933594,-4.3645,-1.8045,1.4955,-0.5215,-1.9233,1.2528,0.0,0.0,0.0,0.0,0.0,0.0,-1.4936,-4.3753,1.7798,-0.5215,-1.9233,1.2528,0.0,0.0,0.0,0.0,0.0,0.0,0.0,-0.0031,,,24.8,moving
2026-09-21T16:50:55.357+09:00,TEST_0003_LAN_L2,LAN_L2,SOFT_GRIP_ENTRY,,601.7869262695312,-303.09857177734375,336.8580017089844,90.32498168945312,-89.99827575683594,179.97579956054688,-4.3604,-1.9781,1.6104,-0.5105,-1.902,1.3223,0.0041,-0.1736,0.1149,0.011,0.0213,0.0695,-1.6085,-4.3722,1.9534,-0.5105,-1.902,1.3223,-0.1149,0.0031,0.1736,0.011,0.0213,0.0695,0.1736,-0.0041,,,23.9,moving
2026-09-21T16:50:55.412+09:00,TEST_0003_LAN_L2,LAN_L2,SOFT_GRIP_ENTRY,,601.8004760742188,-303.10882568359375,336.8523864746094,90.32726287841797,-89.99925231933594,179.97579956054688,-4.2362,-1.9872,1.7145,-0.4925,-1.8737,1.3057,0.1282,-0.1827,0.219,0.029,0.0496,0.053,-1.7127,-4.2482,1.963,-0.4925,-1.8737,1.3057,-0.2191,0.127,0.1832,0.029,0.0496,0.053,0.1827,0.0062,,,22.1,moving
2026-09-21T16:50:55.469+09:00,TEST_0003_LAN_L2,LAN_L2,SOFT_GRIP_ENTRY,,601.8640747070312,-303.23040771484375,336.8367004394531,90.33748626708984,-90.00215148925781,179.97601318359375,-4.2362,-1.9872,1.7145,-0.4925,-1.8737,1.3057,0.1282,-0.1827,0.219,0.029,0.0496,0.053,-1.7127,-4.2482,1.963,-0.4925,-1.8737,1.3057,-0.2191,0.127,0.1832,0.029,0.0496,0.053,0.1827,0.1277,,,21.6,holding
2026-09-21T16:50:55.524+09:00,TEST_0003_LAN_L2,LAN_L2,SOFT_GRIP_ENTRY,,601.8999633789062,-303.55889892578125,336.8511047363281,90.34139251708984,-89.99935913085938,179.97625732421875,-4.4344,-0.3962,2.162,-0.4798,-1.8547,1.1736,-0.0699,1.4083,0.6664,0.0417,0.0686,-0.0792,-2.1601,-4.4375,0.3698,-0.4798,-1.8547,1.1736,-0.6665,-0.0623,-1.41,0.0417,0.0686,-0.0792,1.4083,0.4562,,,21.6,holding
2026-09-21T16:50:55.581+09:00,TEST_0003_LAN_L2,LAN_L2,SOFT_GRIP_ENTRY,,601.898681640625,-304.016845703125,336.8486022949219,90.33841705322266,-89.99842834472656,179.97540283203125,-4.4344,-0.3962,2.162,-0.4798,-1.8547,1.1736,-0.0699,1.4083,0.6664,0.0417,0.0686,-0.0792,-2.1601,-4.4375,0.3698,-0.4798,-1.8547,1.1736,-0.6665,-0.0623,-1.41,0.0417,0.0686,-0.0792,1.4083,0.9142,,,21.6,holding
2026-09-21T16:50:55.636+09:00,TEST_0003_LAN_L2,LAN_L2,SOFT_GRIP_ENTRY,,601.8843383789062,-304.47723388671875,336.81060791015625,90.33533477783203,-89.99755859375,179.96875,-4.1806,-0.2385,2.5641,-0.3887,-1.8324,1.0645,0.1838,1.566,1.0685,0.1328,0.091,-0.1883,-2.562,-4.1832,0.2139,-0.3887,-1.8324,1.0645,-1.0684,0.1921,-1.5659,0.1328,0.091,-0.1883,1.566,1.3746,,,21.4,holding
2026-09-21T16:50:56.693+09:00,TEST_0003_LAN_L2,LAN_L2,SOFT_GRIP_ENTRY,SOFT_GRIP_STABILIZATION_END,601.7732543945312,-305.2471618652344,336.75408935546875,90.32138061523438,-89.99734497070312,179.96240234375,-3.2992,-1.485,3.0879,-0.3798,-1.6445,1.1656,0.0,0.0,0.0,0.0,0.0,0.0,-3.0856,-3.3096,1.4666,-0.3798,-1.6445,1.1656,0.0,0.0,0.0,0.0,0.0,0.0,,,,,21.4,holding
2026-09-21T16:50:56.746+09:00,TEST_0003_LAN_L2,LAN_L2,HARD_GRIP,HARD_GRIP_COMMAND,601.771240234375,-305.2461853027344,336.7594909667969,90.32134246826172,-89.99730682373047,179.96304321289062,-3.2712,-1.5643,3.0414,-0.3832,-1.6449,1.1762,0.0,0.0,0.0,0.0,0.0,0.0,-3.0392,-3.2819,1.5461,-0.3832,-1.6449,1.1762,0.0,0.0,0.0,0.0,0.0,0.0,,,,,21.4,holding
2026-09-21T16:50:57.750+09:00,TEST_0003_LAN_L2,LAN_L2,HARD_GRIP,HARD_GRIP_STABILIZATION_END,601.76904296875,-305.2022705078125,336.833251953125,90.32511138916016,-89.99746704101562,179.97091674804688,-2.7826,-0.3915,4.2082,-0.5156,-1.734,1.0379,0.0,0.0,0.0,0.0,0.0,0.0,-4.2068,-2.7869,0.3759,-0.5156,-1.734,1.0379,0.0,0.0,0.0,0.0,0.0,0.0,,,,,18.9,holding
2026-09-21T16:50:57.785+09:00,TEST_0003_LAN_L2,LAN_L2,PULL_TEST,,601.769287109375,-305.2022705078125,336.8339538574219,90.32511138916016,-89.99746704101562,179.9710235595703,-2.7826,-0.3915,4.2082,-0.5156,-1.734,1.0379,0.0,0.0,0.0,0.0,0.0,0.0,-4.2068,-2.7869,0.3759,-0.5156,-1.734,1.0379,0.0,0.0,0.0,0.0,0.0,0.0,,,0.0,0.0,18.9,holding
2026-09-21T16:50:57.841+09:00,TEST_0003_LAN_L2,LAN_L2,PULL_TEST,,601.7723999023438,-305.196044921875,336.8339538574219,90.3257064819336,-89.99747467041016,179.9710235595703,-2.8285,-0.4441,4.2306,-0.5076,-1.736,1.0482,-0.046,-0.0526,0.0224,0.008,-0.0021,0.0103,-4.2291,-2.8332,0.4283,-0.5076,-1.736,1.0482,-0.0223,-0.0463,0.0523,0.008,-0.0021,0.0103,,,0.0526,0.0062,18.9,holding
2026-09-21T16:50:57.897+09:00,TEST_0003_LAN_L2,LAN_L2,PULL_TEST,,601.7720336914062,-305.134033203125,336.8404541015625,90.32601928710938,-89.99646759033203,179.97113037109375,-2.8285,-0.4441,4.2306,-0.5076,-1.736,1.0482,-0.046,-0.0526,0.0224,0.008,-0.0021,0.0103,-4.2291,-2.8332,0.4283,-0.5076,-1.736,1.0482,-0.0223,-0.0463,0.0523,0.008,-0.0021,0.0103,,,0.0526,0.0682,18.9,holding
2026-09-21T16:50:57.954+09:00,TEST_0003_LAN_L2,LAN_L2,PULL_TEST,,601.7460327148438,-304.9678039550781,336.8329162597656,90.32255554199219,-89.99805450439453,179.97119140625,-2.9043,-1.2444,4.2349,-0.4749,-1.7383,1.1832,-0.1217,-0.8529,0.0266,0.0407,-0.0043,0.1453,-4.2333,-2.9134,1.2281,-0.4749,-1.7383,1.1832,-0.0265,-0.1266,0.8522,0.0407,-0.0043,0.1453,,,0.8529,0.2345,18.9,holding
2026-09-21T16:50:58.009+09:00,TEST_0003_LAN_L2,LAN_L2,PULL_TEST,,601.6905517578125,-304.6869812011719,336.8375549316406,90.31456756591797,-89.99771118164062,179.97129821777344,-2.9043,-1.2444,4.2349,-0.4749,-1.7383,1.1832,-0.1217,-0.8529,0.0266,0.0407,-0.0043,0.1453,-4.0411,-2.9009,4.0412,-0.4982,-1.7435,1.5115,0.1657,-0.114,3.6653,0.0174,-0.0095,0.4736,,,0.8529,0.5153,18.9,holding
2026-09-21T16:50:58.066+09:00,TEST_0003_LAN_L2,LAN_L2,PULL_TEST,,601.6378173828125,-304.2707214355469,336.84906005859375,90.30781555175781,-89.99724578857422,179.9722442626953,-2.8766,-4.0569,4.0427,-0.4982,-1.7435,1.5115,-0.0941,-3.6654,-0.1656,0.0174,-0.0095,0.4736,-4.0411,-2.9009,4.0412,-0.4982,-1.7435,1.5115,0.1657,-0.114,3.6653,0.0174,-0.0095,0.4736,,,3.6654,0.9315,18.9,holding
2026-09-21T16:50:58.121+09:00,TEST_0003_LAN_L2,LAN_L2,PULL_TEST,,601.6112670898438,-303.7570495605469,336.8684997558594,90.30521392822266,-89.99805450439453,179.9757537841797,-3.0108,-8.4395,3.4939,-0.5593,-1.7768,1.7964,-0.2282,-8.0479,-0.7144,-0.0437,-0.0429,0.7585,-3.4922,-3.0573,8.4234,-0.5593,-1.7768,1.7964,0.7146,-0.2704,8.0475,-0.0437,-0.0429,0.7585,,,8.0479,1.4452,18.9,holding
2026-09-21T16:50:58.178+09:00,TEST_0003_LAN_L2,LAN_L2,PULL_TEST,,601.5821533203125,-303.20404052734375,336.9015808105469,90.30216217041016,-89.9979019165039,179.98020935058594,-3.0108,-8.4395,3.4939,-0.5593,-1.7768,1.7964,-0.2282,-8.0479,-0.7144,-0.0437,-0.0429,0.7585,-3.4922,-3.0573,8.4234,-0.5593,-1.7768,1.7964,0.7146,-0.2704,8.0475,-0.0437,-0.0429,0.7585,,,8.0479,1.9982,18.9,holding
2026-09-21T16:50:58.234+09:00,TEST_0003_LAN_L2,LAN_L2,PULL_TEST,,601.5654907226562,-302.6559753417969,336.94384765625,90.30024719238281,-89.9985580444336,179.98692321777344,-3.428,-13.4111,2.6632,-0.6431,-1.823,2.0738,-0.6454,-13.0196,-1.5451,-0.1276,-0.0891,1.0359,-2.6617,-3.4989,13.3931,-0.6431,-1.823,2.0738,1.5451,-0.712,13.0171,-0.1276,-0.0891,1.0359,,,13.0196,2.5463,18.9,holding
2026-09-21T16:50:58.290+09:00,TEST_0003_LAN_L2,LAN_L2,PULL_TEST,,601.5501708984375,-302.1048583984375,336.9825439453125,90.29905700683594,-89.9983901977539,179.99205017089844,-3.428,-13.4111,2.6632,-0.6431,-1.823,2.0738,-0.6454,-13.0196,-1.5451,-0.1276,-0.0891,1.0359,-2.6617,-3.4989,13.3931,-0.6431,-1.823,2.0738,1.5451,-0.712,13.0171,-0.1276,-0.0891,1.0359,,,13.0196,3.0974,18.9,holding
2026-09-21T16:50:58.347+09:00,TEST_0003_LAN_L2,LAN_L2,PULL_TEST,,601.531005859375,-301.5517578125,337.0118103027344,90.29788208007812,-89.99781036376953,179.99441528320312,-3.6541,-17.7075,1.9755,-0.6739,-1.8511,2.2352,-0.8715,-17.316,-2.2327,-0.1583,-0.1171,1.1973,-1.9744,-3.7461,17.6884,-0.6739,-1.8511,2.2352,2.2324,-0.9593,17.3125,-0.1583,-0.1171,1.1973,,,17.316,3.6505,18.9,holding
2026-09-21T16:50:58.402+09:00,TEST_0003_LAN_L2,LAN_L2,PULL_TEST,,601.5360717773438,-300.98388671875,337.0329284667969,90.300048828125,-89.9979248046875,179.993896484375,-3.6541,-17.7075,1.9755,-0.6739,-1.8511,2.2352,-0.8715,-17.316,-2.2327,-0.1583,-0.1171,1.1973,-1.9744,-3.7461,17.6884,-0.6739,-1.8511,2.2352,2.2324,-0.9593,17.3125,-0.1583,-0.1171,1.1973,,,17.316,4.2184,18.9,holding
2026-09-21T16:50:58.457+09:00,TEST_0003_LAN_L2,LAN_L2,PULL_TEST,,601.5490112304688,-300.39190673828125,337.030029296875,90.30223846435547,-89.99765014648438,179.9891357421875,-3.817,-21.3379,1.3475,-0.7008,-1.892,2.3369,-1.0344,-20.9464,-2.8607,-0.1852,-0.1581,1.299,-1.3463,-3.9289,21.3177,-0.7008,-1.892,2.3369,2.8605,-1.1421,20.9418,-0.1852,-0.1581,1.299,,,20.9464,4.8104,18.9,holding
2026-09-21T16:50:58.512+09:00,TEST_0003_LAN_L2,LAN_L2,PULL_TEST,,601.57470703125,-299.80902099609375,337.01171875,90.30610656738281,-89.99856567382812,179.9856414794922,-4.4613,-23.8997,1.0564,-0.6971,-1.9663,2.5322,-1.6787,-23.5082,-3.1519,-0.1815,-0.2324,1.4943,-1.0545,-4.5891,23.8756,-0.6971,-1.9663,2.5322,3.1522,-1.8022,23.4997,-0.1815,-0.2324,1.4943,,,23.5082,5.3932,18.9,holding
2026-09-21T16:50:58.567+09:00,TEST_0003_LAN_L2,LAN_L2,PULL_TEST,,601.5899047851562,-299.2578430175781,336.9856262207031,90.30626678466797,-89.99861145019531,179.98281860351562,-4.4613,-23.8997,1.0564,-0.6971,-1.9663,2.5322,-1.6787,-23.5082,-3.1519,-0.1815,-0.2324,1.4943,-1.0545,-4.5891,23.8756,-0.6971,-1.9663,2.5322,3.1522,-1.8022,23.4997,-0.1815,-0.2324,1.4943,,,23.5082,5.9444,18.9,holding
2026-09-21T16:50:58.622+09:00,TEST_0003_LAN_L2,LAN_L2,PULL_TEST,,601.6236572265625,-298.6638488769531,336.9468688964844,90.30860900878906,-89.99812316894531,179.9786834716797,-5.0877,-25.1019,1.0902,-0.6716,-1.9876,2.651,-2.3051,-24.7103,-3.118,-0.156,-0.2536,1.6131,-1.0876,-5.2227,25.0742,-0.6716,-1.9876,2.651,3.1192,-2.4359,24.6983,-0.156,-0.2536,1.6131,,,24.7103,6.5384,18.9,holding
2026-09-21T16:50:58.678+09:00,TEST_0003_LAN_L2,LAN_L2,PULL_TEST,,601.7215576171875,-297.9720153808594,336.9190979003906,90.32167053222656,-89.9980697631836,179.9769744873047,-5.0877,-25.1019,1.0902,-0.6716,-1.9876,2.651,-2.3051,-24.7103,-3.118,-0.156,-0.2536,1.6131,-1.0876,-5.2227,25.0742,-0.6716,-1.9876,2.651,3.1192,-2.4359,24.6983,-0.156,-0.2536,1.6131,,,24.7103,7.2303,18.8,holding
2026-09-21T16:50:58.733+09:00,TEST_0003_LAN_L2,LAN_L2,PULL_TEST,,601.8368530273438,-297.2386169433594,336.9030456542969,90.33827209472656,-89.99745178222656,179.97711181640625,-5.7918,-19.6828,1.747,-0.6707,-1.983,2.6397,-3.0093,-19.2913,-2.4612,-0.1551,-0.249,1.6018,-1.7436,-5.9058,19.6492,-0.6707,-1.983,2.6397,2.4631,-3.1189,19.2733,-0.1551,-0.249,1.6018,,,19.2913,7.9637,18.2,holding
2026-09-21T16:50:58.789+09:00,TEST_0003_LAN_L2,LAN_L2,PULL_TEST,,601.9361572265625,-296.538330078125,336.8902282714844,90.3522720336914,-89.99703979492188,179.97775268554688,-5.7918,-19.6828,1.747,-0.6707,-1.983,2.6397,-3.0093,-19.2913,-2.4612,-0.1551,-0.249,1.6018,-1.7436,-5.9058,19.6492,-0.6707,-1.983,2.6397,2.4631,-3.1189,19.2733,-0.1551,-0.249,1.6018,,,19.2913,8.6639,17.9,holding
2026-09-21T16:50:58.845+09:00,TEST_0003_LAN_L2,LAN_L2,PULL_TEST,,601.9453125,-296.0003356933594,336.9057312011719,90.3517074584961,-89.99749755859375,179.98162841796875,-5.3361,-8.0952,1.6345,-0.8636,-1.9812,2.4209,-2.5535,-7.7037,-2.5738,-0.348,-0.2472,1.383,-1.6321,-5.3866,8.0621,-0.8636,-1.9812,2.4209,2.5747,-2.5997,7.6862,-0.348,-0.2472,1.383,,,7.7037,9.2019,17.9,holding
2026-09-21T16:50:58.901+09:00,TEST_0003_LAN_L2,LAN_L2,PULL_TEST,,601.9241943359375,-295.47723388671875,336.9053955078125,90.34732818603516,-89.99810791015625,179.98277282714844,-5.3361,-8.0952,1.6345,-0.8636,-1.9812,2.4209,-2.5535,-7.7037,-2.5738,-0.348,-0.2472,1.383,-1.6321,-5.3866,8.0621,-0.8636,-1.9812,2.4209,2.5747,-2.5997,7.6862,-0.348,-0.2472,1.383,,,7.7037,9.725,17.7,holding
2026-09-21T16:50:58.957+09:00,TEST_0003_LAN_L2,LAN_L2,PULL_TEST,,601.9115600585938,-294.954345703125,336.9186096191406,90.34575653076172,-89.9988021850586,179.98458862304688,-5.2514,-6.1584,1.5028,-0.8413,-1.9776,2.3367,-2.4689,-5.7669,-2.7054,-0.3257,-0.2436,1.2988,-1.5011,-5.2891,6.1265,-0.8413,-1.9776,2.3367,2.7057,-2.5022,5.7506,-0.3257,-0.2436,1.2988,,,5.7669,10.2479,17.7,holding
2026-09-21T16:50:59.012+09:00,TEST_0003_LAN_L2,LAN_L2,PULL_TEST,,601.8687133789062,-294.43487548828125,336.9154968261719,90.33968353271484,-89.99887084960938,179.98291015625,-5.2611,-5.8805,1.6076,-0.7792,-1.9774,2.3267,-2.4786,-5.489,-2.6006,-0.2636,-0.2434,1.2888,-1.606,-5.2964,5.8492,-0.7792,-1.9774,2.3267,2.6008,-2.5095,5.4733,-0.2636,-0.2434,1.2888,,,5.489,10.7674,17.7,holding
2026-09-21T16:50:59.069+09:00,TEST_0003_LAN_L2,LAN_L2,PULL_TEST,,601.8351440429688,-293.9338684082031,336.9134216308594,90.33482360839844,-89.99888610839844,179.98211669921875,-5.2611,-5.8805,1.6076,-0.7792,-1.9774,2.3267,-2.4786,-5.489,-2.6006,-0.2636,-0.2434,1.2888,-1.606,-5.2964,5.8492,-0.7792,-1.9774,2.3267,2.6008,-2.5095,5.4733,-0.2636,-0.2434,1.2888,,,5.489,11.2684,17.7,holding
2026-09-21T16:50:59.124+09:00,TEST_0003_LAN_L2,LAN_L2,PULL_TEST,,601.8169555664062,-293.4109191894531,336.9067687988281,90.33247375488281,-89.99856567382812,179.97972106933594,-5.346,-5.6884,1.4439,-0.7897,-1.978,2.3399,-2.5634,-5.2968,-2.7644,-0.2741,-0.244,1.302,-1.4419,-5.3795,5.6572,-0.7897,-1.978,2.3399,2.7649,-2.5926,5.2813,-0.2741,-0.244,1.302,,,5.2968,11.7914,17.7,holding
2026-09-21T16:50:59.181+09:00,TEST_0003_LAN_L2,LAN_L2,PULL_TEST,,601.8038330078125,-292.8589172363281,336.9068603515625,90.33106231689453,-89.99764251708984,179.97732543945312,-5.346,-5.6884,1.4439,-0.7897,-1.978,2.3399,-2.5634,-5.2968,-2.7644,-0.2741,-0.244,1.302,-1.4419,-5.3795,5.6572,-0.7897,-1.978,2.3399,2.7649,-2.5926,5.2813,-0.2741,-0.244,1.302,,,5.2968,12.3434,17.7,holding
2026-09-21T16:50:59.238+09:00,TEST_0003_LAN_L2,LAN_L2,PULL_TEST,,601.8043823242188,-292.3033752441406,336.9042053222656,90.33091735839844,-89.99756622314453,179.97679138183594,-5.3623,-5.6512,1.3225,-0.8078,-1.989,2.347,-2.5797,-5.2597,-2.8857,-0.2922,-0.2551,1.309,-1.3201,-5.3955,5.6201,-0.8078,-1.989,2.347,2.8867,-2.6086,5.2442,-0.2922,-0.2551,1.309,,,5.2597,12.8989,17.7,holding
2026-09-21T16:50:59.294+09:00,TEST_0003_LAN_L2,LAN_L2,PULL_TEST,,601.7963256835938,-291.7518310546875,336.8942565917969,90.32859802246094,-89.99765014648438,179.97654724121094,-5.3623,-5.6512,1.3225,-0.8078,-1.989,2.347,-2.5797,-5.2597,-2.8857,-0.2922,-0.2551,1.309,-1.3201,-5.3955,5.6201,-0.8078,-1.989,2.347,2.8867,-2.6086,5.2442,-0.2922,-0.2551,1.309,,,5.2597,13.4504,17.7,holding
2026-09-21T16:50:59.349+09:00,TEST_0003_LAN_L2,LAN_L2,PULL_TEST,,601.80224609375,-291.2101745605469,336.884521484375,90.32758331298828,-89.99842071533203,179.97747802734375,-5.4228,-5.6842,1.3533,-0.7879,-1.9792,2.3756,-2.6403,-5.2927,-2.8549,-0.2723,-0.2452,1.3377,-1.3509,-5.4558,5.6531,-0.7879,-1.9792,2.3756,2.8559,-2.6689,5.2772,-0.2723,-0.2452,1.3377,,,5.2927,13.9921,17.7,holding
2026-09-21T16:50:59.405+09:00,TEST_0003_LAN_L2,LAN_L2,PULL_TEST,,601.8034057617188,-290.65911865234375,336.8625183105469,90.32563018798828,-89.99897003173828,179.97679138183594,-5.4228,-5.6842,1.3533,-0.7879,-1.9792,2.3756,-2.6403,-5.2927,-2.8549,-0.2723,-0.2452,1.3377,-1.3509,-5.4558,5.6531,-0.7879,-1.9792,2.3756,2.8559,-2.6689,5.2772,-0.2723,-0.2452,1.3377,,,5.2927,14.5432,17.7,holding
2026-09-21T16:50:59.460+09:00,TEST_0003_LAN_L2,LAN_L2,PULL_TEST,,601.8200073242188,-290.09735107421875,336.84930419921875,90.32561492919922,-89.99864196777344,179.9766082763672,-5.4672,-5.6551,1.2842,-0.7778,-1.975,2.3776,-2.6846,-5.2635,-2.9241,-0.2622,-0.241,1.3397,-1.2818,-5.4997,5.624,-0.7778,-1.975,2.3776,2.9249,-2.7128,5.248,-0.2622,-0.241,1.3397,,,5.2635,15.1049,17.7,holding
2026-09-21T16:50:59.517+09:00,TEST_0003_LAN_L2,LAN_L2,PULL_TEST,,601.84765625,-289.5386047363281,336.82867431640625,90.32795715332031,-89.99921417236328,179.97604370117188,-5.5643,-5.4999,1.247,-0.7871,-1.9798,2.4032,-2.7818,-5.1084,-2.9612,-0.2715,-0.2459,1.3652,-1.2446,-5.5962,5.468,-0.7871,-1.9798,2.4032,2.9622,-2.8094,5.0921,-0.2715,-0.2459,1.3652,,,5.1084,15.6637,17.7,holding
2026-09-21T16:50:59.572+09:00,TEST_0003_LAN_L2,LAN_L2,PULL_TEST,,601.8463745117188,-288.9771423339844,336.8113708496094,90.32626342773438,-89.99774169921875,179.9740447998047,-5.5643,-5.4999,1.247,-0.7871,-1.9798,2.4032,-2.7818,-5.1084,-2.9612,-0.2715,-0.2459,1.3652,-1.2446,-5.5962,5.468,-0.7871,-1.9798,2.4032,2.9622,-2.8094,5.0921,-0.2715,-0.2459,1.3652,,,5.1084,16.2251,17.7,holding
2026-09-21T16:50:59.627+09:00,TEST_0003_LAN_L2,LAN_L2,PULL_TEST,,601.843017578125,-288.44403076171875,336.79681396484375,90.32568359375,-89.99759674072266,179.97146606445312,-5.4947,-5.3548,1.2601,-0.7839,-1.9769,2.3825,-2.7121,-4.9632,-2.9481,-0.2683,-0.2429,1.3446,-1.2572,-5.5255,5.3236,-0.7839,-1.9769,2.3825,2.9496,-2.7386,4.9477,-0.2683,-0.2429,1.3446,,,4.9632,16.7582,17.7,holding
2026-09-21T16:50:59.683+09:00,TEST_0003_LAN_L2,LAN_L2,PULL_TEST,,601.8357543945312,-287.88531494140625,336.7885437011719,90.3256607055664,-89.99710845947266,179.96847534179688,-5.4947,-5.3548,1.2601,-0.7839,-1.9769,2.3825,-2.7121,-4.9632,-2.9481,-0.2683,-0.2429,1.3446,-1.2572,-5.5255,5.3236,-0.7839,-1.9769,2.3825,2.9496,-2.7386,4.9477,-0.2683,-0.2429,1.3446,,,4.9632,17.317,17.7,holding
2026-09-21T16:50:59.738+09:00,TEST_0003_LAN_L2,LAN_L2,PULL_TEST,,601.8283081054688,-287.31658935546875,336.7894287109375,90.32689666748047,-89.99723815917969,179.96705627441406,-5.3679,-5.5325,1.1932,-0.8028,-1.9818,2.3436,-2.5853,-5.141,-3.0151,-0.2872,-0.2479,1.3057,-1.1899,-5.4,5.5019,-0.8028,-1.9818,2.3436,3.0169,-2.6131,5.126,-0.2872,-0.2479,1.3057,,,5.141,17.8857,17.7,holding
2026-09-21T16:50:59.794+09:00,TEST_0003_LAN_L2,LAN_L2,PULL_TEST,,601.81591796875,-286.76446533203125,336.7980651855469,90.32738494873047,-89.99820709228516,179.96812438964844,-5.3679,-5.5325,1.1932,-0.8028,-1.9818,2.3436,-2.5853,-5.141,-3.0151,-0.2872,-0.2479,1.3057,-1.1899,-5.4,5.5019,-0.8028,-1.9818,2.3436,3.0169,-2.6131,5.126,-0.2872,-0.2479,1.3057,,,5.141,18.4378,17.7,holding
2026-09-21T16:50:59.849+09:00,TEST_0003_LAN_L2,LAN_L2,PULL_TEST,,601.7837524414062,-286.22882080078125,336.8135986328125,90.32373809814453,-89.99751281738281,179.96922302246094,-5.3066,-5.5396,1.2373,-0.792,-1.9767,2.3139,-2.524,-5.1481,-2.9709,-0.2764,-0.2427,1.276,-1.2342,-5.3388,5.5093,-0.792,-1.9767,2.3139,2.9726,-2.5519,5.1334,-0.2764,-0.2427,1.276,,,5.1481,18.9734,17.7,holding
2026-09-21T16:50:59.906+09:00,TEST_0003_LAN_L2,LAN_L2,PULL_TEST,,601.780029296875,-285.67413330078125,336.8326416015625,90.32462310791016,-89.99803161621094,179.9714813232422,-5.3066,-5.5396,1.2373,-0.792,-1.9767,2.3139,-2.524,-5.1481,-2.9709,-0.2764,-0.2427,1.276,-1.2342,-5.3388,5.5093,-0.792,-1.9767,2.3139,2.9726,-2.5519,5.1334,-0.2764,-0.2427,1.276,,,5.1481,19.5281,17.7,holding
2026-09-21T16:50:59.961+09:00,TEST_0003_LAN_L2,LAN_L2,PULL_TEST,,601.771728515625,-285.1192321777344,336.8663330078125,90.32401275634766,-89.99751281738281,179.9743194580078,-5.3484,-5.6576,1.1896,-0.8053,-1.9779,2.329,-2.5658,-5.266,-3.0187,-0.2897,-0.244,1.2911,-1.1867,-5.381,5.6272,-0.8053,-1.9779,2.329,3.0201,-2.5941,5.2513,-0.2897,-0.244,1.2911,,,5.266,20.083,17.7,holding
2026-09-21T16:51:00.018+09:00,TEST_0003_LAN_L2,LAN_L2,PULL_TEST,,601.7772827148438,-284.54925537109375,336.8957214355469,90.32465362548828,-89.9969711303711,179.97740173339844,-5.4303,-5.7509,1.2265,-0.7905,-1.981,2.3505,-2.6478,-5.3594,-2.9817,-0.2749,-0.247,1.3126,-1.224,-5.4633,5.7201,-0.7905,-1.981,2.3505,2.9828,-2.6765,5.3442,-0.2749,-0.247,1.3126,,,5.3594,20.653,17.7,holding
2026-09-21T16:51:00.074+09:00,TEST_0003_LAN_L2,LAN_L2,PULL_TEST,,601.7903442382812,-283.9873046875,336.92138671875,90.3260269165039,-89.99796295166016,179.9820098876953,-5.4303,-5.7509,1.2265,-0.7905,-1.981,2.3505,-2.6478,-5.3594,-2.9817,-0.2749,-0.247,1.3126,-1.224,-5.4633,5.7201,-0.7905,-1.981,2.3505,2.9828,-2.6765,5.3442,-0.2749,-0.247,1.3126,,,5.3594,21.215,17.7,holding
2026-09-21T16:51:00.129+09:00,TEST_0003_LAN_L2,LAN_L2,PULL_TEST,,601.7762451171875,-283.4501953125,336.93701171875,90.32231903076172,-89.99857330322266,179.98577880859375,-5.3821,-5.651,1.1933,-0.8078,-1.9817,2.3308,-2.5996,-5.2595,-3.0149,-0.2922,-0.2478,1.2929,-1.1917,-5.4143,5.6206,-0.8078,-1.9817,2.3308,3.0151,-2.6274,5.2447,-0.2922,-0.2478,1.2929,,,5.2595,21.7521,17.7,holding
2026-09-21T16:51:00.185+09:00,TEST_0003_LAN_L2,LAN_L2,PULL_TEST,,601.78662109375,-282.8901672363281,336.93255615234375,90.32327270507812,-89.99911499023438,179.98574829101562,-5.3821,-5.651,1.1933,-0.8078,-1.9817,2.3308,-2.5996,-5.2595,-3.0149,-0.2922,-0.2478,1.2929,-1.1917,-5.4143,5.6206,-0.8078,-1.9817,2.3308,3.0151,-2.6274,5.2447,-0.2922,-0.2478,1.2929,,,5.2595,22.3121,17.7,holding
2026-09-21T16:51:00.241+09:00,TEST_0003_LAN_L2,LAN_L2,PULL_TEST,,601.7913208007812,-282.31585693359375,336.9101257324219,90.32415771484375,-89.99913024902344,179.98216247558594,-5.39,-5.6764,1.2874,-0.7764,-1.9803,2.3312,-2.6074,-5.2849,-2.9209,-0.2608,-0.2463,1.2932,-1.2859,-5.4223,5.6459,-0.7764,-1.9803,2.3312,2.9209,-2.6354,5.27,-0.2608,-0.2463,1.2932,,,5.2849,22.8864,17.7,holding
2026-09-21T16:51:00.296+09:00,TEST_0003_LAN_L2,LAN_L2,PULL_TEST,,601.7916259765625,-281.771240234375,336.8738098144531,90.32321166992188,-89.998779296875,179.9769744873047,-5.39,-5.6764,1.2874,-0.7764,-1.9803,2.3312,-2.6074,-5.2849,-2.9209,-0.2608,-0.2463,1.2932,-1.2859,-5.4223,5.6459,-0.7764,-1.9803,2.3312,2.9209,-2.6354,5.27,-0.2608,-0.2463,1.2932,,,5.2849,23.431,17.7,holding
2026-09-21T16:51:00.353+09:00,TEST_0003_LAN_L2,LAN_L2,PULL_TEST,,601.808349609375,-281.2024841308594,336.83013916015625,90.32500457763672,-89.9983901977539,179.97201538085938,-5.4022,-5.5017,1.2887,-0.7839,-1.984,2.3306,-2.6196,-5.1102,-2.9195,-0.2683,-0.25,1.2927,-1.2863,-5.4337,5.4711,-0.7839,-1.984,2.3306,2.9205,-2.6469,5.0952,-0.2683,-0.25,1.2927,,,5.1102,23.9998,17.7,holding
2026-09-21T16:51:00.409+09:00,TEST_0003_LAN_L2,LAN_L2,PULL_TEST,,601.802490234375,-280.6553649902344,336.8031005859375,90.3221664428711,-89.99690246582031,179.9688262939453,-5.4022,-5.5017,1.2887,-0.7839,-1.984,2.3306,-2.6196,-5.1102,-2.9195,-0.2683,-0.25,1.2927,-1.2863,-5.4337,5.4711,-0.7839,-1.984,2.3306,2.9205,-2.6469,5.0952,-0.2683,-0.25,1.2927,,,5.1102,24.5469,17.7,holding
2026-09-21T16:51:00.464+09:00,TEST_0003_LAN_L2,LAN_L2,PULL_TEST,,601.8134155273438,-280.1029968261719,336.7879943847656,90.3226089477539,-89.99700927734375,179.96746826171875,-5.411,-5.5188,1.2863,-0.785,-1.9792,2.3368,-2.6284,-5.1273,-2.9219,-0.2694,-0.2452,1.2989,-1.283,-5.4426,5.4884,-0.785,-1.9792,2.3368,2.9238,-2.6557,5.1125,-0.2694,-0.2452,1.2989,,,5.1273,25.0993,17.7,holding
2026-09-21T16:51:00.519+09:00,TEST_0003_LAN_L2,LAN_L2,PULL_TEST,,601.8261108398438,-279.5343017578125,336.8054504394531,90.32444763183594,-89.99748229980469,179.96981811523438,-5.278,-5.7521,1.1918,-0.809,-1.9817,2.2868,-2.4955,-5.3606,-3.0165,-0.2934,-0.2477,1.2489,-1.1886,-5.3111,5.7222,-0.809,-1.9817,2.2868,3.0182,-2.5243,5.3463,-0.2934,-0.2477,1.2489,,,5.3606,25.668,17.7,holding
2026-09-21T16:51:00.575+09:00,TEST_0003_LAN_L2,LAN_L2,PULL_TEST,,601.8310546875,-278.9740905761719,336.8588562011719,90.32544708251953,-89.9979248046875,179.976318359375,-5.278,-5.7521,1.1918,-0.809,-1.9817,2.2868,-2.4955,-5.3606,-3.0165,-0.2934,-0.2477,1.2489,-1.1886,-5.3111,5.7222,-0.809,-1.9817,2.2868,3.0182,-2.5243,5.3463,-0.2934,-0.2477,1.2489,,,5.3606,26.2282,17.7,holding
2026-09-21T16:51:00.631+09:00,TEST_0003_LAN_L2,LAN_L2,PULL_TEST,,601.8323364257812,-278.409912109375,336.9025573730469,90.32640838623047,-89.99910736083984,179.9829559326172,-5.2803,-5.7284,1.1872,-0.8171,-1.9826,2.2784,-2.4977,-5.3369,-3.0211,-0.3015,-0.2487,1.2405,-1.1853,-5.3133,5.6982,-0.8171,-1.9826,2.2784,3.0215,-2.5264,5.3223,-0.3015,-0.2487,1.2405,,,5.3369,26.7924,17.7,holding
2026-09-21T16:51:00.686+09:00,TEST_0003_LAN_L2,LAN_L2,PULL_TEST,,601.8094482421875,-277.857666015625,336.92486572265625,90.32433319091797,-89.99935150146484,179.98568725585938,-5.2803,-5.7284,1.1872,-0.8171,-1.9826,2.2784,-2.4977,-5.3369,-3.0211,-0.3015,-0.2487,1.2405,-1.1853,-5.3133,5.6982,-0.8171,-1.9826,2.2784,3.0215,-2.5264,5.3223,-0.3015,-0.2487,1.2405,,,5.3369,27.3446,17.7,holding
2026-09-21T16:51:00.741+09:00,TEST_0003_LAN_L2,LAN_L2,PULL_TEST,,601.8041381835938,-277.30548095703125,336.924560546875,90.32596588134766,-89.99906921386719,179.9838409423828,-5.2065,-5.7927,1.2694,-0.7831,-1.9739,2.2538,-2.4239,-5.4012,-2.9389,-0.2675,-0.2399,1.2159,-1.2679,-5.2395,5.7632,-0.7831,-1.9739,2.2538,2.9389,-2.4526,5.3873,-0.2675,-0.2399,1.2159,,,5.4012,27.8968,17.7,holding
2026-09-21T16:51:00.797+09:00,TEST_0003_LAN_L2,LAN_L2,PULL_TEST,,601.7952270507812,-276.7273864746094,336.9183349609375,90.32720184326172,-89.99836730957031,179.97996520996094,-5.2065,-5.7927,1.2694,-0.7831,-1.9739,2.2538,-2.4239,-5.4012,-2.9389,-0.2675,-0.2399,1.2159,-1.2679,-5.2395,5.7632,-0.7831,-1.9739,2.2538,2.9389,-2.4526,5.3873,-0.2675,-0.2399,1.2159,,,5.4012,28.4749,17.7,holding
2026-09-21T16:51:00.852+09:00,TEST_0003_LAN_L2,LAN_L2,PULL_TEST,,601.7808837890625,-276.1811828613281,336.9053039550781,90.32678985595703,-89.99762725830078,179.97671508789062,-5.2875,-5.6832,1.2603,-0.7913,-1.9763,2.2785,-2.5049,-5.2917,-2.9479,-0.2757,-0.2423,1.2406,-1.2581,-5.3203,5.653,-0.7913,-1.9763,2.2785,2.9487,-2.5334,5.2771,-0.2757,-0.2423,1.2406,,,5.2917,29.0211,17.7,holding
2026-09-21T16:51:00.907+09:00,TEST_0003_LAN_L2,LAN_L2,PULL_TEST,,601.779052734375,-275.6415710449219,336.87969970703125,90.32713317871094,-89.99817657470703,179.97476196289062,-5.2875,-5.6832,1.2603,-0.7913,-1.9763,2.2785,-2.5049,-5.2917,-2.9479,-0.2757,-0.2423,1.2406,-1.2581,-5.3203,5.653,-0.7913,-1.9763,2.2785,2.9487,-2.5334,5.2771,-0.2757,-0.2423,1.2406,,,5.2917,29.5607,17.7,holding
2026-09-21T16:51:00.962+09:00,TEST_0003_LAN_L2,LAN_L2,PULL_TEST,,601.77392578125,-275.09100341796875,336.8575134277344,90.32569885253906,-89.99766540527344,179.9720916748047,-5.3691,-5.7179,1.2782,-0.783,-1.9674,2.3119,-2.5865,-5.3264,-2.9301,-0.2674,-0.2334,1.274,-1.2756,-5.4022,5.6872,-0.783,-1.9674,2.3119,2.9312,-2.6153,5.3113,-0.2674,-0.2334,1.274,,,5.3264,30.1113,17.7,holding
2026-09-21T16:51:01.017+09:00,TEST_0003_LAN_L2,LAN_L2,PULL_TEST,,601.7890014648438,-274.5438537597656,336.8306579589844,90.32649230957031,-89.99828338623047,179.96925354003906,-5.4552,-5.7457,1.3459,-0.7631,-1.9675,2.3503,-2.6727,-5.3542,-2.8624,-0.2475,-0.2335,1.3124,-1.3428,-5.4886,5.7147,-0.7631,-1.9675,2.3503,2.864,-2.7017,5.3388,-0.2475,-0.2335,1.3124,,,5.3542,30.6584,17.7,holding
2026-09-21T16:51:01.073+09:00,TEST_0003_LAN_L2,LAN_L2,PULL_TEST,,601.8043823242188,-273.9734191894531,336.8062438964844,90.32673645019531,-89.99864959716797,179.96768188476562,-5.4552,-5.7457,1.3459,-0.7631,-1.9675,2.3503,-2.6727,-5.3542,-2.8624,-0.2475,-0.2335,1.3124,-1.3428,-5.4886,5.7147,-0.7631,-1.9675,2.3503,2.864,-2.7017,5.3388,-0.2475,-0.2335,1.3124,,,5.3542,31.2289,17.7,holding
2026-09-21T16:51:01.128+09:00,TEST_0003_LAN_L2,LAN_L2,PULL_TEST,,601.8207397460938,-273.4193115234375,336.7998962402344,90.32662963867188,-89.99835205078125,179.96823120117188,-5.4353,-5.6557,1.2882,-0.7872,-1.9721,2.3413,-2.6527,-5.2642,-2.92,-0.2716,-0.2381,1.3034,-1.285,-5.4681,5.6247,-0.7872,-1.9721,2.3413,2.9218,-2.6812,5.2488,-0.2716,-0.2381,1.3034,,,5.2642,31.783,17.7,holding
2026-09-21T16:51:01.184+09:00,TEST_0003_LAN_L2,LAN_L2,PULL_TEST,,601.823974609375,-272.87841796875,336.7958984375,90.32599639892578,-89.9979019165039,179.96803283691406,-5.4353,-5.6557,1.2882,-0.7872,-1.9721,2.3413,-2.6527,-5.2642,-2.92,-0.2716,-0.2381,1.3034,-1.285,-5.4681,5.6247,-0.7872,-1.9721,2.3413,2.9218,-2.6812,5.2488,-0.2716,-0.2381,1.3034,,,5.2642,32.3239,17.7,holding
2026-09-21T16:51:01.240+09:00,TEST_0003_LAN_L2,LAN_L2,PULL_TEST,,601.8052978515625,-272.3181457519531,336.8007507324219,90.32472229003906,-89.99679565429688,179.96742248535156,-5.383,-5.7087,1.3031,-0.7823,-1.9688,2.3296,-2.6004,-5.3171,-2.9051,-0.2668,-0.2349,1.2917,-1.2998,-5.416,5.6781,-0.7823,-1.9688,2.3296,2.907,-2.6292,5.3022,-0.2668,-0.2349,1.2917,,,5.3171,32.8841,17.7,holding
2026-09-21T16:51:01.295+09:00,TEST_0003_LAN_L2,LAN_L2,PULL_TEST,,601.80419921875,-271.75177001953125,336.8194885253906,90.32725524902344,-89.99699401855469,179.96951293945312,-5.383,-5.7087,1.3031,-0.7823,-1.9688,2.3296,-2.6004,-5.3171,-2.9051,-0.2668,-0.2349,1.2917,-1.2998,-5.416,5.6781,-0.7823,-1.9688,2.3296,2.907,-2.6292,5.3022,-0.2668,-0.2349,1.2917,,,5.3171,33.4505,17.7,holding
2026-09-21T16:51:01.350+09:00,TEST_0003_LAN_L2,LAN_L2,PULL_TEST,,601.7860717773438,-271.207275390625,336.8346252441406,90.3266830444336,-89.99744415283203,179.9707489013672,-5.2884,-5.8099,1.3132,-0.7738,-1.9616,2.2994,-2.5059,-5.4184,-2.8951,-0.2582,-0.2276,1.2615,-1.3101,-5.3223,5.7796,-0.7738,-1.9616,2.2994,2.8967,-2.5354,5.4037,-0.2582,-0.2276,1.2615,,,5.4184,33.995,17.7,holding
2026-09-21T16:51:01.406+09:00,TEST_0003_LAN_L2,LAN_L2,PULL_TEST,,601.77197265625,-270.6520080566406,336.8556823730469,90.32625579833984,-89.99819946289062,179.9720916748047,-5.2884,-5.8099,1.3132,-0.7738,-1.9616,2.2994,-2.5059,-5.4184,-2.8951,-0.2582,-0.2276,1.2615,-1.3101,-5.3223,5.7796,-0.7738,-1.9616,2.2994,2.8967,-2.5354,5.4037,-0.2582,-0.2276,1.2615,,,5.4184,34.5503,17.7,holding
2026-09-21T16:51:01.461+09:00,TEST_0003_LAN_L2,LAN_L2,PULL_TEST,,601.7693481445312,-270.1175842285156,336.885986328125,90.32591247558594,-89.99927520751953,179.97628784179688,-5.3298,-5.8323,1.2829,-0.7856,-1.9653,2.3058,-2.5473,-5.4408,-2.9254,-0.2701,-0.2313,1.2679,-1.2801,-5.3636,5.8019,-0.7856,-1.9653,2.3058,2.9267,-2.5767,5.426,-0.2701,-0.2313,1.2679,,,5.4408,35.0847,17.7,holding
2026-09-21T16:51:01.518+09:00,TEST_0003_LAN_L2,LAN_L2,PULL_TEST,,601.768798828125,-269.56109619140625,336.9220886230469,90.32351684570312,-89.99944305419922,179.9823455810547,-5.4014,-5.8812,1.2612,-0.7874,-1.9696,2.3341,-2.6189,-5.4897,-2.9471,-0.2718,-0.2357,1.2962,-1.2594,-5.435,5.8506,-0.7874,-1.9696,2.3341,2.9474,-2.6481,5.4747,-0.2718,-0.2357,1.2962,,,5.4897,35.6412,17.7,holding
2026-09-21T16:51:01.573+09:00,TEST_0003_LAN_L2,LAN_L2,PULL_TEST,,601.7948608398438,-268.9847717285156,336.941162109375,90.32623291015625,-89.99961853027344,179.98641967773438,-5.4014,-5.8812,1.2612,-0.7874,-1.9696,2.3341,-2.6189,-5.4897,-2.9471,-0.2718,-0.2357,1.2962,-1.2594,-5.435,5.8506,-0.7874,-1.9696,2.3341,2.9474,-2.6481,5.4747,-0.2718,-0.2357,1.2962,,,5.4897,36.2175,17.7,holding
2026-09-21T16:51:01.628+09:00,TEST_0003_LAN_L2,LAN_L2,PULL_TEST,,601.7939453125,-268.4424743652344,336.9163818359375,90.32565307617188,-89.9986572265625,179.9834747314453,-5.4499,-5.7375,1.4,-0.7543,-1.9668,2.3433,-2.6674,-5.346,-2.8082,-0.2387,-0.2328,1.3053,-1.3985,-5.4829,5.7063,-0.7543,-1.9668,2.3433,2.8083,-2.696,5.3304,-0.2387,-0.2328,1.3053,,,5.346,36.7598,17.7,holding
2026-09-21T16:51:01.683+09:00,TEST_0003_LAN_L2,LAN_L2,PULL_TEST,,601.7913208007812,-267.8990173339844,336.8629150390625,90.32475280761719,-89.99771881103516,179.97630310058594,-5.4499,-5.7375,1.4,-0.7543,-1.9668,2.3433,-2.6674,-5.346,-2.8082,-0.2387,-0.2328,1.3053,-1.3985,-5.4829,5.7063,-0.7543,-1.9668,2.3433,2.8083,-2.696,5.3304,-0.2387,-0.2328,1.3053,,,5.346,37.3033,17.7,holding
2026-09-21T16:51:01.739+09:00,TEST_0003_LAN_L2,LAN_L2,PULL_TEST,,601.79443359375,-267.3604736328125,336.8039245605469,90.32447052001953,-89.99813079833984,179.96939086914062,-5.4327,-5.7812,1.3628,-0.7729,-1.9645,2.3446,-2.6501,-5.3897,-2.8454,-0.2573,-0.2306,1.3067,-1.36,-5.466,5.7505,-0.7729,-1.9645,2.3446,2.8468,-2.6791,5.3746,-0.2573,-0.2306,1.3067,,,5.3897,37.8418,17.7,holding
2026-09-21T16:51:01.794+09:00,TEST_0003_LAN_L2,LAN_L2,PULL_TEST,,601.7886352539062,-266.8032531738281,336.7690124511719,90.32293701171875,-89.99755859375,179.96449279785156,-5.4327,-5.7812,1.3628,-0.7729,-1.9645,2.3446,-2.6501,-5.3897,-2.8454,-0.2573,-0.2306,1.3067,-1.36,-5.466,5.7505,-0.7729,-1.9645,2.3446,2.8468,-2.6791,5.3746,-0.2573,-0.2306,1.3067,,,5.3897,38.399,17.7,holding
2026-09-21T16:51:01.849+09:00,TEST_0003_LAN_L2,LAN_L2,PULL_TEST,,601.799072265625,-266.2340393066406,336.7691650390625,90.32561492919922,-89.99812316894531,179.9644775390625,-5.4283,-5.9227,1.2845,-0.7916,-1.9669,2.3496,-2.6457,-5.5312,-2.9237,-0.276,-0.233,1.3116,-1.2808,-5.4624,5.892,-0.7916,-1.9669,2.3496,2.926,-2.6755,5.5161,-0.276,-0.233,1.3116,,,5.5312,38.9682,17.7,holding
2026-09-21T16:51:01.905+09:00,TEST_0003_LAN_L2,LAN_L2,PULL_TEST,,601.7932739257812,-265.6737365722656,336.82696533203125,90.32450866699219,-89.99871826171875,179.9720916748047,-5.4283,-5.9227,1.2845,-0.7916,-1.9669,2.3496,-2.6457,-5.5312,-2.9237,-0.276,-0.233,1.3116,-1.2808,-5.4624,5.892,-0.7916,-1.9669,2.3496,2.926,-2.6755,5.5161,-0.276,-0.233,1.3116,,,5.5312,39.5285,17.7,holding
2026-09-21T16:51:01.960+09:00,TEST_0003_LAN_L2,LAN_L2,PULL_TEST,,601.7896728515625,-265.127685546875,336.8998107910156,90.32333374023438,-89.99935913085938,179.9826202392578,-5.4214,-5.8777,1.1819,-0.8234,-1.9695,2.35,-2.6388,-5.4862,-3.0263,-0.3078,-0.2355,1.3121,-1.1792,-5.4552,5.8469,-0.8234,-1.9695,2.35,3.0276,-2.6683,5.471,-0.3078,-0.2355,1.3121,,,5.4862,40.0746,17.7,holding
2026-09-21T16:51:02.015+09:00,TEST_0003_LAN_L2,LAN_L2,PULL_TEST,,601.79052734375,-264.5816650390625,336.9262390136719,90.32520294189453,-89.9999008178711,179.98480224609375,-5.4631,-6.0016,1.4402,-0.7421,-1.9658,2.3605,-2.6806,-5.6101,-2.7681,-0.2265,-0.2318,1.3226,-1.4387,-5.4975,5.9705,-0.7421,-1.9658,2.3605,2.768,-2.7106,5.5946,-0.2265,-0.2318,1.3226,,,5.6101,40.6206,17.7,holding
2026-09-21T16:51:02.071+09:00,TEST_0003_LAN_L2,LAN_L2,PULL_TEST,,601.7667846679688,-264.0265808105469,336.926025390625,90.32343292236328,-89.99861145019531,179.98060607910156,-5.4631,-6.0016,1.4402,-0.7421,-1.9658,2.3605,-2.6806,-5.6101,-2.7681,-0.2265,-0.2318,1.3226,-1.4387,-5.4975,5.9705,-0.7421,-1.9658,2.3605,2.768,-2.7106,5.5946,-0.2265,-0.2318,1.3226,,,5.6101,41.1757,17.7,holding
2026-09-21T16:51:02.126+09:00,TEST_0003_LAN_L2,LAN_L2,PULL_TEST,,601.767578125,-263.4626770019531,336.9073181152344,90.32544708251953,-89.99806213378906,179.97665405273438,-5.4575,-6.1449,1.3572,-0.7538,-1.9726,2.3554,-2.6749,-5.7534,-2.851,-0.2382,-0.2386,1.3175,-1.3548,-5.4928,6.1139,-0.7538,-1.9726,2.3554,2.852,-2.7059,5.738,-0.2382,-0.2386,1.3175,,,5.7534,41.7396,17.7,holding
2026-09-21T16:51:02.181+09:00,TEST_0003_LAN_L2,LAN_L2,PULL_TEST,,601.7720336914062,-262.90301513671875,336.8760070800781,90.32649230957031,-89.99794006347656,179.97317504882812,-5.4575,-6.1449,1.3572,-0.7538,-1.9726,2.3554,-2.6749,-5.7534,-2.851,-0.2382,-0.2386,1.3175,-1.3548,-5.4928,6.1139,-0.7538,-1.9726,2.3554,2.852,-2.7059,5.738,-0.2382,-0.2386,1.3175,,,5.7534,42.2993,17.7,holding
2026-09-21T16:51:02.238+09:00,TEST_0003_LAN_L2,LAN_L2,PULL_TEST,,601.7718505859375,-262.35986328125,336.8376159667969,90.32450103759766,-89.99768829345703,179.96905517578125,-5.5411,-6.1113,1.3453,-0.758,-1.9652,2.3808,-2.7585,-5.7198,-2.8629,-0.2424,-0.2312,1.3429,-1.3422,-5.5763,6.0798,-0.758,-1.9652,2.3808,2.8646,-2.7895,5.7039,-0.2424,-0.2312,1.3429,,,5.7198,42.8424,17.7,holding
2026-09-21T16:51:02.293+09:00,TEST_0003_LAN_L2,LAN_L2,PULL_TEST,,601.8011474609375,-261.7974853515625,336.7906799316406,90.32554626464844,-89.99813842773438,179.96495056152344,-5.5411,-6.1113,1.3453,-0.758,-1.9652,2.3808,-2.7585,-5.7198,-2.8629,-0.2424,-0.2312,1.3429,-1.3422,-5.5763,6.0798,-0.758,-1.9652,2.3808,2.8646,-2.7895,5.7039,-0.2424,-0.2312,1.3429,,,5.7198,43.4048,17.7,holding
2026-09-21T16:51:02.348+09:00,TEST_0003_LAN_L2,LAN_L2,PULL_TEST,,601.81298828125,-261.2254638671875,336.7832336425781,90.32505798339844,-89.99711608886719,179.96449279785156,-5.5976,-6.1546,1.2853,-0.7717,-1.968,2.3906,-2.815,-5.7631,-2.923,-0.2561,-0.2341,1.3527,-1.2815,-5.6332,6.1228,-0.7717,-1.968,2.3906,2.9253,-2.8463,5.7469,-0.2561,-0.2341,1.3527,,,5.7631,43.9768,17.7,holding
2026-09-21T16:51:02.404+09:00,TEST_0003_LAN_L2,LAN_L2,PULL_TEST,,601.817138671875,-260.66656494140625,336.7837219238281,90.32637786865234,-89.99723815917969,179.96347045898438,-5.5976,-6.1546,1.2853,-0.7717,-1.968,2.3906,-2.815,-5.7631,-2.923,-0.2561,-0.2341,1.3527,-1.2815,-5.6332,6.1228,-0.7717,-1.968,2.3906,2.9253,-2.8463,5.7469,-0.2561,-0.2341,1.3527,,,5.7631,44.5357,17.7,holding
2026-09-21T16:51:02.459+09:00,TEST_0003_LAN_L2,LAN_L2,PULL_TEST,,601.7996826171875,-260.1186828613281,336.7850036621094,90.32672119140625,-89.99699401855469,179.9620819091797,-5.5861,-5.8618,1.2684,-0.7871,-1.9714,2.3831,-2.8035,-5.4703,-2.9398,-0.2715,-0.2375,1.3451,-1.2645,-5.6202,5.83,-0.7871,-1.9714,2.3831,2.9422,-2.8333,5.454,-0.2715,-0.2375,1.3451,,,5.4703,45.0836,17.7,holding
2026-09-21T16:51:02.515+09:00,TEST_0003_LAN_L2,LAN_L2,PULL_TEST,,601.7664184570312,-259.57391357421875,336.7939147949219,90.32429504394531,-89.99629211425781,179.96145629882812,-5.6083,-5.911,1.3273,-0.7632,-1.9626,2.3892,-2.8257,-5.5195,-2.881,-0.2476,-0.2287,1.3512,-1.3231,-5.6426,5.8792,-0.7632,-1.9626,2.3892,2.8837,-2.8557,5.5033,-0.2476,-0.2287,1.3512,,,5.5195,45.6284,17.7,holding
2026-09-21T16:51:02.570+09:00,TEST_0003_LAN_L2,LAN_L2,PULL_TEST,,601.7573852539062,-259.0305480957031,336.7887878417969,90.3252182006836,-89.99710083007812,179.9600372314453,-5.6083,-5.911,1.3273,-0.7632,-1.9626,2.3892,-2.8257,-5.5195,-2.881,-0.2476,-0.2287,1.3512,-1.3231,-5.6426,5.8792,-0.7632,-1.9626,2.3892,2.8837,-2.8557,5.5033,-0.2476,-0.2287,1.3512,,,5.5195,46.1717,17.7,holding
2026-09-21T16:51:02.625+09:00,TEST_0003_LAN_L2,LAN_L2,PULL_TEST,,601.7515869140625,-258.4684143066406,336.7909851074219,90.32514953613281,-89.9971694946289,179.9595947265625,-5.6681,-6.037,1.4178,-0.7303,-1.9625,2.4071,-2.8855,-5.6455,-2.7905,-0.2147,-0.2285,1.3692,-1.4134,-5.7032,6.0048,-0.7303,-1.9625,2.4071,2.7934,-2.9163,5.6289,-0.2147,-0.2285,1.3692,,,5.6455,46.7339,17.7,holding
2026-09-21T16:51:02.681+09:00,TEST_0003_LAN_L2,LAN_L2,PULL_TEST,,601.7675170898438,-257.910400390625,336.8160095214844,90.32552337646484,-89.99799346923828,179.9644775390625,-5.6681,-6.037,1.4178,-0.7303,-1.9625,2.4071,-2.8855,-5.6455,-2.7905,-0.2147,-0.2285,1.3692,-1.4134,-5.7032,6.0048,-0.7303,-1.9625,2.4071,2.7934,-2.9163,5.6289,-0.2147,-0.2285,1.3692,,,5.6455,47.2919,17.7,holding
2026-09-21T16:51:02.738+09:00,TEST_0003_LAN_L2,LAN_L2,PULL_TEST,,601.7885131835938,-257.3482971191406,336.8372497558594,90.32548522949219,-89.99913024902344,179.97048950195312,-5.7643,-5.9666,1.3536,-0.7492,-1.9667,2.4388,-2.9817,-5.5751,-2.8546,-0.2336,-0.2328,1.4009,-1.3503,-5.799,5.9337,-0.7492,-1.9667,2.4388,2.8565,-3.0121,5.5578,-0.2336,-0.2328,1.4009,,,5.5751,47.854,17.7,holding
2026-09-21T16:51:02.794+09:00,TEST_0003_LAN_L2,LAN_L2,PULL_TEST,,601.7845458984375,-256.8001403808594,336.8166198730469,90.32347869873047,-89.99854278564453,179.96778869628906,-5.7643,-5.9666,1.3536,-0.7492,-1.9667,2.4388,-2.9817,-5.5751,-2.8546,-0.2336,-0.2328,1.4009,-1.3503,-5.799,5.9337,-0.7492,-1.9667,2.4388,2.8565,-3.0121,5.5578,-0.2336,-0.2328,1.4009,,,5.5751,48.4021,17.7,holding
2026-09-21T16:51:02.850+09:00,TEST_0003_LAN_L2,LAN_L2,PULL_TEST,,601.79248046875,-256.25579833984375,336.77398681640625,90.32505798339844,-89.9981460571289,179.9618682861328,-5.7903,-6.0418,1.5225,-0.6966,-1.9654,2.4368,-3.0078,-5.6503,-2.6857,-0.181,-0.2314,1.3989,-1.5188,-5.8253,6.009,-0.6966,-1.9654,2.4368,2.688,-3.0384,5.6331,-0.181,-0.2314,1.3989,,,5.6503,48.9465,17.7,holding
2026-09-21T16:51:02.906+09:00,TEST_0003_LAN_L2,LAN_L2,PULL_TEST,,601.7969360351562,-255.76327514648438,336.7635803222656,90.32695007324219,-89.99762725830078,179.96054077148438,-5.7903,-6.0418,1.5225,-0.6966,-1.9654,2.4368,-3.0078,-5.6503,-2.6857,-0.181,-0.2314,1.3989,-1.5188,-5.8253,6.009,-0.6966,-1.9654,2.4368,2.688,-3.0384,5.6331,-0.181,-0.2314,1.3989,,,5.6503,49.439,17.7,holding
2026-09-21T16:51:19.182+09:00,TEST_0003_LAN_L2,LAN_L2,RELEASE,RETURN_SOFT_GRIP_COMMAND,601.7684936523438,-255.2019805908203,336.8344421386719,90.32520294189453,-89.99752044677734,179.9709930419922,-4.4907,-4.2875,1.9178,-0.5578,-1.7055,1.6953,0.0,0.0,0.0,0.0,0.0,0.0,-1.9153,-4.5159,4.262,-0.5578,-1.7055,1.6953,0.0,0.0,0.0,0.0,0.0,0.0,,,,,17.7,holding
2026-09-21T16:51:19.400+09:00,TEST_0003_LAN_L2,LAN_L2,RELEASE,RETURN_SOFT_GRIP_OPEN_REACHED,601.7684936523438,-255.2019805908203,336.8344421386719,90.32520294189453,-89.99752044677734,179.9709930419922,-4.5344,-4.3207,2.1447,-0.4955,-1.7061,1.7153,0.0,0.0,0.0,0.0,0.0,0.0,-2.1422,-4.56,4.2949,-0.4955,-1.7061,1.7153,0.0,0.0,0.0,0.0,0.0,0.0,,,,,24.1,moving
2026-09-21T16:51:22.022+09:00,TEST_0003_LAN_L5,LAN_L5,PREPARE_SOFT_GRIP,INITIAL_SOFT_GRIP_OPEN_COMMAND,602.3649291992188,-36.25385284423828,347.8676452636719,113.16778564453125,-136.43031311035156,-147.81703186035156,1.2728,-3.4654,4.4602,-0.0448,-1.7415,1.4174,0.0,0.0,0.0,0.0,0.0,0.0,-4.9654,2.8965,-0.6906,-0.0448,-1.7415,1.4174,0.0,0.0,0.0,0.0,0.0,0.0,,,,,25.3,holding
2026-09-21T16:51:22.036+09:00,TEST_0003_LAN_L5,LAN_L5,PREPARE_SOFT_GRIP,INITIAL_SOFT_GRIP_OPEN_REACHED,602.365234375,-36.253753662109375,347.8684387207031,113.16790771484375,-136.43031311035156,-147.81686401367188,1.2728,-3.4654,4.4602,-0.0448,-1.7415,1.4174,0.0,0.0,0.0,0.0,0.0,0.0,-4.9654,2.8965,-0.6906,-0.0448,-1.7415,1.4174,0.0,0.0,0.0,0.0,0.0,0.0,,,,,25.3,holding
2026-09-21T16:51:24.822+09:00,TEST_0003_LAN_L5,LAN_L5,SOFT_GRIP_ENTRY,SOFT_GRIP_COMMAND,559.9467163085938,-295.1485595703125,336.8343505859375,90.31842803955078,-89.99641418457031,179.9783477783203,-2.0059,-1.872,3.6658,0.2813,-0.6632,0.6692,0.0,0.0,0.0,0.0,0.0,0.0,-3.6649,-2.0176,1.8611,0.2813,-0.6632,0.6692,0.0,0.0,0.0,0.0,0.0,0.0,,,,,25.3,holding
2026-09-21T16:51:24.890+09:00,TEST_0003_LAN_L5,LAN_L5,SOFT_GRIP_ENTRY,ENTRY_MOTION_START_WIDTH_REACHED,559.94580078125,-295.1466369628906,336.834228515625,90.31829833984375,-89.9964370727539,179.9781951904297,-2.0059,-1.872,3.6658,0.2813,-0.6632,0.6692,0.0,0.0,0.0,0.0,0.0,0.0,-3.6649,-2.0176,1.8611,0.2813,-0.6632,0.6692,0.0,0.0,0.0,0.0,0.0,0.0,,,,,24.9,moving
2026-09-21T16:51:24.921+09:00,TEST_0003_LAN_L5,LAN_L5,SOFT_GRIP_ENTRY,,559.9448852539062,-295.14569091796875,336.8330078125,90.31814575195312,-89.99665069580078,179.97817993164062,-2.0277,-2.0804,3.6247,0.2562,-0.7014,0.7511,-0.0218,-0.2084,-0.0411,-0.0251,-0.0383,0.0819,-3.6238,-2.0406,2.0693,0.2562,-0.7014,0.7511,0.0411,-0.023,0.2082,-0.0251,-0.0383,0.0819,0.2084,-0.0029,,,24.6,moving
2026-09-21T16:51:24.977+09:00,TEST_0003_LAN_L5,LAN_L5,SOFT_GRIP_ENTRY,,559.9439697265625,-295.1447448730469,336.8317565917969,90.3179931640625,-89.99686431884766,179.97802734375,-2.0277,-2.0804,3.6247,0.2562,-0.7014,0.7511,-0.0218,-0.2084,-0.0411,-0.0251,-0.0383,0.0819,-3.6238,-2.0406,2.0693,0.2562,-0.7014,0.7511,0.0411,-0.023,0.2082,-0.0251,-0.0383,0.0819,0.2084,-0.0038,,,23.3,moving
2026-09-21T16:51:25.032+09:00,TEST_0003_LAN_L5,LAN_L5,SOFT_GRIP_ENTRY,,559.9534301757812,-295.1495056152344,336.8291931152344,90.3196029663086,-89.99760437011719,179.97808837890625,-2.0455,-2.2457,3.4762,0.2261,-0.7445,0.806,-0.0397,-0.3737,-0.1896,-0.0553,-0.0813,0.1368,-3.4753,-2.0593,2.2345,0.2261,-0.7445,0.806,0.1896,-0.0417,0.3734,-0.0553,-0.0813,0.1368,0.3737,0.0009,,,21.9,holding
2026-09-21T16:51:25.087+09:00,TEST_0003_LAN_L5,LAN_L5,SOFT_GRIP_ENTRY,,560.0155639648438,-295.24627685546875,336.81121826171875,90.3294677734375,-90.00089263916016,179.9782257080078,-2.0455,-2.2457,3.4762,0.2261,-0.7445,0.806,-0.0397,-0.3737,-0.1896,-0.0553,-0.0813,0.1368,-3.4753,-2.0593,2.2345,0.2261,-0.7445,0.806,0.1896,-0.0417,0.3734,-0.0553,-0.0813,0.1368,0.3737,0.0977,,,21.8,holding
2026-09-21T16:51:25.142+09:00,TEST_0003_LAN_L5,LAN_L5,SOFT_GRIP_ENTRY,,560.066162109375,-295.5258483886719,336.821533203125,90.33554077148438,-89.99927520751953,179.97889709472656,-2.259,-0.9321,3.627,0.1618,-0.7938,0.6926,-0.2531,0.9399,-0.0388,-0.1196,-0.1306,0.0234,-3.6262,-2.2657,0.919,0.1618,-0.7938,0.6926,0.0387,-0.248,-0.9421,-0.1196,-0.1306,0.0234,0.9399,0.3773,,,21.8,holding
2026-09-21T16:51:25.197+09:00,TEST_0003_LAN_L5,LAN_L5,SOFT_GRIP_ENTRY,,560.1063232421875,-295.969970703125,336.81671142578125,90.33822631835938,-90.00033569335938,179.97964477539062,-2.259,-0.9321,3.627,0.1618,-0.7938,0.6926,-0.2531,0.9399,-0.0388,-0.1196,-0.1306,0.0234,-3.6262,-2.2657,0.919,0.1618,-0.7938,0.6926,0.0387,-0.248,-0.9421,-0.1196,-0.1306,0.0234,0.9399,0.8214,,,21.8,holding
2026-09-21T16:51:25.252+09:00,TEST_0003_LAN_L5,LAN_L5,SOFT_GRIP_ENTRY,,560.1288452148438,-296.50396728515625,336.7984313964844,90.33840942382812,-90.00072479248047,179.97750854492188,-2.3172,-0.3391,3.829,0.1827,-0.8146,0.6339,-0.3113,1.5329,0.1632,-0.0986,-0.1515,-0.0353,-3.8282,-2.3205,0.3254,0.1827,-0.8146,0.6339,-0.1633,-0.3029,-1.5357,-0.0986,-0.1515,-0.0353,1.5329,1.3554,,,21.8,holding
2026-09-21T16:51:25.307+09:00,TEST_0003_LAN_L5,LAN_L5,SOFT_GRIP_ENTRY,,560.1156005859375,-297.0753479003906,336.7726745605469,90.33488464355469,-89.99740600585938,179.97042846679688,-2.3172,-0.3391,3.829,0.1827,-0.8146,0.6339,-0.3113,1.5329,0.1632,-0.0986,-0.1515,-0.0353,-3.8282,-2.3205,0.3254,0.1827,-0.8146,0.6339,-0.1633,-0.3029,-1.5357,-0.0986,-0.1515,-0.0353,1.5329,1.9268,,,21.8,holding
2026-09-21T16:51:25.362+09:00,TEST_0003_LAN_L5,LAN_L5,SOFT_GRIP_ENTRY,,560.1070556640625,-297.64300537109375,336.72296142578125,90.33326721191406,-89.99693298339844,179.96192932128906,-1.8944,-0.6798,3.8976,0.2435,-0.8088,0.4745,0.1115,1.1923,0.2319,-0.0378,-0.1456,-0.1946,-3.8966,-1.9004,0.6689,0.2435,-0.8088,0.4745,-0.2317,0.1173,-1.1922,-0.0378,-0.1456,-0.1946,1.1923,2.4944,,,21.8,holding
2026-09-21T16:51:25.418+09:00,TEST_0003_LAN_L5,LAN_L5,SOFT_GRIP_ENTRY,,560.0719604492188,-298.2321472167969,336.6820373535156,90.32774353027344,-89.99641418457031,179.95425415039062,-1.6244,-0.6373,3.9935,0.2573,-0.7515,0.3673,0.3814,1.2347,0.3277,-0.024,-0.0883,-0.3019,-3.9922,-1.6312,0.6282,0.2573,-0.7515,0.3673,-0.3273,0.3864,-1.2329,-0.024,-0.0883,-0.3019,1.2347,3.0836,,,21.8,holding
2026-09-21T16:51:25.474+09:00,TEST_0003_LAN_L5,LAN_L5,SOFT_GRIP_ENTRY,,560.0637817382812,-298.7856140136719,336.6612243652344,90.32799530029297,-89.9970932006836,179.95176696777344,-1.6244,-0.6373,3.9935,0.2573,-0.7515,0.3673,0.3814,1.2347,0.3277,-0.024,-0.0883,-0.3019,-3.9922,-1.6312,0.6282,0.2573,-0.7515,0.3673,-0.3273,0.3864,-1.2329,-0.024,-0.0883,-0.3019,1.2347,3.6371,,,21.8,holding
2026-09-21T16:51:25.530+09:00,TEST_0003_LAN_L5,LAN_L5,SOFT_GRIP_ENTRY,,560.0406494140625,-299.3393859863281,336.6612548828125,90.32684326171875,-89.99774169921875,179.95440673828125,-1.2453,0.2289,3.9506,0.2464,-0.691,0.2193,0.7605,2.1009,0.2848,-0.035,-0.0278,-0.4499,-3.9496,-1.2473,-0.2359,0.2464,-0.691,0.2193,-0.2847,0.7704,-2.097,-0.035,-0.0278,-0.4499,2.1009,4.1908,,,21.8,holding
2026-09-21T16:51:25.585+09:00,TEST_0003_LAN_L5,LAN_L5,SOFT_GRIP_ENTRY,,560.0189208984375,-299.8853759765625,336.68609619140625,90.3261489868164,-89.99737548828125,179.96044921875,-1.2453,0.2289,3.9506,0.2464,-0.691,0.2193,0.7605,2.1009,0.2848,-0.035,-0.0278,-0.4499,-3.9496,-1.2473,-0.2359,0.2464,-0.691,0.2193,-0.2847,0.7704,-2.097,-0.035,-0.0278,-0.4499,2.1009,4.7368,,,21.8,holding
2026-09-21T16:51:25.640+09:00,TEST_0003_LAN_L5,LAN_L5,SOFT_GRIP_ENTRY,,559.996337890625,-300.385986328125,336.7359924316406,90.32504272460938,-89.99691772460938,179.9670867919922,-1.1225,1.6149,3.6552,0.2241,-0.6351,0.1129,0.8834,3.487,-0.0106,-0.0573,0.0281,-0.5563,-3.6545,-1.1156,-1.6211,0.2241,-0.6351,0.1129,0.0104,0.902,-3.4822,-0.0573,0.0281,-0.5563,3.487,5.2374,,,21.8,holding
2026-09-21T16:51:26.696+09:00,TEST_0003_LAN_L5,LAN_L5,SOFT_GRIP_ENTRY,SOFT_GRIP_STABILIZATION_END,559.8917236328125,-301.1883239746094,336.843994140625,90.31428527832031,-89.99640655517578,179.97860717773438,-1.6756,1.356,2.9911,0.1261,-0.765,0.7004,0.0,0.0,0.0,0.0,0.0,0.0,-2.9905,-1.6692,-1.365,0.1261,-0.765,0.7004,0.0,0.0,0.0,0.0,0.0,0.0,,,,,21.8,holding
2026-09-21T16:51:26.757+09:00,TEST_0003_LAN_L5,LAN_L5,HARD_GRIP,HARD_GRIP_COMMAND,559.892578125,-301.1873474121094,336.8430480957031,90.31438446044922,-89.99639892578125,179.978515625,-1.7298,1.2722,2.952,0.1118,-0.7799,0.7208,0.0,0.0,0.0,0.0,0.0,0.0,-2.9515,-1.7239,-1.2815,0.1118,-0.7799,0.7208,0.0,0.0,0.0,0.0,0.0,0.0,,,,,21.8,holding
2026-09-21T16:51:27.760+09:00,TEST_0003_LAN_L5,LAN_L5,HARD_GRIP,HARD_GRIP_STABILIZATION_END,559.9104614257812,-301.1544494628906,336.83953857421875,90.31721496582031,-89.99649810791016,179.97705078125,-2.7463,3.1415,3.2265,0.1013,-0.8908,0.7751,0.0,0.0,0.0,0.0,0.0,0.0,-3.2256,-2.7301,-3.1564,0.1013,-0.8908,0.7751,0.0,0.0,0.0,0.0,0.0,0.0,,,,,19.3,moving
2026-09-21T16:51:27.794+09:00,TEST_0003_LAN_L5,LAN_L5,PULL_TEST,,559.9113159179688,-301.1534729003906,336.8402099609375,90.31731414794922,-89.99649810791016,179.9771728515625,-2.7463,3.1415,3.2265,0.1013,-0.8908,0.7751,0.0,0.0,0.0,0.0,0.0,0.0,-3.2256,-2.7301,-3.1564,0.1013,-0.8908,0.7751,0.0,0.0,0.0,0.0,0.0,0.0,,,0.0,0.001,19.3,moving
2026-09-21T16:51:27.849+09:00,TEST_0003_LAN_L5,LAN_L5,PULL_TEST,,559.9136962890625,-301.14959716796875,336.8392639160156,90.31770324707031,-89.99649810791016,179.97706604003906,-2.8252,3.2398,3.2099,0.0895,-0.8937,0.77,-0.0789,0.0983,-0.0166,-0.0118,-0.003,-0.0051,-3.209,-2.8085,-3.2552,0.0895,-0.8937,0.77,0.0166,-0.0784,-0.0988,-0.0118,-0.003,-0.0051,,,0.0983,0.0049,19.3,moving
2026-09-21T16:51:27.904+09:00,TEST_0003_LAN_L5,LAN_L5,PULL_TEST,,559.9119873046875,-301.0928649902344,336.848388671875,90.31778717041016,-89.99486541748047,179.9769287109375,-2.8252,3.2398,3.2099,0.0895,-0.8937,0.77,-0.0789,0.0983,-0.0166,-0.0118,-0.003,-0.0051,-3.209,-2.8085,-3.2552,0.0895,-0.8937,0.77,0.0166,-0.0784,-0.0988,-0.0118,-0.003,-0.0051,,,0.0983,0.0616,19.1,moving
2026-09-21T16:51:27.960+09:00,TEST_0003_LAN_L5,LAN_L5,PULL_TEST,,559.8720703125,-300.95654296875,336.83587646484375,90.31190490722656,-89.99701690673828,179.97665405273438,-2.8246,2.7957,3.1712,0.1026,-0.9045,0.8127,-0.0783,-0.3458,-0.0553,0.0013,-0.0138,0.0376,-3.1703,-2.8104,-2.811,0.1026,-0.9045,0.8127,0.0553,-0.0802,0.3454,0.0013,-0.0138,0.0376,,,0.3458,0.1979,19.1,moving
2026-09-21T16:51:28.015+09:00,TEST_0003_LAN_L5,LAN_L5,PULL_TEST,,559.8382568359375,-300.6557312011719,336.82830810546875,90.30829620361328,-89.99794006347656,179.97576904296875,-2.4978,0.2019,2.9248,0.0511,-0.93,0.9822,0.2484,-2.9395,-0.3017,-0.0502,-0.0393,0.207,-2.9237,-2.498,-0.2153,0.0511,-0.93,0.9822,0.3018,0.2321,2.9412,-0.0502,-0.0393,0.207,,,2.9395,0.4987,19.1,moving
2026-09-21T16:51:28.070+09:00,TEST_0003_LAN_L5,LAN_L5,PULL_TEST,,559.792724609375,-300.2222595214844,336.8328552246094,90.3035888671875,-89.99679565429688,179.97476196289062,-2.4978,0.2019,2.9248,0.0511,-0.93,0.9822,0.2484,-2.9395,-0.3017,-0.0502,-0.0393,0.207,-2.9237,-2.498,-0.2153,0.0511,-0.93,0.9822,0.3018,0.2321,2.9412,-0.0502,-0.0393,0.207,,,2.9395,0.9322,19.1,moving
2026-09-21T16:51:28.125+09:00,TEST_0003_LAN_L5,LAN_L5,PULL_TEST,,559.7567749023438,-299.71551513671875,336.82989501953125,90.30059051513672,-89.99639129638672,179.97325134277344,-2.1147,-4.4031,2.4786,0.0302,-0.9445,1.1481,0.6315,-7.5445,-0.7478,-0.0711,-0.0538,0.373,-2.4774,-2.1389,4.3921,0.0302,-0.9445,1.1481,0.7482,0.5912,7.5485,-0.0711,-0.0538,0.373,,,7.5445,1.4389,18.9,holding
2026-09-21T16:51:28.183+09:00,TEST_0003_LAN_L5,LAN_L5,PULL_TEST,,559.73046875,-299.1698913574219,336.83343505859375,90.29776000976562,-89.99507141113281,179.9723663330078,-2.1147,-4.4031,2.4786,0.0302,-0.9445,1.1481,0.6315,-7.5445,-0.7478,-0.0711,-0.0538,0.373,-2.4774,-2.1389,4.3921,0.0302,-0.9445,1.1481,0.7482,0.5912,7.5485,-0.0711,-0.0538,0.373,,,7.5445,1.9846,18.9,holding
2026-09-21T16:51:28.241+09:00,TEST_0003_LAN_L5,LAN_L5,PULL_TEST,,559.7268676757812,-298.6061706542969,336.82647705078125,90.29595947265625,-89.99442291259766,179.97122192382812,-2.3285,-9.0724,1.9094,-0.0316,-0.9988,1.4333,0.4178,-12.2138,-1.317,-0.1329,-0.108,0.6582,-1.9075,-2.3765,9.0603,-0.0316,-0.9988,1.4333,1.3181,0.3536,12.2167,-0.1329,-0.108,0.6582,,,12.2138,2.5483,18.9,holding
2026-09-21T16:51:28.296+09:00,TEST_0003_LAN_L5,LAN_L5,PULL_TEST,,559.7280883789062,-298.0567321777344,336.7937927246094,90.29466247558594,-89.99583435058594,179.9675750732422,-2.3285,-9.0724,1.9094,-0.0316,-0.9988,1.4333,0.4178,-12.2138,-1.317,-0.1329,-0.108,0.6582,-1.9075,-2.3765,9.0603,-0.0316,-0.9988,1.4333,1.3181,0.3536,12.2167,-0.1329,-0.108,0.6582,,,12.2138,3.0977,18.9,holding
2026-09-21T16:51:28.353+09:00,TEST_0003_LAN_L5,LAN_L5,PULL_TEST,,559.7265625,-297.50689697265625,336.7674255371094,90.29141235351562,-89.99579620361328,179.9645538330078,-2.7197,-13.6207,1.6738,-0.0301,-1.0333,1.6963,0.0266,-16.7621,-1.5526,-0.1314,-0.1425,0.9212,-1.6712,-2.7905,13.6067,-0.0301,-1.0333,1.6963,1.5544,-0.0604,16.7631,-0.1314,-0.1425,0.9212,,,16.7621,3.6476,18.9,holding
2026-09-21T16:51:28.410+09:00,TEST_0003_LAN_L5,LAN_L5,PULL_TEST,,559.7694702148438,-296.9113464355469,336.74322509765625,90.29534149169922,-89.9970703125,179.96334838867188,-3.1156,-17.3529,1.5186,-0.0417,-1.0643,1.8658,-0.3693,-20.4944,-1.7078,-0.143,-0.1735,1.0907,-1.5157,-3.206,17.3367,-0.0417,-1.0643,1.8658,1.7098,-0.4759,20.4931,-0.143,-0.1735,1.0907,,,20.4944,4.2431,18.9,holding
2026-09-21T16:51:28.468+09:00,TEST_0003_LAN_L5,LAN_L5,PULL_TEST,,559.803955078125,-296.284912109375,336.7450256347656,90.29794311523438,-89.9957046508789,179.96298217773438,-3.1156,-17.3529,1.5186,-0.0417,-1.0643,1.8658,-0.3693,-20.4944,-1.7078,-0.143,-0.1735,1.0907,-1.5157,-3.206,17.3367,-0.0417,-1.0643,1.8658,1.7098,-0.4759,20.4931,-0.143,-0.1735,1.0907,,,20.4944,4.8695,18.9,holding
2026-09-21T16:51:28.524+09:00,TEST_0003_LAN_L5,LAN_L5,PULL_TEST,,559.8493041992188,-295.6767883300781,336.7709045410156,90.30311584472656,-89.99459838867188,179.96673583984375,-3.9016,-18.3949,1.6704,-0.1103,-1.0958,1.9537,-1.1554,-21.5363,-1.556,-0.2116,-0.2051,1.1786,-1.6662,-3.9991,18.3743,-0.1103,-1.0958,1.9537,1.5593,-1.269,21.5307,-0.2116,-0.2051,1.1786,,,21.5363,5.4777,18.9,holding
2026-09-21T16:51:28.580+09:00,TEST_0003_LAN_L5,LAN_L5,PULL_TEST,,559.9078979492188,-295.0274658203125,336.7906799316406,90.31244659423828,-89.99522399902344,179.97073364257812,-3.9016,-18.3949,1.6704,-0.1103,-1.0958,1.9537,-1.1554,-21.5363,-1.556,-0.2116,-0.2051,1.1786,-1.6662,-3.9991,18.3743,-0.1103,-1.0958,1.9537,1.5593,-1.269,21.5307,-0.2116,-0.2051,1.1786,,,21.5363,6.127,18.8,holding
2026-09-21T16:51:28.635+09:00,TEST_0003_LAN_L5,LAN_L5,PULL_TEST,,559.9302978515625,-294.4267883300781,336.8197937011719,90.31660461425781,-89.99527740478516,179.9744873046875,-4.7881,-16.1882,2.3501,-0.1466,-1.1188,2.0263,-2.0418,-19.3296,-0.8763,-0.2479,-0.228,1.2512,-2.3465,-4.8784,16.1617,-0.1466,-1.1188,2.0263,0.879,-2.1483,19.3181,-0.2479,-0.228,1.2512,,,19.3296,6.7277,18.6,holding
2026-09-21T16:51:28.691+09:00,TEST_0003_LAN_L5,LAN_L5,PULL_TEST,,559.94189453125,-293.8465270996094,336.8185729980469,90.31977081298828,-89.99644470214844,179.97451782226562,-4.7881,-16.1882,2.3501,-0.1466,-1.1188,2.0263,-2.0418,-19.3296,-0.8763,-0.2479,-0.228,1.2512,-2.3465,-4.8784,16.1617,-0.1466,-1.1188,2.0263,0.879,-2.1483,19.3181,-0.2479,-0.228,1.2512,,,19.3296,7.3079,18.6,holding
2026-09-21T16:51:28.747+09:00,TEST_0003_LAN_L5,LAN_L5,PULL_TEST,,559.9303588867188,-293.2972106933594,336.83148193359375,90.31880187988281,-89.99577331542969,179.9751434326172,-4.8803,-15.3861,2.9147,-0.1627,-1.1409,2.0465,-2.134,-18.5276,-0.3118,-0.264,-0.2501,1.2714,-2.9115,-4.9671,15.3589,-0.1627,-1.1409,2.0465,0.3141,-2.237,18.5154,-0.264,-0.2501,1.2714,,,18.5276,7.8572,18.6,holding
2026-09-21T16:51:28.803+09:00,TEST_0003_LAN_L5,LAN_L5,PULL_TEST,,559.9368286132812,-292.7313232421875,336.8356018066406,90.32098388671875,-89.99536895751953,179.97479248046875,-4.8803,-15.3861,2.9147,-0.1627,-1.1409,2.0465,-2.134,-18.5276,-0.3118,-0.264,-0.2501,1.2714,-2.9115,-4.9671,15.3589,-0.1627,-1.1409,2.0465,0.3141,-2.237,18.5154,-0.264,-0.2501,1.2714,,,18.5276,8.4231,18.6,holding
2026-09-21T16:51:28.859+09:00,TEST_0003_LAN_L5,LAN_L5,PULL_TEST,,559.9349975585938,-292.1509704589844,336.8431091308594,90.32171630859375,-89.99471282958984,179.97445678710938,-4.7789,-14.6526,3.199,-0.1966,-1.1557,2.0795,-2.0326,-17.794,-0.0275,-0.2979,-0.2649,1.3044,-3.1956,-4.8624,14.6258,-0.1966,-1.1557,2.0795,0.03,-2.1323,17.7822,-0.2979,-0.2649,1.3044,,,17.794,9.0035,18.4,holding
2026-09-21T16:51:28.916+09:00,TEST_0003_LAN_L5,LAN_L5,PULL_TEST,,559.9383544921875,-291.5654602050781,336.8426208496094,90.3225326538086,-89.99618530273438,179.9750518798828,-4.7958,-13.6637,3.2925,-0.2238,-1.1796,2.1234,-2.0496,-16.8052,0.0661,-0.3251,-0.2889,1.3483,-3.2894,-4.874,13.6367,-0.2238,-1.1796,2.1234,-0.0638,-2.1439,16.7932,-0.3251,-0.2889,1.3483,,,16.8052,9.589,18.4,holding
2026-09-21T16:51:28.972+09:00,TEST_0003_LAN_L5,LAN_L5,PULL_TEST,,559.9427490234375,-291.0181884765625,336.84844970703125,90.32244110107422,-89.99739837646484,179.9770050048828,-4.7958,-13.6637,3.2925,-0.2238,-1.1796,2.1234,-2.0496,-16.8052,0.0661,-0.3251,-0.2889,1.3483,-3.2894,-4.874,13.6367,-0.2238,-1.1796,2.1234,-0.0638,-2.1439,16.7932,-0.3251,-0.2889,1.3483,,,16.8052,10.1363,18.4,holding
2026-09-21T16:51:29.028+09:00,TEST_0003_LAN_L5,LAN_L5,PULL_TEST,,559.9481811523438,-290.4464416503906,336.85888671875,90.3216781616211,-89.99729919433594,179.979736328125,-4.8319,-12.8065,3.3839,-0.2205,-1.1997,2.1517,-2.0856,-15.9479,0.1574,-0.3218,-0.3089,1.3766,-3.3814,-4.9049,12.7793,-0.2205,-1.1997,2.1517,-0.1558,-2.1748,15.9357,-0.3218,-0.3089,1.3766,,,15.9479,10.708,18.4,holding
2026-09-21T16:51:29.084+09:00,TEST_0003_LAN_L5,LAN_L5,PULL_TEST,,559.9822998046875,-289.8722229003906,336.8743896484375,90.32495880126953,-89.99729919433594,179.98379516601562,-4.8319,-12.8065,3.3839,-0.2205,-1.1997,2.1517,-2.0856,-15.9479,0.1574,-0.3218,-0.3089,1.3766,-3.3814,-4.9049,12.7793,-0.2205,-1.1997,2.1517,-0.1558,-2.1748,15.9357,-0.3218,-0.3089,1.3766,,,15.9479,11.2822,18.4,holding
2026-09-21T16:51:29.139+09:00,TEST_0003_LAN_L5,LAN_L5,PULL_TEST,,559.9878540039062,-289.323974609375,336.88873291015625,90.32279968261719,-89.99624633789062,179.9859619140625,-4.8664,-12.1845,3.3541,-0.2359,-1.2151,2.1649,-2.1201,-15.326,0.1276,-0.3372,-0.3243,1.3898,-3.352,-4.9361,12.157,-0.2359,-1.2151,2.1649,-0.1264,-2.206,15.3134,-0.3372,-0.3243,1.3898,,,15.326,11.8305,18.4,holding
2026-09-21T16:51:29.195+09:00,TEST_0003_LAN_L5,LAN_L5,PULL_TEST,,560.0025024414062,-288.78253173828125,336.8846130371094,90.32282257080078,-89.99666595458984,179.9864501953125,-4.8664,-12.1845,3.3541,-0.2359,-1.2151,2.1649,-2.1201,-15.326,0.1276,-0.3372,-0.3243,1.3898,-3.352,-4.9361,12.157,-0.2359,-1.2151,2.1649,-0.1264,-2.206,15.3134,-0.3372,-0.3243,1.3898,,,15.326,12.3719,18.4,holding
2026-09-21T16:51:29.251+09:00,TEST_0003_LAN_L5,LAN_L5,PULL_TEST,,559.9981079101562,-288.2317199707031,336.86676025390625,90.32049560546875,-89.9964828491211,179.9845428466797,-4.8124,-11.5293,3.3147,-0.2623,-1.2393,2.1459,-2.0662,-14.6708,0.0883,-0.3636,-0.3486,1.3708,-3.3129,-4.878,11.5022,-0.2623,-1.2393,2.1459,-0.0873,-2.1479,14.6587,-0.3636,-0.3486,1.3708,,,14.6708,12.9227,18.4,holding
2026-09-21T16:51:29.306+09:00,TEST_0003_LAN_L5,LAN_L5,PULL_TEST,,559.995361328125,-287.67913818359375,336.8387451171875,90.31926727294922,-89.99677276611328,179.98098754882812,-4.8124,-11.5293,3.3147,-0.2623,-1.2393,2.1459,-2.0662,-14.6708,0.0883,-0.3636,-0.3486,1.3708,-3.3129,-4.878,11.5022,-0.2623,-1.2393,2.1459,-0.0873,-2.1479,14.6587,-0.3636,-0.3486,1.3708,,,14.6708,13.4753,18.2,holding
2026-09-21T16:51:29.361+09:00,TEST_0003_LAN_L5,LAN_L5,PULL_TEST,,559.9982299804688,-287.1288757324219,336.80853271484375,90.32050323486328,-89.99717712402344,179.9768524169922,-4.7621,-10.9475,3.2966,-0.3021,-1.2623,2.1508,-2.0158,-14.089,0.0701,-0.4034,-0.3715,1.3757,-3.2943,-4.8242,10.921,-0.3021,-1.2623,2.1508,-0.0688,-2.0941,14.0774,-0.4034,-0.3715,1.3757,,,14.089,14.0256,18.2,holding
2026-09-21T16:51:29.419+09:00,TEST_0003_LAN_L5,LAN_L5,PULL_TEST,,559.9896850585938,-286.5553283691406,336.8171691894531,90.31952667236328,-89.9957046508789,179.97732543945312,-4.6898,-10.9962,3.2846,-0.3265,-1.2834,2.136,-1.9435,-14.1377,0.0582,-0.4278,-0.3926,1.3609,-3.282,-4.7524,10.9701,-0.3265,-1.2834,2.136,-0.0564,-2.0223,14.1265,-0.4278,-0.3926,1.3609,,,14.1377,14.5991,18.2,holding
2026-09-21T16:51:29.474+09:00,TEST_0003_LAN_L5,LAN_L5,PULL_TEST,,559.9861450195312,-286.01177978515625,336.8233337402344,90.31977844238281,-89.99594116210938,179.9784393310547,-4.6898,-10.9962,3.2846,-0.3265,-1.2834,2.136,-1.9435,-14.1377,0.0582,-0.4278,-0.3926,1.3609,-3.282,-4.7524,10.9701,-0.3265,-1.2834,2.136,-0.0564,-2.0223,14.1265,-0.4278,-0.3926,1.3609,,,14.1377,15.1427,18.2,holding
2026-09-21T16:51:29.529+09:00,TEST_0003_LAN_L5,LAN_L5,PULL_TEST,,559.9760131835938,-285.4557800292969,336.84033203125,90.31924438476562,-89.99618530273438,179.9803009033203,-4.6031,-10.1624,3.3104,-0.3315,-1.3022,2.1134,-1.8569,-13.3038,0.0839,-0.4328,-0.4115,1.3383,-3.3081,-4.661,10.1367,-0.3315,-1.3022,2.1134,-0.0825,-1.9309,13.2931,-0.4328,-0.4115,1.3383,,,13.3038,15.6987,18.1,holding
2026-09-21T16:51:29.584+09:00,TEST_0003_LAN_L5,LAN_L5,PULL_TEST,,559.9830932617188,-284.8849792480469,336.86529541015625,90.32136535644531,-89.99722290039062,179.9842529296875,-4.6031,-10.1624,3.3104,-0.3315,-1.3022,2.1134,-1.8569,-13.3038,0.0839,-0.4328,-0.4115,1.3383,-3.3081,-4.661,10.1367,-0.3315,-1.3022,2.1134,-0.0825,-1.9309,13.2931,-0.4328,-0.4115,1.3383,,,13.3038,16.2695,18.1,holding
2026-09-21T16:51:29.639+09:00,TEST_0003_LAN_L5,LAN_L5,PULL_TEST,,559.9876708984375,-284.3292236328125,336.89642333984375,90.32196807861328,-89.99820709228516,179.98855590820312,-4.6212,-9.1043,3.1882,-0.3776,-1.3275,2.1302,-1.875,-12.2458,-0.0383,-0.4789,-0.4367,1.3551,-3.1867,-4.673,9.0784,-0.3776,-1.3275,2.1302,0.0389,-1.9429,12.2348,-0.4789,-0.4367,1.3551,,,12.2458,16.8252,18.1,holding
2026-09-21T16:51:29.694+09:00,TEST_0003_LAN_L5,LAN_L5,PULL_TEST,,559.9869384765625,-283.7801513671875,336.9339904785156,90.32157135009766,-89.99761962890625,179.99305725097656,-4.6212,-9.1043,3.1882,-0.3776,-1.3275,2.1302,-1.875,-12.2458,-0.0383,-0.4789,-0.4367,1.3551,-3.1867,-4.673,9.0784,-0.3776,-1.3275,2.1302,0.0389,-1.9429,12.2348,-0.4789,-0.4367,1.3551,,,12.2458,17.3743,17.9,holding
2026-09-21T16:51:29.749+09:00,TEST_0003_LAN_L5,LAN_L5,PULL_TEST,,559.9942016601562,-283.23016357421875,336.9631042480469,90.32315063476562,-89.99711608886719,179.99671936035156,-4.6094,-7.9292,3.0642,-0.4118,-1.3549,2.1309,-1.8632,-11.0707,-0.1623,-0.5131,-0.4642,1.3558,-3.0633,-4.6542,7.9033,-0.4118,-1.3549,2.1309,0.1623,-1.9241,11.0598,-0.5131,-0.4642,1.3558,,,11.0707,17.9243,17.9,holding
2026-09-21T16:51:29.804+09:00,TEST_0003_LAN_L5,LAN_L5,PULL_TEST,,559.982177734375,-282.67840576171875,336.9670715332031,90.32162475585938,-89.9966049194336,179.99688720703125,-4.6094,-7.9292,3.0642,-0.4118,-1.3549,2.1309,-1.8632,-11.0707,-0.1623,-0.5131,-0.4642,1.3558,-3.0633,-4.6542,7.9033,-0.4118,-1.3549,2.1309,0.1623,-1.9241,11.0598,-0.5131,-0.4642,1.3558,,,11.0707,18.476,17.7,holding
2026-09-21T16:51:29.860+09:00,TEST_0003_LAN_L5,LAN_L5,PULL_TEST,,559.98681640625,-282.11602783203125,336.93878173828125,90.32362365722656,-89.99771881103516,179.99330139160156,-4.5347,-6.9482,3.0031,-0.3939,-1.3719,2.1442,-1.7884,-10.0897,-0.2233,-0.4952,-0.4811,1.3691,-3.0024,-4.5738,6.9228,-0.3939,-1.3719,2.1442,0.2231,-1.8437,10.0792,-0.4952,-0.4811,1.3691,,,10.0897,19.0384,17.7,holding
2026-09-21T16:51:29.916+09:00,TEST_0003_LAN_L5,LAN_L5,PULL_TEST,,559.9790649414062,-281.5575256347656,336.9052734375,90.32345581054688,-89.99799346923828,179.9884033203125,-4.4102,-6.393,2.4896,-0.4319,-1.3872,2.1288,-1.664,-9.5345,-0.7369,-0.5332,-0.4964,1.3537,-2.4885,-4.4468,6.3681,-0.4319,-1.3872,2.1288,0.7371,-1.7166,9.5245,-0.5332,-0.4964,1.3537,,,9.5345,19.5969,17.7,holding
2026-09-21T16:51:29.972+09:00,TEST_0003_LAN_L5,LAN_L5,PULL_TEST,,559.961181640625,-281.0247497558594,336.8608093261719,90.32056427001953,-89.99832916259766,179.9832763671875,-4.4102,-6.393,2.4896,-0.4319,-1.3872,2.1288,-1.664,-9.5345,-0.7369,-0.5332,-0.4964,1.3537,-2.4885,-4.4468,6.3681,-0.4319,-1.3872,2.1288,0.7371,-1.7166,9.5245,-0.5332,-0.4964,1.3537,,,9.5345,20.1297,17.7,holding
2026-09-21T16:51:30.028+09:00,TEST_0003_LAN_L5,LAN_L5,PULL_TEST,,559.9671630859375,-280.46630859375,336.822509765625,90.32112884521484,-89.99695587158203,179.9779052734375,-4.4332,-6.3856,2.3419,-0.4404,-1.4036,2.1444,-1.687,-9.527,-0.8846,-0.5417,-0.5129,1.3693,-2.3401,-4.4698,6.3607,-0.4404,-1.4036,2.1444,0.8855,-1.7397,9.5171,-0.5417,-0.5129,1.3693,,,9.527,20.6881,17.7,holding
2026-09-21T16:51:30.083+09:00,TEST_0003_LAN_L5,LAN_L5,PULL_TEST,,559.9718627929688,-279.892333984375,336.795166015625,90.32145690917969,-89.99539184570312,179.97293090820312,-4.4332,-6.3856,2.3419,-0.4404,-1.4036,2.1444,-1.687,-9.527,-0.8846,-0.5417,-0.5129,1.3693,-2.3401,-4.4698,6.3607,-0.4404,-1.4036,2.1444,0.8855,-1.7397,9.5171,-0.5417,-0.5129,1.3693,,,9.527,21.2621,17.7,holding
2026-09-21T16:51:30.142+09:00,TEST_0003_LAN_L5,LAN_L5,PULL_TEST,,559.9813232421875,-279.32757568359375,336.7579345703125,90.32188415527344,-89.99626922607422,179.9687042236328,-4.4776,-6.2154,2.3885,-0.4531,-1.4218,2.1656,-1.7314,-9.3568,-0.838,-0.5544,-0.531,1.3905,-2.3857,-4.5136,6.1904,-0.4531,-1.4218,2.1656,0.8399,-1.7835,9.3468,-0.5544,-0.531,1.3905,,,9.3568,21.8269,17.7,holding
2026-09-21T16:51:30.197+09:00,TEST_0003_LAN_L5,LAN_L5,PULL_TEST,,559.9706420898438,-278.7734680175781,336.75921630859375,90.31873321533203,-89.99574279785156,179.96896362304688,-4.4776,-6.2154,2.3885,-0.4531,-1.4218,2.1656,-1.7314,-9.3568,-0.838,-0.5544,-0.531,1.3905,-2.3857,-4.5136,6.1904,-0.4531,-1.4218,2.1656,0.8399,-1.7835,9.3468,-0.5544,-0.531,1.3905,,,9.3568,22.381,17.7,holding
2026-09-21T16:51:30.252+09:00,TEST_0003_LAN_L5,LAN_L5,PULL_TEST,,559.9759521484375,-278.2291564941406,336.7716369628906,90.31908416748047,-89.99732208251953,179.97235107421875,-4.57,-6.3001,2.2813,-0.4911,-1.4474,2.1912,-1.8237,-9.4415,-0.9452,-0.5925,-0.5567,1.4161,-2.2784,-4.6061,6.2747,-0.4911,-1.4474,2.1912,0.9472,-1.876,9.4312,-0.5925,-0.5567,1.4161,,,9.4415,22.9253,17.7,holding
2026-09-21T16:51:30.307+09:00,TEST_0003_LAN_L5,LAN_L5,PULL_TEST,,559.9759521484375,-277.6762390136719,336.8109436035156,90.31892395019531,-89.99787139892578,179.97845458984375,-4.57,-6.3001,2.2813,-0.4911,-1.4474,2.1912,-1.8237,-9.4415,-0.9452,-0.5925,-0.5567,1.4161,-2.2784,-4.6061,6.2747,-0.4911,-1.4474,2.1912,0.9472,-1.876,9.4312,-0.5925,-0.5567,1.4161,,,9.4415,23.4782,17.7,holding
2026-09-21T16:51:30.366+09:00,TEST_0003_LAN_L5,LAN_L5,PULL_TEST,,559.9694213867188,-277.1064147949219,336.84820556640625,90.31893920898438,-89.99715423583984,179.98243713378906,-4.558,-6.5416,2.2022,-0.4835,-1.4677,2.1864,-1.8117,-9.6831,-1.0242,-0.5848,-0.577,1.4113,-2.2003,-4.5951,6.5162,-0.4835,-1.4677,2.1864,1.0253,-1.865,9.6726,-0.5848,-0.577,1.4113,,,9.6831,24.048,17.7,holding
2026-09-21T16:51:30.422+09:00,TEST_0003_LAN_L5,LAN_L5,PULL_TEST,,559.9686279296875,-276.5406188964844,336.8712158203125,90.32066345214844,-89.9970474243164,179.9837646484375,-4.5922,-6.4599,2.1761,-0.4674,-1.4883,2.2059,-1.846,-9.6014,-1.0503,-0.5687,-0.5975,1.4308,-2.1745,-4.629,6.4342,-0.4674,-1.4883,2.2059,1.0511,-1.8989,9.5906,-0.5687,-0.5975,1.4308,,,9.6014,24.6138,17.7,holding
2026-09-21T16:51:30.478+09:00,TEST_0003_LAN_L5,LAN_L5,PULL_TEST,,559.9423828125,-275.99041748046875,336.8774108886719,90.31800842285156,-89.99652862548828,179.98280334472656,-4.5922,-6.4599,2.1761,-0.4674,-1.4883,2.2059,-1.846,-9.6014,-1.0503,-0.5687,-0.5975,1.4308,-2.1745,-4.629,6.4342,-0.4674,-1.4883,2.2059,1.0511,-1.8989,9.5906,-0.5687,-0.5975,1.4308,,,9.6014,25.164,17.7,holding
2026-09-21T16:51:30.535+09:00,TEST_0003_LAN_L5,LAN_L5,PULL_TEST,,559.9404907226562,-275.4186096191406,336.8661193847656,90.31939697265625,-89.99720001220703,179.98129272460938,-4.5637,-6.3985,2.0984,-0.4856,-1.513,2.2019,-1.8174,-9.54,-1.128,-0.5869,-0.6223,1.4267,-2.0966,-4.5998,6.3732,-0.4856,-1.513,2.2019,1.129,-1.8697,9.5296,-0.5869,-0.6223,1.4267,,,9.54,25.7358,17.7,holding
2026-09-21T16:51:30.590+09:00,TEST_0003_LAN_L5,LAN_L5,PULL_TEST,,559.9347534179688,-274.8480529785156,336.8614807128906,90.31880187988281,-89.9968490600586,179.98011779785156,-4.5637,-6.3985,2.0984,-0.4856,-1.513,2.2019,-1.8174,-9.54,-1.128,-0.5869,-0.6223,1.4267,-2.0966,-4.5998,6.3732,-0.4856,-1.513,2.2019,1.129,-1.8697,9.5296,-0.5869,-0.6223,1.4267,,,9.54,26.3064,17.7,holding
2026-09-21T16:51:30.645+09:00,TEST_0003_LAN_L5,LAN_L5,PULL_TEST,,559.9383544921875,-274.3020324707031,336.8553466796875,90.3186264038086,-89.99668884277344,179.9790802001953,-4.5768,-6.16,2.0501,-0.5039,-1.5311,2.2094,-1.8305,-9.3015,-1.1764,-0.6052,-0.6403,1.4343,-2.0481,-4.6116,6.1346,-0.5039,-1.5311,2.2094,1.1775,-1.8815,9.2911,-0.6052,-0.6403,1.4343,,,9.3015,26.8524,17.7,holding
2026-09-21T16:51:30.700+09:00,TEST_0003_LAN_L5,LAN_L5,PULL_TEST,,559.9481201171875,-273.77142333984375,336.8466796875,90.31761169433594,-89.99609375,179.97901916503906,-4.5768,-6.16,2.0501,-0.5039,-1.5311,2.2094,-1.8305,-9.3015,-1.1764,-0.6052,-0.6403,1.4343,-2.0481,-4.6116,6.1346,-0.5039,-1.5311,2.2094,1.1775,-1.8815,9.2911,-0.6052,-0.6403,1.4343,,,9.3015,27.383,17.7,holding
2026-09-21T16:51:30.756+09:00,TEST_0003_LAN_L5,LAN_L5,PULL_TEST,,559.9629516601562,-273.2265930175781,336.84197998046875,90.31635284423828,-89.9960708618164,179.98023986816406,-4.5851,-6.2905,1.9848,-0.5124,-1.543,2.2229,-1.8389,-9.432,-1.2417,-0.6137,-0.6523,1.4478,-1.9827,-4.6206,6.2652,-0.5124,-1.543,2.2229,1.2429,-1.8905,9.4216,-0.6137,-0.6523,1.4478,,,9.432,27.9279,17.7,holding
2026-09-21T16:51:30.811+09:00,TEST_0003_LAN_L5,LAN_L5,PULL_TEST,,559.9918823242188,-272.6567077636719,336.8202209472656,90.318359375,-89.99771118164062,179.9792938232422,-4.5637,-6.6951,1.9746,-0.5105,-1.5645,2.2077,-1.8174,-9.8365,-1.2518,-0.6118,-0.6737,1.4326,-1.9727,-4.6016,6.6697,-0.5105,-1.5645,2.2077,1.2529,-1.8715,9.8261,-0.6118,-0.6737,1.4326,,,9.8365,28.4977,17.7,holding
2026-09-21T16:51:30.867+09:00,TEST_0003_LAN_L5,LAN_L5,PULL_TEST,,559.9824829101562,-272.0995788574219,336.80511474609375,90.31593322753906,-89.99700164794922,179.976806640625,-4.5637,-6.6951,1.9746,-0.5105,-1.5645,2.2077,-1.8174,-9.8365,-1.2518,-0.6118,-0.6737,1.4326,-1.9727,-4.6016,6.6697,-0.5105,-1.5645,2.2077,1.2529,-1.8715,9.8261,-0.6118,-0.6737,1.4326,,,9.8365,29.0549,17.7,holding
2026-09-21T16:51:30.922+09:00,TEST_0003_LAN_L5,LAN_L5,PULL_TEST,,559.9739379882812,-271.5628356933594,336.7877197265625,90.31585693359375,-89.99742889404297,179.97412109375,-4.5011,-6.8307,1.8591,-0.534,-1.5812,2.1915,-1.7549,-9.9722,-1.3674,-0.6353,-0.6904,1.4164,-1.8567,-4.5395,6.8059,-0.534,-1.5812,2.1915,1.3688,-1.8094,9.9623,-0.6353,-0.6904,1.4164,,,9.9722,29.5916,17.7,holding
2026-09-21T16:51:30.978+09:00,TEST_0003_LAN_L5,LAN_L5,PULL_TEST,,559.9512939453125,-271.0094909667969,336.7886047363281,90.31511688232422,-89.99725341796875,179.97222900390625,-4.5011,-6.8307,1.8591,-0.534,-1.5812,2.1915,-1.7549,-9.9722,-1.3674,-0.6353,-0.6904,1.4164,-1.8567,-4.5395,6.8059,-0.534,-1.5812,2.1915,1.3688,-1.8094,9.9623,-0.6353,-0.6904,1.4164,,,9.9722,30.145,17.7,holding
2026-09-21T16:51:31.034+09:00,TEST_0003_LAN_L5,LAN_L5,PULL_TEST,,559.939697265625,-270.4414978027344,336.8117370605469,90.31632232666016,-89.9962158203125,179.9725799560547,-4.4433,-6.9451,1.7698,-0.55,-1.5957,2.1721,-1.6971,-10.0866,-1.4566,-0.6513,-0.7049,1.397,-1.7673,-4.4823,6.9207,-0.55,-1.5957,2.1721,1.4583,-1.7522,10.0771,-0.6513,-0.7049,1.397,,,10.0866,30.713,17.7,holding
2026-09-21T16:51:31.090+09:00,TEST_0003_LAN_L5,LAN_L5,PULL_TEST,,559.9320068359375,-269.8751220703125,336.8323974609375,90.31780242919922,-89.99641418457031,179.9744110107422,-4.4433,-6.9451,1.7698,-0.55,-1.5957,2.1721,-1.6971,-10.0866,-1.4566,-0.6513,-0.7049,1.397,-1.7673,-4.4823,6.9207,-0.55,-1.5957,2.1721,1.4583,-1.7522,10.0771,-0.6513,-0.7049,1.397,,,10.0866,31.2793,17.7,holding
2026-09-21T16:51:31.146+09:00,TEST_0003_LAN_L5,LAN_L5,PULL_TEST,,559.9221801757812,-269.3194274902344,336.85693359375,90.31710815429688,-89.99681854248047,179.97740173339844,-4.5663,-6.856,1.705,-0.5665,-1.6139,2.2188,-1.82,-9.9975,-1.5214,-0.6678,-0.7231,1.4436,-1.7027,-4.6049,6.8307,-0.5665,-1.6139,2.2188,1.5229,-1.8748,9.9871,-0.6678,-0.7231,1.4436,,,9.9975,31.835,17.7,holding
2026-09-21T16:51:31.202+09:00,TEST_0003_LAN_L5,LAN_L5,PULL_TEST,,559.9307861328125,-268.7709655761719,336.8774108886719,90.31710052490234,-89.9981918334961,179.98191833496094,-4.5663,-6.856,1.705,-0.5665,-1.6139,2.2188,-1.82,-9.9975,-1.5214,-0.6678,-0.7231,1.4436,-1.7027,-4.6049,6.8307,-0.5665,-1.6139,2.2188,1.5229,-1.8748,9.9871,-0.6678,-0.7231,1.4436,,,9.9975,32.3835,17.7,holding
2026-09-21T16:51:31.258+09:00,TEST_0003_LAN_L5,LAN_L5,PULL_TEST,,559.9276733398438,-268.2144470214844,336.9014587402344,90.31465148925781,-89.99767303466797,179.98548889160156,-4.6651,-7.0623,1.6842,-0.5512,-1.6286,2.2527,-1.9189,-10.2038,-1.5422,-0.6525,-0.7378,1.4776,-1.6826,-4.7046,7.0364,-0.5512,-1.6286,2.2527,1.5429,-1.9745,10.1929,-0.6525,-0.7378,1.4776,,,10.2038,32.94,17.7,holding
2026-09-21T16:51:31.315+09:00,TEST_0003_LAN_L5,LAN_L5,PULL_TEST,,559.9501953125,-267.6241760253906,336.8851318359375,90.31769561767578,-89.99755859375,179.98388671875,-4.7179,-7.3411,1.7545,-0.5098,-1.6427,2.2617,-1.9716,-10.4826,-1.472,-0.6111,-0.7519,1.4866,-1.7529,-4.759,7.3149,-0.5098,-1.6427,2.2617,1.4727,-2.0288,10.4714,-0.6111,-0.7519,1.4866,,,10.4826,33.5303,17.7,holding
2026-09-21T16:51:31.371+09:00,TEST_0003_LAN_L5,LAN_L5,PULL_TEST,,559.9588623046875,-267.05670166015625,336.8487243652344,90.3192367553711,-89.99642944335938,179.97889709472656,-4.7179,-7.3411,1.7545,-0.5098,-1.6427,2.2617,-1.9716,-10.4826,-1.472,-0.6111,-0.7519,1.4866,-1.7529,-4.759,7.3149,-0.5098,-1.6427,2.2617,1.4727,-2.0288,10.4714,-0.6111,-0.7519,1.4866,,,10.4826,34.0977,17.7,holding
2026-09-21T16:51:31.427+09:00,TEST_0003_LAN_L5,LAN_L5,PULL_TEST,,559.9422607421875,-266.5151062011719,336.80706787109375,90.31574249267578,-89.99554443359375,179.9729461669922,-4.6119,-7.2612,1.6928,-0.5346,-1.6503,2.2326,-1.8657,-10.4026,-1.5336,-0.6359,-0.7596,1.4575,-1.6902,-4.6528,7.2357,-0.5346,-1.6503,2.2326,1.5354,-1.9226,10.3921,-0.6359,-0.7596,1.4575,,,10.4026,34.6393,17.7,holding
2026-09-21T16:51:31.483+09:00,TEST_0003_LAN_L5,LAN_L5,PULL_TEST,,559.9495849609375,-265.9505920410156,336.7680969238281,90.31755828857422,-89.99616241455078,179.96713256835938,-4.6119,-7.2612,1.6928,-0.5346,-1.6503,2.2326,-1.8657,-10.4026,-1.5336,-0.6359,-0.7596,1.4575,-1.6902,-4.6528,7.2357,-0.5346,-1.6503,2.2326,1.5354,-1.9226,10.3921,-0.6359,-0.7596,1.4575,,,10.4026,35.2039,17.7,holding
2026-09-21T16:51:31.540+09:00,TEST_0003_LAN_L5,LAN_L5,PULL_TEST,,559.9476318359375,-265.3573303222656,336.76483154296875,90.31861877441406,-89.99608612060547,179.96713256835938,-4.5362,-7.3002,1.4847,-0.5941,-1.6735,2.2139,-1.79,-10.4417,-1.7418,-0.6954,-0.7827,1.4388,-1.4815,-4.5774,7.2751,-0.5941,-1.6735,2.2139,1.7441,-1.8473,10.4315,-0.6954,-0.7827,1.4388,,,10.4417,35.7971,17.7,holding
2026-09-21T16:51:31.596+09:00,TEST_0003_LAN_L5,LAN_L5,PULL_TEST,,559.9476318359375,-264.8016357421875,336.7952575683594,90.31963348388672,-89.99699401855469,179.97183227539062,-4.5362,-7.3002,1.4847,-0.5941,-1.6735,2.2139,-1.79,-10.4417,-1.7418,-0.6954,-0.7827,1.4388,-1.4815,-4.5774,7.2751,-0.5941,-1.6735,2.2139,1.7441,-1.8473,10.4315,-0.6954,-0.7827,1.4388,,,10.4417,36.3528,17.7,holding
2026-09-21T16:51:31.651+09:00,TEST_0003_LAN_L5,LAN_L5,PULL_TEST,,559.9342041015625,-264.2410583496094,336.8536376953125,90.31827545166016,-89.99580383300781,179.9774932861328,-4.5709,-7.2816,1.4615,-0.6144,-1.6809,2.2273,-1.8246,-10.423,-1.765,-0.7157,-0.7901,1.4522,-1.459,-4.6121,7.256,-0.6144,-1.6809,2.2273,1.7666,-1.882,10.4124,-0.7157,-0.7901,1.4522,,,10.423,36.9134,17.7,holding
2026-09-21T16:51:31.707+09:00,TEST_0003_LAN_L5,LAN_L5,PULL_TEST,,559.9352416992188,-263.6961364746094,336.89947509765625,90.31819915771484,-89.99638366699219,179.9840087890625,-4.5709,-7.2816,1.4615,-0.6144,-1.6809,2.2273,-1.8246,-10.423,-1.765,-0.7157,-0.7901,1.4522,-1.459,-4.6121,7.256,-0.6144,-1.6809,2.2273,1.7666,-1.882,10.4124,-0.7157,-0.7901,1.4522,,,10.423,37.4583,17.7,holding
2026-09-21T16:51:31.762+09:00,TEST_0003_LAN_L5,LAN_L5,PULL_TEST,,559.9222412109375,-263.1456298828125,336.89630126953125,90.31795501708984,-89.99716186523438,179.98336791992188,-4.6409,-7.5073,1.559,-0.5722,-1.6942,2.2436,-1.8946,-10.6488,-1.6674,-0.6736,-0.8034,1.4685,-1.5572,-4.683,7.4815,-0.5722,-1.6942,2.2436,1.6683,-1.9529,10.6379,-0.6736,-0.8034,1.4685,,,10.6488,38.0088,17.7,holding
2026-09-21T16:51:31.820+09:00,TEST_0003_LAN_L5,LAN_L5,PULL_TEST,,559.9061279296875,-262.5715637207031,336.8730163574219,90.31698608398438,-89.99697875976562,179.97933959960938,-4.6797,-7.7534,1.6552,-0.5421,-1.7054,2.2619,-1.9334,-10.8949,-1.5713,-0.6434,-0.8147,1.4868,-1.6532,-4.7231,7.7275,-0.5421,-1.7054,2.2619,1.5724,-1.993,10.8839,-0.6434,-0.8147,1.4868,,,10.8949,38.5829,17.7,holding
2026-09-21T16:51:31.876+09:00,TEST_0003_LAN_L5,LAN_L5,PULL_TEST,,559.908447265625,-262.0113525390625,336.8332824707031,90.31831359863281,-89.99762725830078,179.97386169433594,-4.6797,-7.7534,1.6552,-0.5421,-1.7054,2.2619,-1.9334,-10.8949,-1.5713,-0.6434,-0.8147,1.4868,-1.6532,-4.7231,7.7275,-0.5421,-1.7054,2.2619,1.5724,-1.993,10.8839,-0.6434,-0.8147,1.4868,,,10.8949,39.1431,17.7,holding
2026-09-21T16:51:31.932+09:00,TEST_0003_LAN_L5,LAN_L5,PULL_TEST,,559.895263671875,-261.4732360839844,336.7989501953125,90.31483459472656,-89.9964599609375,179.9686279296875,-4.6902,-7.8213,1.6108,-0.5813,-1.7171,2.2726,-1.9439,-10.9627,-1.6156,-0.6826,-0.8264,1.4974,-1.608,-4.7341,7.7954,-0.5813,-1.7171,2.2726,1.6176,-2.004,10.9518,-0.6826,-0.8264,1.4974,,,10.9627,39.6812,17.7,holding
2026-09-21T16:51:31.987+09:00,TEST_0003_LAN_L5,LAN_L5,PULL_TEST,,559.9212646484375,-260.90777587890625,336.7701721191406,90.31698608398438,-89.99527740478516,179.9660186767578,-4.6902,-7.8213,1.6108,-0.5813,-1.7171,2.2726,-1.9439,-10.9627,-1.6156,-0.6826,-0.8264,1.4974,-1.608,-4.7341,7.7954,-0.5813,-1.7171,2.2726,1.6176,-2.004,10.9518,-0.6826,-0.8264,1.4974,,,10.9627,40.2467,17.7,holding
2026-09-21T16:51:32.042+09:00,TEST_0003_LAN_L5,LAN_L5,PULL_TEST,,559.946044921875,-260.33514404296875,336.7800598144531,90.31858825683594,-89.99501037597656,179.96896362304688,-4.6578,-8.0114,1.5826,-0.6063,-1.7217,2.2617,-1.9116,-11.1529,-1.6438,-0.7076,-0.8309,1.4866,-1.5793,-4.7031,7.9856,-0.6063,-1.7217,2.2617,1.6463,-1.973,11.142,-0.7076,-0.8309,1.4866,,,11.1529,40.8193,17.7,holding
2026-09-21T16:51:32.098+09:00,TEST_0003_LAN_L5,LAN_L5,PULL_TEST,,559.9541625976562,-259.7771911621094,336.81878662109375,90.31745147705078,-89.99633026123047,179.97596740722656,-4.6578,-8.0114,1.5826,-0.6063,-1.7217,2.2617,-1.9116,-11.1529,-1.6438,-0.7076,-0.8309,1.4866,-1.5793,-4.7031,7.9856,-0.6063,-1.7217,2.2617,1.6463,-1.973,11.142,-0.7076,-0.8309,1.4866,,,11.1529,41.3773,17.7,holding
2026-09-21T16:51:32.154+09:00,TEST_0003_LAN_L5,LAN_L5,PULL_TEST,,559.943603515625,-259.2373962402344,336.841796875,90.3173828125,-89.99699401855469,179.97885131835938,-4.5621,-8.1047,1.5349,-0.6332,-1.7341,2.2449,-1.8159,-11.2462,-1.6915,-0.7345,-0.8433,1.4698,-1.5326,-4.6077,8.0793,-0.6332,-1.7341,2.2449,1.6929,-1.8776,11.2357,-0.7345,-0.8433,1.4698,,,11.2462,41.9171,17.7,holding
2026-09-21T16:51:32.209+09:00,TEST_0003_LAN_L5,LAN_L5,PULL_TEST,,559.91015625,-258.68597412109375,336.8553466796875,90.31497955322266,-89.99684143066406,179.97909545898438,-4.5621,-8.1047,1.5349,-0.6332,-1.7341,2.2449,-1.8159,-11.2462,-1.6915,-0.7345,-0.8433,1.4698,-1.6711,-4.6269,8.2763,-0.5884,-1.7402,2.2526,1.5545,-1.8968,11.4328,-0.6897,-0.8495,1.4775,,,11.2462,42.4685,17.7,holding
2026-09-21T16:51:32.266+09:00,TEST_0003_LAN_L5,LAN_L5,PULL_TEST,,559.900146484375,-258.13092041015625,336.8643798828125,90.31583404541016,-89.9973373413086,179.97860717773438,-4.5807,-8.3016,1.6732,-0.5884,-1.7402,2.2526,-1.8345,-11.443,-1.5533,-0.6897,-0.8495,1.4775,-1.6711,-4.6269,8.2763,-0.5884,-1.7402,2.2526,1.5545,-1.8968,11.4328,-0.6897,-0.8495,1.4775,,,11.443,43.0235,17.7,holding
2026-09-21T16:51:32.321+09:00,TEST_0003_LAN_L5,LAN_L5,PULL_TEST,,559.8966064453125,-257.5668640136719,336.8829040527344,90.31621551513672,-89.99595642089844,179.97927856445312,-4.6549,-8.4475,1.614,-0.6036,-1.7503,2.2823,-1.9087,-11.589,-1.6124,-0.7049,-0.8595,1.5072,-1.6117,-4.7021,8.4217,-0.6036,-1.7503,2.2823,1.6138,-1.972,11.5782,-0.7049,-0.8595,1.5072,,,11.589,43.5876,17.7,holding
2026-09-21T16:51:32.378+09:00,TEST_0003_LAN_L5,LAN_L5,PULL_TEST,,559.9190673828125,-256.9963073730469,336.9085388183594,90.31736755371094,-89.99686431884766,179.98483276367188,-4.6549,-8.4475,1.614,-0.6036,-1.7503,2.2823,-1.9087,-11.589,-1.6124,-0.7049,-0.8595,1.5072,-1.6117,-4.7021,8.4217,-0.6036,-1.7503,2.2823,1.6138,-1.972,11.5782,-0.7049,-0.8595,1.5072,,,11.589,44.1581,17.7,holding
2026-09-21T16:51:32.434+09:00,TEST_0003_LAN_L5,LAN_L5,PULL_TEST,,559.9297485351562,-256.4661865234375,336.92047119140625,90.3143081665039,-89.99800109863281,179.99072265625,-4.7182,-8.4481,1.6112,-0.612,-1.7552,2.3098,-1.9719,-11.5896,-1.6152,-0.7133,-0.8645,1.5347,-1.61,-4.765,8.4221,-0.612,-1.7552,2.3098,1.6156,-2.0349,11.5785,-0.7133,-0.8645,1.5347,,,11.5896,44.6883,17.9,holding
2026-09-21T16:51:32.489+09:00,TEST_0003_LAN_L5,LAN_L5,PULL_TEST,,559.93603515625,-255.90257263183594,336.8759765625,90.31330108642578,-89.9974365234375,179.98599243164062,-4.7182,-8.4481,1.6112,-0.612,-1.7552,2.3098,-1.9719,-11.5896,-1.6152,-0.7133,-0.8645,1.5347,-1.61,-4.765,8.4221,-0.612,-1.7552,2.3098,1.6156,-2.0349,11.5785,-0.7133,-0.8645,1.5347,,,11.5896,45.2519,17.9,holding
2026-09-21T16:51:32.545+09:00,TEST_0003_LAN_L5,LAN_L5,PULL_TEST,,559.9559326171875,-255.33334350585938,336.8028259277344,90.31690216064453,-89.99737548828125,179.9751739501953,-4.6129,-8.7091,1.8208,-0.5545,-1.7558,2.2883,-1.8666,-11.8506,-1.4056,-0.6558,-0.865,1.5132,-1.8189,-4.6612,8.6838,-0.5545,-1.7558,2.2883,1.4066,-1.9311,11.8402,-0.6558,-0.865,1.5132,,,11.8506,45.8211,17.9,holding
2026-09-21T16:51:32.601+09:00,TEST_0003_LAN_L5,LAN_L5,PULL_TEST,,559.9371948242188,-254.771240234375,336.77471923828125,90.31558227539062,-89.99542236328125,179.96884155273438,-4.6129,-8.7091,1.8208,-0.5545,-1.7558,2.2883,-1.8666,-11.8506,-1.4056,-0.6558,-0.865,1.5132,-1.8189,-4.6612,8.6838,-0.5545,-1.7558,2.2883,1.4066,-1.9311,11.8402,-0.6558,-0.865,1.5132,,,11.8506,46.3832,17.9,holding
2026-09-21T16:51:32.657+09:00,TEST_0003_LAN_L5,LAN_L5,PULL_TEST,,559.9283447265625,-254.2184295654297,336.77508544921875,90.31695556640625,-89.9949951171875,179.96722412109375,-4.3767,-8.9372,1.5772,-0.6423,-1.7681,2.2299,-1.6304,-12.0787,-1.6493,-0.7436,-0.8773,1.4548,-1.574,-4.4268,8.9131,-0.6423,-1.7681,2.2299,1.6515,-1.6967,12.0695,-0.7436,-0.8773,1.4548,,,12.0787,46.936,17.9,holding
2026-09-21T16:51:32.713+09:00,TEST_0003_LAN_L5,LAN_L5,PULL_TEST,,559.9071655273438,-253.6614990234375,336.79425048828125,90.31590270996094,-89.99554443359375,179.96810913085938,-4.3966,-9.1722,1.6255,-0.6343,-1.7759,2.2507,-1.6504,-12.3136,-1.6009,-0.7356,-0.8851,1.4756,-1.6223,-4.4481,9.1479,-0.6343,-1.7759,2.2507,1.6032,-1.7179,12.3043,-0.7356,-0.8851,1.4756,,,12.3136,47.493,17.9,holding
2026-09-21T16:51:32.769+09:00,TEST_0003_LAN_L5,LAN_L5,PULL_TEST,,559.9076538085938,-253.10052490234375,336.8272705078125,90.31587219238281,-89.99691009521484,179.97300720214844,-4.3966,-9.1722,1.6255,-0.6343,-1.7759,2.2507,-1.6504,-12.3136,-1.6009,-0.7356,-0.8851,1.4756,-1.6223,-4.4481,9.1479,-0.6343,-1.7759,2.2507,1.6032,-1.7179,12.3043,-0.7356,-0.8851,1.4756,,,12.3136,48.0539,17.9,holding
2026-09-21T16:51:32.825+09:00,TEST_0003_LAN_L5,LAN_L5,PULL_TEST,,559.9262084960938,-252.53269958496094,336.849853515625,90.31790924072266,-89.99853515625,179.9775390625,-4.4795,-9.2885,1.6749,-0.6194,-1.7818,2.2848,-1.7332,-12.43,-1.5515,-0.7207,-0.891,1.5097,-1.6728,-4.5317,9.2635,-0.6194,-1.7818,2.2848,1.5528,-1.8016,12.42,-0.7207,-0.891,1.5097,,,12.43,48.6217,17.9,holding
2026-09-21T16:51:32.881+09:00,TEST_0003_LAN_L5,LAN_L5,PULL_TEST,,559.9213256835938,-252.00396728515625,336.8395690917969,90.31733703613281,-89.9979248046875,179.97525024414062,-4.4795,-9.2885,1.6749,-0.6194,-1.7818,2.2848,-1.7332,-12.43,-1.5515,-0.7207,-0.891,1.5097,-1.6728,-4.5317,9.2635,-0.6194,-1.7818,2.2848,1.5528,-1.8016,12.42,-0.7207,-0.891,1.5097,,,12.43,49.1505,17.9,holding
2026-09-21T16:51:44.678+09:00,TEST_0003_LAN_L5,LAN_L5,RELEASE,RETURN_SOFT_GRIP_COMMAND,559.90625,-251.15489196777344,336.84075927734375,90.31719207763672,-89.99642944335938,179.9767608642578,-3.6039,-4.3707,2.2692,-0.4172,-1.6001,1.4303,0.0,0.0,0.0,0.0,0.0,0.0,-2.2674,-3.6289,4.3508,-0.4172,-1.6001,1.4303,0.0,0.0,0.0,0.0,0.0,0.0,,,,,17.9,holding
2026-09-21T16:51:44.920+09:00,TEST_0003_LAN_L5,LAN_L5,RELEASE,RETURN_SOFT_GRIP_OPEN_REACHED,559.9066772460938,-251.1539306640625,336.84075927734375,90.31729125976562,-89.99642944335938,179.9767608642578,-3.0342,-4.7127,1.9191,-0.476,-1.6027,1.2456,0.0,0.0,0.0,0.0,0.0,0.0,-1.9176,-3.0611,4.6959,-0.476,-1.6027,1.2456,0.0,0.0,0.0,0.0,0.0,0.0,,,,,24.3,moving
