timestamp,trial_id,inspection_point_id,state,grip_event,tcp_x,tcp_y,tcp_z,tcp_rx,tcp_ry,tcp_rz,base_fx,base_fy,base_fz,base_tx,base_ty,base_tz,base_dfx,base_dfy,base_dfz,base_dtx,base_dty,base_dtz,tool_fx,tool_fy,tool_fz,tool_tx,tool_ty,tool_tz,tool_dfx,tool_dfy,tool_dfz,tool_dtx,tool_dty,tool_dtz,entry_force_n,entry_depth_mm,pull_force_n,pull_displacement_mm,gripper_width,gripper_state
2026-09-21T11:36:10.387+09:00,TEST_0001_TEST_P01,TEST_P01,SOFT_GRIP_ENTRY,SOFT_GRIP_COMMAND,673.2650756835938,60.50727844238281,486.6683654785156,178.59640502929688,-89.78072357177734,-179.94252014160156,-3.4442,-2.7791,0.8072,0.2474,-0.0061,0.0009,0.1327,0.0327,0.0152,0.0352,-0.0009,0.0001,-0.8229,-2.8619,-3.372,0.2474,-0.0061,0.0009,-0.0147,0.0359,0.1319,0.0352,-0.0009,0.0001,,,,,110.3,holding
2026-09-21T11:36:15.459+09:00,TEST_0001_TEST_P01,TEST_P01,SOFT_GRIP_ENTRY,ENTRY_MOTION_START_WIDTH_REACHED,673.1005859375,60.38322830200195,486.85369873046875,178.58984375,-89.76582336425781,-179.95046997070312,-2.2706,-1.8328,-1.3781,0.4159,-0.0102,0.0017,1.3063,0.979,-2.1701,0.2036,-0.005,0.0009,1.3674,-1.8893,-2.2304,0.4159,-0.0102,0.0017,2.1757,1.0085,1.2735,0.2036,-0.005,0.0009,,,,,24.9,moving
2026-09-21T11:36:15.491+09:00,TEST_0001_TEST_P01,TEST_P01,SOFT_GRIP_ENTRY,,673.1011962890625,60.383338928222656,486.8525390625,178.58984375,-89.76591491699219,-179.9504852294922,-2.2706,-1.8328,-1.3781,0.4159,-0.0102,0.0017,1.3063,0.979,-2.1701,0.2036,-0.005,0.0009,1.3674,-1.8893,-2.2304,0.4159,-0.0102,0.0017,2.1757,1.0085,1.2735,0.2036,-0.005,0.0009,1.3063,-0.1696,,,24.9,moving
2026-09-21T11:36:15.548+09:00,TEST_0001_TEST_P01,TEST_P01,SOFT_GRIP_ENTRY,,673.1024169921875,60.383705139160156,486.8503112792969,178.58985900878906,-89.7660903930664,-179.95066833496094,-2.3393,-1.8196,-1.1714,0.4232,-0.0104,0.0017,1.2376,0.9922,-1.9634,0.2109,-0.0052,0.0009,1.1604,-1.8776,-2.2985,0.4232,-0.0104,0.0017,1.9687,1.0202,1.2053,0.2109,-0.0052,0.0009,1.2376,-0.1683,,,24.8,moving
2026-09-21T11:36:15.604+09:00,TEST_0001_TEST_P01,TEST_P01,SOFT_GRIP_ENTRY,,673.150634765625,60.39419174194336,486.7605285644531,178.5901641845703,-89.77350616455078,-179.95294189453125,-2.3393,-1.8196,-1.1714,0.4232,-0.0104,0.0017,1.2376,0.9922,-1.9634,0.2109,-0.0052,0.0009,1.1604,-1.8776,-2.2985,0.4232,-0.0104,0.0017,1.9687,1.0202,1.2053,0.2109,-0.0052,0.0009,1.2376,-0.1201,,,24.6,moving
2026-09-21T11:36:15.662+09:00,TEST_0001_TEST_P01,TEST_P01,SOFT_GRIP_ENTRY,,673.3119506835938,60.438716888427734,486.496337890625,178.5934295654297,-89.79496765136719,-179.96817016601562,-3.3666,-1.8476,-1.0796,0.4562,-0.0112,0.0018,0.2103,0.9642,-1.8715,0.244,-0.006,0.001,1.0657,-1.9306,-3.3242,0.4562,-0.0112,0.0018,1.8739,0.9672,0.1797,0.244,-0.006,0.001,0.2103,0.0412,,,24.6,moving
2026-09-21T11:36:15.718+09:00,TEST_0001_TEST_P01,TEST_P01,SOFT_GRIP_ENTRY,,673.6146240234375,60.47161102294922,486.3035888671875,178.596923828125,-89.8121566772461,-179.97801208496094,-3.3666,-1.8476,-1.0796,0.4562,-0.0112,0.0018,0.2103,0.9642,-1.8715,0.244,-0.006,0.001,1.0657,-1.9306,-3.3242,0.4562,-0.0112,0.0018,1.8739,0.9672,0.1797,0.244,-0.006,0.001,0.2103,0.3439,,,24.6,moving
2026-09-21T11:36:15.774+09:00,TEST_0001_TEST_P01,TEST_P01,SOFT_GRIP_ENTRY,,674.1195678710938,60.484683990478516,486.42254638671875,178.5973663330078,-89.80343627929688,-179.9706573486328,-4.7388,-1.8447,-0.7259,0.4491,-0.011,0.0016,-1.1619,0.9671,-1.5178,0.2368,-0.0058,0.0007,0.7097,-1.9605,-4.6946,0.4491,-0.011,0.0016,1.5179,0.9373,-1.1907,0.2368,-0.0058,0.0007,1.1619,0.8488,,,24.3,moving
2026-09-21T11:36:15.831+09:00,TEST_0001_TEST_P01,TEST_P01,SOFT_GRIP_ENTRY,,674.6995239257812,60.49225997924805,486.45843505859375,178.59751892089844,-89.8016586303711,-179.9618682861328,-4.7388,-1.8447,-0.7259,0.4491,-0.011,0.0016,-1.1619,0.9671,-1.5178,0.2368,-0.0058,0.0007,0.7097,-1.9605,-4.6946,0.4491,-0.011,0.0016,1.5179,0.9373,-1.1907,0.2368,-0.0058,0.0007,1.1619,1.4288,,,23.8,moving
2026-09-21T11:36:15.888+09:00,TEST_0001_TEST_P01,TEST_P01,SOFT_GRIP_ENTRY,,675.2769165039062,60.50941848754883,486.4871826171875,178.5988311767578,-89.80030059814453,-179.96142578125,-4.5849,-1.866,-0.2357,0.3976,-0.0097,0.0014,-1.008,0.9459,-1.0276,0.1854,-0.0045,0.0006,0.2186,-1.9778,-4.5386,0.3976,-0.0097,0.0014,1.0269,0.92,-1.0347,0.1854,-0.0045,0.0006,1.008,2.0062,,,23.3,moving
2026-09-21T11:36:15.944+09:00,TEST_0001_TEST_P01,TEST_P01,SOFT_GRIP_ENTRY,,675.8615112304688,60.5350227355957,486.56640625,178.60122680664062,-89.79419708251953,-179.95559692382812,-4.1207,-1.7962,-0.1565,0.3997,-0.0098,0.0014,-0.5438,1.0156,-0.9485,0.1875,-0.0046,0.0006,0.1405,-1.8964,-4.0762,0.3997,-0.0098,0.0014,0.9488,1.0014,-0.5723,0.1875,-0.0046,0.0006,0.5438,2.5908,,,22.8,moving
2026-09-21T11:36:16.001+09:00,TEST_0001_TEST_P01,TEST_P01,SOFT_GRIP_ENTRY,,676.4679565429688,60.52581787109375,486.52105712890625,178.60015869140625,-89.7982406616211,-179.9557647705078,-4.1207,-1.7962,-0.1565,0.3997,-0.0098,0.0014,-0.5438,1.0156,-0.9485,0.1875,-0.0046,0.0006,0.1405,-1.8964,-4.0762,0.3997,-0.0098,0.0014,0.9488,1.0014,-0.5723,0.1875,-0.0046,0.0006,0.5438,3.1972,,,22.3,moving
2026-09-21T11:36:16.057+09:00,TEST_0001_TEST_P01,TEST_P01,SOFT_GRIP_ENTRY,,677.03662109375,60.4848518371582,486.5160827636719,178.5966339111328,-89.79896545410156,-179.9607696533203,-4.7306,-1.4551,-0.7369,0.41,-0.01,0.0015,-1.1537,1.3567,-1.5289,0.1977,-0.0048,0.0006,0.7194,-1.5709,-4.6961,0.41,-0.01,0.0015,1.5276,1.3269,-1.1922,0.1977,-0.0048,0.0006,1.1537,3.7659,,,21.9,moving
2026-09-21T11:36:16.113+09:00,TEST_0001_TEST_P01,TEST_P01,SOFT_GRIP_ENTRY,,677.60400390625,60.4773063659668,486.5518493652344,178.59634399414062,-89.79605865478516,-179.95848083496094,-4.7306,-1.4551,-0.7369,0.41,-0.01,0.0015,-1.1537,1.3567,-1.5289,0.1977,-0.0048,0.0006,0.7194,-1.5709,-4.6961,0.41,-0.01,0.0015,1.5276,1.3269,-1.1922,0.1977,-0.0048,0.0006,1.1537,4.3333,,,21.4,moving
2026-09-21T11:36:16.169+09:00,TEST_0001_TEST_P01,TEST_P01,SOFT_GRIP_ENTRY,,678.1845703125,60.499298095703125,486.5303039550781,178.59780883789062,-89.79796600341797,-179.95680236816406,-4.7118,-1.403,-1.6201,0.4079,-0.01,0.0014,-1.1349,1.4088,-2.4121,0.1956,-0.0048,0.0006,1.6023,-1.5192,-4.6818,0.4079,-0.01,0.0014,2.4106,1.3786,-1.1779,0.1956,-0.0048,0.0006,1.1349,4.9138,,,20.8,moving
2026-09-21T11:36:16.225+09:00,TEST_0001_TEST_P01,TEST_P01,SOFT_GRIP_ENTRY,,678.74267578125,60.508975982666016,486.6004638671875,178.59832763671875,-89.79212951660156,-179.9571533203125,-4.7118,-1.403,-1.6201,0.4079,-0.01,0.0014,-1.1349,1.4088,-2.4121,0.1956,-0.0048,0.0006,1.6023,-1.5192,-4.6818,0.4079,-0.01,0.0014,2.4106,1.3786,-1.1779,0.1956,-0.0048,0.0006,1.1349,5.4719,,,20.3,moving
2026-09-21T11:36:16.281+09:00,TEST_0001_TEST_P01,TEST_P01,SOFT_GRIP_ENTRY,,679.2939453125,60.48830032348633,486.6705017089844,178.59674072265625,-89.78612518310547,-179.9518280029297,-4.8583,-1.0252,-2.2134,0.4209,-0.0103,0.0015,-1.2814,1.7866,-3.0054,0.2087,-0.0051,0.0007,2.1948,-1.1455,-4.8398,0.4209,-0.0103,0.0015,3.0031,1.7523,-1.336,0.2087,-0.0051,0.0007,1.2814,6.0232,,,20.3,moving
2026-09-21T11:36:16.338+09:00,TEST_0001_TEST_P01,TEST_P01,SOFT_GRIP_ENTRY,,679.87841796875,60.457984924316406,486.765869140625,178.59368896484375,-89.77801513671875,-179.95008850097656,-5.6537,-0.8895,-2.5602,0.4238,-0.0104,0.0016,-2.0768,1.9223,-3.3521,0.2116,-0.0052,0.0008,2.5375,-1.0302,-5.6401,0.4238,-0.0104,0.0016,3.3457,1.8676,-2.1362,0.2116,-0.0052,0.0008,2.0768,6.6077,,,20.3,moving
2026-09-21T11:36:16.394+09:00,TEST_0001_TEST_P01,TEST_P01,SOFT_GRIP_ENTRY,,680.4241943359375,60.462799072265625,486.8867492675781,178.59423828125,-89.76800537109375,-179.95115661621094,-5.6537,-0.8895,-2.5602,0.4238,-0.0104,0.0016,-2.0768,1.9223,-3.3521,0.2116,-0.0052,0.0008,2.5375,-1.0302,-5.6401,0.4238,-0.0104,0.0016,3.3457,1.8676,-2.1362,0.2116,-0.0052,0.0008,2.0768,7.1534,,,20.3,moving
2026-09-21T11:36:16.451+09:00,TEST_0001_TEST_P01,TEST_P01,SOFT_GRIP_ENTRY,,680.9646606445312,60.49005126953125,486.7812805175781,178.59706115722656,-89.77649688720703,-179.9501953125,-5.8351,-0.8506,-2.1689,0.4361,-0.0107,0.0017,-2.2582,1.9612,-2.9609,0.2239,-0.0055,0.0009,2.1452,-0.9951,-5.821,0.4361,-0.0107,0.0017,2.9535,1.9027,-2.3171,0.2239,-0.0055,0.0009,2.2582,7.6939,,,20.3,moving
2026-09-21T11:36:16.508+09:00,TEST_0001_TEST_P01,TEST_P01,SOFT_GRIP_ENTRY,,681.5441284179688,60.51284408569336,486.7769775390625,178.5988006591797,-89.77708435058594,-179.95140075683594,-5.8351,-0.8506,-2.1689,0.4361,-0.0107,0.0017,-2.2582,1.9612,-2.9609,0.2239,-0.0055,0.0009,2.1452,-0.9951,-5.821,0.4361,-0.0107,0.0017,2.9535,1.9027,-2.3171,0.2239,-0.0055,0.0009,2.2582,8.2734,,,20.3,moving
2026-09-21T11:36:16.564+09:00,TEST_0001_TEST_P01,TEST_P01,SOFT_GRIP_ENTRY,,682.119873046875,60.50458908081055,486.87823486328125,178.59814453125,-89.76885986328125,-179.9530487060547,-6.2891,-0.8573,-2.0,0.4405,-0.0108,0.0017,-2.7122,1.9545,-2.792,0.2283,-0.0056,0.0009,1.9745,-1.0124,-6.2741,0.4405,-0.0108,0.0017,2.7828,1.8853,-2.7702,0.2283,-0.0056,0.0009,2.7122,8.8491,,,20.3,moving
2026-09-21T11:36:16.621+09:00,TEST_0001_TEST_P01,TEST_P01,SOFT_GRIP_ENTRY,,682.6983642578125,60.46916961669922,486.9541931152344,178.595458984375,-89.76261138916016,-179.94943237304688,-6.2891,-0.8573,-2.0,0.4405,-0.0108,0.0017,-2.7122,1.9545,-2.792,0.2283,-0.0056,0.0009,1.9745,-1.0124,-6.2741,0.4405,-0.0108,0.0017,2.7828,1.8853,-2.7702,0.2283,-0.0056,0.0009,2.7122,9.4276,,,20.3,moving
2026-09-21T11:36:16.677+09:00,TEST_0001_TEST_P01,TEST_P01,SOFT_GRIP_ENTRY,,683.27099609375,60.453834533691406,486.89697265625,178.59400939941406,-89.76738739013672,-179.94973754882812,-6.2047,-0.8167,-1.7873,0.4463,-0.0109,0.0018,-2.6278,1.9951,-2.5793,0.2341,-0.0057,0.001,1.7609,-0.9702,-6.1902,0.4463,-0.0109,0.0018,2.5692,1.9276,-2.6863,0.2341,-0.0057,0.001,2.6278,10.0002,,,20.3,moving
2026-09-21T11:36:16.734+09:00,TEST_0001_TEST_P01,TEST_P01,SOFT_GRIP_ENTRY,,683.8363037109375,60.46700668334961,486.8168640136719,178.59495544433594,-89.77395629882812,-179.95620727539062,-6.2047,-0.8167,-1.7873,0.4463,-0.0109,0.0018,-2.6278,1.9951,-2.5793,0.2341,-0.0057,0.001,1.7609,-0.9702,-6.1902,0.4463,-0.0109,0.0018,2.5692,1.9276,-2.6863,0.2341,-0.0057,0.001,2.6278,10.5656,,,20.3,moving
2026-09-21T11:36:16.790+09:00,TEST_0001_TEST_P01,TEST_P01,SOFT_GRIP_ENTRY,,684.4115600585938,60.47901916503906,486.87255859375,178.5959930419922,-89.76922607421875,-179.95294189453125,-6.6171,-0.6745,-1.4895,0.4517,-0.0111,0.0018,-3.0402,2.1373,-2.2814,0.2395,-0.0059,0.001,1.4627,-0.8376,-6.6044,0.4517,-0.0111,0.0018,2.271,2.0602,-3.1005,0.2395,-0.0059,0.001,3.0402,11.1408,,,20.3,moving
2026-09-21T11:36:16.847+09:00,TEST_0001_TEST_P01,TEST_P01,SOFT_GRIP_ENTRY,,684.99462890625,60.45602798461914,486.89697265625,178.59361267089844,-89.76716613769531,-179.94879150390625,-6.6668,-0.7184,-1.6635,0.4462,-0.0109,0.0018,-3.0899,2.0934,-2.4555,0.234,-0.0057,0.001,1.6355,-0.8832,-6.654,0.4462,-0.0109,0.0018,2.4437,2.0146,-3.1501,0.234,-0.0057,0.001,3.0899,11.7239,,,20.3,moving
2026-09-21T11:36:16.903+09:00,TEST_0001_TEST_P01,TEST_P01,SOFT_GRIP_ENTRY,,685.5570068359375,60.40998840332031,486.7948303222656,178.5896759033203,-89.77540588378906,-179.95323181152344,-6.6668,-0.7184,-1.6635,0.4462,-0.0109,0.0018,-3.0899,2.0934,-2.4555,0.234,-0.0057,0.001,1.6355,-0.8832,-6.654,0.4462,-0.0109,0.0018,2.4437,2.0146,-3.1501,0.234,-0.0057,0.001,3.0899,12.2863,,,20.3,moving
2026-09-21T11:36:16.958+09:00,TEST_0001_TEST_P01,TEST_P01,SOFT_GRIP_ENTRY,,686.102294921875,60.380035400390625,486.78790283203125,178.5875701904297,-89.77574920654297,-179.94981384277344,-6.4225,-0.6674,-1.417,0.4507,-0.0111,0.0018,-2.8456,2.1444,-2.2089,0.2385,-0.0059,0.001,1.3911,-0.8266,-6.4096,0.4507,-0.0111,0.0018,2.1994,2.0712,-2.9057,0.2385,-0.0059,0.001,2.8456,12.8315,,,20.3,moving
2026-09-21T11:36:17.014+09:00,TEST_0001_TEST_P01,TEST_P01,SOFT_GRIP_ENTRY,,686.6441650390625,60.38450241088867,486.8580017089844,178.58810424804688,-89.77005767822266,-179.94561767578125,-6.4225,-0.6674,-1.417,0.4507,-0.0111,0.0018,-2.8456,2.1444,-2.2089,0.2385,-0.0059,0.001,1.3911,-0.8266,-6.4096,0.4507,-0.0111,0.0018,2.1994,2.0712,-2.9057,0.2385,-0.0059,0.001,2.8456,13.3734,,,20.3,moving
2026-09-21T11:36:17.069+09:00,TEST_0001_TEST_P01,TEST_P01,SOFT_GRIP_ENTRY,,687.216552734375,60.39628601074219,486.8901672363281,178.5885772705078,-89.76744079589844,-179.94873046875,-6.843,-0.59,-1.73,0.4513,-0.0111,0.0018,-3.2661,2.2218,-2.5219,0.2391,-0.0059,0.001,1.7018,-0.76,-6.8333,0.4513,-0.0111,0.0018,2.5101,2.1378,-3.3294,0.2391,-0.0059,0.001,3.2661,13.9458,,,20.3,moving
2026-09-21T11:36:17.125+09:00,TEST_0001_TEST_P01,TEST_P01,SOFT_GRIP_ENTRY,,687.7716064453125,60.387718200683594,486.9319152832031,178.58819580078125,-89.76385498046875,-179.9512939453125,-6.843,-0.59,-1.73,0.4513,-0.0111,0.0018,-3.2661,2.2218,-2.5219,0.2391,-0.0059,0.001,1.7018,-0.76,-6.8333,0.4513,-0.0111,0.0018,2.5101,2.1378,-3.3294,0.2391,-0.0059,0.001,3.2661,14.5009,,,20.3,moving
2026-09-21T11:36:17.182+09:00,TEST_0001_TEST_P01,TEST_P01,SOFT_GRIP_ENTRY,,688.3101806640625,60.3599853515625,486.9241027832031,178.58636474609375,-89.76456451416016,-179.94920349121094,-6.2309,-0.7138,-1.4854,0.4502,-0.0111,0.0018,-2.654,2.098,-2.2774,0.2379,-0.0059,0.001,1.4592,-0.8684,-6.2175,0.4502,-0.0111,0.0018,2.2674,2.0294,-2.7136,0.2379,-0.0059,0.001,2.654,15.0394,,,20.3,moving
2026-09-21T11:36:17.237+09:00,TEST_0001_TEST_P01,TEST_P01,SOFT_GRIP_ENTRY,,688.8896484375,60.35397720336914,486.95037841796875,178.58567810058594,-89.7627182006836,-179.94863891601562,-6.8448,-0.7043,-1.3821,0.4464,-0.011,0.0018,-3.2679,2.1076,-2.1741,0.2341,-0.0058,0.001,1.353,-0.8742,-6.831,0.4464,-0.011,0.0018,2.1613,2.0236,-3.3271,0.2341,-0.0058,0.001,3.2679,15.6189,,,20.3,moving
2026-09-21T11:36:17.293+09:00,TEST_0001_TEST_P01,TEST_P01,SOFT_GRIP_ENTRY,,689.4470825195312,60.37783432006836,486.9297790527344,178.5876922607422,-89.76416778564453,-179.95401000976562,-6.8448,-0.7043,-1.3821,0.4464,-0.011,0.0018,-3.2679,2.1076,-2.1741,0.2341,-0.0058,0.001,1.353,-0.8742,-6.831,0.4464,-0.011,0.0018,2.1613,2.0236,-3.3271,0.2341,-0.0058,0.001,3.2679,16.1763,,,20.3,moving
2026-09-21T11:36:17.350+09:00,TEST_0001_TEST_P01,TEST_P01,SOFT_GRIP_ENTRY,,690.002197265625,60.40775680541992,486.8742370605469,178.59043884277344,-89.76858520507812,-179.95297241210938,-6.883,-0.7152,-1.3987,0.4418,-0.0109,0.0018,-3.306,2.0966,-2.1907,0.2296,-0.0057,0.001,1.3704,-0.8855,-6.8688,0.4418,-0.0109,0.0018,2.1787,2.0123,-3.3649,0.2296,-0.0057,0.001,3.306,16.7314,,,20.3,moving
2026-09-21T11:36:17.406+09:00,TEST_0001_TEST_P01,TEST_P01,SOFT_GRIP_ENTRY,,690.5507202148438,60.42860794067383,486.90887451171875,178.59217834472656,-89.76576232910156,-179.94915771484375,-6.883,-0.7152,-1.3987,0.4418,-0.0109,0.0018,-3.306,2.0966,-2.1907,0.2296,-0.0057,0.001,1.3704,-0.8855,-6.8688,0.4418,-0.0109,0.0018,2.1787,2.0123,-3.3649,0.2296,-0.0057,0.001,3.306,17.28,,,20.3,moving
2026-09-21T11:36:17.463+09:00,TEST_0001_TEST_P01,TEST_P01,SOFT_GRIP_ENTRY,,691.1192016601562,60.41427230834961,486.9317626953125,178.59092712402344,-89.76378631591797,-179.95143127441406,-7.3857,-0.6032,-1.0958,0.4382,-0.0108,0.0018,-3.8088,2.2086,-1.8878,0.226,-0.0056,0.001,1.0647,-0.7854,-7.3731,0.4382,-0.0108,0.0018,1.873,2.1124,-3.8692,0.226,-0.0056,0.001,3.8088,17.8484,,,20.3,moving
2026-09-21T11:36:17.519+09:00,TEST_0001_TEST_P01,TEST_P01,SOFT_GRIP_ENTRY,,691.6686401367188,60.38032913208008,486.9775085449219,178.5883331298828,-89.75981903076172,-179.9521484375,-7.3857,-0.6032,-1.0958,0.4382,-0.0108,0.0018,-3.8088,2.2086,-1.8878,0.226,-0.0056,0.001,1.0647,-0.7854,-7.3731,0.4382,-0.0108,0.0018,1.873,2.1124,-3.8692,0.226,-0.0056,0.001,3.8088,18.3979,,,20.3,moving
2026-09-21T11:36:17.575+09:00,TEST_0001_TEST_P01,TEST_P01,SOFT_GRIP_ENTRY,,692.2346801757812,60.37384033203125,486.98089599609375,178.58761596679688,-89.7594223022461,-179.9471893310547,-8.0773,-0.4422,-0.8054,0.4361,-0.0107,0.0018,-4.5003,2.3697,-1.5974,0.2238,-0.0055,0.001,0.7708,-0.6417,-8.0672,0.4361,-0.0107,0.0018,1.5791,2.256,-4.5633,0.2238,-0.0055,0.001,4.5003,18.9639,,,20.3,moving
2026-09-21T11:36:17.629+09:00,TEST_0001_TEST_P01,TEST_P01,SOFT_GRIP_ENTRY,,692.7935791015625,60.39454650878906,487.0107421875,178.5889892578125,-89.75709533691406,-179.9445037841797,-8.0773,-0.4422,-0.8054,0.4361,-0.0107,0.0018,-4.5003,2.3697,-1.5974,0.2238,-0.0055,0.001,0.7708,-0.6417,-8.0672,0.4361,-0.0107,0.0018,1.5791,2.256,-4.5633,0.2238,-0.0055,0.001,4.5003,19.5228,,,20.3,moving
2026-09-21T11:36:17.684+09:00,TEST_0001_TEST_P01,TEST_P01,SOFT_GRIP_ENTRY,,693.3412475585938,60.41902160644531,487.02545166015625,178.59117126464844,-89.7558364868164,-179.94911193847656,-8.3644,-0.3806,-0.8129,0.4238,-0.0104,0.0018,-4.7875,2.4312,-1.6049,0.2115,-0.0052,0.001,0.777,-0.5872,-8.3559,0.4238,-0.0104,0.0018,1.5852,2.3106,-4.852,0.2115,-0.0052,0.001,4.7875,20.0705,,,20.3,moving
2026-09-21T11:36:17.740+09:00,TEST_0001_TEST_P01,TEST_P01,SOFT_GRIP_ENTRY,,693.8716430664062,60.43380355834961,486.9257507324219,178.59291076660156,-89.76395416259766,-179.951416015625,-8.5695,-0.4289,-0.4442,0.4242,-0.0104,0.0018,-4.9926,2.3829,-1.2362,0.2119,-0.0052,0.001,0.4082,-0.6396,-8.5581,0.4242,-0.0104,0.0018,1.2165,2.2582,-5.0542,0.2119,-0.0052,0.001,4.9926,20.6009,,,20.3,moving
2026-09-21T11:36:17.796+09:00,TEST_0001_TEST_P01,TEST_P01,SOFT_GRIP_ENTRY,,694.4617919921875,60.41642761230469,486.8608093261719,178.5911407470703,-89.7691650390625,-179.9503173828125,-8.5695,-0.4289,-0.4442,0.4242,-0.0104,0.0018,-4.9926,2.3829,-1.2362,0.2119,-0.0052,0.001,0.4082,-0.6396,-8.5581,0.4242,-0.0104,0.0018,1.2165,2.2582,-5.0542,0.2119,-0.0052,0.001,4.9926,21.191,,,20.3,moving
2026-09-21T11:36:17.852+09:00,TEST_0001_TEST_P01,TEST_P01,SOFT_GRIP_ENTRY,,695.0437622070312,60.39374542236328,486.91839599609375,178.58895874023438,-89.76454162597656,-179.94857788085938,-8.8528,-0.5396,-0.038,0.4166,-0.0102,0.0017,-5.2759,2.2722,-0.83,0.2044,-0.005,0.0009,0.0013,-0.7574,-8.8369,0.4166,-0.0102,0.0017,0.8096,2.1404,-5.333,0.2044,-0.005,0.0009,5.2759,21.773,,,20.3,moving
2026-09-21T11:36:17.909+09:00,TEST_0001_TEST_P01,TEST_P01,SOFT_GRIP_ENTRY,,695.615234375,60.404048919677734,486.9561767578125,178.5899658203125,-89.76136779785156,-179.95362854003906,-8.8528,-0.5396,-0.038,0.4166,-0.0102,0.0017,-5.2759,2.2722,-0.83,0.2044,-0.005,0.0009,0.0013,-0.7574,-8.8369,0.4166,-0.0102,0.0017,0.8096,2.1404,-5.333,0.2044,-0.005,0.0009,5.2759,22.3445,,,20.3,moving
2026-09-21T11:36:17.965+09:00,TEST_0001_TEST_P01,TEST_P01,SOFT_GRIP_ENTRY,,696.1771240234375,60.427154541015625,486.9186096191406,178.5917205810547,-89.76421356201172,-179.95416259765625,-8.5985,-0.7199,0.1254,0.4128,-0.0102,0.0017,-5.0216,2.0919,-0.6666,0.2005,-0.005,0.0009,-0.1616,-0.9311,-8.5776,0.4128,-0.0102,0.0017,0.6467,1.9667,-5.0737,0.2005,-0.005,0.0009,5.0216,22.9064,,,20.3,moving
2026-09-21T11:36:18.020+09:00,TEST_0001_TEST_P01,TEST_P01,SOFT_GRIP_ENTRY,,696.732177734375,60.44759750366211,486.871337890625,178.59326171875,-89.76806640625,-179.95057678222656,-8.5985,-0.7199,0.1254,0.4128,-0.0102,0.0017,-5.0216,2.0919,-0.6666,0.2005,-0.005,0.0009,-0.1616,-0.9311,-8.5776,0.4128,-0.0102,0.0017,0.6467,1.9667,-5.0737,0.2005,-0.005,0.0009,5.0216,23.4614,,,20.3,moving
2026-09-21T11:36:18.075+09:00,TEST_0001_TEST_P01,TEST_P01,SOFT_GRIP_ENTRY,,697.245361328125,60.44264221191406,486.9128723144531,178.59291076660156,-89.76470184326172,-179.947265625,-8.7209,-0.8891,0.5585,0.4189,-0.0103,0.0017,-5.144,1.9227,-0.2334,0.2066,-0.0051,0.0009,-0.5948,-1.1024,-8.6941,0.4189,-0.0103,0.0017,0.2135,1.7954,-5.1902,0.2066,-0.0051,0.0009,5.144,23.9746,,,20.3,moving
2026-09-21T11:36:19.132+09:00,TEST_0001_TEST_P01,TEST_P01,SOFT_GRIP_ENTRY,SOFT_GRIP_STABILIZATION_END,698.166259765625,60.35051727294922,486.7812805175781,178.58624267578125,-89.7718734741211,-179.9473114013672,-5.215,-1.4907,0.9858,0.471,-0.0116,0.0019,0.0,0.0,0.0,0.0,0.0,0.0,-1.0079,-1.618,-5.1727,0.471,-0.0116,0.0019,0.0,0.0,0.0,0.0,0.0,0.0,,,,,20.3,moving
2026-09-21T11:36:19.187+09:00,TEST_0001_TEST_P01,TEST_P01,HARD_GRIP,HARD_GRIP_COMMAND,698.1650390625,60.35031509399414,486.78369140625,178.58624267578125,-89.77167510986328,-179.94741821289062,-4.6667,-1.5958,0.9265,0.5038,-0.0124,0.002,0.0,0.0,0.0,0.0,0.0,0.0,-0.9464,-1.7095,-4.6222,0.5038,-0.0124,0.002,0.0,0.0,0.0,0.0,0.0,0.0,,,,,20.1,moving
2026-09-21T11:36:20.191+09:00,TEST_0001_TEST_P01,TEST_P01,HARD_GRIP,HARD_GRIP_STABILIZATION_END,698.1100463867188,60.35918045043945,486.8918762207031,178.5874786376953,-89.76287841796875,-179.95004272460938,-0.2104,-1.7921,1.2921,0.5838,-0.0144,0.0024,0.0,0.0,0.0,0.0,0.0,0.0,-1.2944,-1.7956,-0.1608,0.5838,-0.0144,0.0024,0.0,0.0,0.0,0.0,0.0,0.0,,,,,18.1,moving
2026-09-21T11:36:20.226+09:00,TEST_0001_TEST_P01,TEST_P01,PULL_TEST,,698.1087646484375,60.36017608642578,486.894287109375,178.58758544921875,-89.76268768310547,-179.9501495361328,-0.2104,-1.7921,1.2921,0.5838,-0.0144,0.0024,0.0,0.0,0.0,0.0,0.0,0.0,-1.2944,-1.7956,-0.1608,0.5838,-0.0144,0.0024,0.0,0.0,0.0,0.0,0.0,0.0,,,0.0,0.0013,18.1,moving
2026-09-21T11:36:20.283+09:00,TEST_0001_TEST_P01,TEST_P01,PULL_TEST,,698.103271484375,60.36030960083008,486.905029296875,178.587646484375,-89.76183319091797,-179.94984436035156,-0.1336,-1.831,1.2817,0.5828,-0.0144,0.0024,0.0768,-0.0388,-0.0104,-0.001,0.0,0.0,-1.2837,-1.8326,-0.0831,0.5828,-0.0144,0.0024,0.0107,-0.0369,0.0777,-0.001,0.0,0.0,,,0.0768,0.0068,18.1,moving
2026-09-21T11:36:20.339+09:00,TEST_0001_TEST_P01,TEST_P01,PULL_TEST,,698.04541015625,60.35854721069336,487.010986328125,178.58815002441406,-89.75337219238281,-179.9474639892578,0.4513,-1.8705,1.1263,0.5766,-0.0142,0.0024,0.6617,-0.0784,-0.1658,-0.0071,0.0002,0.0,-1.1258,-1.8578,0.5021,0.5766,-0.0142,0.0024,0.1685,-0.0621,0.6629,-0.0071,0.0002,0.0,,,0.6617,0.0646,18.1,moving
2026-09-21T11:36:20.394+09:00,TEST_0001_TEST_P01,TEST_P01,PULL_TEST,,697.8914184570312,60.35255813598633,487.21759033203125,178.58767700195312,-89.73660278320312,-179.9389190673828,0.4513,-1.8705,1.1263,0.5766,-0.0142,0.0024,0.6617,-0.0784,-0.1658,-0.0071,0.0002,0.0,-1.1258,-1.8578,0.5021,0.5766,-0.0142,0.0024,0.1685,-0.0621,0.6629,-0.0071,0.0002,0.0,,,0.6617,0.2186,18.1,moving
2026-09-21T11:36:20.450+09:00,TEST_0001_TEST_P01,TEST_P01,PULL_TEST,,697.604736328125,60.33960723876953,487.3256530761719,178.58572387695312,-89.72666931152344,-179.9380340576172,1.8696,-1.8333,0.3664,0.5574,-0.0137,0.0025,2.08,-0.0412,-0.9257,-0.0263,0.0006,0.0001,-0.3593,-1.7862,1.9159,0.5574,-0.0137,0.0025,0.9351,0.0094,2.0768,-0.0263,0.0006,0.0001,,,2.08,0.5053,18.1,moving
2026-09-21T11:36:20.506+09:00,TEST_0001_TEST_P01,TEST_P01,PULL_TEST,,697.1300659179688,60.3197021484375,487.39892578125,178.5843963623047,-89.71992492675781,-179.93594360351562,1.8696,-1.8333,0.3664,0.5574,-0.0137,0.0025,2.08,-0.0412,-0.9257,-0.0263,0.0006,0.0001,-0.3593,-1.7862,1.9159,0.5574,-0.0137,0.0025,0.9351,0.0094,2.0768,-0.0263,0.0006,0.0001,,,2.08,0.98,18.1,moving
2026-09-21T11:36:20.562+09:00,TEST_0001_TEST_P01,TEST_P01,PULL_TEST,,696.5574340820312,60.31743621826172,487.3253173828125,178.58456420898438,-89.72518920898438,-179.9367218017578,2.5411,-1.8444,-0.3713,0.5928,-0.0146,0.0029,2.7515,-0.0523,-1.6634,0.0091,-0.0002,0.0004,0.3818,-1.7815,2.584,0.5928,-0.0146,0.0029,1.6762,0.0141,2.7449,0.0091,-0.0002,0.0004,,,2.7515,1.5526,18.1,moving
2026-09-21T11:36:20.618+09:00,TEST_0001_TEST_P01,TEST_P01,PULL_TEST,,695.99365234375,60.330421447753906,487.2325134277344,178.58558654785156,-89.73201751708984,-179.94007873535156,2.5411,-1.8444,-0.3713,0.5928,-0.0146,0.0029,2.7515,-0.0523,-1.6634,0.0091,-0.0002,0.0004,0.3818,-1.7815,2.584,0.5928,-0.0146,0.0029,1.6762,0.0141,2.7449,0.0091,-0.0002,0.0004,,,2.7515,2.1164,18.1,moving
2026-09-21T11:36:20.673+09:00,TEST_0001_TEST_P01,TEST_P01,PULL_TEST,,695.4164428710938,60.31111526489258,487.2125244140625,178.5841522216797,-89.733154296875,-179.945068359375,2.6227,-1.8958,-0.338,0.6666,-0.0165,0.0031,2.8331,-0.1037,-1.6301,0.0829,-0.0021,0.0007,0.3486,-1.8308,2.6671,0.6666,-0.0165,0.0031,1.6429,-0.0352,2.828,0.0829,-0.0021,0.0007,,,2.8331,2.6936,18.1,moving
2026-09-21T11:36:20.729+09:00,TEST_0001_TEST_P01,TEST_P01,PULL_TEST,,694.833251953125,60.2846794128418,487.16680908203125,178.582275390625,-89.73680114746094,-179.94454956054688,2.6227,-1.8958,-0.338,0.6666,-0.0165,0.0031,2.8331,-0.1037,-1.6301,0.0829,-0.0021,0.0007,0.3486,-1.8308,2.6671,0.6666,-0.0165,0.0031,1.6429,-0.0352,2.828,0.0829,-0.0021,0.0007,,,2.8331,3.2768,18.1,moving
2026-09-21T11:36:20.786+09:00,TEST_0001_TEST_P01,TEST_P01,PULL_TEST,,694.2567138671875,60.272132873535156,487.06134033203125,178.58108520507812,-89.74519348144531,-179.9423828125,2.8498,-1.7731,-0.1269,0.7445,-0.0184,0.0034,3.0602,0.019,-1.419,0.1607,-0.004,0.001,0.1385,-1.7022,2.8922,0.7445,-0.0184,0.0034,1.4329,0.0935,3.053,0.1607,-0.004,0.001,,,3.0602,3.8533,18.1,moving
2026-09-21T11:36:20.842+09:00,TEST_0001_TEST_P01,TEST_P01,PULL_TEST,,693.6802368164062,60.28889083862305,487.0355224609375,178.58279418945312,-89.74716186523438,-179.941650390625,3.2592,-1.884,0.1114,0.772,-0.0191,0.0034,3.4696,-0.0919,-1.1807,0.1883,-0.0047,0.001,-0.0987,-1.8027,3.3052,0.772,-0.0191,0.0034,1.1957,-0.007,3.4661,0.1883,-0.0047,0.001,,,3.4696,4.4298,18.1,moving
2026-09-21T11:36:20.898+09:00,TEST_0001_TEST_P01,TEST_P01,PULL_TEST,,693.0971069335938,60.3206901550293,487.1506652832031,178.58580017089844,-89.73794555664062,-179.94337463378906,3.2592,-1.884,0.1114,0.772,-0.0191,0.0034,3.4696,-0.0919,-1.1807,0.1883,-0.0047,0.001,-0.0987,-1.8027,3.3052,0.772,-0.0191,0.0034,1.1957,-0.007,3.4661,0.1883,-0.0047,0.001,,,3.4696,5.0129,18.1,moving
2026-09-21T11:36:20.954+09:00,TEST_0001_TEST_P01,TEST_P01,PULL_TEST,,692.5433959960938,60.31894302368164,487.0801696777344,178.5855255126953,-89.74378967285156,-179.9451446533203,3.8866,-1.9866,0.1109,0.8011,-0.0198,0.0036,4.097,-0.1945,-1.1813,0.2174,-0.0054,0.0012,-0.095,-1.89,3.9349,0.8011,-0.0198,0.0036,1.1993,-0.0944,4.0957,0.2174,-0.0054,0.0012,,,4.097,5.5667,18.1,moving
2026-09-21T11:36:21.009+09:00,TEST_0001_TEST_P01,TEST_P01,PULL_TEST,,691.9961547851562,60.298362731933594,486.9700622558594,178.58383178710938,-89.7528305053711,-179.94456481933594,3.8866,-1.9866,0.1109,0.8011,-0.0198,0.0036,4.097,-0.1945,-1.1813,0.2174,-0.0054,0.0012,-0.095,-1.89,3.9349,0.8011,-0.0198,0.0036,1.1993,-0.0944,4.0957,0.2174,-0.0054,0.0012,,,4.097,6.1139,18.1,moving
2026-09-21T11:36:21.066+09:00,TEST_0001_TEST_P01,TEST_P01,PULL_TEST,,691.4136962890625,60.29008102416992,486.9723205566406,178.58392333984375,-89.75259399414062,-179.9459686279297,4.6382,-2.0752,0.3058,0.8173,-0.0202,0.0036,4.8486,-0.2831,-0.9863,0.2335,-0.0058,0.0012,-0.2874,-1.9597,4.6893,0.8173,-0.0202,0.0036,1.0069,-0.164,4.8502,0.2335,-0.0058,0.0012,,,4.8486,6.6964,18.1,moving
2026-09-21T11:36:21.121+09:00,TEST_0001_TEST_P01,TEST_P01,PULL_TEST,,690.8477172851562,60.306007385253906,486.9610290527344,178.58511352539062,-89.75332641601562,-179.950927734375,4.6382,-2.0752,0.3058,0.8173,-0.0202,0.0036,4.8486,-0.2831,-0.9863,0.2335,-0.0058,0.0012,-0.2874,-1.9597,4.6893,0.8173,-0.0202,0.0036,1.0069,-0.164,4.8502,0.2335,-0.0058,0.0012,,,4.8486,7.2623,17.9,moving
2026-09-21T11:36:21.177+09:00,TEST_0001_TEST_P01,TEST_P01,PULL_TEST,,690.2869262695312,60.344276428222656,486.9250183105469,178.5879669189453,-89.75614166259766,-179.9509735107422,4.0597,-1.7283,0.6711,0.8357,-0.0206,0.0036,4.2701,0.0638,-0.621,0.2519,-0.0063,0.0012,-0.6549,-1.6271,4.104,0.8357,-0.0206,0.0036,0.6395,0.1686,4.2648,0.2519,-0.0063,0.0012,,,4.2701,7.8231,17.6,moving
2026-09-21T11:36:21.233+09:00,TEST_0001_TEST_P01,TEST_P01,PULL_TEST,,689.7147216796875,60.36414337158203,486.90032958984375,178.58970642089844,-89.75788879394531,-179.94798278808594,4.0597,-1.7283,0.6711,0.8357,-0.0206,0.0036,4.2701,0.0638,-0.621,0.2519,-0.0063,0.0012,-0.6549,-1.6271,4.104,0.8357,-0.0206,0.0036,0.6395,0.1686,4.2648,0.2519,-0.0063,0.0012,,,4.2701,8.3953,17.4,moving
2026-09-21T11:36:21.290+09:00,TEST_0001_TEST_P01,TEST_P01,PULL_TEST,,689.1427612304688,60.35416793823242,486.9178161621094,178.5890655517578,-89.75641632080078,-179.9490203857422,4.1272,-1.6347,1.1603,0.848,-0.0209,0.0036,4.3376,0.1575,-0.1319,0.2642,-0.0065,0.0012,-1.144,-1.5316,4.171,0.848,-0.0209,0.0036,0.1503,0.2641,4.3319,0.2642,-0.0065,0.0012,,,4.3376,8.9673,17.4,moving
2026-09-21T11:36:21.346+09:00,TEST_0001_TEST_P01,TEST_P01,PULL_TEST,,688.6109008789062,60.3366584777832,486.86578369140625,178.58717346191406,-89.76066589355469,-179.95237731933594,3.1588,-1.615,0.6951,0.8617,-0.0212,0.0037,3.3692,0.1772,-0.597,0.2779,-0.0068,0.0013,-0.6829,-1.536,3.2005,0.8617,-0.0212,0.0037,0.6114,0.2596,3.3613,0.2779,-0.0068,0.0013,,,3.3692,9.4991,17.4,moving
2026-09-21T11:36:21.402+09:00,TEST_0001_TEST_P01,TEST_P01,PULL_TEST,,688.0328369140625,60.317195892333984,486.9034118652344,178.58560180664062,-89.75753021240234,-179.94851684570312,3.1588,-1.615,0.6951,0.8617,-0.0212,0.0037,3.3692,0.1772,-0.597,0.2779,-0.0068,0.0013,-0.6829,-1.536,3.2005,0.8617,-0.0212,0.0037,0.6114,0.2596,3.3613,0.2779,-0.0068,0.0013,,,3.3692,10.0772,17.4,moving
2026-09-21T11:36:21.460+09:00,TEST_0001_TEST_P01,TEST_P01,PULL_TEST,,687.4555053710938,60.33158493041992,486.9131164550781,178.58709716796875,-89.75667572021484,-179.9462432861328,3.7598,-1.6821,1.0334,0.8668,-0.0214,0.0037,3.9702,0.11,-0.2587,0.283,-0.007,0.0013,-1.0188,-1.5879,3.8045,0.8668,-0.0214,0.0037,0.2756,0.2078,3.9654,0.283,-0.007,0.0013,,,3.9702,10.6545,17.4,moving
2026-09-21T11:36:21.517+09:00,TEST_0001_TEST_P01,TEST_P01,PULL_TEST,,686.9006958007812,60.36778259277344,486.8692321777344,178.58987426757812,-89.76026916503906,-179.9497528076172,3.7598,-1.6821,1.0334,0.8668,-0.0214,0.0037,3.9702,0.11,-0.2587,0.283,-0.007,0.0013,-1.0188,-1.5879,3.8045,0.8668,-0.0214,0.0037,0.2756,0.2078,3.9654,0.283,-0.007,0.0013,,,3.9702,11.2094,17.4,moving
2026-09-21T11:36:21.573+09:00,TEST_0001_TEST_P01,TEST_P01,PULL_TEST,,686.3236694335938,60.365177154541016,486.8374328613281,178.58982849121094,-89.76303100585938,-179.9483184814453,4.4886,-1.6217,0.5266,0.8753,-0.0216,0.0037,4.699,0.1704,-0.7656,0.2916,-0.0072,0.0013,-0.5091,-1.5104,4.5293,0.8753,-0.0216,0.0037,0.7852,0.2853,4.6901,0.2916,-0.0072,0.0013,,,4.699,11.7864,17.4,moving
2026-09-21T11:36:21.629+09:00,TEST_0001_TEST_P01,TEST_P01,PULL_TEST,,685.7379150390625,60.35014343261719,486.8267822265625,178.58926391601562,-89.76383972167969,-179.9454345703125,4.4886,-1.6217,0.5266,0.8753,-0.0216,0.0037,4.699,0.1704,-0.7656,0.2916,-0.0072,0.0013,-0.5091,-1.5104,4.5293,0.8753,-0.0216,0.0037,0.7852,0.2853,4.6901,0.2916,-0.0072,0.0013,,,4.699,12.3721,17.4,moving
2026-09-21T11:36:21.684+09:00,TEST_0001_TEST_P01,TEST_P01,PULL_TEST,,685.2046508789062,60.349117279052734,486.79150390625,178.5890350341797,-89.76658630371094,-179.94888305664062,4.6713,-1.6666,0.7613,0.878,-0.0216,0.0036,4.8817,0.1255,-0.5308,0.2943,-0.0072,0.0012,-0.7434,-1.5504,4.714,0.878,-0.0216,0.0036,0.551,0.2453,4.8749,0.2943,-0.0072,0.0012,,,4.8817,12.9054,17.4,moving
2026-09-21T11:36:21.740+09:00,TEST_0001_TEST_P01,TEST_P01,PULL_TEST,,684.661376953125,60.36789321899414,486.8854064941406,178.59019470214844,-89.7589340209961,-179.9524688720703,5.08,-1.7388,0.3381,0.8807,-0.0217,0.0036,5.2904,0.0533,-0.954,0.297,-0.0073,0.0012,-0.318,-1.613,5.1226,0.8807,-0.0217,0.0036,0.9764,0.1826,5.2834,0.297,-0.0073,0.0012,,,5.2904,13.4487,17.4,moving
2026-09-21T11:36:21.796+09:00,TEST_0001_TEST_P01,TEST_P01,PULL_TEST,,684.08349609375,60.39360427856445,486.8738708496094,178.59234619140625,-89.75972747802734,-179.95172119140625,5.08,-1.7388,0.3381,0.8807,-0.0217,0.0036,5.2904,0.0533,-0.954,0.297,-0.0073,0.0012,-0.318,-1.613,5.1226,0.8807,-0.0217,0.0036,0.9764,0.1826,5.2834,0.297,-0.0073,0.0012,,,5.2904,14.0266,17.4,moving
2026-09-21T11:36:21.852+09:00,TEST_0001_TEST_P01,TEST_P01,PULL_TEST,,683.52099609375,60.40009307861328,486.82049560546875,178.59295654296875,-89.7637710571289,-179.9528045654297,5.8891,-1.7942,0.2093,0.8846,-0.0217,0.0037,6.0996,-0.0021,-1.0828,0.3009,-0.0073,0.0013,-0.186,-1.6489,5.9322,0.8846,-0.0217,0.0037,1.1083,0.1467,6.0931,0.3009,-0.0073,0.0013,,,6.0996,14.5891,17.4,moving
2026-09-21T11:36:21.908+09:00,TEST_0001_TEST_P01,TEST_P01,PULL_TEST,,682.9684448242188,60.37586212158203,486.8627624511719,178.5908966064453,-89.76039123535156,-179.95481872558594,5.8891,-1.7942,0.2093,0.8846,-0.0217,0.0037,6.0996,-0.0021,-1.0828,0.3009,-0.0073,0.0013,-0.186,-1.6489,5.9322,0.8846,-0.0217,0.0037,1.1083,0.1467,6.0931,0.3009,-0.0073,0.0013,,,6.0996,15.1416,17.4,moving
2026-09-21T11:36:21.963+09:00,TEST_0001_TEST_P01,TEST_P01,PULL_TEST,,682.412109375,60.34990310668945,486.9239807128906,178.5888214111328,-89.75536346435547,-179.9493865966797,6.0399,-1.7794,0.1176,0.888,-0.0218,0.0037,6.2504,0.0128,-1.1745,0.3043,-0.0074,0.0013,-0.0931,-1.6301,6.0823,0.888,-0.0218,0.0037,1.2012,0.1656,6.2432,0.3043,-0.0074,0.0013,,,6.2504,15.6979,17.4,moving
2026-09-21T11:36:22.019+09:00,TEST_0001_TEST_P01,TEST_P01,PULL_TEST,,681.8449096679688,60.345733642578125,486.8670959472656,178.588623046875,-89.75970458984375,-179.9463653564453,6.0399,-1.7794,0.1176,0.888,-0.0218,0.0037,6.2504,0.0128,-1.1745,0.3043,-0.0074,0.0013,-0.0931,-1.6301,6.0823,0.888,-0.0218,0.0037,1.2012,0.1656,6.2432,0.3043,-0.0074,0.0013,,,6.2504,16.2651,17.4,moving
2026-09-21T11:36:22.075+09:00,TEST_0001_TEST_P01,TEST_P01,PULL_TEST,,681.2876586914062,60.35883331298828,486.79180908203125,178.5895538330078,-89.76609802246094,-179.9501953125,6.5871,-1.7969,-0.2169,0.8845,-0.0218,0.0037,6.7976,-0.0047,-1.5091,0.3007,-0.0074,0.0013,0.2431,-1.6343,6.6284,0.8845,-0.0218,0.0037,1.5375,0.1613,6.7893,0.3007,-0.0074,0.0013,,,6.7976,16.8224,17.4,moving
2026-09-21T11:36:22.131+09:00,TEST_0001_TEST_P01,TEST_P01,PULL_TEST,,680.7167358398438,60.37234115600586,486.81414794921875,178.59115600585938,-89.7644271850586,-179.9511260986328,6.5871,-1.7969,-0.2169,0.8845,-0.0218,0.0037,6.7976,-0.0047,-1.5091,0.3007,-0.0074,0.0013,0.2431,-1.6343,6.6284,0.8845,-0.0218,0.0037,1.5375,0.1613,6.7893,0.3007,-0.0074,0.0013,,,6.7976,17.3933,17.2,moving
2026-09-21T11:36:22.187+09:00,TEST_0001_TEST_P01,TEST_P01,PULL_TEST,,680.1384887695312,60.34662628173828,486.9975280761719,178.58944702148438,-89.74908447265625,-179.9467010498047,6.8472,-1.7271,0.0471,0.8943,-0.022,0.0037,7.0576,0.065,-1.245,0.3105,-0.0076,0.0013,-0.0202,-1.5582,6.8877,0.8943,-0.022,0.0037,1.2741,0.2374,7.0485,0.3105,-0.0076,0.0013,,,7.0576,17.9716,15.6,moving
2026-09-21T11:36:22.243+09:00,TEST_0001_TEST_P01,TEST_P01,PULL_TEST,,679.6082763671875,60.299476623535156,486.9369812011719,178.58517456054688,-89.75434875488281,-179.9488983154297,2.6044,-2.248,0.3819,0.9066,-0.0223,0.0039,2.8148,-0.4559,-0.9102,0.3228,-0.0079,0.0015,-0.3724,-2.1827,2.6607,0.9066,-0.0223,0.0039,0.922,-0.3871,2.8215,0.3228,-0.0079,0.0015,,,2.8148,18.5018,14.1,moving
2026-09-21T11:36:22.299+09:00,TEST_0001_TEST_P01,TEST_P01,PULL_TEST,,679.0377197265625,60.2654914855957,486.89569091796875,178.58242797851562,-89.75755310058594,-179.94931030273438,2.6044,-2.248,0.3819,0.9066,-0.0223,0.0039,2.8148,-0.4559,-0.9102,0.3228,-0.0079,0.0015,-0.3724,-2.1827,2.6607,0.9066,-0.0223,0.0039,0.922,-0.3871,2.8215,0.3228,-0.0079,0.0015,,,2.8148,19.0723,13.9,moving
2026-09-21T11:36:22.355+09:00,TEST_0001_TEST_P01,TEST_P01,PULL_TEST,,678.4662475585938,60.274898529052734,486.88372802734375,178.58384704589844,-89.75862884521484,-179.9464569091797,1.4731,-2.4507,0.1405,0.9019,-0.0223,0.0038,1.6836,-0.6585,-1.1516,0.3181,-0.0079,0.0014,-0.1362,-2.4134,1.5339,0.9019,-0.0223,0.0038,1.1581,-0.6177,1.6947,0.3181,-0.0079,0.0014,,,1.6836,19.6438,13.7,moving
2026-09-21T11:36:22.412+09:00,TEST_0001_TEST_P01,TEST_P01,PULL_TEST,,677.9244995117188,60.3001594543457,486.8878479003906,178.58489990234375,-89.75796508789062,-179.9504852294922,1.4731,-2.4507,0.1405,0.9019,-0.0223,0.0038,1.6836,-0.6585,-1.1516,0.3181,-0.0079,0.0014,-0.1362,-2.4134,1.5339,0.9019,-0.0223,0.0038,1.1581,-0.6177,1.6947,0.3181,-0.0079,0.0014,,,1.6836,20.1855,13.7,moving
2026-09-21T11:36:22.468+09:00,TEST_0001_TEST_P01,TEST_P01,PULL_TEST,,677.3729858398438,60.2989387512207,486.8317565917969,178.584716796875,-89.7625503540039,-179.9524383544922,0.9226,-2.3074,0.243,0.9131,-0.0226,0.0038,1.133,-0.5153,-1.0491,0.3293,-0.0082,0.0014,-0.2408,-2.2837,0.9803,0.9131,-0.0226,0.0038,1.0535,-0.4881,1.1411,0.3293,-0.0082,0.0014,,,1.133,20.7371,13.7,moving
2026-09-21T11:36:22.524+09:00,TEST_0001_TEST_P01,TEST_P01,PULL_TEST,,676.81201171875,60.28287124633789,486.77410888671875,178.58349609375,-89.76705169677734,-179.95114135742188,0.9226,-2.3074,0.243,0.9131,-0.0226,0.0038,1.133,-0.5153,-1.0491,0.3293,-0.0082,0.0014,-0.2408,-2.2837,0.9803,0.9131,-0.0226,0.0038,1.0535,-0.4881,1.1411,0.3293,-0.0082,0.0014,,,1.133,21.298,13.5,moving
2026-09-21T11:36:22.580+09:00,TEST_0001_TEST_P01,TEST_P01,PULL_TEST,,676.2722778320312,60.27491760253906,486.7313232421875,178.58241271972656,-89.77071380615234,-179.95407104492188,2.8265,-2.4978,0.2209,0.9152,-0.0226,0.0038,3.0369,-0.7056,-1.0713,0.3314,-0.0082,0.0014,-0.2112,-2.4269,2.8883,0.9152,-0.0226,0.0038,1.0832,-0.6313,3.0491,0.3314,-0.0082,0.0014,,,3.0369,21.8378,13.5,moving
2026-09-21T11:36:22.638+09:00,TEST_0001_TEST_P01,TEST_P01,PULL_TEST,,675.7245483398438,60.28762435913086,486.8340148925781,178.58319091796875,-89.76214599609375,-179.95037841796875,3.6662,-2.3755,-0.0657,0.9217,-0.0228,0.0038,3.8766,-0.5834,-1.3578,0.338,-0.0084,0.0014,0.0792,-2.2842,3.7235,0.9217,-0.0228,0.0038,1.3736,-0.4886,3.8843,0.338,-0.0084,0.0014,,,3.8766,22.3855,13.4,moving
2026-09-21T11:36:22.693+09:00,TEST_0001_TEST_P01,TEST_P01,PULL_TEST,,675.1531372070312,60.31819152832031,486.7976989746094,178.5858612060547,-89.76512908935547,-179.94606018066406,3.6662,-2.3755,-0.0657,0.9217,-0.0228,0.0038,3.8766,-0.5834,-1.3578,0.338,-0.0084,0.0014,0.0792,-2.2842,3.7235,0.9217,-0.0228,0.0038,1.3736,-0.4886,3.8843,0.338,-0.0084,0.0014,,,3.8766,22.9569,13.4,moving
2026-09-21T11:36:22.750+09:00,TEST_0001_TEST_P01,TEST_P01,PULL_TEST,,674.5704345703125,60.32462692260742,486.7733154296875,178.586669921875,-89.76734161376953,-179.95040893554688,4.3793,-2.4447,0.0928,0.9251,-0.0228,0.0038,4.5898,-0.6525,-1.1993,0.3413,-0.0084,0.0014,-0.0767,-2.3358,4.4387,0.9251,-0.0228,0.0038,1.2176,-0.5402,4.5995,0.3413,-0.0084,0.0014,,,4.5898,23.5396,13.2,moving
2026-09-21T11:36:22.806+09:00,TEST_0001_TEST_P01,TEST_P01,PULL_TEST,,674.0221557617188,60.306434631347656,486.7842712402344,178.58535766601562,-89.76637268066406,-179.95364379882812,4.3793,-2.4447,0.0928,0.9251,-0.0228,0.0038,4.5898,-0.6525,-1.1993,0.3413,-0.0084,0.0014,-0.0767,-2.3358,4.4387,0.9251,-0.0228,0.0038,1.2176,-0.5402,4.5995,0.3413,-0.0084,0.0014,,,4.5898,24.0879,13.2,moving
2026-09-21T11:36:22.861+09:00,TEST_0001_TEST_P01,TEST_P01,PULL_TEST,,673.472412109375,60.276824951171875,486.8246765136719,178.58290100097656,-89.76297760009766,-179.9526824951172,4.4214,-2.3462,-0.2031,0.9227,-0.0228,0.0038,4.6318,-0.5541,-1.4952,0.339,-0.0084,0.0014,0.2195,-2.2364,4.4771,0.9227,-0.0228,0.0038,1.5139,-0.4408,4.6379,0.339,-0.0084,0.0014,,,4.6318,24.6376,13.2,moving
2026-09-21T11:36:22.917+09:00,TEST_0001_TEST_P01,TEST_P01,PULL_TEST,,672.89697265625,60.28125,486.8042907714844,178.5836181640625,-89.76470947265625,-179.95425415039062,4.4214,-2.3462,-0.2031,0.9227,-0.0228,0.0038,4.6318,-0.5541,-1.4952,0.339,-0.0084,0.0014,0.2195,-2.2364,4.4771,0.9227,-0.0228,0.0038,1.5139,-0.4408,4.6379,0.339,-0.0084,0.0014,,,4.6318,25.2131,13.2,moving
2026-09-21T11:36:22.972+09:00,TEST_0001_TEST_P01,TEST_P01,PULL_TEST,,672.3331909179688,60.313899993896484,486.7528381347656,178.58660888671875,-89.76866912841797,-179.94967651367188,4.9724,-2.4411,-0.3109,0.9178,-0.0227,0.0038,5.1829,-0.6489,-1.6031,0.334,-0.0083,0.0013,0.3295,-2.3177,5.0299,0.9178,-0.0227,0.0038,1.6239,-0.5221,5.1907,0.334,-0.0083,0.0013,,,5.1829,25.7769,13.2,moving
2026-09-21T11:36:23.028+09:00,TEST_0001_TEST_P01,TEST_P01,PULL_TEST,,671.7737426757812,60.33069610595703,486.7484130859375,178.58770751953125,-89.76898193359375,-179.95042419433594,4.9724,-2.4411,-0.3109,0.9178,-0.0227,0.0038,5.1829,-0.6489,-1.6031,0.334,-0.0083,0.0013,0.3295,-2.3177,5.0299,0.9178,-0.0227,0.0038,1.6239,-0.5221,5.1907,0.334,-0.0083,0.0013,,,5.1829,26.3363,13.2,moving
2026-09-21T11:36:23.085+09:00,TEST_0001_TEST_P01,TEST_P01,PULL_TEST,,671.2021484375,60.314598083496094,486.9029541015625,178.58639526367188,-89.75611114501953,-179.95106506347656,4.8891,-2.3926,-0.2347,0.9163,-0.0226,0.0037,5.0996,-0.6005,-1.5268,0.3325,-0.0082,0.0013,0.2528,-2.2716,4.9456,0.9163,-0.0226,0.0037,1.5472,-0.476,5.1065,0.3325,-0.0082,0.0013,,,5.0996,26.9079,13.2,moving
2026-09-21T11:36:23.141+09:00,TEST_0001_TEST_P01,TEST_P01,PULL_TEST,,670.6416625976562,60.294403076171875,486.8655090332031,178.58470153808594,-89.75908660888672,-179.94833374023438,4.9129,-2.3878,-0.3267,0.9183,-0.0227,0.0038,5.1233,-0.5957,-1.6189,0.3345,-0.0083,0.0014,0.3456,-2.2661,4.9689,0.9183,-0.0227,0.0038,1.64,-0.4704,5.1297,0.3345,-0.0083,0.0014,,,5.1233,27.4684,13.2,moving
2026-09-21T11:36:23.198+09:00,TEST_0001_TEST_P01,TEST_P01,PULL_TEST,,670.0818481445312,60.29530334472656,486.8008117675781,178.58448791503906,-89.76451110839844,-179.95230102539062,4.9129,-2.3878,-0.3267,0.9183,-0.0227,0.0038,5.1233,-0.5957,-1.6189,0.3345,-0.0083,0.0014,0.3456,-2.2661,4.9689,0.9183,-0.0227,0.0038,1.64,-0.4704,5.1297,0.3345,-0.0083,0.0014,,,5.1233,28.0282,13.2,moving
2026-09-21T11:36:23.254+09:00,TEST_0001_TEST_P01,TEST_P01,PULL_TEST,,669.5048217773438,60.330543518066406,486.87078857421875,178.58792114257812,-89.75859069824219,-179.95046997070312,5.6241,-2.4694,-0.5695,0.9156,-0.0226,0.0038,5.8345,-0.6773,-1.8616,0.3318,-0.0082,0.0014,0.5914,-2.3304,5.6808,0.9156,-0.0226,0.0038,1.8857,-0.5348,5.8417,0.3318,-0.0082,0.0014,,,5.8345,28.6052,13.2,moving
2026-09-21T11:36:23.311+09:00,TEST_0001_TEST_P01,TEST_P01,PULL_TEST,,668.94580078125,60.34800720214844,486.9255676269531,178.58932495117188,-89.75426483154297,-179.94967651367188,5.6241,-2.4694,-0.5695,0.9156,-0.0226,0.0038,5.8345,-0.6773,-1.8616,0.3318,-0.0082,0.0014,0.5914,-2.3304,5.6808,0.9156,-0.0226,0.0038,1.8857,-0.5348,5.8417,0.3318,-0.0082,0.0014,,,5.8345,29.1642,13.2,moving
2026-09-21T11:36:23.367+09:00,TEST_0001_TEST_P01,TEST_P01,PULL_TEST,,668.3950805664062,60.345760345458984,486.83526611328125,178.58929443359375,-89.76177978515625,-179.95384216308594,5.6752,-2.3891,-0.3096,0.9187,-0.0226,0.0039,5.8856,-0.597,-1.6017,0.335,-0.0082,0.0015,0.3321,-2.249,5.7309,0.9187,-0.0226,0.0039,1.6264,-0.4533,5.8918,0.335,-0.0082,0.0015,,,5.8856,29.715,13.2,moving
2026-09-21T11:36:23.423+09:00,TEST_0001_TEST_P01,TEST_P01,PULL_TEST,,667.8269653320312,60.34387969970703,486.7739562988281,178.5894317626953,-89.76689910888672,-179.95054626464844,5.6752,-2.3891,-0.3096,0.9187,-0.0226,0.0039,5.8856,-0.597,-1.6017,0.335,-0.0082,0.0015,0.3321,-2.249,5.7309,0.9187,-0.0226,0.0039,1.6264,-0.4533,5.8918,0.335,-0.0082,0.0015,,,5.8856,30.2831,13.2,moving
2026-09-21T11:36:23.479+09:00,TEST_0001_TEST_P01,TEST_P01,PULL_TEST,,667.2608642578125,60.367740631103516,486.7818603515625,178.59152221679688,-89.76631164550781,-179.95230102539062,5.9912,-2.3836,-0.4678,0.919,-0.0226,0.0038,6.2016,-0.5915,-1.7599,0.3353,-0.0082,0.0014,0.4904,-2.2359,6.0461,0.919,-0.0226,0.0038,1.7848,-0.4402,6.2069,0.3353,-0.0082,0.0014,,,6.2016,30.8492,13.2,moving
2026-09-21T11:36:23.537+09:00,TEST_0001_TEST_P01,TEST_P01,PULL_TEST,,666.71923828125,60.407222747802734,486.8804626464844,178.5945587158203,-89.75809478759766,-179.94686889648438,6.3568,-2.386,-0.6999,0.9196,-0.0226,0.0038,6.5672,-0.5938,-1.992,0.3359,-0.0082,0.0014,0.7249,-2.23,6.4104,0.9196,-0.0226,0.0038,2.0192,-0.4344,6.5712,0.3359,-0.0082,0.0014,,,6.5672,31.3908,13.2,moving
2026-09-21T11:36:23.593+09:00,TEST_0001_TEST_P01,TEST_P01,PULL_TEST,,666.1334838867188,60.39673614501953,486.8800048828125,178.59371948242188,-89.75811767578125,-179.94493103027344,6.3568,-2.386,-0.6999,0.9196,-0.0226,0.0038,6.5672,-0.5938,-1.992,0.3359,-0.0082,0.0014,0.7249,-2.23,6.4104,0.9196,-0.0226,0.0038,2.0192,-0.4344,6.5712,0.3359,-0.0082,0.0014,,,6.5672,31.9766,13.2,moving
2026-09-21T11:36:23.649+09:00,TEST_0001_TEST_P01,TEST_P01,PULL_TEST,,665.5658569335938,60.36783218383789,486.83197021484375,178.5913543701172,-89.7615966796875,-179.9529571533203,6.714,-2.3314,-0.5572,0.9211,-0.0226,0.0039,6.9244,-0.5393,-1.8494,0.3374,-0.0082,0.0015,0.5838,-2.1662,6.7668,0.9211,-0.0226,0.0039,1.8782,-0.3706,6.9277,0.3374,-0.0082,0.0015,,,6.9244,32.5442,13.2,moving
2026-09-21T11:36:23.705+09:00,TEST_0001_TEST_P01,TEST_P01,PULL_TEST,,665.0338745117188,60.349185943603516,486.8175964355469,178.5890350341797,-89.76262664794922,-179.9532012939453,6.714,-2.3314,-0.5572,0.9211,-0.0226,0.0039,6.9244,-0.5393,-1.8494,0.3374,-0.0082,0.0015,0.5838,-2.1662,6.7668,0.9211,-0.0226,0.0039,1.8782,-0.3706,6.9277,0.3374,-0.0082,0.0015,,,6.9244,33.0762,13.2,moving
2026-09-21T11:36:23.762+09:00,TEST_0001_TEST_P01,TEST_P01,PULL_TEST,,664.453369140625,60.354835510253906,486.87030029296875,178.5897674560547,-89.7582778930664,-179.9542694091797,7.1985,-2.3259,-0.7107,0.9202,-0.0226,0.0038,7.409,-0.5337,-2.0028,0.3364,-0.0083,0.0014,0.7389,-2.1485,7.2506,0.9202,-0.0226,0.0038,2.0332,-0.3529,7.4115,0.3364,-0.0083,0.0014,,,7.409,33.6567,13.2,moving
2026-09-21T11:36:23.818+09:00,TEST_0001_TEST_P01,TEST_P01,PULL_TEST,,663.8628540039062,60.36094665527344,486.8638000488281,178.59066772460938,-89.75865173339844,-179.94732666015625,7.1985,-2.3259,-0.7107,0.9202,-0.0226,0.0038,7.409,-0.5337,-2.0028,0.3364,-0.0083,0.0014,0.7389,-2.1485,7.2506,0.9202,-0.0226,0.0038,2.0332,-0.3529,7.4115,0.3364,-0.0083,0.0014,,,7.409,34.2472,13.2,moving
2026-09-21T11:36:23.874+09:00,TEST_0001_TEST_P01,TEST_P01,PULL_TEST,,663.3136596679688,60.33926010131836,486.7896423339844,178.58856201171875,-89.7648696899414,-179.94927978515625,7.4147,-2.3346,-0.8342,0.9139,-0.0225,0.0038,7.6251,-0.5425,-2.1263,0.3301,-0.0081,0.0014,0.8635,-2.1523,7.4663,0.9139,-0.0225,0.0038,2.1578,-0.3567,7.6271,0.3301,-0.0081,0.0014,,,7.6251,34.7964,13.2,moving
2026-09-21T11:36:23.930+09:00,TEST_0001_TEST_P01,TEST_P01,PULL_TEST,,662.7650756835938,60.3029670715332,486.7947998046875,178.58558654785156,-89.76416015625,-179.95289611816406,7.4147,-2.3346,-0.8342,0.9139,-0.0225,0.0038,7.6251,-0.5425,-2.1263,0.3301,-0.0081,0.0014,0.8635,-2.1523,7.4663,0.9139,-0.0225,0.0038,2.1578,-0.3567,7.6271,0.3301,-0.0081,0.0014,,,7.6251,35.345,13.2,moving
2026-09-21T11:36:23.987+09:00,TEST_0001_TEST_P01,TEST_P01,PULL_TEST,,662.1873779296875,60.27443313598633,486.9194030761719,178.58331298828125,-89.754150390625,-179.94851684570312,7.9637,-2.2495,-0.7761,0.9171,-0.0226,0.0038,8.1741,-0.4574,-2.0682,0.3334,-0.0082,0.0014,0.8074,-2.0529,8.0135,0.9171,-0.0226,0.0038,2.1018,-0.2573,8.1744,0.3334,-0.0082,0.0014,,,8.1741,35.9227,13.2,moving
2026-09-21T11:36:24.043+09:00,TEST_0001_TEST_P01,TEST_P01,PULL_TEST,,661.6285400390625,60.28590774536133,486.8895263671875,178.58465576171875,-89.75651550292969,-179.95298767089844,8.1528,-2.2393,-0.726,0.9189,-0.0227,0.0039,8.3632,-0.4471,-2.0181,0.3351,-0.0083,0.0015,0.7592,-2.0378,8.2025,0.9189,-0.0227,0.0039,2.0536,-0.2422,8.3633,0.3351,-0.0083,0.0015,,,8.3632,36.4815,13.2,moving
2026-09-21T11:36:24.099+09:00,TEST_0001_TEST_P01,TEST_P01,PULL_TEST,,661.0630493164062,60.304954528808594,486.8576354980469,178.58636474609375,-89.75926208496094,-179.9473419189453,8.1528,-2.2393,-0.726,0.9189,-0.0227,0.0039,8.3632,-0.4471,-2.0181,0.3351,-0.0083,0.0015,0.7592,-2.0378,8.2025,0.9189,-0.0227,0.0039,2.0536,-0.2422,8.3633,0.3351,-0.0083,0.0015,,,8.3632,37.047,13.2,moving
2026-09-21T11:36:24.155+09:00,TEST_0001_TEST_P01,TEST_P01,PULL_TEST,,660.494140625,60.29743576049805,486.929443359375,178.5859832763672,-89.75328063964844,-179.9506378173828,8.619,-2.2019,-0.8561,0.9101,-0.0225,0.0039,8.8294,-0.4098,-2.1482,0.3263,-0.0081,0.0014,0.8914,-1.9894,8.6669,0.9101,-0.0225,0.0039,2.1857,-0.1938,8.8278,0.3263,-0.0081,0.0014,,,8.8294,37.6159,13.2,moving
2026-09-21T11:36:24.212+09:00,TEST_0001_TEST_P01,TEST_P01,PULL_TEST,,659.9326782226562,60.27499771118164,486.92608642578125,178.58395385742188,-89.75358581542969,-179.94625854492188,8.619,-2.2019,-0.8561,0.9101,-0.0225,0.0039,8.8294,-0.4098,-2.1482,0.3263,-0.0081,0.0014,0.8914,-1.9894,8.6669,0.9101,-0.0225,0.0039,2.1857,-0.1938,8.8278,0.3263,-0.0081,0.0014,,,8.8294,38.1774,13.2,moving
2026-09-21T11:36:24.268+09:00,TEST_0001_TEST_P01,TEST_P01,PULL_TEST,,659.3828735351562,60.26940155029297,486.8540954589844,178.58319091796875,-89.75943756103516,-179.9490203857422,8.8839,-2.1886,-0.7822,0.9029,-0.0223,0.0039,9.0943,-0.3965,-2.0743,0.3191,-0.0079,0.0015,0.8189,-1.9691,8.9319,0.9029,-0.0223,0.0039,2.1132,-0.1734,9.0927,0.3191,-0.0079,0.0015,,,9.0943,38.7272,13.2,moving
2026-09-21T11:36:24.324+09:00,TEST_0001_TEST_P01,TEST_P01,PULL_TEST,,658.8053588867188,60.29017639160156,486.8464660644531,178.58523559570312,-89.75972747802734,-179.9462890625,8.8839,-2.1886,-0.7822,0.9029,-0.0223,0.0039,9.0943,-0.3965,-2.0743,0.3191,-0.0079,0.0015,0.8189,-1.9691,8.9319,0.9029,-0.0223,0.0039,2.1132,-0.1734,9.0927,0.3191,-0.0079,0.0015,,,9.0943,39.3047,13.2,moving
2026-09-21T11:36:24.380+09:00,TEST_0001_TEST_P01,TEST_P01,PULL_TEST,,658.2487182617188,60.30489730834961,486.8109130859375,178.58621215820312,-89.76280212402344,-179.94737243652344,9.4783,-2.1597,-0.6476,0.898,-0.0222,0.0038,9.6888,-0.3676,-1.9397,0.3143,-0.0078,0.0014,0.6853,-1.9258,9.526,0.898,-0.0222,0.0038,1.9797,-0.1302,9.6868,0.3143,-0.0078,0.0014,,,9.6888,39.8613,13.2,moving
2026-09-21T11:36:24.439+09:00,TEST_0001_TEST_P01,TEST_P01,PULL_TEST,,657.6820068359375,60.281253814697266,486.8592529296875,178.58407592773438,-89.7585220336914,-179.95240783691406,9.4209,-2.1485,-0.6061,0.8952,-0.0221,0.0037,9.6313,-0.3564,-1.8983,0.3114,-0.0077,0.0013,0.6444,-1.9157,9.4684,0.8952,-0.0221,0.0037,1.9388,-0.12,9.6293,0.3114,-0.0077,0.0013,,,9.6313,40.428,13.2,moving
2026-09-21T11:36:24.494+09:00,TEST_0001_TEST_P01,TEST_P01,PULL_TEST,,657.1189575195312,60.25094985961914,486.9090270996094,178.58152770996094,-89.75446319580078,-179.95204162597656,9.4209,-2.1485,-0.6061,0.8952,-0.0221,0.0037,9.6313,-0.3564,-1.8983,0.3114,-0.0077,0.0013,0.6444,-1.9157,9.4684,0.8952,-0.0221,0.0037,1.9388,-0.12,9.6293,0.3114,-0.0077,0.0013,,,9.6313,40.9911,13.2,moving
2026-09-21T11:36:24.551+09:00,TEST_0001_TEST_P01,TEST_P01,PULL_TEST,,656.5506591796875,60.255428314208984,486.878173828125,178.58200073242188,-89.75680541992188,-179.9525146484375,9.642,-2.1447,-0.6577,0.8948,-0.0221,0.0038,9.8524,-0.3526,-1.9498,0.311,-0.0077,0.0014,0.6974,-1.9059,9.6892,0.8948,-0.0221,0.0038,1.9918,-0.1103,9.85,0.311,-0.0077,0.0014,,,9.8524,41.5594,13.2,moving
2026-09-21T11:36:24.607+09:00,TEST_0001_TEST_P01,TEST_P01,PULL_TEST,,656.0097045898438,60.29060363769531,486.84228515625,178.5845489501953,-89.76014709472656,-179.94602966308594,9.642,-2.1447,-0.6577,0.8948,-0.0221,0.0038,9.8524,-0.3526,-1.9498,0.311,-0.0077,0.0014,0.6974,-1.9059,9.6892,0.8948,-0.0221,0.0038,1.9918,-0.1103,9.85,0.311,-0.0077,0.0014,,,9.8524,42.1003,13.2,moving
2026-09-21T11:36:24.662+09:00,TEST_0001_TEST_P01,TEST_P01,PULL_TEST,,655.4353637695312,60.301124572753906,486.8881530761719,178.5860137939453,-89.75604248046875,-179.9517059326172,10.2772,-2.094,-0.6852,0.8941,-0.0221,0.0038,10.4876,-0.3019,-1.9773,0.3103,-0.0077,0.0013,0.7271,-1.8404,10.3228,0.8941,-0.0221,0.0038,2.0214,-0.0447,10.4836,0.3103,-0.0077,0.0013,,,10.4876,42.6747,13.2,moving
2026-09-21T11:36:24.718+09:00,TEST_0001_TEST_P01,TEST_P01,PULL_TEST,,654.888916015625,60.281742095947266,486.9122314453125,178.58433532714844,-89.75425720214844,-179.94715881347656,10.2772,-2.094,-0.6852,0.8941,-0.0221,0.0038,10.4876,-0.3019,-1.9773,0.3103,-0.0077,0.0013,0.7271,-1.8404,10.3228,0.8941,-0.0221,0.0038,2.0214,-0.0447,10.4836,0.3103,-0.0077,0.0013,,,10.4876,43.2211,13.2,moving
2026-09-21T11:36:24.773+09:00,TEST_0001_TEST_P01,TEST_P01,PULL_TEST,,654.3536376953125,60.270938873291016,486.82647705078125,178.5834197998047,-89.76129913330078,-179.9532928466797,10.2781,-2.0332,-0.2696,0.8966,-0.0222,0.0038,10.4886,-0.241,-1.5617,0.3128,-0.0078,0.0014,0.3117,-1.7788,10.324,0.8966,-0.0222,0.0038,1.606,0.0169,10.4848,0.3128,-0.0078,0.0014,,,10.4886,43.7564,13.2,moving
2026-09-21T11:36:24.827+09:00,TEST_0001_TEST_P01,TEST_P01,PULL_TEST,,653.7767944335938,60.285362243652344,486.8270263671875,178.58493041992188,-89.76119995117188,-179.94677734375,10.2781,-2.0332,-0.2696,0.8966,-0.0222,0.0038,10.4886,-0.241,-1.5617,0.3128,-0.0078,0.0014,0.3117,-1.7788,10.324,0.8966,-0.0222,0.0038,1.606,0.0169,10.4848,0.3128,-0.0078,0.0014,,,10.4886,44.3333,13.2,moving
2026-09-21T11:36:24.883+09:00,TEST_0001_TEST_P01,TEST_P01,PULL_TEST,,653.18115234375,60.31135177612305,486.9012145996094,178.5879364013672,-89.75440979003906,-179.95262145996094,9.0719,-2.0874,0.1806,0.8893,-0.022,0.0037,9.2823,-0.2953,-1.1115,0.3056,-0.0076,0.0013,-0.1441,-1.8627,9.1214,0.8893,-0.022,0.0037,1.1503,-0.067,9.2822,0.3056,-0.0076,0.0013,,,9.2823,44.9289,13.0,moving
2026-09-21T11:36:24.939+09:00,TEST_0001_TEST_P01,TEST_P01,PULL_TEST,,652.6163940429688,60.31416320800781,487.09088134765625,178.58804321289062,-89.7389144897461,-179.9438934326172,2.2089,-2.3546,0.8815,0.8953,-0.0221,0.0039,2.4193,-0.5625,-0.4106,0.3116,-0.0077,0.0015,-0.8734,-2.2987,2.2702,0.8953,-0.0221,0.0039,0.4209,-0.503,2.4311,0.3116,-0.0077,0.0015,,,2.4193,45.4937,13.0,moving
2026-09-21T11:36:24.996+09:00,TEST_0001_TEST_P01,TEST_P01,PULL_TEST,,652.0535278320312,60.31169891357422,487.0058288574219,178.58775329589844,-89.74569702148438,-179.95033264160156,2.2089,-2.3546,0.8815,0.8953,-0.0221,0.0039,2.4193,-0.5625,-0.4106,0.3116,-0.0077,0.0015,-0.8734,-2.2987,2.2702,0.8953,-0.0221,0.0039,0.4209,-0.503,2.4311,0.3116,-0.0077,0.0015,,,2.4193,46.0565,13.0,moving
2026-09-21T11:36:25.054+09:00,TEST_0001_TEST_P01,TEST_P01,PULL_TEST,,651.4717407226562,60.33279037475586,486.965087890625,178.5897674560547,-89.74916076660156,-179.9424591064453,0.1556,-2.4993,1.2924,0.9025,-0.0222,0.004,0.3661,-0.7072,0.0003,0.3188,-0.0078,0.0016,-1.2939,-2.4935,0.2229,0.9025,-0.0222,0.004,0.0005,-0.6978,0.3837,0.3188,-0.0078,0.0016,,,0.3661,46.6383,13.0,moving
2026-09-21T11:36:25.111+09:00,TEST_0001_TEST_P01,TEST_P01,PULL_TEST,,650.9052734375,60.36851501464844,486.9815979003906,178.5925750732422,-89.74755096435547,-179.94900512695312,0.1556,-2.4993,1.2924,0.9025,-0.0222,0.004,0.3661,-0.7072,0.0003,0.3188,-0.0078,0.0016,-1.2939,-2.4935,0.2229,0.9025,-0.0222,0.004,0.0005,-0.6978,0.3837,0.3188,-0.0078,0.0016,,,0.3661,47.2048,13.0,moving
2026-09-21T11:36:25.167+09:00,TEST_0001_TEST_P01,TEST_P01,PULL_TEST,,650.3646850585938,60.36686706542969,486.9572448730469,178.59226989746094,-89.74984741210938,-179.94955444335938,-0.4846,-2.4938,1.4014,0.9129,-0.0224,0.004,-0.2742,-0.7016,0.1093,0.3292,-0.0081,0.0016,-1.4054,-2.5037,-0.4171,0.9129,-0.0224,0.004,-0.111,-0.7081,-0.2563,0.3292,-0.0081,0.0016,,,0.2742,47.7454,13.0,moving
2026-09-21T11:36:25.223+09:00,TEST_0001_TEST_P01,TEST_P01,PULL_TEST,,649.7925415039062,60.3408203125,486.91461181640625,178.59043884277344,-89.7530746459961,-179.95333862304688,-0.4846,-2.4938,1.4014,0.9129,-0.0224,0.004,-0.2742,-0.7016,0.1093,0.3292,-0.0081,0.0016,-1.4054,-2.5037,-0.4171,0.9129,-0.0224,0.004,-0.111,-0.7081,-0.2563,0.3292,-0.0081,0.0016,,,0.2742,48.3175,13.0,moving
2026-09-21T11:36:25.279+09:00,TEST_0001_TEST_P01,TEST_P01,PULL_TEST,,649.2381591796875,60.32999801635742,486.875244140625,178.58932495117188,-89.75646209716797,-179.94483947753906,-0.3952,-2.5053,1.1832,0.9179,-0.0226,0.004,-0.1848,-0.7131,-0.1089,0.3342,-0.0082,0.0016,-1.1867,-2.5132,-0.3283,0.9179,-0.0226,0.004,0.1076,-0.7176,-0.1675,0.3342,-0.0082,0.0016,,,0.1848,48.8719,13.0,moving
2026-09-21T11:36:25.336+09:00,TEST_0001_TEST_P01,TEST_P01,PULL_TEST,,648.760498046875,60.35511779785156,486.8717041015625,178.59121704101562,-89.75711059570312,-179.9529266357422,-0.7383,-2.5461,1.1683,0.9146,-0.0225,0.0039,-0.5279,-0.7539,-0.1238,0.3309,-0.0081,0.0015,-1.1733,-2.5625,-0.6705,0.9146,-0.0225,0.0039,0.1211,-0.7668,-0.5097,0.3309,-0.0081,0.0015,,,0.5279,49.3495,13.0,moving
2026-09-21T11:37:10.494+09:00,TEST_0002_TEST_P01,TEST_P01,SOFT_GRIP_ENTRY,SOFT_GRIP_COMMAND,673.2695922851562,60.50599670410156,486.6824035644531,178.59603881835938,-89.77944946289062,-179.9420166015625,-3.3376,-2.6435,0.8429,0.2442,-0.006,0.0009,0.0,0.0,0.0,0.0,0.0,0.0,-0.8583,-2.7236,-3.2685,0.2442,-0.006,0.0009,0.0,0.0,0.0,0.0,0.0,0.0,,,,,110.3,holding
2026-09-21T11:37:14.458+09:00,TEST_0002_TEST_P01,TEST_P01,SOFT_GRIP_ENTRY,ENTRY_MOTION_START_WIDTH_REACHED,673.0928344726562,60.37944793701172,486.8659362792969,178.5896453857422,-89.7647933959961,-179.9503936767578,-2.6364,-2.135,0.8252,0.4566,-0.0112,0.0019,0.7011,0.5084,-0.0178,0.2124,-0.0053,0.0009,-0.8377,-2.1986,-2.5797,0.4566,-0.0112,0.0019,0.0206,0.5251,0.6889,0.2124,-0.0053,0.0009,,,,,24.9,moving
2026-09-21T11:37:14.491+09:00,TEST_0002_TEST_P01,TEST_P01,SOFT_GRIP_ENTRY,,673.0928344726562,60.37944793701172,486.8659362792969,178.5896453857422,-89.7647933959961,-179.9503936767578,-2.6364,-2.135,0.8252,0.4566,-0.0112,0.0019,0.7011,0.5084,-0.0178,0.2124,-0.0053,0.0009,-0.8377,-2.1986,-2.5797,0.4566,-0.0112,0.0019,0.0206,0.5251,0.6889,0.2124,-0.0053,0.0009,0.7011,-0.1791,,,24.8,moving
2026-09-21T11:37:14.549+09:00,TEST_0002_TEST_P01,TEST_P01,SOFT_GRIP_ENTRY,,673.0940551757812,60.37967300415039,486.8635559082031,178.5896453857422,-89.76499938964844,-179.950439453125,-2.5693,-2.1444,0.8315,0.4585,-0.0113,0.0019,0.7683,0.499,-0.0114,0.2143,-0.0053,0.0009,-0.8438,-2.2063,-2.5123,0.4585,-0.0113,0.0019,0.0145,0.5173,0.7562,0.2143,-0.0053,0.0009,0.7683,-0.1779,,,24.4,moving
2026-09-21T11:37:14.605+09:00,TEST_0002_TEST_P01,TEST_P01,SOFT_GRIP_ENTRY,,673.1316528320312,60.38850021362305,486.7964172363281,178.58998107910156,-89.77050018310547,-179.95262145996094,-2.5693,-2.1444,0.8315,0.4585,-0.0113,0.0019,0.7683,0.499,-0.0114,0.2143,-0.0053,0.0009,-0.8438,-2.2063,-2.5123,0.4585,-0.0113,0.0019,0.0145,0.5173,0.7562,0.2143,-0.0053,0.0009,0.7683,-0.1403,,,24.4,moving
2026-09-21T11:37:14.661+09:00,TEST_0002_TEST_P01,TEST_P01,SOFT_GRIP_ENTRY,,673.2822875976562,60.42609405517578,486.5621337890625,178.59259033203125,-89.7892837524414,-179.96766662597656,-3.3969,-2.1476,0.9368,0.4818,-0.0119,0.0019,-0.0593,0.4959,0.0939,0.2375,-0.0059,0.001,-0.9512,-2.2298,-3.3395,0.4818,-0.0119,0.0019,-0.093,0.4938,-0.0709,0.2375,-0.0059,0.001,0.0593,0.0104,,,24.3,moving
2026-09-21T11:37:14.716+09:00,TEST_0002_TEST_P01,TEST_P01,SOFT_GRIP_ENTRY,,673.5811157226562,60.45259475708008,486.34344482421875,178.59552001953125,-89.80870819091797,-179.97869873046875,-3.3969,-2.1476,0.9368,0.4818,-0.0119,0.0019,-0.0593,0.4959,0.0939,0.2375,-0.0059,0.001,-0.9512,-2.2298,-3.3395,0.4818,-0.0119,0.0019,-0.093,0.4938,-0.0709,0.2375,-0.0059,0.001,0.0593,0.3092,,,23.9,moving
2026-09-21T11:37:14.773+09:00,TEST_0002_TEST_P01,TEST_P01,SOFT_GRIP_ENTRY,,674.081787109375,60.47312927246094,486.4420166015625,178.59677124023438,-89.80176544189453,-179.97256469726562,-4.7466,-2.1719,0.5818,0.4626,-0.0114,0.0016,-1.409,0.4716,-0.2612,0.2184,-0.0054,0.0007,-0.5982,-2.2873,-4.69,0.4626,-0.0114,0.0016,0.26,0.4363,-1.4215,0.2184,-0.0054,0.0007,1.409,0.8099,,,23.4,moving
2026-09-21T11:37:14.828+09:00,TEST_0002_TEST_P01,TEST_P01,SOFT_GRIP_ENTRY,,674.656494140625,60.4870719909668,486.443603515625,178.5973358154297,-89.80279541015625,-179.9639434814453,-4.7466,-2.1719,0.5818,0.4626,-0.0114,0.0016,-1.409,0.4716,-0.2612,0.2184,-0.0054,0.0007,-0.5982,-2.2873,-4.69,0.4626,-0.0114,0.0016,0.26,0.4363,-1.4215,0.2184,-0.0054,0.0007,1.409,1.3846,,,22.9,moving
2026-09-21T11:37:14.883+09:00,TEST_0002_TEST_P01,TEST_P01,SOFT_GRIP_ENTRY,,675.2191162109375,60.5098762512207,486.4344482421875,178.59902954101562,-89.8045425415039,-179.9628448486328,-4.9557,-2.0757,0.6372,0.4054,-0.0099,0.0014,-1.6181,0.5677,-0.2058,0.1611,-0.0039,0.0005,-0.6555,-2.196,-4.9012,0.4054,-0.0099,0.0014,0.2027,0.5276,-1.6327,0.1611,-0.0039,0.0005,1.6181,1.9472,,,22.3,moving
2026-09-21T11:37:14.939+09:00,TEST_0002_TEST_P01,TEST_P01,SOFT_GRIP_ENTRY,,675.804931640625,60.53532409667969,486.5218200683594,178.6012420654297,-89.7977066040039,-179.95750427246094,-4.3499,-2.0288,0.5684,0.4081,-0.01,0.0014,-1.0123,0.6147,-0.2745,0.1639,-0.004,0.0005,-0.5851,-2.134,-4.297,0.4081,-0.01,0.0014,0.2731,0.5896,-1.0285,0.1639,-0.004,0.0005,1.0123,2.533,,,21.4,moving
2026-09-21T11:37:14.995+09:00,TEST_0002_TEST_P01,TEST_P01,SOFT_GRIP_ENTRY,,676.3922729492188,60.5289192199707,486.5583801269531,178.6003875732422,-89.79499816894531,-179.9545440673828,-4.3499,-2.0288,0.5684,0.4081,-0.01,0.0014,-1.0123,0.6147,-0.2745,0.1639,-0.004,0.0005,-0.5851,-2.134,-4.297,0.4081,-0.01,0.0014,0.2731,0.5896,-1.0285,0.1639,-0.004,0.0005,1.0123,3.1204,,,19.4,moving
2026-09-21T11:37:15.050+09:00,TEST_0002_TEST_P01,TEST_P01,SOFT_GRIP_ENTRY,,676.9622192382812,60.485172271728516,486.5119934082031,178.59677124023438,-89.79930877685547,-179.9605255126953,-4.4783,-1.9358,0.4158,0.42,-0.0103,0.0015,-1.1408,0.7076,-0.4271,0.1758,-0.0043,0.0005,-0.4328,-2.0446,-4.4281,0.42,-0.0103,0.0015,0.4255,0.6791,-1.1596,0.1758,-0.0043,0.0005,1.1408,3.6903,,,18.9,moving
2026-09-21T11:37:15.105+09:00,TEST_0002_TEST_P01,TEST_P01,SOFT_GRIP_ENTRY,,677.5106201171875,60.46858596801758,486.58929443359375,178.59559631347656,-89.79273986816406,-179.9587860107422,-4.4783,-1.9358,0.4158,0.42,-0.0103,0.0015,-1.1408,0.7076,-0.4271,0.1758,-0.0043,0.0005,-0.4328,-2.0446,-4.4281,0.42,-0.0103,0.0015,0.4255,0.6791,-1.1596,0.1758,-0.0043,0.0005,1.1408,4.2387,,,18.8,moving
2026-09-21T11:37:15.160+09:00,TEST_0002_TEST_P01,TEST_P01,SOFT_GRIP_ENTRY,,678.08056640625,60.48171615600586,486.6204528808594,178.59628295898438,-89.79019165039062,-179.95550537109375,-4.4367,-2.0474,-0.0565,0.4152,-0.0102,0.0015,-1.0991,0.5961,-0.8994,0.171,-0.0042,0.0006,0.0387,-2.1555,-4.3854,0.4152,-0.0102,0.0015,0.897,0.5681,-1.1168,0.171,-0.0042,0.0006,1.0991,4.8087,,,18.8,moving
2026-09-21T11:37:15.215+09:00,TEST_0002_TEST_P01,TEST_P01,SOFT_GRIP_ENTRY,,678.637939453125,60.490272521972656,486.68670654296875,178.5967254638672,-89.78490447998047,-179.9563751220703,-4.4367,-2.0474,-0.0565,0.4152,-0.0102,0.0015,-1.0991,0.5961,-0.8994,0.171,-0.0042,0.0006,0.0387,-2.1555,-4.3854,0.4152,-0.0102,0.0015,0.897,0.5681,-1.1168,0.171,-0.0042,0.0006,1.0991,5.366,,,18.8,moving
2026-09-21T11:37:15.271+09:00,TEST_0002_TEST_P01,TEST_P01,SOFT_GRIP_ENTRY,,679.1946411132812,60.46538543701172,486.75250244140625,178.59466552734375,-89.7791976928711,-179.9518585205078,-4.6097,-2.0926,-0.2142,0.4129,-0.0101,0.0015,-1.2721,0.5509,-1.0571,0.1687,-0.0041,0.0006,0.1953,-2.205,-4.5578,0.4129,-0.0101,0.0015,1.0535,0.5186,-1.2893,0.1687,-0.0041,0.0006,1.2721,5.9227,,,18.8,moving
2026-09-21T11:37:15.327+09:00,TEST_0002_TEST_P01,TEST_P01,SOFT_GRIP_ENTRY,,679.7627563476562,60.43360900878906,486.802978515625,178.5917510986328,-89.77486419677734,-179.9488067626953,-4.6097,-2.0926,-0.2142,0.4129,-0.0101,0.0015,-1.2721,0.5509,-1.0571,0.1687,-0.0041,0.0006,0.1953,-2.205,-4.5578,0.4129,-0.0101,0.0015,1.0535,0.5186,-1.2893,0.1687,-0.0041,0.0006,1.2721,6.4908,,,18.8,moving
2026-09-21T11:37:15.385+09:00,TEST_0002_TEST_P01,TEST_P01,SOFT_GRIP_ENTRY,,680.3277587890625,60.43939971923828,486.8643798828125,178.59230041503906,-89.76988220214844,-179.95144653320312,-4.4218,-2.3629,-0.4633,0.4131,-0.0101,0.0016,-1.0842,0.2806,-1.3063,0.1688,-0.0042,0.0006,0.444,-2.4712,-4.3642,0.4131,-0.0101,0.0016,1.3022,0.2524,-1.0956,0.1688,-0.0042,0.0006,1.0842,7.0558,,,18.8,moving
2026-09-21T11:37:15.443+09:00,TEST_0002_TEST_P01,TEST_P01,SOFT_GRIP_ENTRY,,680.885498046875,60.46430206298828,486.777587890625,178.59471130371094,-89.77669525146484,-179.95016479492188,-4.5208,-2.4027,-0.3649,0.4243,-0.0104,0.0017,-1.1832,0.2408,-1.2078,0.1801,-0.0044,0.0007,0.3452,-2.5132,-4.4619,0.4243,-0.0104,0.0017,1.2035,0.2105,-1.1934,0.1801,-0.0044,0.0007,1.1832,7.6136,,,18.8,moving
2026-09-21T11:37:15.499+09:00,TEST_0002_TEST_P01,TEST_P01,SOFT_GRIP_ENTRY,,681.4610595703125,60.48748779296875,486.7926940917969,178.5966339111328,-89.77569580078125,-179.9501495361328,-4.5208,-2.4027,-0.3649,0.4243,-0.0104,0.0017,-1.1832,0.2408,-1.2078,0.1801,-0.0044,0.0007,0.3452,-2.5132,-4.4619,0.4243,-0.0104,0.0017,1.2035,0.2105,-1.1934,0.1801,-0.0044,0.0007,1.1832,8.1891,,,18.8,moving
2026-09-21T11:37:15.556+09:00,TEST_0002_TEST_P01,TEST_P01,SOFT_GRIP_ENTRY,,682.0469360351562,60.4834098815918,486.8810119628906,178.59628295898438,-89.7686538696289,-179.95257568359375,-4.8043,-2.5306,-0.2279,0.4319,-0.0106,0.0017,-1.4667,0.1129,-1.0708,0.1877,-0.0046,0.0008,0.2069,-2.6476,-4.7418,0.4319,-0.0106,0.0017,1.0651,0.076,-1.4732,0.1877,-0.0046,0.0008,1.4667,8.775,,,18.8,moving
2026-09-21T11:37:15.612+09:00,TEST_0002_TEST_P01,TEST_P01,SOFT_GRIP_ENTRY,,682.6117553710938,60.4525260925293,486.937255859375,178.5940399169922,-89.7639389038086,-179.94976806640625,-4.8043,-2.5306,-0.2279,0.4319,-0.0106,0.0017,-1.4667,0.1129,-1.0708,0.1877,-0.0046,0.0008,0.2069,-2.6476,-4.7418,0.4319,-0.0106,0.0017,1.0651,0.076,-1.4732,0.1877,-0.0046,0.0008,1.4667,9.3398,,,18.8,moving
2026-09-21T11:37:15.667+09:00,TEST_0002_TEST_P01,TEST_P01,SOFT_GRIP_ENTRY,,683.166748046875,60.4323844909668,486.8873291015625,178.59228515625,-89.76806640625,-179.9493865966797,-4.7394,-2.5634,-0.2911,0.4332,-0.0106,0.0018,-1.4018,0.0801,-1.134,0.189,-0.0046,0.0008,0.2694,-2.6792,-4.6762,0.4332,-0.0106,0.0018,1.1277,0.0444,-1.4076,0.189,-0.0046,0.0008,1.4018,9.8948,,,18.8,moving
2026-09-21T11:37:15.724+09:00,TEST_0002_TEST_P01,TEST_P01,SOFT_GRIP_ENTRY,,683.7367553710938,60.44136047363281,486.8167419433594,178.59280395507812,-89.7739028930664,-179.9553985595703,-4.7394,-2.5634,-0.2911,0.4332,-0.0106,0.0018,-1.4018,0.0801,-1.134,0.189,-0.0046,0.0008,0.2694,-2.6792,-4.6762,0.4332,-0.0106,0.0018,1.1277,0.0444,-1.4076,0.189,-0.0046,0.0008,1.4018,10.4648,,,18.8,moving
2026-09-21T11:37:15.779+09:00,TEST_0002_TEST_P01,TEST_P01,SOFT_GRIP_ENTRY,,684.3013916015625,60.45153045654297,486.8649597167969,178.59371948242188,-89.7697982788086,-179.95361328125,-5.2037,-2.5919,0.0046,0.439,-0.0108,0.0018,-1.8661,0.0516,-0.8384,0.1948,-0.0048,0.0008,-0.0269,-2.7188,-5.1384,0.439,-0.0108,0.0018,0.8313,0.0048,-1.8699,0.1948,-0.0048,0.0008,1.8661,11.0295,,,18.8,moving
2026-09-21T11:37:15.837+09:00,TEST_0002_TEST_P01,TEST_P01,SOFT_GRIP_ENTRY,,684.8832397460938,60.437801361083984,486.9154357910156,178.5922088623047,-89.765625,-179.94857788085938,-5.3073,-2.6843,0.0,0.4365,-0.0107,0.0018,-1.9698,-0.0408,-0.8429,0.1923,-0.0047,0.0008,-0.024,-2.8139,-5.2397,0.4365,-0.0107,0.0018,0.8343,-0.0902,-1.9712,0.1923,-0.0047,0.0008,1.9698,11.6113,,,18.8,moving
2026-09-21T11:37:15.892+09:00,TEST_0002_TEST_P01,TEST_P01,SOFT_GRIP_ENTRY,,685.4413452148438,60.39650344848633,486.8019714355469,178.5886688232422,-89.77486419677734,-179.9524688720703,-5.3073,-2.6843,0.0,0.4365,-0.0107,0.0018,-1.9698,-0.0408,-0.8429,0.1923,-0.0047,0.0008,-0.024,-2.8139,-5.2397,0.4365,-0.0107,0.0018,0.8343,-0.0902,-1.9712,0.1923,-0.0047,0.0008,1.9698,12.1694,,,18.8,moving
2026-09-21T11:37:15.949+09:00,TEST_0002_TEST_P01,TEST_P01,SOFT_GRIP_ENTRY,,685.9929809570312,60.36632537841797,486.8424987792969,178.58665466308594,-89.7712173461914,-179.9498748779297,-5.4608,-2.6247,0.4092,0.4384,-0.0108,0.0018,-2.1233,0.0188,-0.4337,0.1942,-0.0048,0.0008,-0.4331,-2.7582,-5.3928,0.4384,-0.0108,0.0018,0.4252,-0.0346,-2.1242,0.1942,-0.0048,0.0008,2.1233,12.7211,,,18.8,moving
2026-09-21T11:37:16.005+09:00,TEST_0002_TEST_P01,TEST_P01,SOFT_GRIP_ENTRY,,686.5504760742188,60.37097930908203,486.92987060546875,178.58706665039062,-89.76399993896484,-179.94522094726562,-5.4608,-2.6247,0.4092,0.4384,-0.0108,0.0018,-2.1233,0.0188,-0.4337,0.1942,-0.0048,0.0008,-0.4331,-2.7582,-5.3928,0.4384,-0.0108,0.0018,0.4252,-0.0346,-2.1242,0.1942,-0.0048,0.0008,2.1233,13.2786,,,18.8,moving
2026-09-21T11:37:16.061+09:00,TEST_0002_TEST_P01,TEST_P01,SOFT_GRIP_ENTRY,,687.1263427734375,60.38322448730469,486.9659729003906,178.5877227783203,-89.76119995117188,-179.94647216796875,-6.1449,-2.5529,0.4641,0.4367,-0.0108,0.0018,-2.8073,0.0906,-0.3788,0.1924,-0.0048,0.0008,-0.4919,-2.7031,-6.0781,0.4367,-0.0108,0.0018,0.3664,0.0205,-2.8095,0.1924,-0.0048,0.0008,2.8073,13.8544,,,18.8,moving
2026-09-21T11:37:16.117+09:00,TEST_0002_TEST_P01,TEST_P01,SOFT_GRIP_ENTRY,,687.683349609375,60.38387680053711,486.97467041015625,178.58799743652344,-89.76028442382812,-179.950927734375,-6.1449,-2.5529,0.4641,0.4367,-0.0108,0.0018,-2.8073,0.0906,-0.3788,0.1924,-0.0048,0.0008,-0.4919,-2.7031,-6.0781,0.4367,-0.0108,0.0018,0.3664,0.0205,-2.8095,0.1924,-0.0048,0.0008,2.8073,14.4114,,,18.8,moving
2026-09-21T11:37:16.173+09:00,TEST_0002_TEST_P01,TEST_P01,SOFT_GRIP_ENTRY,,688.2221069335938,60.36509704589844,486.94573974609375,178.58692932128906,-89.76268768310547,-179.94918823242188,-5.8811,-2.5751,0.5721,0.435,-0.0107,0.0018,-2.5435,0.0684,-0.2708,0.1908,-0.0047,0.0009,-0.5987,-2.7187,-5.8134,0.435,-0.0107,0.0018,0.2596,0.0049,-2.5449,0.1908,-0.0047,0.0009,2.5435,14.9502,,,18.8,moving
2026-09-21T11:37:16.228+09:00,TEST_0002_TEST_P01,TEST_P01,SOFT_GRIP_ENTRY,,688.7791137695312,60.356407165527344,486.9663391113281,178.58612060546875,-89.76134490966797,-179.94740295410156,-5.8811,-2.5751,0.5721,0.435,-0.0107,0.0018,-2.5435,0.0684,-0.2708,0.1908,-0.0047,0.0009,-0.5987,-2.7187,-5.8134,0.435,-0.0107,0.0018,0.2596,0.0049,-2.5449,0.1908,-0.0047,0.0009,2.5435,15.5072,,,18.8,moving
2026-09-21T11:37:16.284+09:00,TEST_0002_TEST_P01,TEST_P01,SOFT_GRIP_ENTRY,,689.3422241210938,60.37575912475586,486.98260498046875,178.58761596679688,-89.7598648071289,-179.95294189453125,-6.6932,-2.4476,0.8955,0.4331,-0.0107,0.0018,-3.3556,0.1959,0.0525,0.1889,-0.0047,0.0009,-0.9254,-2.6111,-6.627,0.4331,-0.0107,0.0018,-0.0672,0.1125,-3.3584,0.1889,-0.0047,0.0009,3.3556,16.0703,,,18.8,moving
2026-09-21T11:37:16.339+09:00,TEST_0002_TEST_P01,TEST_P01,SOFT_GRIP_ENTRY,,689.8881225585938,60.40526580810547,486.92138671875,178.59034729003906,-89.76466369628906,-179.9530487060547,-6.7998,-2.4831,0.9683,0.4301,-0.0106,0.0018,-3.4623,0.1604,0.1254,0.1859,-0.0046,0.0008,-0.9981,-2.6488,-6.7327,0.4301,-0.0106,0.0018,-0.1398,0.0748,-3.4641,0.1859,-0.0046,0.0008,3.4623,16.6162,,,18.8,moving
2026-09-21T11:37:16.394+09:00,TEST_0002_TEST_P01,TEST_P01,SOFT_GRIP_ENTRY,,690.4296264648438,60.425262451171875,486.9088134765625,178.59202575683594,-89.76570129394531,-179.9498748779297,-6.7998,-2.4831,0.9683,0.4301,-0.0106,0.0018,-3.4623,0.1604,0.1254,0.1859,-0.0046,0.0008,-0.9981,-2.6488,-6.7327,0.4301,-0.0106,0.0018,-0.1398,0.0748,-3.4641,0.1859,-0.0046,0.0008,3.4623,17.1577,,,18.8,moving
2026-09-21T11:37:16.449+09:00,TEST_0002_TEST_P01,TEST_P01,SOFT_GRIP_ENTRY,,690.9812622070312,60.419071197509766,486.9296875,178.59133911132812,-89.76393127441406,-179.95016479492188,-6.4898,-2.5908,1.1869,0.4282,-0.0105,0.0018,-3.1522,0.0527,0.344,0.1839,-0.0045,0.0008,-1.2159,-2.7484,-6.4192,0.4282,-0.0105,0.0018,-0.3577,-0.0248,-3.1507,0.1839,-0.0045,0.0008,3.1522,17.7094,,,18.8,moving
2026-09-21T11:37:16.505+09:00,TEST_0002_TEST_P01,TEST_P01,SOFT_GRIP_ENTRY,,691.5388793945312,60.387855529785156,486.9837646484375,178.58885192871094,-89.75928497314453,-179.95237731933594,-6.4898,-2.5908,1.1869,0.4282,-0.0105,0.0018,-3.1522,0.0527,0.344,0.1839,-0.0045,0.0008,-1.2159,-2.7484,-6.4192,0.4282,-0.0105,0.0018,-0.3577,-0.0248,-3.1507,0.1839,-0.0045,0.0008,3.1522,18.267,,,18.8,moving
2026-09-21T11:37:16.562+09:00,TEST_0002_TEST_P01,TEST_P01,SOFT_GRIP_ENTRY,,692.119873046875,60.370079040527344,486.98260498046875,178.58717346191406,-89.75918579101562,-179.94776916503906,-6.764,-2.6135,1.1462,0.4273,-0.0105,0.0018,-3.4265,0.03,0.3032,0.1831,-0.0045,0.0008,-1.1766,-2.7784,-6.6927,0.4273,-0.0105,0.0018,-0.3184,-0.0548,-3.4242,0.1831,-0.0045,0.0008,3.4265,18.848,,,18.8,moving
2026-09-21T11:37:16.618+09:00,TEST_0002_TEST_P01,TEST_P01,SOFT_GRIP_ENTRY,,692.6769409179688,60.38592529296875,486.9488220214844,178.5884246826172,-89.76215362548828,-179.94578552246094,-6.764,-2.6135,1.1462,0.4273,-0.0105,0.0018,-3.4265,0.03,0.3032,0.1831,-0.0045,0.0008,-1.1766,-2.7784,-6.6927,0.4273,-0.0105,0.0018,-0.3184,-0.0548,-3.4242,0.1831,-0.0045,0.0008,3.4265,19.405,,,18.8,moving
2026-09-21T11:37:16.675+09:00,TEST_0002_TEST_P01,TEST_P01,SOFT_GRIP_ENTRY,,693.2261352539062,60.41534423828125,486.9668884277344,178.59107971191406,-89.7607650756836,-179.94898986816406,-6.8571,-2.6508,1.0641,0.4187,-0.0103,0.0017,-3.5195,-0.0074,0.2212,0.1745,-0.0043,0.0008,-1.0951,-2.8178,-6.7852,0.4187,-0.0103,0.0017,-0.2369,-0.0942,-3.5167,0.1745,-0.0043,0.0008,3.5195,19.9542,,,18.8,moving
2026-09-21T11:37:16.730+09:00,TEST_0002_TEST_P01,TEST_P01,SOFT_GRIP_ENTRY,,693.783203125,60.43758773803711,486.9175720214844,178.5933074951172,-89.76466369628906,-179.9521942138672,-6.8571,-2.6508,1.0641,0.4187,-0.0103,0.0017,-3.5195,-0.0074,0.2212,0.1745,-0.0043,0.0008,-1.0951,-2.8178,-6.7852,0.4187,-0.0103,0.0017,-0.2369,-0.0942,-3.5167,0.1745,-0.0043,0.0008,3.5195,20.5113,,,18.8,moving
2026-09-21T11:37:16.786+09:00,TEST_0002_TEST_P01,TEST_P01,SOFT_GRIP_ENTRY,,694.3690795898438,60.42911911010742,486.8460693359375,178.59228515625,-89.77043914794922,-179.95046997070312,-6.7668,-2.5806,1.2217,0.4189,-0.0103,0.0017,-3.4292,0.0629,0.3788,0.1746,-0.0043,0.0008,-1.2513,-2.7449,-6.6964,0.4189,-0.0103,0.0017,-0.3931,-0.0213,-3.4279,0.1746,-0.0043,0.0008,3.4292,21.0972,,,18.8,moving
2026-09-21T11:37:16.841+09:00,TEST_0002_TEST_P01,TEST_P01,SOFT_GRIP_ENTRY,,694.9398803710938,60.40788650512695,486.8681945800781,178.59024047851562,-89.7686767578125,-179.94918823242188,-6.478,-2.594,1.4481,0.4176,-0.0103,0.0017,-3.1404,0.0495,0.6051,0.1733,-0.0043,0.0007,-1.4762,-2.7513,-6.4064,0.4176,-0.0103,0.0017,-0.618,-0.0276,-3.1379,0.1733,-0.0043,0.0007,3.1404,21.668,,,18.8,moving
2026-09-21T11:37:16.898+09:00,TEST_0002_TEST_P01,TEST_P01,SOFT_GRIP_ENTRY,,695.5184936523438,60.408992767333984,486.8822021484375,178.59031677246094,-89.76740264892578,-179.9540252685547,-6.478,-2.594,1.4481,0.4176,-0.0103,0.0017,-3.1404,0.0495,0.6051,0.1733,-0.0043,0.0007,-1.4762,-2.7513,-6.4064,0.4176,-0.0103,0.0017,-0.618,-0.0276,-3.1379,0.1733,-0.0043,0.0007,3.1404,22.2466,,,18.8,moving
2026-09-21T11:37:16.953+09:00,TEST_0002_TEST_P01,TEST_P01,SOFT_GRIP_ENTRY,,696.0697631835938,60.43324661254883,486.87823486328125,178.5923614501953,-89.7676010131836,-179.9549102783203,-5.8993,-2.6719,1.4847,0.418,-0.0103,0.0017,-2.5617,-0.0284,0.6418,0.1738,-0.0043,0.0008,-1.5106,-2.8149,-5.8257,0.418,-0.0103,0.0017,-0.6523,-0.0913,-2.5572,0.1738,-0.0043,0.0008,2.5617,22.7979,,,18.8,moving
2026-09-21T11:37:17.009+09:00,TEST_0002_TEST_P01,TEST_P01,SOFT_GRIP_ENTRY,,696.6239624023438,60.45475387573242,486.8486633300781,178.59397888183594,-89.76990509033203,-179.9513397216797,-5.8993,-2.6719,1.4847,0.418,-0.0103,0.0017,-2.5617,-0.0284,0.6418,0.1738,-0.0043,0.0008,-1.5106,-2.8149,-5.8257,0.418,-0.0103,0.0017,-0.6523,-0.0913,-2.5572,0.1738,-0.0043,0.0008,2.5617,23.3521,,,18.8,moving
2026-09-21T11:37:17.064+09:00,TEST_0002_TEST_P01,TEST_P01,SOFT_GRIP_ENTRY,,697.1401977539062,60.45818328857422,486.8740539550781,178.5943145751953,-89.76792907714844,-179.94842529296875,-6.2602,-2.6181,1.7342,0.4283,-0.0105,0.0017,-2.9226,0.0254,0.8913,0.1841,-0.0045,0.0008,-1.7614,-2.7694,-6.1871,0.4283,-0.0105,0.0017,-0.9031,-0.0457,-2.9186,0.1841,-0.0045,0.0008,2.9226,23.8683,,,18.8,moving
2026-09-21T11:37:17.119+09:00,TEST_0002_TEST_P01,TEST_P01,SOFT_GRIP_ENTRY,,697.5726318359375,60.42930603027344,486.8997497558594,178.5924530029297,-89.76563262939453,-179.9502410888672,-6.2602,-2.6181,1.7342,0.4283,-0.0105,0.0017,-2.9226,0.0254,0.8913,0.1841,-0.0045,0.0008,-1.7614,-2.7694,-6.1871,0.4283,-0.0105,0.0017,-0.9031,-0.0457,-2.9186,0.1841,-0.0045,0.0008,2.9226,24.3007,,,18.8,moving
2026-09-21T11:37:18.175+09:00,TEST_0002_TEST_P01,TEST_P01,SOFT_GRIP_ENTRY,SOFT_GRIP_STABILIZATION_END,698.1598510742188,60.352928161621094,486.7904357910156,178.5866241455078,-89.77114868164062,-179.9480438232422,-2.095,-2.6798,1.7624,0.5111,-0.0126,0.002,0.0,0.0,0.0,0.0,0.0,0.0,-1.773,-2.7291,-2.0212,0.5111,-0.0126,0.002,0.0,0.0,0.0,0.0,0.0,0.0,,,,,18.8,moving
2026-09-21T11:37:18.227+09:00,TEST_0002_TEST_P01,TEST_P01,HARD_GRIP,HARD_GRIP_COMMAND,698.1580200195312,60.35184097290039,486.7944641113281,178.58648681640625,-89.77079010009766,-179.94813537597656,-2.095,-2.6798,1.7624,0.5111,-0.0126,0.002,0.0,0.0,0.0,0.0,0.0,0.0,-1.773,-2.7291,-2.0212,0.5111,-0.0126,0.002,0.0,0.0,0.0,0.0,0.0,0.0,,,,,18.6,moving
2026-09-21T11:37:19.231+09:00,TEST_0002_TEST_P01,TEST_P01,HARD_GRIP,HARD_GRIP_STABILIZATION_END,698.1088256835938,60.35486602783203,486.88824462890625,178.58721923828125,-89.76321411132812,-179.9502410888672,0.8094,-2.891,0.0955,0.5658,-0.014,0.0023,0.0,0.0,0.0,0.0,0.0,0.0,-0.0944,-2.8701,0.8809,0.5658,-0.014,0.0023,0.0,0.0,0.0,0.0,0.0,0.0,,,,,18.6,moving
2026-09-21T11:37:19.266+09:00,TEST_0002_TEST_P01,TEST_P01,PULL_TEST,,698.1080932617188,60.35596466064453,486.8894348144531,178.5873260498047,-89.76312255859375,-179.95022583007812,1.3736,-2.9378,0.1398,0.5688,-0.014,0.0024,0.5642,-0.0469,0.0443,0.003,-0.0001,0.0,-0.1363,-2.903,1.4462,0.5688,-0.014,0.0024,0.0,0.0,0.0,0.0,0.0,0.0,,,0.5642,0.0007,18.6,moving
2026-09-21T11:37:19.322+09:00,TEST_0002_TEST_P01,TEST_P01,PULL_TEST,,698.1038208007812,60.3564453125,486.89794921875,178.58741760253906,-89.76243591308594,-179.9502410888672,1.3736,-2.9378,0.1398,0.5688,-0.014,0.0024,0.5642,-0.0469,0.0443,0.003,-0.0001,0.0,-0.1363,-2.903,1.4462,0.5688,-0.014,0.0024,0.0,0.0,0.0,0.0,0.0,0.0,,,0.5642,0.005,18.6,moving
2026-09-21T11:37:19.378+09:00,TEST_0002_TEST_P01,TEST_P01,PULL_TEST,,698.0486450195312,60.354164123535156,486.9964904785156,178.58773803710938,-89.75444030761719,-179.94827270507812,1.7667,-2.9178,0.2104,0.5713,-0.0141,0.0024,0.9573,-0.0268,0.1149,0.0055,-0.0001,0.0,-0.2053,-2.8732,1.8389,0.5713,-0.0141,0.0024,-0.069,0.0298,0.3927,0.0025,-0.0001,0.0,,,0.9573,0.0602,18.6,moving
2026-09-21T11:37:19.434+09:00,TEST_0002_TEST_P01,TEST_P01,PULL_TEST,,697.8876953125,60.33665084838867,487.1748046875,178.58615112304688,-89.7397232055664,-179.94052124023438,1.7667,-2.9178,0.2104,0.5713,-0.0141,0.0024,0.9573,-0.0268,0.1149,0.0055,-0.0001,0.0,-0.2053,-2.8732,1.8389,0.5713,-0.0141,0.0024,-0.069,0.0298,0.3927,0.0025,-0.0001,0.0,,,0.9573,0.2211,18.6,moving
2026-09-21T11:37:19.489+09:00,TEST_0002_TEST_P01,TEST_P01,PULL_TEST,,697.5958251953125,60.31585693359375,487.2705383300781,178.5836639404297,-89.73089599609375,-179.93896484375,3.3776,-2.9242,-0.2208,0.5515,-0.0136,0.0024,2.5681,-0.0332,-0.3163,-0.0143,0.0004,0.0001,0.2335,-2.8402,3.4476,0.5515,-0.0136,0.0024,0.3699,0.0628,2.0014,-0.0173,0.0004,0.0001,,,2.5681,0.513,18.6,moving
2026-09-21T11:37:19.546+09:00,TEST_0002_TEST_P01,TEST_P01,PULL_TEST,,697.1187133789062,60.291893005371094,487.301513671875,178.58204650878906,-89.72762298583984,-179.9376983642578,4.9806,-3.1695,-1.0196,0.5495,-0.0136,0.0026,4.1712,-0.2785,-1.1151,-0.0162,0.0004,0.0002,1.0405,-3.0464,5.0526,0.5495,-0.0136,0.0026,1.1768,-0.1434,3.6063,-0.0192,0.0004,0.0002,,,4.1712,0.9901,18.6,moving
2026-09-21T11:37:19.601+09:00,TEST_0002_TEST_P01,TEST_P01,PULL_TEST,,696.5557250976562,60.2897834777832,487.23321533203125,178.58206176757812,-89.73246002197266,-179.93795776367188,4.9806,-3.1695,-1.0196,0.5495,-0.0136,0.0026,4.1712,-0.2785,-1.1151,-0.0162,0.0004,0.0002,1.0405,-3.0464,5.0526,0.5495,-0.0136,0.0026,1.1768,-0.1434,3.6063,-0.0192,0.0004,0.0002,,,4.1712,1.5531,18.6,moving
2026-09-21T11:37:19.658+09:00,TEST_0002_TEST_P01,TEST_P01,PULL_TEST,,695.9854736328125,60.30307388305664,487.1955261230469,178.5833282470703,-89.7348861694336,-179.93995666503906,4.5557,-3.4658,-0.8883,0.6147,-0.0152,0.0029,3.7463,-0.5748,-0.9838,0.049,-0.0013,0.0005,0.906,-3.3531,4.6359,0.6147,-0.0152,0.0029,1.0424,-0.4501,3.1897,0.046,-0.0012,0.0005,,,3.7463,2.1234,18.6,moving
2026-09-21T11:37:19.715+09:00,TEST_0002_TEST_P01,TEST_P01,PULL_TEST,,695.3944091796875,60.28848648071289,487.192138671875,178.58245849609375,-89.73483276367188,-179.9447021484375,4.5557,-3.4658,-0.8883,0.6147,-0.0152,0.0029,3.7463,-0.5748,-0.9838,0.049,-0.0013,0.0005,0.906,-3.3531,4.6359,0.6147,-0.0152,0.0029,1.0424,-0.4501,3.1897,0.046,-0.0012,0.0005,,,3.7463,2.7144,18.6,moving
2026-09-21T11:37:19.771+09:00,TEST_0002_TEST_P01,TEST_P01,PULL_TEST,,694.8191528320312,60.265174865722656,487.1243591308594,178.58042907714844,-89.74010467529297,-179.94442749023438,5.2367,-3.5847,-1.0053,0.6987,-0.0173,0.0032,4.4272,-0.6937,-1.1008,0.1329,-0.0033,0.0009,1.0264,-3.4549,5.3191,0.6987,-0.0173,0.0032,1.1628,-0.552,3.8729,0.1299,-0.0033,0.0009,,,4.4272,3.2897,18.6,moving
2026-09-21T11:37:19.828+09:00,TEST_0002_TEST_P01,TEST_P01,PULL_TEST,,694.2335815429688,60.25355911254883,487.03570556640625,178.57955932617188,-89.74724578857422,-179.94256591796875,5.2367,-3.5847,-1.0053,0.6987,-0.0173,0.0032,4.4272,-0.6937,-1.1008,0.1329,-0.0033,0.0009,1.0264,-3.4549,5.3191,0.6987,-0.0173,0.0032,1.1628,-0.552,3.8729,0.1299,-0.0033,0.0009,,,4.4272,3.8752,18.6,moving
2026-09-21T11:37:19.884+09:00,TEST_0002_TEST_P01,TEST_P01,PULL_TEST,,693.62890625,60.27287292480469,487.0235595703125,178.58177185058594,-89.74813842773438,-179.94207763671875,6.0466,-3.61,-0.5682,0.7482,-0.0185,0.0034,5.2371,-0.719,-0.6637,0.1825,-0.0046,0.001,0.5916,-3.4597,6.1316,0.7482,-0.0185,0.0034,0.728,-0.5567,4.6854,0.1795,-0.0045,0.001,,,5.2371,4.4799,18.6,moving
2026-09-21T11:37:19.940+09:00,TEST_0002_TEST_P01,TEST_P01,PULL_TEST,,693.0768432617188,60.30831527709961,487.1158447265625,178.58470153808594,-89.74066162109375,-179.94400024414062,6.6269,-3.8133,-0.6097,0.7638,-0.0189,0.0034,5.8174,-0.9223,-0.7052,0.1981,-0.0049,0.0011,0.6365,-3.649,6.7162,0.7638,-0.0189,0.0034,0.7729,-0.7461,5.27,0.1951,-0.0049,0.0011,,,5.8174,5.032,18.4,moving
2026-09-21T11:37:19.996+09:00,TEST_0002_TEST_P01,TEST_P01,PULL_TEST,,692.4991455078125,60.31174087524414,487.0419616699219,178.58514404296875,-89.7469711303711,-179.94509887695312,6.6269,-3.8133,-0.6097,0.7638,-0.0189,0.0034,5.8174,-0.9223,-0.7052,0.1981,-0.0049,0.0011,0.6365,-3.649,6.7162,0.7638,-0.0189,0.0034,0.7729,-0.7461,5.27,0.1951,-0.0049,0.0011,,,5.8174,5.6097,18.4,moving
2026-09-21T11:37:20.052+09:00,TEST_0002_TEST_P01,TEST_P01,PULL_TEST,,691.8579711914062,60.320274353027344,487.1832275390625,178.58709716796875,-89.7354965209961,-179.94105529785156,2.2485,-3.1506,0.152,0.7957,-0.0197,0.0035,1.439,-0.2597,0.0565,0.23,-0.0057,0.0012,-0.1446,-3.0941,2.3261,0.7957,-0.0197,0.0035,-0.0083,-0.1911,0.8799,0.227,-0.0056,0.0012,,,1.439,6.2509,18.4,moving
2026-09-21T11:37:20.109+09:00,TEST_0002_TEST_P01,TEST_P01,PULL_TEST,,691.3015747070312,60.311553955078125,487.1143798828125,178.58645629882812,-89.7409439086914,-179.944091796875,2.2485,-3.1506,0.152,0.7957,-0.0197,0.0035,1.439,-0.2597,0.0565,0.23,-0.0057,0.0012,-0.1446,-3.0941,2.3261,0.7957,-0.0197,0.0035,-0.0083,-0.1911,0.8799,0.227,-0.0056,0.0012,,,1.439,6.8073,18.4,moving
2026-09-21T11:37:20.165+09:00,TEST_0002_TEST_P01,TEST_P01,PULL_TEST,,690.7483520507812,60.32351303100586,487.0792236328125,178.58724975585938,-89.74372100830078,-179.9485321044922,-0.7023,-2.736,0.7246,0.8177,-0.0202,0.0037,-1.5117,0.155,0.6291,0.2519,-0.0062,0.0014,-0.73,-2.7518,-0.6313,0.8177,-0.0202,0.0037,-0.5937,0.1512,-2.0775,0.2489,-0.0062,0.0014,,,1.5117,7.3605,18.4,moving
2026-09-21T11:37:20.222+09:00,TEST_0002_TEST_P01,TEST_P01,PULL_TEST,,690.193603515625,60.35072326660156,486.9867248535156,178.58912658691406,-89.75113677978516,-179.94920349121094,-0.7023,-2.736,0.7246,0.8177,-0.0202,0.0037,-1.5117,0.155,0.6291,0.2519,-0.0062,0.0014,-0.73,-2.7518,-0.6313,0.8177,-0.0202,0.0037,-0.5937,0.1512,-2.0775,0.2489,-0.0062,0.0014,,,1.5117,7.9152,18.4,moving
2026-09-21T11:37:20.278+09:00,TEST_0002_TEST_P01,TEST_P01,PULL_TEST,,689.6365966796875,60.36418151855469,486.93280029296875,178.59017944335938,-89.75531005859375,-179.94711303710938,-0.9673,-2.6827,0.9093,0.8328,-0.0205,0.0037,-1.7768,0.2083,0.8138,0.2671,-0.0066,0.0013,-0.9156,-2.7049,-0.8971,0.8328,-0.0205,0.0037,-0.7793,0.1981,-2.3433,0.2641,-0.0065,0.0013,,,1.7768,8.4722,18.4,moving
2026-09-21T11:37:20.334+09:00,TEST_0002_TEST_P01,TEST_P01,PULL_TEST,,689.1004638671875,60.35086441040039,486.9364929199219,178.58877563476562,-89.75480651855469,-179.94851684570312,-0.9673,-2.6827,0.9093,0.8328,-0.0205,0.0037,-1.7768,0.2083,0.8138,0.2671,-0.0066,0.0013,-0.9156,-2.7049,-0.8971,0.8328,-0.0205,0.0037,-0.7793,0.1981,-2.3433,0.2641,-0.0065,0.0013,,,1.7768,9.0084,18.4,moving
2026-09-21T11:37:20.390+09:00,TEST_0002_TEST_P01,TEST_P01,PULL_TEST,,688.53955078125,60.32050704956055,486.9168701171875,178.58596801757812,-89.7563705444336,-179.9510955810547,-1.2477,-2.5659,0.7551,0.8513,-0.021,0.0037,-2.0572,0.3251,0.6596,0.2855,-0.007,0.0013,-0.7625,-2.5952,-1.1809,0.8513,-0.021,0.0037,-0.6262,0.3078,-2.6271,0.2825,-0.0069,0.0013,,,2.0572,9.5693,18.4,moving
2026-09-21T11:37:20.448+09:00,TEST_0002_TEST_P01,TEST_P01,PULL_TEST,,687.9584350585938,60.308006286621094,486.88800048828125,178.58517456054688,-89.75886535644531,-179.947998046875,-0.7865,-2.6592,0.8456,0.8561,-0.0211,0.0037,-1.596,0.2318,0.7501,0.2904,-0.0072,0.0013,-0.8511,-2.677,-0.717,0.8561,-0.0211,0.0037,-0.7148,0.2259,-2.1632,0.2873,-0.0071,0.0013,,,1.596,10.1504,18.4,moving
2026-09-21T11:37:20.504+09:00,TEST_0002_TEST_P01,TEST_P01,PULL_TEST,,687.4005737304688,60.327186584472656,486.92474365234375,178.5867919921875,-89.75564575195312,-179.9458770751953,-0.7865,-2.6592,0.8456,0.8561,-0.0211,0.0037,-1.596,0.2318,0.7501,0.2904,-0.0072,0.0013,-0.8511,-2.677,-0.717,0.8561,-0.0211,0.0037,-0.7148,0.2259,-2.1632,0.2873,-0.0071,0.0013,,,1.596,10.7083,18.4,moving
2026-09-21T11:37:20.560+09:00,TEST_0002_TEST_P01,TEST_P01,PULL_TEST,,686.8470458984375,60.36147689819336,486.929931640625,178.58963012695312,-89.75540161132812,-179.9485321044922,-1.1543,-2.6305,1.0095,0.861,-0.0212,0.0037,-1.9637,0.2605,0.914,0.2952,-0.0073,0.0013,-1.0165,-2.6573,-1.0848,0.861,-0.0212,0.0037,-0.8802,0.2457,-2.531,0.2922,-0.0072,0.0013,,,1.9637,11.2618,18.4,moving
2026-09-21T11:37:20.616+09:00,TEST_0002_TEST_P01,TEST_P01,PULL_TEST,,686.2625732421875,60.357521057128906,486.90802001953125,178.589599609375,-89.75735473632812,-179.94650268554688,-1.1543,-2.6305,1.0095,0.861,-0.0212,0.0037,-1.9637,0.2605,0.914,0.2952,-0.0073,0.0013,-1.0165,-2.6573,-1.0848,0.861,-0.0212,0.0037,-0.8802,0.2457,-2.531,0.2922,-0.0072,0.0013,,,1.9637,11.8463,18.4,moving
2026-09-21T11:37:20.672+09:00,TEST_0002_TEST_P01,TEST_P01,PULL_TEST,,685.689208984375,60.34366226196289,486.85589599609375,178.5888671875,-89.76141357421875,-179.9444580078125,-0.9947,-2.6197,0.8796,0.8656,-0.0213,0.0037,-1.8041,0.2713,0.7841,0.2998,-0.0074,0.0013,-0.886,-2.6425,-0.9262,0.8656,-0.0213,0.0037,-0.7497,0.2605,-2.3724,0.2968,-0.0073,0.0013,,,1.8041,12.4196,18.4,moving
2026-09-21T11:37:20.729+09:00,TEST_0002_TEST_P01,TEST_P01,PULL_TEST,,685.138671875,60.34376907348633,486.8280944824219,178.58880615234375,-89.76361083984375,-179.94912719726562,-0.9947,-2.6197,0.8796,0.8656,-0.0213,0.0037,-1.8041,0.2713,0.7841,0.2998,-0.0074,0.0013,-0.886,-2.6425,-0.9262,0.8656,-0.0213,0.0037,-0.7497,0.2605,-2.3724,0.2968,-0.0073,0.0013,,,1.8041,12.9702,18.4,moving
2026-09-21T11:37:20.785+09:00,TEST_0002_TEST_P01,TEST_P01,PULL_TEST,,684.590087890625,60.36732864379883,486.91168212890625,178.59019470214844,-89.75672149658203,-179.95188903808594,-1.1085,-2.639,1.0337,0.8666,-0.0213,0.0036,-1.9179,0.252,0.9382,0.3009,-0.0074,0.0013,-1.0403,-2.6646,-1.0389,0.8666,-0.0213,0.0036,-0.904,0.2384,-2.4851,0.2979,-0.0073,0.0013,,,1.9179,13.5187,18.4,moving
2026-09-21T11:37:20.841+09:00,TEST_0002_TEST_P01,TEST_P01,PULL_TEST,,684.00927734375,60.399658203125,486.9117126464844,178.5930633544922,-89.75655364990234,-179.950927734375,-1.0931,-2.6049,1.0852,0.8762,-0.0216,0.0037,-1.9025,0.286,0.9898,0.3104,-0.0076,0.0014,-1.0918,-2.6301,-1.0242,0.8762,-0.0216,0.0037,-0.9555,0.2729,-2.4704,0.3074,-0.0075,0.0013,,,1.9025,14.0995,18.4,moving
2026-09-21T11:37:20.899+09:00,TEST_0002_TEST_P01,TEST_P01,PULL_TEST,,683.4347534179688,60.40232467651367,486.8729553222656,178.59336853027344,-89.75944519042969,-179.95208740234375,-1.0931,-2.6049,1.0852,0.8762,-0.0216,0.0037,-1.9025,0.286,0.9898,0.3104,-0.0076,0.0014,-1.0918,-2.6301,-1.0242,0.8762,-0.0216,0.0037,-0.9555,0.2729,-2.4704,0.3074,-0.0075,0.0013,,,1.9025,14.6741,18.4,moving
2026-09-21T11:37:20.955+09:00,TEST_0002_TEST_P01,TEST_P01,PULL_TEST,,682.884765625,60.37678909301758,486.9137878417969,178.5910186767578,-89.75611877441406,-179.95310974121094,-0.8466,-2.5879,0.9035,0.8783,-0.0216,0.0037,-1.6561,0.3031,0.808,0.3126,-0.0076,0.0014,-0.9089,-2.6072,-0.7789,0.8783,-0.0216,0.0037,-0.7726,0.2958,-2.2251,0.3096,-0.0076,0.0014,,,1.6561,15.2241,18.4,moving
2026-09-21T11:37:21.011+09:00,TEST_0002_TEST_P01,TEST_P01,PULL_TEST,,682.3089599609375,60.35197448730469,486.98480224609375,178.58909606933594,-89.75017547607422,-179.94754028320312,-0.8466,-2.5879,0.9035,0.8783,-0.0216,0.0037,-1.6561,0.3031,0.808,0.3126,-0.0076,0.0014,-0.9089,-2.6072,-0.7789,0.8783,-0.0216,0.0037,-0.7726,0.2958,-2.2251,0.3096,-0.0076,0.0014,,,1.6561,15.7999,18.4,moving
2026-09-21T11:37:21.067+09:00,TEST_0002_TEST_P01,TEST_P01,PULL_TEST,,681.751953125,60.354469299316406,486.93731689453125,178.5896453857422,-89.75406646728516,-179.9449005126953,-0.8455,-2.5904,1.144,0.8812,-0.0217,0.0038,-1.655,0.3006,1.0485,0.3155,-0.0077,0.0015,-1.1499,-2.6093,-0.7765,0.8812,-0.0217,0.0038,-1.0136,0.2936,-2.2227,0.3125,-0.0077,0.0015,,,1.655,16.3569,18.4,moving
2026-09-21T11:37:21.122+09:00,TEST_0002_TEST_P01,TEST_P01,PULL_TEST,,681.2051391601562,60.373870849609375,486.8170471191406,178.59092712402344,-89.76417541503906,-179.9493408203125,-0.8455,-2.5904,1.144,0.8812,-0.0217,0.0038,-1.655,0.3006,1.0485,0.3155,-0.0077,0.0015,-1.1499,-2.6093,-0.7765,0.8812,-0.0217,0.0038,-1.0136,0.2936,-2.2227,0.3125,-0.0077,0.0015,,,1.655,16.9037,18.4,moving
2026-09-21T11:37:21.179+09:00,TEST_0002_TEST_P01,TEST_P01,PULL_TEST,,680.6349487304688,60.38180923461914,486.79693603515625,178.59185791015625,-89.76583862304688,-179.95071411132812,-0.9231,-2.6139,1.0429,0.8871,-0.0218,0.0037,-1.7326,0.2771,0.9474,0.3214,-0.0079,0.0014,-1.0487,-2.6349,-0.8543,0.8871,-0.0218,0.0037,-0.9124,0.268,-2.3005,0.3183,-0.0078,0.0014,,,1.7326,17.4739,18.4,moving
2026-09-21T11:37:21.237+09:00,TEST_0002_TEST_P01,TEST_P01,PULL_TEST,,680.0770263671875,60.35190963745117,486.9229431152344,178.58946228027344,-89.75540161132812,-179.94741821289062,-0.5907,-2.5973,0.9278,0.8896,-0.0219,0.0037,-1.4002,0.2937,0.8323,0.3238,-0.0079,0.0014,-0.9325,-2.6102,-0.5226,0.8896,-0.0219,0.0037,-0.7961,0.2928,-1.9689,0.3208,-0.0079,0.0014,,,1.4002,18.0318,18.4,moving
2026-09-21T11:37:21.292+09:00,TEST_0002_TEST_P01,TEST_P01,PULL_TEST,,679.5228271484375,60.31364440917969,486.8973388671875,178.58628845214844,-89.75775909423828,-179.9499053955078,-0.5907,-2.5973,0.9278,0.8896,-0.0219,0.0037,-1.4002,0.2937,0.8323,0.3238,-0.0079,0.0014,-0.9325,-2.6102,-0.5226,0.8896,-0.0219,0.0037,-0.7961,0.2928,-1.9689,0.3208,-0.0079,0.0014,,,1.4002,18.586,18.4,moving
2026-09-21T11:37:21.350+09:00,TEST_0002_TEST_P01,TEST_P01,PULL_TEST,,678.9468994140625,60.28449630737305,486.854248046875,178.5840301513672,-89.76122283935547,-179.94960021972656,-0.6668,-2.5469,1.1603,0.8954,-0.0221,0.0038,-1.4762,0.3441,1.0648,0.3297,-0.0081,0.0014,-1.165,-2.5616,-0.5988,0.8954,-0.0221,0.0038,-1.0287,0.3413,-2.0451,0.3267,-0.0081,0.0014,,,1.4762,19.1619,18.4,moving
2026-09-21T11:37:21.406+09:00,TEST_0002_TEST_P01,TEST_P01,PULL_TEST,,678.3836669921875,60.28816223144531,486.88006591796875,178.5843048095703,-89.7587661743164,-179.94708251953125,-0.6668,-2.5469,1.1603,0.8954,-0.0221,0.0038,-1.4762,0.3441,1.0648,0.3297,-0.0081,0.0014,-1.165,-2.5616,-0.5988,0.8954,-0.0221,0.0038,-1.0287,0.3413,-2.0451,0.3267,-0.0081,0.0014,,,1.4762,19.7252,18.4,moving
2026-09-21T11:37:21.462+09:00,TEST_0002_TEST_P01,TEST_P01,PULL_TEST,,677.8368530273438,60.31011199951172,486.85369873046875,178.5854949951172,-89.76092529296875,-179.95143127441406,-0.7729,-2.5804,1.0073,0.8896,-0.022,0.0037,-1.5824,0.3106,0.9118,0.3238,-0.008,0.0014,-1.0126,-2.5978,-0.7048,0.8896,-0.022,0.0037,-0.8762,0.3051,-2.151,0.3208,-0.0079,0.0014,,,1.5824,20.272,18.4,moving
2026-09-21T11:37:21.518+09:00,TEST_0002_TEST_P01,TEST_P01,PULL_TEST,,677.2767944335938,60.31105041503906,486.8168029785156,178.5856475830078,-89.76376342773438,-179.9530487060547,-0.7729,-2.5804,1.0073,0.8896,-0.022,0.0037,-1.5824,0.3106,0.9118,0.3238,-0.008,0.0014,-1.0126,-2.5978,-0.7048,0.8896,-0.022,0.0037,-0.8762,0.3051,-2.151,0.3208,-0.0079,0.0014,,,1.5824,20.832,18.4,moving
2026-09-21T11:37:21.574+09:00,TEST_0002_TEST_P01,TEST_P01,PULL_TEST,,676.6969604492188,60.29088592529297,486.7997741699219,178.58419799804688,-89.76497650146484,-179.95079040527344,-0.3405,-2.5589,0.9216,0.8947,-0.0221,0.0037,-1.1499,0.332,0.8261,0.3289,-0.0081,0.0014,-0.9249,-2.5658,-0.2734,0.8947,-0.0221,0.0037,-0.7886,0.3372,-1.7196,0.3259,-0.0081,0.0014,,,1.1499,21.4119,18.4,moving
2026-09-21T11:37:21.631+09:00,TEST_0002_TEST_P01,TEST_P01,PULL_TEST,,676.1435546875,60.2775764465332,486.7774353027344,178.58262634277344,-89.76686096191406,-179.95281982421875,-0.3405,-2.5589,0.9216,0.8947,-0.0221,0.0037,-1.1499,0.332,0.8261,0.3289,-0.0081,0.0014,-0.9249,-2.5658,-0.2734,0.8947,-0.0221,0.0037,-0.7886,0.3372,-1.7196,0.3259,-0.0081,0.0014,,,1.1499,21.9653,18.4,moving
2026-09-21T11:37:21.687+09:00,TEST_0002_TEST_P01,TEST_P01,PULL_TEST,,675.596435546875,60.29595184326172,486.833251953125,178.5840606689453,-89.76202392578125,-179.94943237304688,-0.8492,-2.5669,1.1027,0.9053,-0.0224,0.0037,-1.6586,0.3241,1.0072,0.3395,-0.0084,0.0014,-1.108,-2.5862,-0.7809,0.9053,-0.0224,0.0037,-0.9717,0.3167,-2.2271,0.3365,-0.0084,0.0013,,,1.6586,22.5124,18.4,moving
2026-09-21T11:37:21.742+09:00,TEST_0002_TEST_P01,TEST_P01,PULL_TEST,,675.0303344726562,60.326332092285156,486.8263854980469,178.58697509765625,-89.7627944946289,-179.94573974609375,-0.4612,-2.5885,1.0175,0.9043,-0.0223,0.0037,-1.2707,0.3025,0.922,0.3386,-0.0084,0.0014,-1.0216,-2.5981,-0.393,0.9043,-0.0223,0.0037,-0.8853,0.3049,-1.8393,0.3356,-0.0083,0.0014,,,1.2707,23.0785,18.4,moving
2026-09-21T11:37:21.797+09:00,TEST_0002_TEST_P01,TEST_P01,PULL_TEST,,674.47607421875,60.32090377807617,486.81494140625,178.5865478515625,-89.76390075683594,-179.9501495361328,-0.4612,-2.5885,1.0175,0.9043,-0.0223,0.0037,-1.2707,0.3025,0.922,0.3386,-0.0084,0.0014,-1.0216,-2.5981,-0.393,0.9043,-0.0223,0.0037,-0.8853,0.3049,-1.8393,0.3356,-0.0083,0.0014,,,1.2707,23.6328,18.4,moving
2026-09-21T11:37:21.853+09:00,TEST_0002_TEST_P01,TEST_P01,PULL_TEST,,673.9434814453125,60.29603958129883,486.8199462890625,178.5845489501953,-89.76332092285156,-179.95272827148438,-0.5386,-2.5523,1.1264,0.9113,-0.0225,0.0038,-1.3481,0.3387,1.0309,0.3456,-0.0085,0.0014,-1.1305,-2.5639,-0.4708,0.9113,-0.0225,0.0038,-0.9942,0.3391,-1.917,0.3426,-0.0085,0.0014,,,1.3481,24.1653,18.4,moving
2026-09-21T11:37:21.911+09:00,TEST_0002_TEST_P01,TEST_P01,PULL_TEST,,673.35498046875,60.26918029785156,486.86785888671875,178.58253479003906,-89.75944519042969,-179.9524383544922,-0.5386,-2.5523,1.1264,0.9113,-0.0225,0.0038,-1.3481,0.3387,1.0309,0.3456,-0.0085,0.0014,-1.1305,-2.5639,-0.4708,0.9113,-0.0225,0.0038,-0.9942,0.3391,-1.917,0.3426,-0.0085,0.0014,,,1.3481,24.7538,18.4,moving
2026-09-21T11:37:21.967+09:00,TEST_0002_TEST_P01,TEST_P01,PULL_TEST,,672.787109375,60.274688720703125,486.846923828125,178.5832061767578,-89.7611312866211,-179.95281982421875,-0.525,-2.5442,1.2551,0.9061,-0.0224,0.0038,-1.3344,0.3468,1.1596,0.3403,-0.0085,0.0014,-1.2591,-2.5553,-0.4566,0.9061,-0.0224,0.0038,-1.1228,0.3476,-1.9029,0.3373,-0.0084,0.0014,,,1.3344,25.3217,18.4,moving
2026-09-21T11:37:22.023+09:00,TEST_0002_TEST_P01,TEST_P01,PULL_TEST,,672.2262573242188,60.30861282348633,486.7657470703125,178.58612060546875,-89.76769256591797,-179.9480438232422,-0.525,-2.5442,1.2551,0.9061,-0.0224,0.0038,-1.3344,0.3468,1.1596,0.3403,-0.0085,0.0014,-1.2591,-2.5553,-0.4566,0.9061,-0.0224,0.0038,-1.1228,0.3476,-1.9029,0.3373,-0.0084,0.0014,,,1.3344,25.8826,18.4,moving
2026-09-21T11:37:22.078+09:00,TEST_0002_TEST_P01,TEST_P01,PULL_TEST,,671.6442260742188,60.314510345458984,486.8080749511719,178.58657836914062,-89.7640609741211,-179.94961547851562,-0.4648,-2.5959,1.063,0.8981,-0.0222,0.0037,-1.2743,0.2951,0.9675,0.3324,-0.0082,0.0013,-1.0669,-2.6056,-0.3963,0.8981,-0.0222,0.0037,-0.9306,0.2973,-1.8426,0.3294,-0.0082,0.0013,,,1.2743,26.4646,18.4,moving
2026-09-21T11:37:22.135+09:00,TEST_0002_TEST_P01,TEST_P01,PULL_TEST,,671.081787109375,60.295867919921875,486.93194580078125,178.58517456054688,-89.75364685058594,-179.95059204101562,-0.4648,-2.5959,1.063,0.8981,-0.0222,0.0037,-1.2743,0.2951,0.9675,0.3324,-0.0082,0.0013,-1.0669,-2.6056,-0.3963,0.8981,-0.0222,0.0037,-0.9306,0.2973,-1.8426,0.3294,-0.0082,0.0013,,,1.2743,27.027,18.4,moving
2026-09-21T11:37:22.191+09:00,TEST_0002_TEST_P01,TEST_P01,PULL_TEST,,670.544677734375,60.277896881103516,486.8564453125,178.58323669433594,-89.75990295410156,-179.94822692871094,-0.5095,-2.5607,1.1797,0.908,-0.0224,0.0038,-1.319,0.3303,1.0842,0.3423,-0.0085,0.0015,-1.1838,-2.5715,-0.4411,0.908,-0.0224,0.0038,-1.0475,0.3315,-1.8873,0.3393,-0.0084,0.0015,,,1.319,27.5641,18.4,moving
2026-09-21T11:37:22.247+09:00,TEST_0002_TEST_P01,TEST_P01,PULL_TEST,,669.9690551757812,60.281742095947266,486.847900390625,178.58363342285156,-89.76065063476562,-179.95181274414062,-0.577,-2.5887,1.1701,0.9054,-0.0224,0.0038,-1.3865,0.3023,1.0746,0.3396,-0.0084,0.0014,-1.1744,-2.6012,-0.508,0.9054,-0.0224,0.0038,-1.038,0.3018,-1.9542,0.3366,-0.0084,0.0014,,,1.3865,28.1398,18.4,moving
2026-09-21T11:37:22.305+09:00,TEST_0002_TEST_P01,TEST_P01,PULL_TEST,,669.3851928710938,60.318599700927734,486.9323425292969,178.58714294433594,-89.75345611572266,-179.94766235351562,-0.577,-2.5887,1.1701,0.9054,-0.0224,0.0038,-1.3865,0.3023,1.0746,0.3396,-0.0084,0.0014,-1.1744,-2.6012,-0.508,0.9054,-0.0224,0.0038,-1.038,0.3018,-1.9542,0.3366,-0.0084,0.0014,,,1.3865,28.7236,18.4,moving
2026-09-21T11:37:22.361+09:00,TEST_0002_TEST_P01,TEST_P01,PULL_TEST,,668.8359375,60.33827590942383,486.9363098144531,178.58863830566406,-89.7535171508789,-179.95025634765625,-0.7335,-2.5741,1.1032,0.9037,-0.0223,0.0039,-1.5429,0.3169,1.0077,0.338,-0.0083,0.0015,-1.1084,-2.5904,-0.6651,0.9037,-0.0223,0.0039,-0.9721,0.3126,-2.1113,0.335,-0.0083,0.0015,,,1.5429,29.2729,18.4,moving
2026-09-21T11:37:22.417+09:00,TEST_0002_TEST_P01,TEST_P01,PULL_TEST,,668.2852783203125,60.33258056640625,486.886962890625,178.5883331298828,-89.75740051269531,-179.953125,-0.7335,-2.5741,1.1032,0.9037,-0.0223,0.0039,-1.5429,0.3169,1.0077,0.338,-0.0083,0.0015,-1.1084,-2.5904,-0.6651,0.9037,-0.0223,0.0039,-0.9721,0.3126,-2.1113,0.335,-0.0083,0.0015,,,1.5429,29.8235,18.4,moving
2026-09-21T11:37:22.473+09:00,TEST_0002_TEST_P01,TEST_P01,PULL_TEST,,667.7131958007812,60.3337287902832,486.8230895996094,178.58871459960938,-89.76280212402344,-179.94973754882812,-0.4944,-2.5658,1.0494,0.9065,-0.0223,0.0039,-1.3039,0.3252,0.9539,0.3407,-0.0084,0.0015,-1.0533,-2.5763,-0.4266,0.9065,-0.0223,0.0039,-0.917,0.3267,-1.8728,0.3377,-0.0083,0.0015,,,1.3039,30.3956,18.4,moving
2026-09-21T11:37:22.529+09:00,TEST_0002_TEST_P01,TEST_P01,PULL_TEST,,667.1552124023438,60.36979293823242,486.7837219238281,178.5916290283203,-89.76610565185547,-179.95233154296875,-0.4944,-2.5658,1.0494,0.9065,-0.0223,0.0039,-1.3039,0.3252,0.9539,0.3407,-0.0084,0.0015,-1.0533,-2.5763,-0.4266,0.9065,-0.0223,0.0039,-0.917,0.3267,-1.8728,0.3377,-0.0083,0.0015,,,1.3039,30.9536,18.4,moving
2026-09-21T11:37:22.586+09:00,TEST_0002_TEST_P01,TEST_P01,PULL_TEST,,666.5963745117188,60.403892517089844,486.9047546386719,178.59449768066406,-89.75606536865234,-179.94529724121094,-0.5949,-2.5392,1.1057,0.9084,-0.0224,0.0038,-1.4043,0.3518,1.0102,0.3427,-0.0084,0.0014,-1.11,-2.5522,-0.5278,0.9084,-0.0224,0.0038,-0.9736,0.3508,-1.974,0.3397,-0.0083,0.0014,,,1.4043,31.5125,18.4,moving
2026-09-21T11:37:22.642+09:00,TEST_0002_TEST_P01,TEST_P01,PULL_TEST,,666.0173950195312,60.38801956176758,486.9027404785156,178.59315490722656,-89.75618743896484,-179.94544982910156,-0.4684,-2.5316,1.1444,0.9035,-0.0222,0.0038,-1.2778,0.3594,1.0489,0.3377,-0.0082,0.0015,-1.1486,-2.5412,-0.4012,0.9035,-0.0222,0.0038,-1.0123,0.3618,-1.8474,0.3347,-0.0082,0.0015,,,1.2778,32.0914,18.4,moving
2026-09-21T11:37:22.697+09:00,TEST_0002_TEST_P01,TEST_P01,PULL_TEST,,665.4718627929688,60.36176300048828,486.83367919921875,178.59085083007812,-89.7613525390625,-179.95294189453125,-0.4684,-2.5316,1.1444,0.9035,-0.0222,0.0038,-1.2778,0.3594,1.0489,0.3377,-0.0082,0.0015,-1.1486,-2.5412,-0.4012,0.9035,-0.0222,0.0038,-1.0123,0.3618,-1.8474,0.3347,-0.0082,0.0015,,,1.2778,32.637,18.4,moving
2026-09-21T11:37:22.752+09:00,TEST_0002_TEST_P01,TEST_P01,PULL_TEST,,664.9320068359375,60.34747314453125,486.8507995605469,178.5892333984375,-89.75985717773438,-179.9524383544922,-0.3623,-2.5786,1.0489,0.8995,-0.0221,0.0038,-1.1717,0.3124,0.9534,0.3337,-0.0082,0.0014,-1.0523,-2.5858,-0.2943,0.8995,-0.0221,0.0038,-0.916,0.3171,-1.7405,0.3307,-0.0081,0.0014,,,1.1717,33.1768,18.4,moving
2026-09-21T11:37:22.810+09:00,TEST_0002_TEST_P01,TEST_P01,PULL_TEST,,664.35009765625,60.35517120361328,486.9234924316406,178.59017944335938,-89.75371551513672,-179.9537353515625,-0.3623,-2.5786,1.0489,0.8995,-0.0221,0.0038,-1.1717,0.3124,0.9534,0.3337,-0.0082,0.0014,-1.0523,-2.5858,-0.2943,0.8995,-0.0221,0.0038,-0.916,0.3171,-1.7405,0.3307,-0.0081,0.0014,,,1.1717,33.7587,18.4,moving
2026-09-21T11:37:22.865+09:00,TEST_0002_TEST_P01,TEST_P01,PULL_TEST,,663.7698974609375,60.361663818359375,486.9134826660156,178.59092712402344,-89.75457763671875,-179.9446563720703,-0.1821,-2.535,1.2021,0.9017,-0.0222,0.0038,-0.9916,0.356,1.1066,0.336,-0.0082,0.0015,-1.2047,-2.5376,-0.1146,0.9017,-0.0222,0.0038,-1.0684,0.3653,-1.5608,0.333,-0.0082,0.0015,,,0.9916,34.3389,18.4,moving
2026-09-21T11:37:22.921+09:00,TEST_0002_TEST_P01,TEST_P01,PULL_TEST,,663.2160034179688,60.33779525756836,486.8372497558594,178.58880615234375,-89.76093292236328,-179.94854736328125,-0.1821,-2.535,1.2021,0.9017,-0.0222,0.0038,-0.9916,0.356,1.1066,0.336,-0.0082,0.0015,-1.2047,-2.5376,-0.1146,0.9017,-0.0222,0.0038,-1.0684,0.3653,-1.5608,0.333,-0.0082,0.0015,,,0.9916,34.8928,18.4,moving
2026-09-21T11:37:22.977+09:00,TEST_0002_TEST_P01,TEST_P01,PULL_TEST,,662.664794921875,60.30184555053711,486.82861328125,178.58587646484375,-89.76136779785156,-179.95077514648438,-0.4703,-2.5119,1.2362,0.8997,-0.0222,0.0038,-1.2798,0.3791,1.1407,0.334,-0.0082,0.0015,-1.2401,-2.5216,-0.4032,0.8997,-0.0222,0.0038,-1.1037,0.3813,-1.8494,0.331,-0.0081,0.0014,,,1.2798,35.444,18.4,moving
2026-09-21T11:37:23.032+09:00,TEST_0002_TEST_P01,TEST_P01,PULL_TEST,,662.1204833984375,60.2785758972168,486.9358825683594,178.583740234375,-89.75276947021484,-179.9478759765625,-0.4703,-2.5119,1.2362,0.8997,-0.0222,0.0038,-1.2798,0.3791,1.1407,0.334,-0.0082,0.0015,-1.2401,-2.5216,-0.4032,0.8997,-0.0222,0.0038,-1.1037,0.3813,-1.8494,0.331,-0.0081,0.0014,,,1.2798,35.9883,18.4,moving
2026-09-21T11:37:23.088+09:00,TEST_0002_TEST_P01,TEST_P01,PULL_TEST,,661.5553588867188,60.292449951171875,486.90106201171875,178.5854034423828,-89.7554931640625,-179.95213317871094,-0.3322,-2.5598,1.0874,0.8957,-0.0221,0.0038,-1.1417,0.3312,0.9919,0.33,-0.0082,0.0014,-1.0908,-2.5663,-0.2641,0.8957,-0.0221,0.0038,-0.9545,0.3367,-1.7104,0.327,-0.0081,0.0014,,,1.1417,36.5535,18.4,moving
2026-09-21T11:37:23.143+09:00,TEST_0002_TEST_P01,TEST_P01,PULL_TEST,,660.9993896484375,60.30803680419922,486.8664245605469,178.5868377685547,-89.75855255126953,-179.94667053222656,-0.1778,-2.5214,1.1585,0.8929,-0.022,0.0038,-0.9872,0.3696,1.063,0.3272,-0.0081,0.0015,-1.1614,-2.5239,-0.1106,0.8929,-0.022,0.0038,-1.025,0.379,-1.5568,0.3242,-0.008,0.0014,,,0.9872,37.1094,18.4,moving
2026-09-21T11:37:23.201+09:00,TEST_0002_TEST_P01,TEST_P01,PULL_TEST,,660.4226684570312,60.29669189453125,486.92816162109375,178.58604431152344,-89.75336456298828,-179.95074462890625,-0.1778,-2.5214,1.1585,0.8929,-0.022,0.0038,-0.9872,0.3696,1.063,0.3272,-0.0081,0.0015,-1.1614,-2.5239,-0.1106,0.8929,-0.022,0.0038,-1.025,0.379,-1.5568,0.3242,-0.008,0.0014,,,0.9872,37.6862,18.4,moving
2026-09-21T11:37:23.258+09:00,TEST_0002_TEST_P01,TEST_P01,PULL_TEST,,659.8616943359375,60.27445983886719,486.94696044921875,178.5839385986328,-89.75196075439453,-179.9445037841797,-0.1752,-2.4799,1.2906,0.8893,-0.022,0.0038,-0.9847,0.4111,1.1951,0.3236,-0.008,0.0015,-1.2934,-2.4823,-0.1083,0.8893,-0.022,0.0038,-1.157,0.4207,-1.5545,0.3206,-0.0079,0.0015,,,0.9847,38.2471,18.4,moving
2026-09-21T11:37:23.314+09:00,TEST_0002_TEST_P01,TEST_P01,PULL_TEST,,659.3075561523438,60.27115249633789,486.87567138671875,178.58352661132812,-89.75762939453125,-179.94886779785156,-0.1752,-2.4799,1.2906,0.8893,-0.022,0.0038,-0.9847,0.4111,1.1951,0.3236,-0.008,0.0015,-1.2934,-2.4823,-0.1083,0.8893,-0.022,0.0038,-1.157,0.4207,-1.5545,0.3206,-0.0079,0.0015,,,0.9847,38.8013,18.4,moving
2026-09-21T11:37:23.371+09:00,TEST_0002_TEST_P01,TEST_P01,PULL_TEST,,658.7337646484375,60.29507827758789,486.8408508300781,178.585693359375,-89.7602767944336,-179.94442749023438,-0.2241,-2.5401,1.1325,0.8814,-0.0218,0.0038,-1.0336,0.3509,1.037,0.3156,-0.0078,0.0014,-1.1354,-2.5438,-0.1565,0.8814,-0.0218,0.0038,-0.9991,0.3591,-1.6027,0.3126,-0.0078,0.0014,,,1.0336,39.3751,18.6,moving
2026-09-21T11:37:23.426+09:00,TEST_0002_TEST_P01,TEST_P01,PULL_TEST,,658.1759643554688,60.300716400146484,486.8063049316406,178.58596801757812,-89.7632064819336,-179.9484405517578,-0.2241,-2.5401,1.1325,0.8814,-0.0218,0.0038,-1.0336,0.3509,1.037,0.3156,-0.0078,0.0014,-1.1354,-2.5438,-0.1565,0.8814,-0.0218,0.0038,-0.9991,0.3591,-1.6027,0.3126,-0.0078,0.0014,,,1.0336,39.9329,18.4,moving
2026-09-21T11:37:23.481+09:00,TEST_0002_TEST_P01,TEST_P01,PULL_TEST,,657.6400756835938,60.27609634399414,486.8612060546875,178.58375549316406,-89.75849151611328,-179.95167541503906,-0.0059,-2.481,1.0874,0.8817,-0.0218,0.0037,-0.8154,0.41,0.9919,0.3159,-0.0078,0.0014,-1.0893,-2.4794,0.0598,0.8817,-0.0218,0.0037,-0.953,0.4235,-1.3864,0.3129,-0.0077,0.0013,,,0.8154,40.4688,18.4,moving
2026-09-21T11:37:23.538+09:00,TEST_0002_TEST_P01,TEST_P01,PULL_TEST,,657.066650390625,60.241451263427734,486.88055419921875,178.5806884765625,-89.75677490234375,-179.95248413085938,0.1393,-2.4619,1.3643,0.8859,-0.0219,0.0038,-0.6702,0.429,1.2688,0.3201,-0.008,0.0014,-1.3654,-2.4566,0.206,0.8859,-0.0219,0.0038,-1.2291,0.4464,-1.2402,0.3171,-0.0079,0.0014,,,0.6702,41.0422,18.4,moving
2026-09-21T11:37:23.594+09:00,TEST_0002_TEST_P01,TEST_P01,PULL_TEST,,656.51611328125,60.24525451660156,486.851806640625,178.58128356933594,-89.75907135009766,-179.95213317871094,0.1393,-2.4619,1.3643,0.8859,-0.0219,0.0038,-0.6702,0.429,1.2688,0.3201,-0.008,0.0014,-1.3654,-2.4566,0.206,0.8859,-0.0219,0.0038,-1.2291,0.4464,-1.2402,0.3171,-0.0079,0.0014,,,0.6702,41.5927,18.4,moving
2026-09-21T11:37:23.649+09:00,TEST_0002_TEST_P01,TEST_P01,PULL_TEST,,655.97314453125,60.277198791503906,486.8485412597656,178.5835418701172,-89.75965118408203,-179.94580078125,-0.3166,-2.5166,1.2257,0.8796,-0.0218,0.0037,-1.1261,0.3744,1.1302,0.3139,-0.0078,0.0013,-1.2291,-2.5225,-0.2492,0.8796,-0.0218,0.0037,-1.0928,0.3805,-1.6954,0.3109,-0.0077,0.0013,,,1.1261,42.1357,18.4,moving
2026-09-21T11:37:23.706+09:00,TEST_0002_TEST_P01,TEST_P01,PULL_TEST,,655.4026489257812,60.2858772277832,486.8968505859375,178.58474731445312,-89.7553939819336,-179.95010375976562,-0.3166,-2.5166,1.2257,0.8796,-0.0218,0.0037,-1.1261,0.3744,1.1302,0.3139,-0.0078,0.0013,-1.2291,-2.5225,-0.2492,0.8796,-0.0218,0.0037,-1.0928,0.3805,-1.6954,0.3109,-0.0077,0.0013,,,1.1261,42.7062,18.4,moving
2026-09-21T11:37:23.762+09:00,TEST_0002_TEST_P01,TEST_P01,PULL_TEST,,654.8343505859375,60.26405334472656,486.9045715332031,178.58287048339844,-89.7549057006836,-179.94691467285156,0.0207,-2.4762,1.0544,0.8842,-0.0219,0.0038,-0.7887,0.4148,0.9589,0.3185,-0.0079,0.0014,-1.0564,-2.4739,0.0865,0.8842,-0.0219,0.0038,-0.92,0.429,-1.3598,0.3155,-0.0078,0.0014,,,0.7887,43.2745,18.4,moving
2026-09-21T11:37:23.819+09:00,TEST_0002_TEST_P01,TEST_P01,PULL_TEST,,654.2942504882812,60.2542724609375,486.8192138671875,178.5821075439453,-89.76203918457031,-179.9525909423828,0.0207,-2.4762,1.0544,0.8842,-0.0219,0.0038,-0.7887,0.4148,0.9589,0.3185,-0.0079,0.0014,-1.0564,-2.4739,0.0865,0.8842,-0.0219,0.0038,-0.92,0.429,-1.3598,0.3155,-0.0078,0.0014,,,0.7887,43.8146,18.4,moving
2026-09-21T11:37:23.875+09:00,TEST_0002_TEST_P01,TEST_P01,PULL_TEST,,653.729248046875,60.27077865600586,486.7435302734375,178.58358764648438,-89.76856231689453,-179.94747924804688,0.0143,-2.505,1.2334,0.8835,-0.0219,0.0037,-0.7951,0.386,1.1379,0.3178,-0.0079,0.0014,-1.2353,-2.5028,0.0813,0.8835,-0.0219,0.0037,-1.0989,0.4002,-1.3649,0.3148,-0.0078,0.0014,,,0.7951,44.3796,18.4,moving
2026-09-21T11:37:23.931+09:00,TEST_0002_TEST_P01,TEST_P01,PULL_TEST,,653.152587890625,60.3057975769043,486.7759704589844,178.58712768554688,-89.76548767089844,-179.954833984375,0.0143,-2.505,1.2334,0.8835,-0.0219,0.0037,-0.7951,0.386,1.1379,0.3178,-0.0079,0.0014,-1.2353,-2.5028,0.0813,0.8835,-0.0219,0.0037,-1.0989,0.4002,-1.3649,0.3148,-0.0078,0.0014,,,0.7951,44.9562,18.4,moving
2026-09-21T11:37:23.988+09:00,TEST_0002_TEST_P01,TEST_P01,PULL_TEST,,652.5966186523438,60.302486419677734,486.8882751464844,178.58609008789062,-89.75630950927734,-179.94715881347656,-0.2597,-2.4709,1.2149,0.8867,-0.0219,0.0036,-1.0691,0.4201,1.1194,0.321,-0.0079,0.0013,-1.2176,-2.4756,-0.1936,0.8867,-0.0219,0.0036,-1.0813,0.4274,-1.6399,0.318,-0.0079,0.0013,,,1.0691,45.5122,18.4,moving
2026-09-21T11:37:24.043+09:00,TEST_0002_TEST_P01,TEST_P01,PULL_TEST,,652.0459594726562,60.306400299072266,486.8104553222656,178.58639526367188,-89.76249694824219,-179.95314025878906,-0.218,-2.4581,1.182,0.8917,-0.022,0.0037,-1.0274,0.4329,1.0865,0.3259,-0.0081,0.0014,-1.1847,-2.4617,-0.1524,0.8917,-0.022,0.0037,-1.0484,0.4412,-1.5986,0.3229,-0.008,0.0014,,,1.0274,46.0629,18.4,moving
2026-09-21T11:37:24.101+09:00,TEST_0002_TEST_P01,TEST_P01,PULL_TEST,,651.4530639648438,60.32657241821289,486.7898864746094,178.58831787109375,-89.76423645019531,-179.94374084472656,-0.218,-2.4581,1.182,0.8917,-0.022,0.0037,-1.0274,0.4329,1.0865,0.3259,-0.0081,0.0014,-1.1847,-2.4617,-0.1524,0.8917,-0.022,0.0037,-1.0484,0.4412,-1.5986,0.3229,-0.008,0.0014,,,1.0274,46.6558,18.4,moving
2026-09-21T11:37:24.157+09:00,TEST_0002_TEST_P01,TEST_P01,PULL_TEST,,650.8800048828125,60.3636474609375,486.85760498046875,178.59178161621094,-89.7581558227539,-179.9513397216797,-0.1509,-2.4977,1.0929,0.8978,-0.0221,0.0037,-0.9604,0.3933,0.9974,0.332,-0.0082,0.0014,-1.0955,-2.4997,-0.0848,0.8978,-0.0221,0.0037,-0.9592,0.4033,-1.531,0.329,-0.0081,0.0014,,,0.9604,47.2288,18.4,moving
2026-09-21T11:37:24.214+09:00,TEST_0002_TEST_P01,TEST_P01,PULL_TEST,,650.3306884765625,60.3645133972168,486.8689880371094,178.59161376953125,-89.75750732421875,-179.9511260986328,-0.1509,-2.4977,1.0929,0.8978,-0.0221,0.0037,-0.9604,0.3933,0.9974,0.332,-0.0082,0.0014,-1.0955,-2.4997,-0.0848,0.8978,-0.0221,0.0037,-0.9592,0.4033,-1.531,0.329,-0.0081,0.0014,,,0.9604,47.7781,18.4,moving
2026-09-21T11:37:24.269+09:00,TEST_0002_TEST_P01,TEST_P01,PULL_TEST,,649.7485961914062,60.338951110839844,486.8511047363281,178.5899200439453,-89.75861358642578,-179.95327758789062,-0.0768,-2.4265,1.2568,0.9133,-0.0225,0.0039,-0.8862,0.4645,1.1613,0.3475,-0.0085,0.0015,-1.2589,-2.4266,-0.0118,0.9133,-0.0225,0.0039,-1.1225,0.4764,-1.458,0.3445,-0.0084,0.0015,,,0.8862,48.3602,18.4,moving
2026-09-21T11:37:24.325+09:00,TEST_0002_TEST_P01,TEST_P01,PULL_TEST,,649.1845092773438,60.33335876464844,486.83154296875,178.5895538330078,-89.7603759765625,-179.94467163085938,-0.0768,-2.4265,1.2568,0.9133,-0.0225,0.0039,-0.8862,0.4645,1.1613,0.3475,-0.0085,0.0015,-1.2589,-2.4266,-0.0118,0.9133,-0.0225,0.0039,-1.1225,0.4764,-1.458,0.3445,-0.0084,0.0015,,,0.8862,48.9243,18.4,moving
2026-09-21T11:37:24.382+09:00,TEST_0002_TEST_P01,TEST_P01,PULL_TEST,,648.7328491210938,60.362457275390625,486.81427001953125,178.59164428710938,-89.7621841430664,-179.95359802246094,-0.375,-2.48,1.2751,0.9133,-0.0225,0.0038,-1.1845,0.411,1.1796,0.3476,-0.0085,0.0015,-1.2787,-2.4873,-0.3086,0.9133,-0.0225,0.0038,-1.1424,0.4157,-1.7548,0.3446,-0.0085,0.0015,,,1.1845,49.376,18.4,moving
2026-09-21T11:38:04.092+09:00,TEST_0003_TEST_P01,TEST_P01,SOFT_GRIP_ENTRY,SOFT_GRIP_COMMAND,673.2715454101562,60.50529861450195,486.6844482421875,178.5957489013672,-89.77916717529297,-179.94155883789062,-3.3302,-2.6948,0.7781,0.202,-0.0049,0.0008,0.0,0.0,0.0,0.0,0.0,0.0,-0.7935,-2.7748,-3.2601,0.202,-0.0049,0.0008,0.0,0.0,0.0,0.0,0.0,0.0,,,,,110.3,holding
2026-09-21T11:38:07.816+09:00,TEST_0003_TEST_P01,TEST_P01,SOFT_GRIP_ENTRY,ENTRY_MOTION_START_WIDTH_REACHED,673.0921630859375,60.37814712524414,486.8904113769531,178.58953857421875,-89.76278686523438,-179.94998168945312,-2.4593,-2.3656,0.9583,0.4462,-0.011,0.0018,0.8709,0.3292,0.1802,0.2443,-0.006,0.0011,-0.9704,-2.4245,-2.3963,0.4462,-0.011,0.0018,-0.1768,0.3502,0.8638,0.2443,-0.006,0.0011,,,,,24.8,moving
2026-09-21T11:38:07.849+09:00,TEST_0003_TEST_P01,TEST_P01,SOFT_GRIP_ENTRY,,673.0926513671875,60.37823486328125,486.8878479003906,178.58953857421875,-89.76300048828125,-179.9500274658203,-2.4766,-2.3686,0.9695,0.4468,-0.011,0.0019,0.8536,0.3262,0.1914,0.2449,-0.0061,0.0011,-0.9816,-2.428,-2.4135,0.4468,-0.011,0.0019,-0.1881,0.3468,0.8466,0.2449,-0.0061,0.0011,0.8536,-0.1801,,,24.6,moving
2026-09-21T11:38:07.905+09:00,TEST_0003_TEST_P01,TEST_P01,SOFT_GRIP_ENTRY,,673.0944213867188,60.3798713684082,486.88446044921875,178.58966064453125,-89.76326751708984,-179.95022583007812,-2.4766,-2.3686,0.9695,0.4468,-0.011,0.0019,0.8536,0.3262,0.1914,0.2449,-0.0061,0.0011,-0.9816,-2.428,-2.4135,0.4468,-0.011,0.0019,-0.1881,0.3468,0.8466,0.2449,-0.0061,0.0011,0.8536,-0.1783,,,24.3,moving
2026-09-21T11:38:07.962+09:00,TEST_0003_TEST_P01,TEST_P01,SOFT_GRIP_ENTRY,,673.1337280273438,60.38741683959961,486.8118896484375,178.58982849121094,-89.76927185058594,-179.95220947265625,-2.6445,-2.3793,0.9851,0.4473,-0.011,0.0018,0.6857,0.3154,0.2069,0.2454,-0.0061,0.0011,-0.9978,-2.4428,-2.5811,0.4473,-0.011,0.0018,-0.2042,0.3319,0.6791,0.2454,-0.0061,0.0011,0.6857,-0.139,,,23.9,moving
2026-09-21T11:38:08.017+09:00,TEST_0003_TEST_P01,TEST_P01,SOFT_GRIP_ENTRY,,673.27978515625,60.420310974121094,486.5699768066406,178.5919952392578,-89.78871154785156,-179.96636962890625,-2.6445,-2.3793,0.9851,0.4473,-0.011,0.0018,0.6857,0.3154,0.2069,0.2454,-0.0061,0.0011,-0.9978,-2.4428,-2.5811,0.4473,-0.011,0.0018,-0.2042,0.3319,0.6791,0.2454,-0.0061,0.0011,0.6857,0.007,,,23.6,moving
2026-09-21T11:38:08.072+09:00,TEST_0003_TEST_P01,TEST_P01,SOFT_GRIP_ENTRY,,673.5752563476562,60.441917419433594,486.30645751953125,178.59458923339844,-89.81175231933594,-179.9790496826172,-4.0754,-2.4103,1.1025,0.4907,-0.0121,0.0019,-0.7452,0.2845,0.3244,0.2887,-0.0071,0.0011,-1.1179,-2.5091,-4.0111,0.4907,-0.0121,0.0019,-0.3243,0.2657,-0.751,0.2887,-0.0071,0.0011,0.7452,0.3025,,,23.3,moving
2026-09-21T11:38:08.128+09:00,TEST_0003_TEST_P01,TEST_P01,SOFT_GRIP_ENTRY,,674.0759887695312,60.46100616455078,486.3717346191406,178.59568786621094,-89.80757904052734,-179.97378540039062,-4.0754,-2.4103,1.1025,0.4907,-0.0121,0.0019,-0.7452,0.2845,0.3244,0.2887,-0.0071,0.0011,-1.1179,-2.5091,-4.0111,0.4907,-0.0121,0.0019,-0.3243,0.2657,-0.751,0.2887,-0.0071,0.0011,0.7452,0.8032,,,22.9,moving
2026-09-21T11:38:08.184+09:00,TEST_0003_TEST_P01,TEST_P01,SOFT_GRIP_ENTRY,,674.6480102539062,60.479976654052734,486.37078857421875,178.5968017578125,-89.80884552001953,-179.96517944335938,-5.0618,-2.3343,0.6438,0.424,-0.0104,0.0014,-1.7316,0.3605,-0.1344,0.222,-0.0055,0.0007,-0.6618,-2.4573,-5.0009,0.424,-0.0104,0.0014,0.1317,0.3175,-1.7408,0.222,-0.0055,0.0007,1.7316,1.3752,,,22.4,moving
2026-09-21T11:38:08.241+09:00,TEST_0003_TEST_P01,TEST_P01,SOFT_GRIP_ENTRY,,675.22802734375,60.505619049072266,486.38116455078125,178.5987548828125,-89.80902862548828,-179.9634246826172,-4.3815,-2.225,0.8033,0.4034,-0.0099,0.0014,-1.0513,0.4698,0.0252,0.2014,-0.0049,0.0006,-0.8192,-2.331,-4.3231,0.4034,-0.0099,0.0014,-0.0256,0.4438,-1.063,0.2014,-0.0049,0.0006,1.0513,1.9553,,,21.6,moving
2026-09-21T11:38:08.296+09:00,TEST_0003_TEST_P01,TEST_P01,SOFT_GRIP_ENTRY,,675.8038330078125,60.52790832519531,486.4688415527344,178.6006317138672,-89.80206298828125,-179.9586944580078,-4.3815,-2.225,0.8033,0.4034,-0.0099,0.0014,-1.0513,0.4698,0.0252,0.2014,-0.0049,0.0006,-0.8192,-2.331,-4.3231,0.4034,-0.0099,0.0014,-0.0256,0.4438,-1.063,0.2014,-0.0049,0.0006,1.0513,2.5311,,,19.6,moving
2026-09-21T11:38:08.353+09:00,TEST_0003_TEST_P01,TEST_P01,SOFT_GRIP_ENTRY,,676.4135131835938,60.52702713012695,486.4821472167969,178.60035705566406,-89.80147552490234,-179.95651245117188,-4.6855,-2.1929,0.5191,0.4098,-0.01,0.0014,-1.3553,0.5019,-0.2591,0.2078,-0.0051,0.0006,-0.5372,-2.3062,-4.6287,0.4098,-0.01,0.0014,0.2563,0.4686,-1.3686,0.2078,-0.0051,0.0006,1.3553,3.1407,,,18.8,moving
2026-09-21T11:38:08.410+09:00,TEST_0003_TEST_P01,TEST_P01,SOFT_GRIP_ENTRY,,676.9829711914062,60.484039306640625,486.4954528808594,178.5965576171875,-89.80057525634766,-179.9619598388672,-4.6855,-2.1929,0.5191,0.4098,-0.01,0.0014,-1.3553,0.5019,-0.2591,0.2078,-0.0051,0.0006,-0.5372,-2.3062,-4.6287,0.4098,-0.01,0.0014,0.2563,0.4686,-1.3686,0.2078,-0.0051,0.0006,1.3553,3.7102,,,18.8,moving
2026-09-21T11:38:08.465+09:00,TEST_0003_TEST_P01,TEST_P01,SOFT_GRIP_ENTRY,,677.54150390625,60.47307205200195,486.598876953125,178.59605407714844,-89.79206848144531,-179.9586944580078,-4.273,-2.1673,0.0748,0.4103,-0.01,0.0014,-0.9428,0.5274,-0.7033,0.2084,-0.0051,0.0006,-0.0912,-2.2713,-4.2183,0.4103,-0.01,0.0014,0.7023,0.5034,-0.9582,0.2084,-0.0051,0.0006,0.9428,4.2687,,,18.8,moving
2026-09-21T11:38:08.521+09:00,TEST_0003_TEST_P01,TEST_P01,SOFT_GRIP_ENTRY,,678.1218872070312,60.48914337158203,486.62109375,178.596923828125,-89.79026794433594,-179.95570373535156,-4.273,-2.1673,0.0748,0.4103,-0.01,0.0014,-0.9428,0.5274,-0.7033,0.2084,-0.0051,0.0006,-0.0912,-2.2713,-4.2183,0.4103,-0.01,0.0014,0.7023,0.5034,-0.9582,0.2084,-0.0051,0.0006,0.9428,4.8491,,,18.8,moving
2026-09-21T11:38:08.576+09:00,TEST_0003_TEST_P01,TEST_P01,SOFT_GRIP_ENTRY,,678.6751708984375,60.495941162109375,486.6818542480469,178.59719848632812,-89.78529357910156,-179.9563751220703,-4.9193,-2.153,-0.2194,0.4057,-0.0099,0.0015,-1.5891,0.5418,-0.9975,0.2038,-0.005,0.0007,0.1995,-2.2729,-4.8659,0.4057,-0.0099,0.0015,0.9931,0.5018,-1.6058,0.2038,-0.005,0.0007,1.5891,5.4024,,,18.8,moving
2026-09-21T11:38:08.632+09:00,TEST_0003_TEST_P01,TEST_P01,SOFT_GRIP_ENTRY,,679.2271728515625,60.47216033935547,486.7497253417969,178.59536743164062,-89.7794418334961,-179.95167541503906,-4.9193,-2.153,-0.2194,0.4057,-0.0099,0.0015,-1.5891,0.5418,-0.9975,0.2038,-0.005,0.0007,0.1995,-2.2729,-4.8659,0.4057,-0.0099,0.0015,0.9931,0.5018,-1.6058,0.2038,-0.005,0.0007,1.5891,5.9544,,,18.8,moving
2026-09-21T11:38:08.690+09:00,TEST_0003_TEST_P01,TEST_P01,SOFT_GRIP_ENTRY,,679.8197021484375,60.444252014160156,486.81207275390625,178.5926971435547,-89.77418518066406,-179.9492645263672,-4.568,-2.1482,-0.2584,0.4092,-0.01,0.0016,-1.2378,0.5465,-1.0365,0.2073,-0.0051,0.0008,0.2391,-2.2598,-4.5149,0.4092,-0.01,0.0016,1.0327,0.515,-1.2548,0.2073,-0.0051,0.0008,1.2378,6.5469,,,18.8,moving
2026-09-21T11:38:08.746+09:00,TEST_0003_TEST_P01,TEST_P01,SOFT_GRIP_ENTRY,,680.3710327148438,60.448486328125,486.890380859375,178.5930633544922,-89.7677230834961,-179.9507598876953,-5.4276,-2.063,-0.2255,0.4156,-0.0102,0.0016,-2.0974,0.6318,-1.0036,0.2137,-0.0053,0.0009,0.202,-2.1958,-5.3762,0.4156,-0.0102,0.0016,0.9956,0.5789,-2.1161,0.2137,-0.0053,0.0009,2.0974,7.0983,,,18.8,moving
2026-09-21T11:38:08.802+09:00,TEST_0003_TEST_P01,TEST_P01,SOFT_GRIP_ENTRY,,680.90771484375,60.471107482910156,486.8133544921875,178.5954132080078,-89.77381134033203,-179.94949340820312,-5.4276,-2.063,-0.2255,0.4156,-0.0102,0.0016,-2.0974,0.6318,-1.0036,0.2137,-0.0053,0.0009,0.202,-2.1958,-5.3762,0.4156,-0.0102,0.0016,0.9956,0.5789,-2.1161,0.2137,-0.0053,0.0009,2.0974,7.6349,,,18.8,moving
2026-09-21T11:38:08.858+09:00,TEST_0003_TEST_P01,TEST_P01,SOFT_GRIP_ENTRY,,681.4783935546875,60.49364471435547,486.8228759765625,178.59716796875,-89.77326202392578,-179.9499053955078,-5.7059,-2.1987,-0.1206,0.4198,-0.0103,0.0017,-2.3758,0.4961,-0.8987,0.2178,-0.0053,0.0009,0.0961,-2.3379,-5.6508,0.4198,-0.0103,0.0017,0.8897,0.4369,-2.3907,0.2178,-0.0053,0.0009,2.3758,8.2056,,,18.8,moving
2026-09-21T11:38:08.914+09:00,TEST_0003_TEST_P01,TEST_P01,SOFT_GRIP_ENTRY,,682.0531005859375,60.49022674560547,486.91607666015625,178.59693908691406,-89.76579284667969,-179.95240783691406,-5.7059,-2.1987,-0.1206,0.4198,-0.0103,0.0017,-2.3758,0.4961,-0.8987,0.2178,-0.0053,0.0009,0.0961,-2.3379,-5.6508,0.4198,-0.0103,0.0017,0.8897,0.4369,-2.3907,0.2178,-0.0053,0.0009,2.3758,8.7803,,,18.8,moving
2026-09-21T11:38:08.970+09:00,TEST_0003_TEST_P01,TEST_P01,SOFT_GRIP_ENTRY,,682.61669921875,60.4557991027832,486.9803161621094,178.59434509277344,-89.76040649414062,-179.9491729736328,-6.3179,-2.0837,0.192,0.4317,-0.0106,0.0017,-2.9877,0.6111,-0.5861,0.2298,-0.0056,0.001,-0.2195,-2.2377,-6.2641,0.4317,-0.0106,0.0017,0.574,0.5371,-3.004,0.2298,-0.0056,0.001,2.9877,9.3439,,,18.8,moving
2026-09-21T11:38:09.026+09:00,TEST_0003_TEST_P01,TEST_P01,SOFT_GRIP_ENTRY,,683.1796875,60.433650970458984,486.937255859375,178.59243774414062,-89.7639389038086,-179.9480743408203,-6.3179,-2.0837,0.192,0.4317,-0.0106,0.0017,-2.9877,0.6111,-0.5861,0.2298,-0.0056,0.001,-0.2195,-2.2377,-6.2641,0.4317,-0.0106,0.0017,0.574,0.5371,-3.004,0.2298,-0.0056,0.001,2.9877,9.9069,,,18.8,moving
2026-09-21T11:38:09.082+09:00,TEST_0003_TEST_P01,TEST_P01,SOFT_GRIP_ENTRY,,683.7499389648438,60.44267654418945,486.8364562988281,178.5929412841797,-89.77225494384766,-179.95518493652344,-7.278,-2.0652,0.2266,0.4296,-0.0105,0.0018,-3.9478,0.6296,-0.5515,0.2277,-0.0056,0.001,-0.2585,-2.2431,-7.224,0.4296,-0.0105,0.0018,0.535,0.5316,-3.9639,0.2277,-0.0056,0.001,3.9478,10.4772,,,18.8,moving
2026-09-21T11:38:09.137+09:00,TEST_0003_TEST_P01,TEST_P01,SOFT_GRIP_ENTRY,,684.3110961914062,60.45694351196289,486.854736328125,178.59425354003906,-89.7707290649414,-179.95330810546875,-7.1679,-2.0383,0.3648,0.4338,-0.0107,0.0017,-3.8377,0.6565,-0.4133,0.2318,-0.0057,0.001,-0.3951,-2.2132,-7.1142,0.4338,-0.0107,0.0017,0.3985,0.5616,-3.8541,0.2318,-0.0057,0.001,3.8377,11.0383,,,18.8,moving
2026-09-21T11:38:09.193+09:00,TEST_0003_TEST_P01,TEST_P01,SOFT_GRIP_ENTRY,,684.8831176757812,60.43893051147461,486.9127502441406,178.5924072265625,-89.76596069335938,-179.94859313964844,-7.1679,-2.0383,0.3648,0.4338,-0.0107,0.0017,-3.8377,0.6565,-0.4133,0.2318,-0.0057,0.001,-0.3951,-2.2132,-7.1142,0.4338,-0.0107,0.0017,0.3985,0.5616,-3.8541,0.2318,-0.0057,0.001,3.8377,11.6104,,,18.8,moving
2026-09-21T11:38:09.249+09:00,TEST_0003_TEST_P01,TEST_P01,SOFT_GRIP_ENTRY,,685.4498901367188,60.396121978759766,486.79296875,178.58856201171875,-89.77566528320312,-179.9527587890625,-6.8907,-1.996,0.5351,0.4324,-0.0106,0.0017,-3.5605,0.6987,-0.2431,0.2305,-0.0057,0.001,-0.5638,-2.1646,-6.8373,0.4324,-0.0106,0.0017,0.2298,0.6102,-3.5772,0.2305,-0.0057,0.001,3.5605,12.1771,,,18.8,moving
2026-09-21T11:38:09.305+09:00,TEST_0003_TEST_P01,TEST_P01,SOFT_GRIP_ENTRY,,685.9983520507812,60.36993408203125,486.8211364746094,178.58668518066406,-89.77294921875,-179.9508514404297,-6.8907,-1.996,0.5351,0.4324,-0.0106,0.0017,-3.5605,0.6987,-0.2431,0.2305,-0.0057,0.001,-0.5638,-2.1646,-6.8373,0.4324,-0.0106,0.0017,0.2298,0.6102,-3.5772,0.2305,-0.0057,0.001,3.5605,12.7256,,,18.8,moving
2026-09-21T11:38:09.361+09:00,TEST_0003_TEST_P01,TEST_P01,SOFT_GRIP_ENTRY,,686.5499267578125,60.3705940246582,486.9169616699219,178.58689880371094,-89.76509857177734,-179.9457550048828,-6.8685,-1.9354,0.374,0.427,-0.0105,0.0017,-3.5383,0.7594,-0.4042,0.2251,-0.0056,0.0009,-0.4039,-2.1038,-6.817,0.427,-0.0105,0.0017,0.3896,0.6709,-3.5569,0.2251,-0.0056,0.0009,3.5383,13.2772,,,18.8,moving
2026-09-21T11:38:09.416+09:00,TEST_0003_TEST_P01,TEST_P01,SOFT_GRIP_ENTRY,,687.1126708984375,60.38107681274414,486.9576110839844,178.58743286132812,-89.76188659667969,-179.9469451904297,-6.8685,-1.9354,0.374,0.427,-0.0105,0.0017,-3.5383,0.7594,-0.4042,0.2251,-0.0056,0.0009,-0.4039,-2.1038,-6.817,0.427,-0.0105,0.0017,0.3896,0.6709,-3.5569,0.2251,-0.0056,0.0009,3.5383,13.8399,,,18.8,moving
2026-09-21T11:38:09.472+09:00,TEST_0003_TEST_P01,TEST_P01,SOFT_GRIP_ENTRY,,687.6713256835938,60.38373947143555,486.9620666503906,178.587890625,-89.76139068603516,-179.95101928710938,-6.6666,-1.968,0.4881,0.4306,-0.0106,0.0018,-3.3364,0.7267,-0.2901,0.2286,-0.0057,0.001,-0.5171,-2.1313,-6.614,0.4306,-0.0106,0.0018,0.2765,0.6435,-3.3539,0.2286,-0.0057,0.001,3.3364,14.3986,,,18.8,moving
2026-09-21T11:38:09.528+09:00,TEST_0003_TEST_P01,TEST_P01,SOFT_GRIP_ENTRY,,688.2097778320312,60.36505126953125,486.9207763671875,178.58685302734375,-89.76478576660156,-179.9500732421875,-6.6666,-1.968,0.4881,0.4306,-0.0106,0.0018,-3.3364,0.7267,-0.2901,0.2286,-0.0057,0.001,-0.5171,-2.1313,-6.614,0.4306,-0.0106,0.0018,0.2765,0.6435,-3.3539,0.2286,-0.0057,0.001,3.3364,14.937,,,18.8,moving
2026-09-21T11:38:09.585+09:00,TEST_0003_TEST_P01,TEST_P01,SOFT_GRIP_ENTRY,,688.7832641601562,60.35273361206055,486.95416259765625,178.585693359375,-89.7623062133789,-179.94805908203125,-7.3177,-1.9107,0.7402,0.4262,-0.0105,0.0018,-3.9875,0.7841,-0.038,0.2242,-0.0056,0.001,-0.7721,-2.0899,-7.2652,0.4262,-0.0105,0.0018,0.0215,0.6848,-4.0051,0.2242,-0.0056,0.001,3.9875,15.5105,,,18.8,moving
2026-09-21T11:38:09.641+09:00,TEST_0003_TEST_P01,TEST_P01,SOFT_GRIP_ENTRY,,689.353271484375,60.37166213989258,486.9901123046875,178.5872344970703,-89.75923156738281,-179.95249938964844,-7.55,-2.0311,0.7943,0.4196,-0.0104,0.0018,-4.2198,0.6636,0.0162,0.2176,-0.0054,0.001,-0.8277,-2.216,-7.4942,0.4196,-0.0104,0.0018,-0.0342,0.5588,-4.2341,0.2176,-0.0054,0.001,4.2198,16.0805,,,18.8,moving
2026-09-21T11:38:09.697+09:00,TEST_0003_TEST_P01,TEST_P01,SOFT_GRIP_ENTRY,,689.8944702148438,60.405094146728516,486.9413757324219,178.5904541015625,-89.76313018798828,-179.9528350830078,-7.55,-2.0311,0.7943,0.4196,-0.0104,0.0018,-4.2198,0.6636,0.0162,0.2176,-0.0054,0.001,-0.8277,-2.216,-7.4942,0.4196,-0.0104,0.0018,-0.0342,0.5588,-4.2341,0.2176,-0.0054,0.001,4.2198,16.6217,,,18.8,moving
2026-09-21T11:38:09.753+09:00,TEST_0003_TEST_P01,TEST_P01,SOFT_GRIP_ENTRY,,690.4478149414062,60.430843353271484,486.9107666015625,178.59266662597656,-89.7657241821289,-179.94947814941406,-7.943,-2.071,0.9828,0.4169,-0.0103,0.0017,-4.6129,0.6237,0.2046,0.215,-0.0053,0.0009,-1.0169,-2.2647,-7.8857,0.4169,-0.0103,0.0017,-0.2234,0.5101,-4.6256,0.215,-0.0053,0.0009,4.6129,17.175,,,18.8,moving
2026-09-21T11:38:09.809+09:00,TEST_0003_TEST_P01,TEST_P01,SOFT_GRIP_ENTRY,,691.0088500976562,60.427005767822266,486.9201965332031,178.5921173095703,-89.76480102539062,-179.95053100585938,-7.943,-2.071,0.9828,0.4169,-0.0103,0.0017,-4.6129,0.6237,0.2046,0.215,-0.0053,0.0009,-1.0169,-2.2647,-7.8857,0.4169,-0.0103,0.0017,-0.2234,0.5101,-4.6256,0.215,-0.0053,0.0009,4.6129,17.7361,,,18.8,moving
2026-09-21T11:38:09.864+09:00,TEST_0003_TEST_P01,TEST_P01,SOFT_GRIP_ENTRY,,691.5618896484375,60.399169921875,486.9762268066406,178.5897979736328,-89.75995635986328,-179.95272827148438,-9.2224,-2.0283,0.6203,0.4169,-0.0102,0.0017,-5.8923,0.6665,-0.1578,0.2149,-0.0053,0.0009,-0.6607,-2.2539,-9.1671,0.4169,-0.0102,0.0017,0.1328,0.5209,-5.907,0.2149,-0.0053,0.0009,5.8923,18.2891,,,18.8,moving
2026-09-21T11:38:09.921+09:00,TEST_0003_TEST_P01,TEST_P01,SOFT_GRIP_ENTRY,,692.1324462890625,60.3786506652832,487.0010070800781,178.58795166015625,-89.75772094726562,-179.94757080078125,-9.2224,-2.0283,0.6203,0.4169,-0.0102,0.0017,-5.8923,0.6665,-0.1578,0.2149,-0.0053,0.0009,-0.6607,-2.2539,-9.1671,0.4169,-0.0102,0.0017,0.1328,0.5209,-5.907,0.2149,-0.0053,0.0009,5.8923,18.8597,,,18.8,moving
2026-09-21T11:38:09.978+09:00,TEST_0003_TEST_P01,TEST_P01,SOFT_GRIP_ENTRY,,692.6904907226562,60.393733978271484,486.96087646484375,178.58914184570312,-89.76118469238281,-179.9453887939453,-8.8131,-2.0438,0.8924,0.4077,-0.01,0.0017,-5.4829,0.651,0.1143,0.2057,-0.0051,0.0009,-0.931,-2.2594,-8.7563,0.4077,-0.01,0.0017,-0.1375,0.5153,-5.4962,0.2057,-0.0051,0.0009,5.4829,19.4177,,,18.8,moving
2026-09-21T11:38:10.036+09:00,TEST_0003_TEST_P01,TEST_P01,SOFT_GRIP_ENTRY,,693.265625,60.423057556152344,486.9802551269531,178.5916748046875,-89.75959777832031,-179.948974609375,-8.8131,-2.0438,0.8924,0.4077,-0.01,0.0017,-5.4829,0.651,0.1143,0.2057,-0.0051,0.0009,-0.931,-2.2594,-8.7563,0.4077,-0.01,0.0017,-0.1375,0.5153,-5.4962,0.2057,-0.0051,0.0009,5.4829,19.9929,,,18.8,moving
2026-09-21T11:38:10.093+09:00,TEST_0003_TEST_P01,TEST_P01,SOFT_GRIP_ENTRY,,693.836669921875,60.446693420410156,486.9341735839844,178.5940704345703,-89.7632827758789,-179.95135498046875,-9.4594,-2.0865,0.8677,0.4071,-0.01,0.0017,-6.1292,0.6082,0.0896,0.2051,-0.0051,0.0009,-0.9093,-2.3176,-9.4016,0.4071,-0.01,0.0017,-0.1157,0.4572,-6.1414,0.2051,-0.0051,0.0009,6.1292,20.5639,,,18.8,moving
2026-09-21T11:38:10.150+09:00,TEST_0003_TEST_P01,TEST_P01,SOFT_GRIP_ENTRY,,694.4315795898438,60.43907928466797,486.8800048828125,178.59327697753906,-89.76778411865234,-179.9497528076172,-9.1992,-1.9585,1.2477,0.4065,-0.01,0.0017,-5.8691,0.7363,0.4696,0.2046,-0.005,0.0009,-1.2871,-2.1825,-9.1432,0.4065,-0.01,0.0017,-0.4936,0.5922,-5.8831,0.2046,-0.005,0.0009,5.8691,21.1588,,,18.8,moving
2026-09-21T11:38:10.206+09:00,TEST_0003_TEST_P01,TEST_P01,SOFT_GRIP_ENTRY,,695.0167236328125,60.417259216308594,486.9167785644531,178.59115600585938,-89.76482391357422,-179.94833374023438,-9.1992,-1.9585,1.2477,0.4065,-0.01,0.0017,-5.8691,0.7363,0.4696,0.2046,-0.005,0.0009,-1.2871,-2.1825,-9.1432,0.4065,-0.01,0.0017,-0.4936,0.5922,-5.8831,0.2046,-0.005,0.0009,5.8691,21.744,,,18.8,moving
2026-09-21T11:38:10.263+09:00,TEST_0003_TEST_P01,TEST_P01,SOFT_GRIP_ENTRY,,695.5938720703125,60.41936111450195,486.967529296875,178.5912322998047,-89.76042938232422,-179.95274353027344,-8.994,-1.8474,1.2092,0.4082,-0.01,0.0017,-5.6638,0.8474,0.4311,0.2063,-0.0051,0.0009,-1.2473,-2.0669,-8.9409,0.4082,-0.01,0.0017,-0.4537,0.7078,-5.6808,0.2063,-0.0051,0.0009,5.6638,22.3211,,,18.8,moving
2026-09-21T11:38:10.319+09:00,TEST_0003_TEST_P01,TEST_P01,SOFT_GRIP_ENTRY,,696.149169921875,60.442283630371094,486.94293212890625,178.5931396484375,-89.76225280761719,-179.9536590576172,-8.994,-1.8474,1.2092,0.4082,-0.01,0.0017,-5.6638,0.8474,0.4311,0.2063,-0.0051,0.0009,-1.2473,-2.0669,-8.9409,0.4082,-0.01,0.0017,-0.4537,0.7078,-5.6808,0.2063,-0.0051,0.0009,5.6638,22.8764,,,18.8,moving
2026-09-21T11:38:10.375+09:00,TEST_0003_TEST_P01,TEST_P01,SOFT_GRIP_ENTRY,,696.707763671875,60.4645881652832,486.8387756347656,178.59478759765625,-89.770751953125,-179.95127868652344,-9.1532,-1.8974,1.5997,0.4134,-0.0102,0.0017,-5.8231,0.7974,0.8216,0.2114,-0.0052,0.0009,-1.6393,-2.1201,-9.0972,0.4134,-0.0102,0.0017,-0.8457,0.6547,-5.8371,0.2114,-0.0052,0.0009,5.8231,23.435,,,18.8,moving
2026-09-21T11:38:10.431+09:00,TEST_0003_TEST_P01,TEST_P01,SOFT_GRIP_ENTRY,,697.2345581054688,60.45802307128906,486.87847900390625,178.59420776367188,-89.76753234863281,-179.94798278808594,-9.1532,-1.8974,1.5997,0.4134,-0.0102,0.0017,-5.8231,0.7974,0.8216,0.2114,-0.0052,0.0009,-1.6393,-2.1201,-9.0972,0.4134,-0.0102,0.0017,-0.8457,0.6547,-5.8371,0.2114,-0.0052,0.0009,5.8231,23.9618,,,18.8,moving
2026-09-21T11:38:11.489+09:00,TEST_0003_TEST_P01,TEST_P01,SOFT_GRIP_ENTRY,SOFT_GRIP_STABILIZATION_END,698.1747436523438,60.34267044067383,486.80364990234375,178.5856475830078,-89.77008056640625,-179.94766235351562,-2.4362,-2.0405,0.4463,0.4718,-0.0116,0.0019,0.0,0.0,0.0,0.0,0.0,0.0,-0.4577,-2.0996,-2.3832,0.4718,-0.0116,0.0019,0.0,0.0,0.0,0.0,0.0,0.0,,,,,18.6,moving
2026-09-21T11:38:11.547+09:00,TEST_0003_TEST_P01,TEST_P01,HARD_GRIP,HARD_GRIP_COMMAND,698.1727294921875,60.34462356567383,486.8070983886719,178.58583068847656,-89.76982116699219,-179.94775390625,-2.3367,-2.2127,-0.0712,0.4886,-0.0121,0.002,0.0,0.0,0.0,0.0,0.0,0.0,0.06,-2.2698,-2.2816,0.4886,-0.0121,0.002,0.0,0.0,0.0,0.0,0.0,0.0,,,,,18.6,moving
2026-09-21T11:38:12.550+09:00,TEST_0003_TEST_P01,TEST_P01,HARD_GRIP,HARD_GRIP_STABILIZATION_END,698.1033935546875,60.361244201660156,486.9393310546875,178.5878143310547,-89.7590560913086,-179.94912719726562,4.951,-1.8818,-1.3565,0.5673,-0.014,0.0024,0.0,0.0,0.0,0.0,0.0,0.0,1.3759,-1.7605,4.9901,0.5673,-0.014,0.0024,0.0,0.0,0.0,0.0,0.0,0.0,,,,,18.6,moving
2026-09-21T11:38:12.583+09:00,TEST_0003_TEST_P01,TEST_P01,PULL_TEST,,698.1019897460938,60.36344528198242,486.9417419433594,178.5880126953125,-89.75885772705078,-179.94923400878906,4.951,-1.8818,-1.3565,0.5673,-0.014,0.0024,0.0,0.0,0.0,0.0,0.0,0.0,1.3759,-1.7605,4.9901,0.5673,-0.014,0.0024,0.0,0.0,0.0,0.0,0.0,0.0,,,0.0,0.0014,18.6,moving
2026-09-21T11:38:12.639+09:00,TEST_0003_TEST_P01,TEST_P01,PULL_TEST,,698.0945434570312,60.36339569091797,486.954833984375,178.58810424804688,-89.75780487060547,-179.94903564453125,5.1274,-1.8357,-1.0789,0.5719,-0.0141,0.0024,0.1764,0.0461,0.2776,0.0046,-0.0001,0.0,1.0992,-1.7098,5.1665,0.5719,-0.0141,0.0024,-0.2767,0.0507,0.1764,0.0046,-0.0001,0.0,,,0.1764,0.0089,18.6,moving
2026-09-21T11:38:12.695+09:00,TEST_0003_TEST_P01,TEST_P01,PULL_TEST,,698.0338134765625,60.36332702636719,487.05804443359375,178.58863830566406,-89.74937438964844,-179.9473114013672,5.1274,-1.8357,-1.0789,0.5719,-0.0141,0.0024,0.1764,0.0461,0.2776,0.0046,-0.0001,0.0,1.0992,-1.7098,5.1665,0.5719,-0.0141,0.0024,-0.2767,0.0507,0.1764,0.0046,-0.0001,0.0,,,0.1764,0.0696,18.6,moving
2026-09-21T11:38:12.752+09:00,TEST_0003_TEST_P01,TEST_P01,PULL_TEST,,697.8643798828125,60.36126708984375,487.17169189453125,178.58828735351562,-89.73987579345703,-179.94046020507812,6.4301,-1.8916,-1.366,0.5504,-0.0136,0.0024,1.4791,-0.0098,-0.0095,-0.0169,0.0004,0.0,1.3935,-1.7341,6.4685,0.5504,-0.0136,0.0024,0.0176,0.0264,1.4784,-0.0169,0.0004,0.0,,,1.4791,0.239,18.6,moving
2026-09-21T11:38:12.809+09:00,TEST_0003_TEST_P01,TEST_P01,PULL_TEST,,697.5576171875,60.350406646728516,487.26220703125,178.5867156982422,-89.73149108886719,-179.93899536132812,6.4301,-1.8916,-1.366,0.5504,-0.0136,0.0024,1.4791,-0.0098,-0.0095,-0.0169,0.0004,0.0,1.3935,-1.7341,6.4685,0.5504,-0.0136,0.0024,0.0176,0.0264,1.4784,-0.0169,0.0004,0.0,,,1.4791,0.5458,18.6,moving
2026-09-21T11:38:12.864+09:00,TEST_0003_TEST_P01,TEST_P01,PULL_TEST,,697.0684814453125,60.33126449584961,487.2574768066406,178.58563232421875,-89.731201171875,-179.9387664794922,8.2341,-1.9979,-1.9014,0.5376,-0.0133,0.0025,3.2831,-0.1161,-0.5449,-0.0298,0.0007,0.0001,1.9389,-1.7963,8.2717,0.5376,-0.0133,0.0025,0.563,-0.0358,3.2816,-0.0298,0.0007,0.0001,,,3.2831,1.0349,18.6,moving
2026-09-21T11:38:12.920+09:00,TEST_0003_TEST_P01,TEST_P01,PULL_TEST,,696.50927734375,60.33207321166992,487.19866943359375,178.5860595703125,-89.73535919189453,-179.93809509277344,8.2341,-1.9979,-1.9014,0.5376,-0.0133,0.0025,3.2831,-0.1161,-0.5449,-0.0298,0.0007,0.0001,1.9389,-1.7963,8.2717,0.5376,-0.0133,0.0025,0.563,-0.0358,3.2816,-0.0298,0.0007,0.0001,,,3.2831,1.5941,18.6,moving
2026-09-21T11:38:12.976+09:00,TEST_0003_TEST_P01,TEST_P01,PULL_TEST,,695.9564208984375,60.33720016479492,487.1575012207031,178.58641052246094,-89.73804473876953,-179.94119262695312,7.9439,-2.1812,-1.9795,0.5939,-0.0147,0.0028,2.9929,-0.2994,-0.623,0.0266,-0.0007,0.0004,2.0137,-1.9867,7.9862,0.5939,-0.0147,0.0028,0.6378,-0.2263,2.996,0.0266,-0.0007,0.0004,,,2.9929,2.147,18.6,moving
2026-09-21T11:38:13.032+09:00,TEST_0003_TEST_P01,TEST_P01,PULL_TEST,,695.382080078125,60.31134796142578,487.1826171875,178.58432006835938,-89.73545837402344,-179.94532775878906,7.9439,-2.1812,-1.9795,0.5939,-0.0147,0.0028,2.9929,-0.2994,-0.623,0.0266,-0.0007,0.0004,2.0137,-1.9867,7.9862,0.5939,-0.0147,0.0028,0.6378,-0.2263,2.996,0.0266,-0.0007,0.0004,,,2.9929,2.7213,18.6,moving
2026-09-21T11:38:13.089+09:00,TEST_0003_TEST_P01,TEST_P01,PULL_TEST,,694.7838745117188,60.2828254699707,487.14398193359375,178.58230590820312,-89.73863220214844,-179.944580078125,8.446,-2.2449,-1.9541,0.6829,-0.0169,0.0031,3.4949,-0.363,-0.5977,0.1156,-0.0029,0.0008,1.9914,-2.0374,8.4897,0.6829,-0.0169,0.0031,0.6155,-0.2769,3.4996,0.1156,-0.0029,0.0008,,,3.4949,3.3195,18.6,moving
2026-09-21T11:38:13.145+09:00,TEST_0003_TEST_P01,TEST_P01,PULL_TEST,,694.2185668945312,60.27082443237305,487.0361633300781,178.5811004638672,-89.74720001220703,-179.94183349609375,8.5818,-2.2461,-1.7594,0.7385,-0.0183,0.0033,3.6308,-0.3642,-0.4029,0.1711,-0.0043,0.001,1.7956,-2.0347,8.6269,0.7385,-0.0183,0.0033,0.4197,-0.2742,3.6368,0.1711,-0.0043,0.001,,,3.6308,3.8848,18.6,moving
2026-09-21T11:38:13.201+09:00,TEST_0003_TEST_P01,TEST_P01,PULL_TEST,,693.6340942382812,60.28525161743164,487.02191162109375,178.58274841308594,-89.74819946289062,-179.9419403076172,8.5818,-2.2461,-1.7594,0.7385,-0.0183,0.0033,3.6308,-0.3642,-0.4029,0.1711,-0.0043,0.001,1.7956,-2.0347,8.6269,0.7385,-0.0183,0.0033,0.4197,-0.2742,3.6368,0.1711,-0.0043,0.001,,,3.6308,4.4693,18.6,moving
2026-09-21T11:38:13.257+09:00,TEST_0003_TEST_P01,TEST_P01,PULL_TEST,,693.0513305664062,60.3117561340332,487.1377258300781,178.5852813720703,-89.73886108398438,-179.94410705566406,8.8318,-2.4284,-1.5901,0.7603,-0.0188,0.0034,3.8808,-0.5466,-0.2336,0.193,-0.0048,0.001,1.6279,-2.2112,8.8818,0.7603,-0.0188,0.0034,0.252,-0.4507,3.8917,0.193,-0.0048,0.001,,,3.8808,5.0521,18.6,moving
2026-09-21T11:38:13.313+09:00,TEST_0003_TEST_P01,TEST_P01,PULL_TEST,,692.497314453125,60.31546401977539,487.0888977050781,178.58563232421875,-89.74308013916016,-179.94549560546875,8.8318,-2.4284,-1.5901,0.7603,-0.0188,0.0034,3.8808,-0.5466,-0.2336,0.193,-0.0048,0.001,1.6279,-2.2112,8.8818,0.7603,-0.0188,0.0034,0.252,-0.4507,3.8917,0.193,-0.0048,0.001,,,3.8808,5.6061,18.6,moving
2026-09-21T11:38:13.369+09:00,TEST_0003_TEST_P01,TEST_P01,PULL_TEST,,691.93408203125,60.289039611816406,487.04437255859375,178.58328247070312,-89.74650573730469,-179.9433135986328,8.8152,-2.3871,-1.1509,0.7847,-0.0194,0.0035,3.8642,-0.5052,0.2056,0.2174,-0.0054,0.0011,1.1878,-2.1698,8.8663,0.7847,-0.0194,0.0035,-0.1881,-0.4093,3.8761,0.2174,-0.0054,0.0011,,,3.8642,6.1693,18.6,moving
2026-09-21T11:38:13.424+09:00,TEST_0003_TEST_P01,TEST_P01,PULL_TEST,,691.3113403320312,60.27356719970703,487.1852111816406,178.58323669433594,-89.73475646972656,-179.94322204589844,8.8152,-2.3871,-1.1509,0.7847,-0.0194,0.0035,3.8642,-0.5052,0.2056,0.2174,-0.0054,0.0011,1.1878,-2.1698,8.8663,0.7847,-0.0194,0.0035,-0.1881,-0.4093,3.8761,0.2174,-0.0054,0.0011,,,3.8642,6.7921,18.6,moving
2026-09-21T11:38:13.480+09:00,TEST_0003_TEST_P01,TEST_P01,PULL_TEST,,690.73486328125,60.284324645996094,487.2373046875,178.5843963623047,-89.73060607910156,-179.94638061523438,2.8154,-2.5199,0.1347,0.8125,-0.0201,0.0037,-2.1356,-0.638,1.4912,0.2452,-0.0061,0.0013,-0.1234,-2.4494,2.8774,0.8125,-0.0201,0.0037,-1.4993,-0.6889,-2.1127,0.2452,-0.0061,0.0013,,,2.1356,7.3685,18.6,moving
2026-09-21T11:38:13.535+09:00,TEST_0003_TEST_P01,TEST_P01,PULL_TEST,,690.2044067382812,60.32069396972656,487.11834716796875,178.5869140625,-89.7402572631836,-179.94772338867188,2.8154,-2.5199,0.1347,0.8125,-0.0201,0.0037,-2.1356,-0.638,1.4912,0.2452,-0.0061,0.0013,-0.1234,-2.4494,2.8774,0.8125,-0.0201,0.0037,-1.4993,-0.6889,-2.1127,0.2452,-0.0061,0.0013,,,2.1356,7.899,18.6,moving
2026-09-21T11:38:13.591+09:00,TEST_0003_TEST_P01,TEST_P01,PULL_TEST,,689.639404296875,60.339744567871094,487.0506896972656,178.58851623535156,-89.74559020996094,-179.94497680664062,-0.5054,-2.6273,0.6811,0.8345,-0.0206,0.0038,-5.4564,-0.7455,2.0376,0.2672,-0.0066,0.0015,-0.6855,-2.6384,-0.4374,0.8345,-0.0206,0.0038,-2.0615,-0.8779,-5.4275,0.2672,-0.0066,0.0015,,,5.4564,8.464,18.6,moving
2026-09-21T11:38:13.646+09:00,TEST_0003_TEST_P01,TEST_P01,PULL_TEST,,689.1055297851562,60.33153533935547,487.04962158203125,178.5876922607422,-89.74546813964844,-179.947021484375,-0.9839,-2.6048,0.8031,0.8454,-0.0208,0.0038,-5.9349,-0.723,2.1595,0.2781,-0.0069,0.0014,-0.8096,-2.6275,-0.9158,0.8454,-0.0208,0.0038,-2.1855,-0.8671,-5.906,0.2781,-0.0069,0.0014,,,5.9349,8.9979,18.6,moving
2026-09-21T11:38:13.702+09:00,TEST_0003_TEST_P01,TEST_P01,PULL_TEST,,688.5811157226562,60.31144332885742,486.9746398925781,178.58546447753906,-89.75161743164062,-179.95030212402344,-0.9839,-2.6048,0.8031,0.8454,-0.0208,0.0038,-5.9349,-0.723,2.1595,0.2781,-0.0069,0.0014,-0.8096,-2.6275,-0.9158,0.8454,-0.0208,0.0038,-2.1855,-0.8671,-5.906,0.2781,-0.0069,0.0014,,,5.9349,9.5223,18.6,moving
2026-09-21T11:38:13.759+09:00,TEST_0003_TEST_P01,TEST_P01,PULL_TEST,,688.0015258789062,60.29180908203125,486.9429931640625,178.5839080810547,-89.75425720214844,-179.94757080078125,-1.0068,-2.6158,0.8981,0.8563,-0.0211,0.0038,-5.9579,-0.7339,2.2546,0.289,-0.0072,0.0014,-0.9045,-2.6391,-0.938,0.8563,-0.0211,0.0038,-2.2804,-0.8786,-5.9282,0.289,-0.0072,0.0014,,,5.9579,10.1019,18.6,moving
2026-09-21T11:38:13.816+09:00,TEST_0003_TEST_P01,TEST_P01,PULL_TEST,,687.4414672851562,60.31233596801758,486.98663330078125,178.58570861816406,-89.75054168701172,-179.94473266601562,-1.0068,-2.6158,0.8981,0.8563,-0.0211,0.0038,-5.9579,-0.7339,2.2546,0.289,-0.0072,0.0014,-0.9045,-2.6391,-0.938,0.8563,-0.0211,0.0038,-2.2804,-0.8786,-5.9282,0.289,-0.0072,0.0014,,,5.9579,10.6619,18.6,moving
2026-09-21T11:38:13.872+09:00,TEST_0003_TEST_P01,TEST_P01,PULL_TEST,,686.8988647460938,60.3471794128418,486.9730529785156,178.58843994140625,-89.7517318725586,-179.94786071777344,-0.7998,-2.6187,0.8824,0.861,-0.0213,0.0037,-5.7508,-0.7369,2.2389,0.2937,-0.0073,0.0013,-0.888,-2.6368,-0.7312,0.861,-0.0213,0.0037,-2.2639,-0.8764,-5.7213,0.2937,-0.0073,0.0013,,,5.7508,11.2045,18.6,moving
2026-09-21T11:38:13.927+09:00,TEST_0003_TEST_P01,TEST_P01,PULL_TEST,,686.3297729492188,60.351715087890625,486.95477294921875,178.5890655517578,-89.75340270996094,-179.94602966308594,-0.7998,-2.6187,0.8824,0.861,-0.0213,0.0037,-5.7508,-0.7369,2.2389,0.2937,-0.0073,0.0013,-0.888,-2.6368,-0.7312,0.861,-0.0213,0.0037,-2.2639,-0.8764,-5.7213,0.2937,-0.0073,0.0013,,,5.7508,11.7736,18.6,moving
2026-09-21T11:38:13.983+09:00,TEST_0003_TEST_P01,TEST_P01,PULL_TEST,,685.7498168945312,60.341732025146484,486.93548583984375,178.58876037597656,-89.75487518310547,-179.94374084472656,-0.7587,-2.5413,1.0524,0.8709,-0.0215,0.0038,-5.7098,-0.6595,2.4089,0.3036,-0.0075,0.0014,-1.0579,-2.5582,-0.6914,0.8709,-0.0215,0.0038,-2.4338,-0.7977,-5.6815,0.3036,-0.0075,0.0014,,,5.7098,12.3536,18.6,moving
2026-09-21T11:38:14.039+09:00,TEST_0003_TEST_P01,TEST_P01,PULL_TEST,,685.2048950195312,60.34169387817383,486.8807067871094,178.58872985839844,-89.75927734375,-179.94691467285156,-1.1506,-2.6116,0.9571,0.8711,-0.0215,0.0037,-6.1016,-0.7298,2.3135,0.3038,-0.0075,0.0013,-0.9641,-2.6383,-1.0819,0.8711,-0.0215,0.0037,-2.34,-0.8778,-6.072,0.3038,-0.0075,0.0013,,,6.1016,12.8985,18.6,moving
2026-09-21T11:38:14.094+09:00,TEST_0003_TEST_P01,TEST_P01,PULL_TEST,,684.6600341796875,60.360626220703125,486.94146728515625,178.58984375,-89.75430297851562,-179.9510498046875,-1.1506,-2.6116,0.9571,0.8711,-0.0215,0.0037,-6.1016,-0.7298,2.3135,0.3038,-0.0075,0.0013,-0.9641,-2.6383,-1.0819,0.8711,-0.0215,0.0037,-2.34,-0.8778,-6.072,0.3038,-0.0075,0.0013,,,6.1016,13.4434,18.6,moving
2026-09-21T11:38:14.150+09:00,TEST_0003_TEST_P01,TEST_P01,PULL_TEST,,684.08056640625,60.392879486083984,486.94427490234375,178.592529296875,-89.75384521484375,-179.95037841796875,-0.6158,-2.5907,1.0035,0.88,-0.0217,0.0038,-5.5668,-0.7088,2.3599,0.3126,-0.0077,0.0014,-1.008,-2.6042,-0.5476,0.88,-0.0217,0.0038,-2.384,-0.8437,-5.5378,0.3126,-0.0077,0.0014,,,5.5668,14.0228,18.6,moving
2026-09-21T11:38:14.207+09:00,TEST_0003_TEST_P01,TEST_P01,PULL_TEST,,683.5230712890625,60.402252197265625,486.8770446777344,178.59336853027344,-89.7590560913086,-179.9518280029297,-0.6158,-2.5907,1.0035,0.88,-0.0217,0.0038,-5.5668,-0.7088,2.3599,0.3126,-0.0077,0.0014,-1.008,-2.6042,-0.5476,0.88,-0.0217,0.0038,-2.384,-0.8437,-5.5378,0.3126,-0.0077,0.0014,,,5.5668,14.5803,18.6,moving
2026-09-21T11:38:14.263+09:00,TEST_0003_TEST_P01,TEST_P01,PULL_TEST,,682.9713134765625,60.383697509765625,486.9426574707031,178.59173583984375,-89.75381469726562,-179.95315551757812,-0.9875,-2.5938,0.9428,0.8844,-0.0217,0.0038,-5.9385,-0.712,2.2993,0.3171,-0.0077,0.0014,-0.9489,-2.6165,-0.9195,0.8844,-0.0217,0.0038,-2.3248,-0.856,-5.9096,0.3171,-0.0077,0.0014,,,5.9385,15.1321,18.6,moving
2026-09-21T11:38:14.319+09:00,TEST_0003_TEST_P01,TEST_P01,PULL_TEST,,682.4033813476562,60.35793685913086,487.0218200683594,178.58961486816406,-89.7472152709961,-179.94775390625,-0.9875,-2.5938,0.9428,0.8844,-0.0217,0.0038,-5.9385,-0.712,2.2993,0.3171,-0.0077,0.0014,-0.9489,-2.6165,-0.9195,0.8844,-0.0217,0.0038,-2.3248,-0.856,-5.9096,0.3171,-0.0077,0.0014,,,5.9385,15.7,18.6,moving
2026-09-21T11:38:14.375+09:00,TEST_0003_TEST_P01,TEST_P01,PULL_TEST,,681.8382568359375,60.35844802856445,486.98193359375,178.58995056152344,-89.75032043457031,-179.94398498535156,-0.8883,-2.6313,0.8903,0.8818,-0.0217,0.0038,-5.8393,-0.7494,2.2468,0.3145,-0.0077,0.0015,-0.8964,-2.6515,-0.8193,0.8818,-0.0217,0.0038,-2.2723,-0.891,-5.8095,0.3145,-0.0077,0.0015,,,5.8393,16.2651,18.6,moving
2026-09-21T11:38:14.430+09:00,TEST_0003_TEST_P01,TEST_P01,PULL_TEST,,681.2979125976562,60.373775482177734,486.87847900390625,178.59107971191406,-89.75908660888672,-179.9485321044922,-0.8883,-2.6313,0.8903,0.8818,-0.0217,0.0038,-5.8393,-0.7494,2.2468,0.3145,-0.0077,0.0015,-0.8964,-2.6515,-0.8193,0.8818,-0.0217,0.0038,-2.2723,-0.891,-5.8095,0.3145,-0.0077,0.0015,,,5.8393,16.8055,18.6,moving
2026-09-21T11:38:14.486+09:00,TEST_0003_TEST_P01,TEST_P01,PULL_TEST,,680.736572265625,60.38321304321289,486.8475036621094,178.5919952392578,-89.76167297363281,-179.9503936767578,-0.7826,-2.5988,1.0207,0.89,-0.0219,0.0038,-5.7336,-0.717,2.3772,0.3227,-0.0079,0.0014,-1.026,-2.6163,-0.7142,0.89,-0.0219,0.0038,-2.402,-0.8559,-5.7044,0.3227,-0.0079,0.0014,,,5.7336,17.3668,18.6,moving
2026-09-21T11:38:14.542+09:00,TEST_0003_TEST_P01,TEST_P01,PULL_TEST,,680.1886596679688,60.363555908203125,486.95819091796875,178.5904998779297,-89.75248718261719,-179.9474639892578,-0.9302,-2.5815,0.8592,0.8936,-0.022,0.0038,-5.8812,-0.6997,2.2157,0.3263,-0.008,0.0014,-0.8653,-2.6028,-0.8627,0.8936,-0.022,0.0038,-2.2412,-0.8424,-5.8529,0.3263,-0.008,0.0014,,,5.8812,17.9147,18.6,moving
2026-09-21T11:38:14.599+09:00,TEST_0003_TEST_P01,TEST_P01,PULL_TEST,,679.6231689453125,60.32566452026367,486.9261779785156,178.58741760253906,-89.75537872314453,-179.94918823242188,-0.9302,-2.5815,0.8592,0.8936,-0.022,0.0038,-5.8812,-0.6997,2.2157,0.3263,-0.008,0.0014,-0.8653,-2.6028,-0.8627,0.8936,-0.022,0.0038,-2.2412,-0.8424,-5.8529,0.3263,-0.008,0.0014,,,5.8812,18.4802,18.6,moving
2026-09-21T11:38:14.656+09:00,TEST_0003_TEST_P01,TEST_P01,PULL_TEST,,679.0471801757812,60.29473114013672,486.8658447265625,178.58494567871094,-89.76021575927734,-179.95066833496094,-0.5946,-2.5563,0.8804,0.8986,-0.0222,0.0038,-5.5456,-0.6745,2.2369,0.3313,-0.0082,0.0014,-0.8848,-2.5695,-0.5277,0.8986,-0.0222,0.0038,-2.2607,-0.809,-5.5178,0.3313,-0.0082,0.0014,,,5.5456,19.0562,18.6,moving
2026-09-21T11:38:14.713+09:00,TEST_0003_TEST_P01,TEST_P01,PULL_TEST,,678.4828491210938,60.296630859375,486.8937072753906,178.58506774902344,-89.75764465332031,-179.9470977783203,-0.5946,-2.5563,0.8804,0.8986,-0.0222,0.0038,-5.5456,-0.6745,2.2369,0.3313,-0.0082,0.0014,-0.8848,-2.5695,-0.5277,0.8986,-0.0222,0.0038,-2.2607,-0.809,-5.5178,0.3313,-0.0082,0.0014,,,5.5456,19.6205,18.6,moving
2026-09-21T11:38:14.769+09:00,TEST_0003_TEST_P01,TEST_P01,PULL_TEST,,677.947265625,60.320430755615234,486.8986511230469,178.58642578125,-89.75726318359375,-179.9507293701172,-0.7224,-2.5549,1.0189,0.8967,-0.0221,0.0038,-5.6734,-0.6731,2.3754,0.3294,-0.0082,0.0014,-1.024,-2.5711,-0.6548,0.8967,-0.0221,0.0038,-2.3999,-0.8106,-5.6449,0.3294,-0.0082,0.0014,,,5.6734,20.1561,18.4,moving
2026-09-21T11:38:14.825+09:00,TEST_0003_TEST_P01,TEST_P01,PULL_TEST,,677.38134765625,60.322059631347656,486.8631896972656,178.5865478515625,-89.75995635986328,-179.9528045654297,-0.7224,-2.5549,1.0189,0.8967,-0.0221,0.0038,-5.6734,-0.6731,2.3754,0.3294,-0.0082,0.0014,-1.024,-2.5711,-0.6548,0.8967,-0.0221,0.0038,-2.3999,-0.8106,-5.6449,0.3294,-0.0082,0.0014,,,5.6734,20.722,18.4,moving
2026-09-21T11:38:14.882+09:00,TEST_0003_TEST_P01,TEST_P01,PULL_TEST,,676.7947998046875,60.301422119140625,486.8351745605469,178.58511352539062,-89.76200103759766,-179.94998168945312,-0.6904,-2.5516,0.8466,0.8982,-0.0222,0.0038,-5.6414,-0.6697,2.2031,0.3309,-0.0082,0.0014,-0.8514,-2.5671,-0.6237,0.8982,-0.0222,0.0038,-2.2273,-0.8066,-5.6138,0.3309,-0.0082,0.0014,,,5.6414,21.3086,18.4,moving
2026-09-21T11:38:14.938+09:00,TEST_0003_TEST_P01,TEST_P01,PULL_TEST,,676.2464599609375,60.28385543823242,486.8072204589844,178.58328247070312,-89.764404296875,-179.95281982421875,-0.6663,-2.5794,0.8524,0.9039,-0.0223,0.0038,-5.6173,-0.6976,2.2089,0.3366,-0.0083,0.0014,-0.857,-2.5944,-0.5988,0.9039,-0.0223,0.0038,-2.2329,-0.8339,-5.5889,0.3366,-0.0083,0.0014,,,5.6173,21.8569,18.4,moving
2026-09-21T11:38:14.994+09:00,TEST_0003_TEST_P01,TEST_P01,PULL_TEST,,675.7001342773438,60.2953987121582,486.8798522949219,178.58413696289062,-89.75830841064453,-179.94989013671875,-0.6663,-2.5794,0.8524,0.9039,-0.0223,0.0038,-5.6173,-0.6976,2.2089,0.3366,-0.0083,0.0014,-0.857,-2.5944,-0.5988,0.9039,-0.0223,0.0038,-2.2329,-0.8339,-5.5889,0.3366,-0.0083,0.0014,,,5.6173,22.4033,18.4,moving
2026-09-21T11:38:15.051+09:00,TEST_0003_TEST_P01,TEST_P01,PULL_TEST,,675.1123657226562,60.324913024902344,486.8579406738281,178.5869140625,-89.76012420654297,-179.94517517089844,-0.6273,-2.6066,1.045,0.9075,-0.0224,0.0038,-5.5783,-0.7247,2.4015,0.3402,-0.0084,0.0014,-1.0499,-2.6202,-0.5584,0.9075,-0.0224,0.0038,-2.4258,-0.8598,-5.5486,0.3402,-0.0084,0.0014,,,5.5783,22.991,18.4,moving
2026-09-21T11:38:15.107+09:00,TEST_0003_TEST_P01,TEST_P01,PULL_TEST,,674.54052734375,60.32403564453125,486.8441467285156,178.5870819091797,-89.7614517211914,-179.94918823242188,-0.6273,-2.6066,1.045,0.9075,-0.0224,0.0038,-5.5783,-0.7247,2.4015,0.3402,-0.0084,0.0014,-1.0499,-2.6202,-0.5584,0.9075,-0.0224,0.0038,-2.4258,-0.8598,-5.5486,0.3402,-0.0084,0.0014,,,5.5783,23.5629,18.4,moving
2026-09-21T11:38:15.163+09:00,TEST_0003_TEST_P01,TEST_P01,PULL_TEST,,673.9983520507812,60.2989387512207,486.87359619140625,178.5849151611328,-89.75884246826172,-179.95242309570312,-0.9708,-2.6196,0.815,0.9106,-0.0225,0.0038,-5.9218,-0.7378,2.1714,0.3433,-0.0085,0.0014,-0.821,-2.6421,-0.9024,0.9106,-0.0225,0.0038,-2.1969,-0.8816,-5.8925,0.3433,-0.0085,0.0014,,,5.9218,24.105,18.6,moving
2026-09-21T11:38:15.219+09:00,TEST_0003_TEST_P01,TEST_P01,PULL_TEST,,673.4429321289062,60.27409362792969,486.9232177734375,178.58303833007812,-89.75492095947266,-179.95130920410156,-0.9708,-2.6196,0.815,0.9106,-0.0225,0.0038,-5.9218,-0.7378,2.1714,0.3433,-0.0085,0.0014,-0.821,-2.6421,-0.9024,0.9106,-0.0225,0.0038,-2.1969,-0.8816,-5.8925,0.3433,-0.0085,0.0014,,,5.9218,24.6605,18.6,moving
2026-09-21T11:38:15.274+09:00,TEST_0003_TEST_P01,TEST_P01,PULL_TEST,,672.877685546875,60.27151107788086,486.9067687988281,178.58306884765625,-89.75628662109375,-179.951904296875,-0.4738,-2.6212,0.8943,0.9011,-0.0223,0.0038,-5.4248,-0.7394,2.2508,0.3337,-0.0083,0.0014,-0.8982,-2.6314,-0.405,0.9011,-0.0223,0.0038,-2.2741,-0.8709,-5.3952,0.3337,-0.0083,0.0014,,,5.4248,25.2257,18.6,moving
2026-09-21T11:38:15.330+09:00,TEST_0003_TEST_P01,TEST_P01,PULL_TEST,,672.311767578125,60.30058670043945,486.84649658203125,178.58560180664062,-89.76093292236328,-179.94749450683594,-0.4738,-2.6212,0.8943,0.9011,-0.0223,0.0038,-5.4248,-0.7394,2.2508,0.3337,-0.0083,0.0014,-0.8982,-2.6314,-0.405,0.9011,-0.0223,0.0038,-2.2741,-0.8709,-5.3952,0.3337,-0.0083,0.0014,,,5.4248,25.7916,18.6,moving
2026-09-21T11:38:15.387+09:00,TEST_0003_TEST_P01,TEST_P01,PULL_TEST,,671.74267578125,60.31593704223633,486.818359375,178.58665466308594,-89.76325988769531,-179.94955444335938,-0.7985,-2.6194,1.1075,0.8911,-0.022,0.0038,-5.7495,-0.7375,2.464,0.3237,-0.008,0.0014,-1.113,-2.6373,-0.729,0.8911,-0.022,0.0038,-2.4889,-0.8768,-5.7192,0.3237,-0.008,0.0014,,,5.7495,26.3607,18.6,moving
2026-09-21T11:38:15.443+09:00,TEST_0003_TEST_P01,TEST_P01,PULL_TEST,,671.176025390625,60.2982292175293,486.95513916015625,178.58522033691406,-89.75174713134766,-179.95033264160156,-0.6417,-2.6143,0.804,0.8944,-0.0221,0.0037,-5.5927,-0.7325,2.1604,0.327,-0.0081,0.0014,-0.8087,-2.6287,-0.5735,0.8944,-0.0221,0.0037,-2.1846,-0.8682,-5.5636,0.327,-0.0081,0.0014,,,5.5927,26.9274,18.6,moving
2026-09-21T11:38:15.500+09:00,TEST_0003_TEST_P01,TEST_P01,PULL_TEST,,670.6071166992188,60.277313232421875,486.9073791503906,178.5835723876953,-89.75570678710938,-179.9479217529297,-0.6417,-2.6143,0.804,0.8944,-0.0221,0.0037,-5.5927,-0.7325,2.1604,0.327,-0.0081,0.0014,-0.8087,-2.6287,-0.5735,0.8944,-0.0221,0.0037,-2.1846,-0.8682,-5.5636,0.327,-0.0081,0.0014,,,5.5927,27.4963,18.6,moving
2026-09-21T11:38:15.556+09:00,TEST_0003_TEST_P01,TEST_P01,PULL_TEST,,670.0637817382812,60.28224182128906,486.8306884765625,178.58363342285156,-89.76216888427734,-179.95237731933594,-0.5624,-2.6079,0.9786,0.8963,-0.0222,0.0038,-5.5134,-0.7261,2.3351,0.329,-0.0082,0.0014,-0.9829,-2.6202,-0.4937,0.8963,-0.0222,0.0038,-2.3588,-0.8597,-5.4838,0.329,-0.0082,0.0014,,,5.5134,28.0396,18.6,moving
2026-09-21T11:38:15.611+09:00,TEST_0003_TEST_P01,TEST_P01,PULL_TEST,,669.5076904296875,60.31404495239258,486.9117431640625,178.58653259277344,-89.75517272949219,-179.949462890625,-0.5624,-2.6079,0.9786,0.8963,-0.0222,0.0038,-5.5134,-0.7261,2.3351,0.329,-0.0082,0.0014,-0.9829,-2.6202,-0.4937,0.8963,-0.0222,0.0038,-2.3588,-0.8597,-5.4838,0.329,-0.0082,0.0014,,,5.5134,28.5957,18.6,moving
2026-09-21T11:38:15.667+09:00,TEST_0003_TEST_P01,TEST_P01,PULL_TEST,,668.9463500976562,60.33955001831055,486.98284912109375,178.58888244628906,-89.74969482421875,-179.9481964111328,-0.6698,-2.6241,1.0704,0.8945,-0.0221,0.0038,-5.6208,-0.7422,2.4269,0.3271,-0.0081,0.0014,-1.0755,-2.6388,-0.6003,0.8945,-0.0221,0.0038,-2.4514,-0.8783,-5.5904,0.3271,-0.0081,0.0014,,,5.6208,29.157,18.6,moving
2026-09-21T11:38:15.724+09:00,TEST_0003_TEST_P01,TEST_P01,PULL_TEST,,668.3877563476562,60.335899353027344,486.9129333496094,178.5885467529297,-89.75540924072266,-179.95278930664062,-0.6698,-2.6241,1.0704,0.8945,-0.0221,0.0038,-5.6208,-0.7422,2.4269,0.3271,-0.0081,0.0014,-1.0755,-2.6388,-0.6003,0.8945,-0.0221,0.0038,-2.4514,-0.8783,-5.5904,0.3271,-0.0081,0.0014,,,5.6208,29.7156,18.6,moving
2026-09-21T11:38:15.778+09:00,TEST_0003_TEST_P01,TEST_P01,PULL_TEST,,667.8223876953125,60.33201217651367,486.87286376953125,178.58856201171875,-89.75868225097656,-179.94912719726562,-0.7451,-2.5999,0.9046,0.8937,-0.022,0.0038,-5.6962,-0.7181,2.2611,0.3264,-0.008,0.0015,-0.9097,-2.6168,-0.677,0.8937,-0.022,0.0038,-2.2856,-0.8563,-5.6671,0.3264,-0.008,0.0015,,,5.6962,30.281,18.6,moving
2026-09-21T11:38:15.835+09:00,TEST_0003_TEST_P01,TEST_P01,PULL_TEST,,667.2708129882812,60.3546257019043,486.8511657714844,178.5903778076172,-89.760498046875,-179.95079040527344,-0.7451,-2.5999,0.9046,0.8937,-0.022,0.0038,-5.6962,-0.7181,2.2611,0.3264,-0.008,0.0015,-0.9097,-2.6168,-0.677,0.8937,-0.022,0.0038,-2.2856,-0.8563,-5.6671,0.3264,-0.008,0.0015,,,5.6962,30.8326,18.6,moving
2026-09-21T11:38:15.890+09:00,TEST_0003_TEST_P01,TEST_P01,PULL_TEST,,666.73583984375,60.40067672729492,486.92041015625,178.59423828125,-89.75486755371094,-179.9467010498047,-0.5009,-2.6181,0.9004,0.8909,-0.0219,0.0038,-5.4519,-0.7363,2.2569,0.3236,-0.008,0.0014,-0.9045,-2.6289,-0.4326,0.8909,-0.0219,0.0038,-2.2804,-0.8684,-5.4227,0.3236,-0.008,0.0014,,,5.4519,31.3676,18.6,moving
2026-09-21T11:38:15.946+09:00,TEST_0003_TEST_P01,TEST_P01,PULL_TEST,,666.1500854492188,60.39497375488281,486.9407653808594,178.5939178466797,-89.75303649902344,-179.94349670410156,-0.477,-2.559,1.0525,0.8907,-0.0219,0.0038,-5.428,-0.6772,2.409,0.3234,-0.0079,0.0014,-1.0568,-2.5689,-0.4095,0.8907,-0.0219,0.0038,-2.4327,-0.8084,-5.3997,0.3234,-0.0079,0.0014,,,5.428,31.9533,18.6,moving
2026-09-21T11:38:16.004+09:00,TEST_0003_TEST_P01,TEST_P01,PULL_TEST,,665.5628662109375,60.36997985839844,486.8862609863281,178.59182739257812,-89.75706481933594,-179.95123291015625,-0.477,-2.559,1.0525,0.8907,-0.0219,0.0038,-5.428,-0.6772,2.409,0.3234,-0.0079,0.0014,-1.0568,-2.5689,-0.4095,0.8907,-0.0219,0.0038,-2.4327,-0.8084,-5.3997,0.3234,-0.0079,0.0014,,,5.428,32.5405,18.6,moving
2026-09-21T11:38:16.060+09:00,TEST_0003_TEST_P01,TEST_P01,PULL_TEST,,665.02978515625,60.35737991333008,486.8873291015625,178.59017944335938,-89.75688934326172,-179.95132446289062,-0.803,-2.6021,0.8549,0.8895,-0.0219,0.0038,-5.7541,-0.7203,2.2114,0.3222,-0.0079,0.0014,-0.8602,-2.6203,-0.7352,0.8895,-0.0219,0.0038,-2.2361,-0.8599,-5.7253,0.3222,-0.0079,0.0014,,,5.7541,33.0736,18.6,moving
2026-09-21T11:38:16.116+09:00,TEST_0003_TEST_P01,TEST_P01,PULL_TEST,,664.4596557617188,60.361026763916016,486.9528503417969,178.59063720703125,-89.7514419555664,-179.9530487060547,-0.803,-2.6021,0.8549,0.8895,-0.0219,0.0038,-5.7541,-0.7203,2.2114,0.3222,-0.0079,0.0014,-0.8602,-2.6203,-0.7352,0.8895,-0.0219,0.0038,-2.2361,-0.8599,-5.7253,0.3222,-0.0079,0.0014,,,5.7541,33.6437,18.6,moving
2026-09-21T11:38:16.172+09:00,TEST_0003_TEST_P01,TEST_P01,PULL_TEST,,663.8697509765625,60.370506286621094,486.96697998046875,178.591796875,-89.75003814697266,-179.94573974609375,-0.2312,-2.6132,0.8129,0.8855,-0.0218,0.0038,-5.1823,-0.7313,2.1694,0.3182,-0.0078,0.0014,-0.8158,-2.6174,-0.1634,0.8855,-0.0218,0.0038,-2.1917,-0.8569,-5.1535,0.3182,-0.0078,0.0014,,,5.1823,34.2336,18.6,moving
2026-09-21T11:38:16.228+09:00,TEST_0003_TEST_P01,TEST_P01,PULL_TEST,,663.3289794921875,60.35308837890625,486.89520263671875,178.58995056152344,-89.75616455078125,-179.9472198486328,-0.2312,-2.6132,0.8129,0.8855,-0.0218,0.0038,-5.1823,-0.7313,2.1694,0.3182,-0.0078,0.0014,-0.8158,-2.6174,-0.1634,0.8855,-0.0218,0.0038,-2.1917,-0.8569,-5.1535,0.3182,-0.0078,0.0014,,,5.1823,34.7744,18.6,moving
2026-09-21T11:38:16.283+09:00,TEST_0003_TEST_P01,TEST_P01,PULL_TEST,,662.7955322265625,60.32148361206055,486.8564147949219,178.58740234375,-89.7591781616211,-179.9515838623047,-0.6827,-2.547,1.1615,0.8869,-0.0218,0.0038,-5.6337,-0.6652,2.5179,0.3196,-0.0078,0.0014,-1.1664,-2.562,-0.6149,0.8869,-0.0218,0.0038,-2.5423,-0.8015,-5.605,0.3196,-0.0078,0.0014,,,5.6337,35.3079,18.4,moving
2026-09-21T11:38:16.339+09:00,TEST_0003_TEST_P01,TEST_P01,PULL_TEST,,662.2274169921875,60.292633056640625,486.945068359375,178.5849609375,-89.75202178955078,-179.9469451904297,-0.5827,-2.6146,0.8843,0.8803,-0.0217,0.0037,-5.5337,-0.7328,2.2408,0.313,-0.0077,0.0014,-0.8889,-2.6274,-0.5141,0.8803,-0.0217,0.0037,-2.2648,-0.8669,-5.5042,0.313,-0.0077,0.0014,,,5.5337,35.876,18.4,moving
2026-09-21T11:38:16.393+09:00,TEST_0003_TEST_P01,TEST_P01,PULL_TEST,,661.6731567382812,60.30302047729492,486.933837890625,178.58627319335938,-89.7528305053711,-179.95285034179688,-0.5827,-2.6146,0.8843,0.8803,-0.0217,0.0037,-5.5337,-0.7328,2.2408,0.313,-0.0077,0.0014,-0.8889,-2.6274,-0.5141,0.8803,-0.0217,0.0037,-2.2648,-0.8669,-5.5042,0.313,-0.0077,0.0014,,,5.5337,36.4302,18.4,moving
2026-09-21T11:38:16.450+09:00,TEST_0003_TEST_P01,TEST_P01,PULL_TEST,,661.1117553710938,60.32162094116211,486.8898010253906,178.5879669189453,-89.75659942626953,-179.94711303710938,-0.2484,-2.5993,0.9429,0.883,-0.0218,0.0038,-5.1994,-0.7175,2.2993,0.3156,-0.0078,0.0014,-0.946,-2.6038,-0.1802,0.883,-0.0218,0.0038,-2.3219,-0.8433,-5.1703,0.3156,-0.0078,0.0014,,,5.1994,36.9916,18.4,moving
2026-09-21T11:38:16.505+09:00,TEST_0003_TEST_P01,TEST_P01,PULL_TEST,,660.5441284179688,60.313167572021484,486.94976806640625,178.58749389648438,-89.7517318725586,-179.94943237304688,-0.2484,-2.5993,0.9429,0.883,-0.0218,0.0038,-5.1994,-0.7175,2.2993,0.3156,-0.0078,0.0014,-0.946,-2.6038,-0.1802,0.883,-0.0218,0.0038,-2.3219,-0.8433,-5.1703,0.3156,-0.0078,0.0014,,,5.1994,37.5593,18.4,moving
2026-09-21T11:38:16.562+09:00,TEST_0003_TEST_P01,TEST_P01,PULL_TEST,,659.988037109375,60.291446685791016,486.97430419921875,178.58570861816406,-89.7496566772461,-179.94674682617188,-0.4217,-2.5397,1.1227,0.8889,-0.0219,0.0038,-5.3727,-0.6578,2.4792,0.3216,-0.0079,0.0015,-1.1265,-2.5483,-0.354,0.8889,-0.0219,0.0038,-2.5024,-0.7878,-5.3442,0.3216,-0.0079,0.0015,,,5.3727,38.1154,18.4,moving
2026-09-21T11:38:16.617+09:00,TEST_0003_TEST_P01,TEST_P01,PULL_TEST,,659.45654296875,60.28234100341797,486.9393615722656,178.58444213867188,-89.75255584716797,-179.94708251953125,-0.4217,-2.5397,1.1227,0.8889,-0.0219,0.0038,-5.3727,-0.6578,2.4792,0.3216,-0.0079,0.0015,-1.1265,-2.5483,-0.354,0.8889,-0.0219,0.0038,-2.5024,-0.7878,-5.3442,0.3216,-0.0079,0.0015,,,5.3727,38.6469,18.4,moving
2026-09-21T11:38:16.671+09:00,TEST_0003_TEST_P01,TEST_P01,PULL_TEST,,658.8968505859375,60.30004119873047,486.9364013671875,178.58616638183594,-89.75248718261719,-179.94558715820312,-0.3339,-2.5468,1.1227,0.8867,-0.0219,0.0038,-5.2849,-0.665,2.4792,0.3194,-0.0079,0.0015,-1.1261,-2.5533,-0.2661,0.8867,-0.0219,0.0038,-2.502,-0.7928,-5.2562,0.3194,-0.0079,0.0015,,,5.2849,39.2065,18.4,moving
2026-09-21T11:38:16.727+09:00,TEST_0003_TEST_P01,TEST_P01,PULL_TEST,,658.3365478515625,60.31483459472656,486.8825988769531,178.5872802734375,-89.75697326660156,-179.94415283203125,-0.3339,-2.5468,1.1227,0.8867,-0.0219,0.0038,-5.2849,-0.665,2.4792,0.3194,-0.0079,0.0015,-1.1261,-2.5533,-0.2661,0.8867,-0.0219,0.0038,-2.502,-0.7928,-5.2562,0.3194,-0.0079,0.0015,,,5.2849,39.7668,18.4,moving
2026-09-21T11:38:16.782+09:00,TEST_0003_TEST_P01,TEST_P01,PULL_TEST,,657.7861328125,60.293128967285156,486.8799743652344,178.58543395996094,-89.7568359375,-179.95242309570312,-0.385,-2.5375,0.9739,0.8833,-0.0218,0.0038,-5.3361,-0.6556,2.3304,0.316,-0.0078,0.0014,-0.9776,-2.5453,-0.3182,0.8833,-0.0218,0.0038,-2.3535,-0.7848,-5.3084,0.316,-0.0078,0.0014,,,5.3361,40.3173,18.4,moving
2026-09-21T11:38:16.838+09:00,TEST_0003_TEST_P01,TEST_P01,PULL_TEST,,657.2435913085938,60.25878143310547,486.9542236328125,178.5821990966797,-89.75074768066406,-179.9498748779297,-0.228,-2.5285,1.0297,0.8847,-0.0219,0.0038,-5.179,-0.6467,2.3862,0.3174,-0.0079,0.0014,-1.0327,-2.5325,-0.1609,0.8847,-0.0219,0.0038,-2.4086,-0.772,-5.151,0.3174,-0.0079,0.0014,,,5.179,40.8598,18.4,moving
2026-09-21T11:38:16.893+09:00,TEST_0003_TEST_P01,TEST_P01,PULL_TEST,,656.697265625,60.24857711791992,486.8954772949219,178.58151245117188,-89.75541687011719,-179.95449829101562,-0.228,-2.5285,1.0297,0.8847,-0.0219,0.0038,-5.179,-0.6467,2.3862,0.3174,-0.0079,0.0014,-1.0327,-2.5325,-0.1609,0.8847,-0.0219,0.0038,-2.4086,-0.772,-5.151,0.3174,-0.0079,0.0014,,,5.179,41.4061,18.4,moving
2026-09-21T11:38:16.951+09:00,TEST_0003_TEST_P01,TEST_P01,PULL_TEST,,656.14013671875,60.274375915527344,486.8345642089844,178.58335876464844,-89.76081085205078,-179.94549560546875,-0.2411,-2.5323,1.0948,0.8791,-0.0218,0.0037,-5.1922,-0.6505,2.4512,0.3118,-0.0078,0.0013,-1.0978,-2.5365,-0.1739,0.8791,-0.0218,0.0037,-2.4738,-0.776,-5.164,0.3118,-0.0078,0.0013,,,5.1922,41.9633,18.4,moving
2026-09-21T11:38:17.006+09:00,TEST_0003_TEST_P01,TEST_P01,PULL_TEST,,655.5784301757812,60.29451370239258,486.9012451171875,178.58534240722656,-89.75506591796875,-179.95098876953125,-0.2411,-2.5323,1.0948,0.8791,-0.0218,0.0037,-5.1922,-0.6505,2.4512,0.3118,-0.0078,0.0013,-1.0978,-2.5365,-0.1739,0.8791,-0.0218,0.0037,-2.4738,-0.776,-5.164,0.3118,-0.0078,0.0013,,,5.1922,42.525,18.4,moving
2026-09-21T11:38:17.062+09:00,TEST_0003_TEST_P01,TEST_P01,PULL_TEST,,655.0167236328125,60.27534866333008,486.9710388183594,178.5837860107422,-89.74949645996094,-179.9459228515625,-0.1493,-2.5035,1.0192,0.8839,-0.0218,0.0038,-5.1003,-0.6216,2.3757,0.3165,-0.0079,0.0014,-1.0218,-2.5055,-0.083,0.8839,-0.0218,0.0038,-2.3977,-0.745,-5.0732,0.3165,-0.0079,0.0014,,,5.1003,43.0867,18.4,moving
2026-09-21T11:38:17.118+09:00,TEST_0003_TEST_P01,TEST_P01,PULL_TEST,,654.468017578125,60.257720947265625,486.88433837890625,178.58242797851562,-89.75675964355469,-179.95176696777344,-0.1493,-2.5035,1.0192,0.8839,-0.0218,0.0038,-5.1003,-0.6216,2.3757,0.3165,-0.0079,0.0014,-1.0218,-2.5055,-0.083,0.8839,-0.0218,0.0038,-2.3977,-0.745,-5.0732,0.3165,-0.0079,0.0014,,,5.1003,43.6354,18.6,moving
2026-09-21T11:38:17.172+09:00,TEST_0003_TEST_P01,TEST_P01,PULL_TEST,,653.9136962890625,60.264305114746094,486.8162536621094,178.58311462402344,-89.76239776611328,-179.9476776123047,-0.3483,-2.555,0.9541,0.8862,-0.0219,0.0038,-5.2993,-0.6732,2.3106,0.3189,-0.0079,0.0014,-0.9574,-2.562,-0.2809,0.8862,-0.0219,0.0038,-2.3333,-0.8015,-5.271,0.3189,-0.0079,0.0014,,,5.2993,44.1897,18.6,moving
2026-09-21T11:38:17.228+09:00,TEST_0003_TEST_P01,TEST_P01,PULL_TEST,,653.3500366210938,60.294551849365234,486.81494140625,178.58596801757812,-89.76226043701172,-179.95346069335938,-0.3483,-2.555,0.9541,0.8862,-0.0219,0.0038,-5.2993,-0.6732,2.3106,0.3189,-0.0079,0.0014,-0.9574,-2.562,-0.2809,0.8862,-0.0219,0.0038,-2.3333,-0.8015,-5.271,0.3189,-0.0079,0.0014,,,5.2993,44.7534,18.6,moving
2026-09-21T11:38:17.283+09:00,TEST_0003_TEST_P01,TEST_P01,PULL_TEST,,652.8098754882812,60.306121826171875,486.9103698730469,178.58676147460938,-89.75463104248047,-179.948486328125,-0.1085,-2.5528,0.9685,0.8919,-0.022,0.0037,-5.0595,-0.6709,2.325,0.3246,-0.0081,0.0013,-0.9707,-2.5539,-0.0415,0.8919,-0.022,0.0037,-2.3466,-0.7934,-5.0316,0.3246,-0.0081,0.0013,,,5.0595,45.2935,18.6,moving
2026-09-21T11:38:17.340+09:00,TEST_0003_TEST_P01,TEST_P01,PULL_TEST,,652.2408447265625,60.30147171020508,486.8846130371094,178.58627319335938,-89.75651550292969,-179.95193481445312,-0.2263,-2.4633,1.2326,0.9028,-0.0223,0.0038,-5.1773,-0.5815,2.5891,0.3355,-0.0083,0.0015,-1.2354,-2.4671,-0.1602,0.9028,-0.0223,0.0038,-2.6113,-0.7066,-5.1504,0.3355,-0.0083,0.0015,,,5.1773,45.8625,18.6,moving
2026-09-21T11:38:17.394+09:00,TEST_0003_TEST_P01,TEST_P01,PULL_TEST,,651.6767578125,60.310752868652344,486.8448486328125,178.5871124267578,-89.75956726074219,-179.9465789794922,-0.2263,-2.4633,1.2326,0.9028,-0.0223,0.0038,-5.1773,-0.5815,2.5891,0.3355,-0.0083,0.0015,-1.2354,-2.4671,-0.1602,0.9028,-0.0223,0.0038,-2.6113,-0.7066,-5.1504,0.3355,-0.0083,0.0015,,,5.1773,46.4266,18.6,moving
2026-09-21T11:38:17.450+09:00,TEST_0003_TEST_P01,TEST_P01,PULL_TEST,,651.1204223632812,60.351016998291016,486.903076171875,178.59063720703125,-89.75467681884766,-179.9468231201172,-0.418,-2.5623,0.9297,0.9033,-0.0223,0.0038,-5.369,-0.6805,2.2862,0.336,-0.0083,0.0014,-0.9337,-2.571,-0.3509,0.9033,-0.0223,0.0038,-2.3096,-0.8105,-5.341,0.336,-0.0083,0.0014,,,5.369,46.983,18.6,moving
2026-09-21T11:38:17.506+09:00,TEST_0003_TEST_P01,TEST_P01,PULL_TEST,,650.5574340820312,60.366844177246094,486.9308166503906,178.59201049804688,-89.752197265625,-179.95028686523438,-0.418,-2.5623,0.9297,0.9033,-0.0223,0.0038,-5.369,-0.6805,2.2862,0.336,-0.0083,0.0014,-0.9337,-2.571,-0.3509,0.9033,-0.0223,0.0038,-2.3096,-0.8105,-5.341,0.336,-0.0083,0.0014,,,5.369,47.546,18.6,moving
2026-09-21T11:38:17.563+09:00,TEST_0003_TEST_P01,TEST_P01,PULL_TEST,,649.9872436523438,60.35176086425781,486.9268493652344,178.5908966064453,-89.75240325927734,-179.9529571533203,-0.2183,-2.5145,0.9644,0.9188,-0.0226,0.0039,-5.1694,-0.6327,2.3209,0.3515,-0.0086,0.0016,-0.9672,-2.5183,-0.1523,0.9188,-0.0226,0.0039,-2.3431,-0.7578,-5.1424,0.3515,-0.0086,0.0016,,,5.1694,48.1161,18.6,moving
2026-09-21T11:38:17.619+09:00,TEST_0003_TEST_P01,TEST_P01,PULL_TEST,,649.4287109375,60.34077453613281,486.9251708984375,178.590087890625,-89.7527084350586,-179.94580078125,-0.2183,-2.5145,0.9644,0.9188,-0.0226,0.0039,-5.1694,-0.6327,2.3209,0.3515,-0.0086,0.0016,-0.9672,-2.5183,-0.1523,0.9188,-0.0226,0.0039,-2.3431,-0.7578,-5.1424,0.3515,-0.0086,0.0016,,,5.1694,48.6747,18.6,moving
2026-09-21T11:38:17.675+09:00,TEST_0003_TEST_P01,TEST_P01,PULL_TEST,,648.91796875,60.35950469970703,486.8710632324219,178.59146118164062,-89.75733947753906,-179.95040893554688,-0.1004,-2.534,1.1734,0.9241,-0.0227,0.004,-5.0514,-0.6522,2.5299,0.3568,-0.0087,0.0016,-1.1761,-2.5346,-0.033,0.9241,-0.0227,0.004,-2.552,-0.7741,-5.0232,0.3568,-0.0087,0.0016,,,5.0514,49.1854,18.4,moving
2026-09-21T11:38:49.793+09:00,TEST_0004_TEST_P01,TEST_P01,SOFT_GRIP_ENTRY,SOFT_GRIP_COMMAND,673.2697143554688,60.507442474365234,486.6868591308594,178.5960693359375,-89.77906036376953,-179.9413604736328,-3.5737,-2.679,0.824,0.2019,-0.0049,0.0008,0.0,0.0,0.0,0.0,0.0,0.0,-0.8404,-2.765,-3.5037,0.2019,-0.0049,0.0008,0.0,0.0,0.0,0.0,0.0,0.0,,,,,110.3,holding
2026-09-21T11:38:53.456+09:00,TEST_0004_TEST_P01,TEST_P01,SOFT_GRIP_ENTRY,ENTRY_MOTION_START_WIDTH_REACHED,673.0917358398438,60.3780632019043,486.8847351074219,178.58953857421875,-89.76325225830078,-179.9500732421875,-2.1179,-2.2792,1.0022,0.4561,-0.0112,0.0019,1.4557,0.3999,0.1782,0.2542,-0.0063,0.0011,-1.0128,-2.3297,-2.057,0.4561,-0.0112,0.0019,-0.1724,0.4352,1.4467,0.2542,-0.0063,0.0011,,,,,24.9,moving
2026-09-21T11:38:53.490+09:00,TEST_0004_TEST_P01,TEST_P01,SOFT_GRIP_ENTRY,,673.0916137695312,60.3780403137207,486.8833312988281,178.58953857421875,-89.76336669921875,-179.95010375976562,-2.1179,-2.2792,1.0022,0.4561,-0.0112,0.0019,1.4557,0.3999,0.1782,0.2542,-0.0063,0.0011,-1.0128,-2.3297,-2.057,0.4561,-0.0112,0.0019,-0.1724,0.4352,1.4467,0.2542,-0.0063,0.0011,1.4557,-0.1793,,,24.8,moving
2026-09-21T11:38:53.545+09:00,TEST_0004_TEST_P01,TEST_P01,SOFT_GRIP_ENTRY,,673.0934448242188,60.378517150878906,486.87994384765625,178.58956909179688,-89.76363372802734,-179.95030212402344,-2.1886,-2.2829,0.9176,0.4512,-0.0111,0.0019,1.3851,0.3962,0.0936,0.2493,-0.0062,0.0011,-0.9285,-2.3352,-2.1279,0.4512,-0.0111,0.0019,-0.0881,0.4297,1.3758,0.2493,-0.0062,0.0011,1.3851,-0.1774,,,24.6,moving
2026-09-21T11:38:53.601+09:00,TEST_0004_TEST_P01,TEST_P01,SOFT_GRIP_ENTRY,,673.1303100585938,60.386497497558594,486.81170654296875,178.58978271484375,-89.7693099975586,-179.95191955566406,-2.1886,-2.2829,0.9176,0.4512,-0.0111,0.0019,1.3851,0.3962,0.0936,0.2493,-0.0062,0.0011,-0.9285,-2.3352,-2.1279,0.4512,-0.0111,0.0019,-0.0881,0.4297,1.3758,0.2493,-0.0062,0.0011,1.3851,-0.1406,,,24.4,moving
2026-09-21T11:38:53.656+09:00,TEST_0004_TEST_P01,TEST_P01,SOFT_GRIP_ENTRY,,673.2731323242188,60.42034912109375,486.57330322265625,178.59210205078125,-89.78853607177734,-179.9658660888672,-3.1234,-2.3562,1.0406,0.4765,-0.0117,0.0019,0.4503,0.3228,0.2165,0.2746,-0.0068,0.0011,-1.054,-2.4316,-3.0605,0.4765,-0.0117,0.0019,-0.2136,0.3334,0.4433,0.2746,-0.0068,0.0011,0.4503,0.0023,,,24.4,moving
2026-09-21T11:38:53.712+09:00,TEST_0004_TEST_P01,TEST_P01,SOFT_GRIP_ENTRY,,673.5701293945312,60.4443244934082,486.28948974609375,178.59486389160156,-89.81327819824219,-179.9783172607422,-3.1234,-2.3562,1.0406,0.4765,-0.0117,0.0019,0.4503,0.3228,0.2165,0.2746,-0.0068,0.0011,-1.054,-2.4316,-3.0605,0.4765,-0.0117,0.0019,-0.2136,0.3334,0.4433,0.2746,-0.0068,0.0011,0.4503,0.2993,,,24.1,moving
2026-09-21T11:38:53.768+09:00,TEST_0004_TEST_P01,TEST_P01,SOFT_GRIP_ENTRY,,674.064208984375,60.46509552001953,486.3544616699219,178.5961456298828,-89.80906677246094,-179.97378540039062,-4.5511,-2.3298,0.6617,0.4528,-0.0111,0.0016,-0.9775,0.3493,-0.1624,0.2509,-0.0062,0.0008,-0.677,-2.4404,-4.4905,0.4528,-0.0111,0.0016,0.1634,0.3246,-0.9868,0.2509,-0.0062,0.0008,0.9775,0.7933,,,23.6,moving
2026-09-21T11:38:53.823+09:00,TEST_0004_TEST_P01,TEST_P01,SOFT_GRIP_ENTRY,,674.6228637695312,60.481327056884766,486.3634338378906,178.59698486328125,-89.80941772460938,-179.96490478515625,-4.5511,-2.3298,0.6617,0.4528,-0.0111,0.0016,-0.9775,0.3493,-0.1624,0.2509,-0.0062,0.0008,-0.677,-2.4404,-4.4905,0.4528,-0.0111,0.0016,0.1634,0.3246,-0.9868,0.2509,-0.0062,0.0008,0.9775,1.352,,,22.9,moving
2026-09-21T11:38:53.879+09:00,TEST_0004_TEST_P01,TEST_P01,SOFT_GRIP_ENTRY,,675.194091796875,60.50442123413086,486.37091064453125,178.59866333007812,-89.80982208251953,-179.96322631835938,-4.8033,-2.2165,0.6903,0.3982,-0.0098,0.0013,-1.2297,0.4625,-0.1338,0.1963,-0.0048,0.0006,-0.7077,-2.333,-4.7453,0.3982,-0.0098,0.0013,0.1327,0.4319,-1.2416,0.1963,-0.0048,0.0006,1.2297,1.9232,,,22.4,moving
2026-09-21T11:38:53.935+09:00,TEST_0004_TEST_P01,TEST_P01,SOFT_GRIP_ENTRY,,675.7823486328125,60.53021240234375,486.4493408203125,178.6007537841797,-89.80362701416016,-179.9580535888672,-4.8033,-2.2165,0.6903,0.3982,-0.0098,0.0013,-1.2297,0.4625,-0.1338,0.1963,-0.0048,0.0006,-0.7077,-2.333,-4.7453,0.3982,-0.0098,0.0013,0.1327,0.4319,-1.2416,0.1963,-0.0048,0.0006,1.2297,2.5115,,,21.6,moving
2026-09-21T11:38:53.990+09:00,TEST_0004_TEST_P01,TEST_P01,SOFT_GRIP_ENTRY,,676.3709716796875,60.527191162109375,486.52728271484375,178.6002197265625,-89.79756164550781,-179.95468139648438,-4.267,-2.206,0.6018,0.3998,-0.0098,0.0014,-0.6934,0.473,-0.2223,0.198,-0.0048,0.0006,-0.6179,-2.3091,-4.2098,0.3998,-0.0098,0.0014,0.2225,0.4558,-0.7061,0.198,-0.0048,0.0006,0.6934,3.1001,,,20.3,moving
2026-09-21T11:38:54.048+09:00,TEST_0004_TEST_P01,TEST_P01,SOFT_GRIP_ENTRY,,676.942138671875,60.48283386230469,486.58880615234375,178.59645080566406,-89.79275512695312,-179.958984375,-4.5067,-2.129,0.7682,0.4063,-0.0099,0.0014,-0.9331,0.55,-0.0559,0.2044,-0.005,0.0007,-0.7857,-2.2382,-4.4505,0.4063,-0.0099,0.0014,0.0547,0.5268,-0.9467,0.2044,-0.005,0.0007,0.9331,3.6713,,,18.6,moving
2026-09-21T11:38:54.103+09:00,TEST_0004_TEST_P01,TEST_P01,SOFT_GRIP_ENTRY,,677.4969482421875,60.46936798095703,486.7382507324219,178.59571838378906,-89.7804183959961,-179.9561309814453,-4.5067,-2.129,0.7682,0.4063,-0.0099,0.0014,-0.9331,0.55,-0.0559,0.2044,-0.005,0.0007,-0.7857,-2.2382,-4.4505,0.4063,-0.0099,0.0014,0.0547,0.5268,-0.9467,0.2044,-0.005,0.0007,0.9331,4.2261,,,17.9,holding
2026-09-21T11:38:54.159+09:00,TEST_0004_TEST_P01,TEST_P01,SOFT_GRIP_ENTRY,,678.0762939453125,60.48513412475586,486.7519226074219,178.59678649902344,-89.7794418334961,-179.95339965820312,-4.534,-2.1141,1.4285,0.4044,-0.0099,0.0015,-0.9603,0.565,0.6044,0.2025,-0.005,0.0007,-1.4475,-2.2234,-4.4753,0.4044,-0.0099,0.0015,-0.6071,0.5416,-0.9716,0.2025,-0.005,0.0007,0.9603,4.8054,,,17.9,holding
2026-09-21T11:38:54.214+09:00,TEST_0004_TEST_P01,TEST_P01,SOFT_GRIP_ENTRY,,678.6304931640625,60.494224548339844,486.7853088378906,178.5972137451172,-89.77674865722656,-179.95469665527344,-4.534,-2.1141,1.4285,0.4044,-0.0099,0.0015,-0.9603,0.565,0.6044,0.2025,-0.005,0.0007,-1.4475,-2.2234,-4.4753,0.4044,-0.0099,0.0015,-0.6071,0.5416,-0.9716,0.2025,-0.005,0.0007,0.9603,5.3596,,,17.9,holding
2026-09-21T11:38:54.269+09:00,TEST_0004_TEST_P01,TEST_P01,SOFT_GRIP_ENTRY,,679.1744384765625,60.4739990234375,486.8398742675781,178.59559631347656,-89.77198028564453,-179.949951171875,-5.1136,-2.0083,1.4642,0.4127,-0.0101,0.0016,-1.54,0.6707,0.6402,0.2108,-0.0052,0.0008,-1.4859,-2.1317,-5.0571,0.4127,-0.0101,0.0016,-0.6455,0.6332,-1.5534,0.2108,-0.0052,0.0008,1.54,5.9036,,,17.9,holding
2026-09-21T11:38:54.325+09:00,TEST_0004_TEST_P01,TEST_P01,SOFT_GRIP_ENTRY,,679.7506103515625,60.44301223754883,486.87725830078125,178.59268188476562,-89.768798828125,-179.94741821289062,-5.1136,-2.0083,1.4642,0.4127,-0.0101,0.0016,-1.54,0.6707,0.6402,0.2108,-0.0052,0.0008,-1.4859,-2.1317,-5.0571,0.4127,-0.0101,0.0016,-0.6455,0.6332,-1.5534,0.2108,-0.0052,0.0008,1.54,6.4797,,,17.9,holding
2026-09-21T11:38:54.380+09:00,TEST_0004_TEST_P01,TEST_P01,SOFT_GRIP_ENTRY,,680.2986450195312,60.44111633300781,486.938232421875,178.5924072265625,-89.76373291015625,-179.94967651367188,-5.3173,-1.9545,1.4986,0.4092,-0.01,0.0016,-1.7436,0.7246,0.6746,0.2073,-0.0051,0.0008,-1.5217,-2.0831,-5.2616,0.4092,-0.01,0.0016,-0.6813,0.6818,-1.7578,0.2073,-0.0051,0.0008,1.7436,7.0278,,,17.9,holding
2026-09-21T11:38:54.436+09:00,TEST_0004_TEST_P01,TEST_P01,SOFT_GRIP_ENTRY,,680.8388061523438,60.46582794189453,486.8684387207031,178.59500122070312,-89.76932525634766,-179.94886779785156,-5.3173,-1.9545,1.4986,0.4092,-0.01,0.0016,-1.7436,0.7246,0.6746,0.2073,-0.0051,0.0008,-1.8383,-2.0412,-5.6327,0.4181,-0.0103,0.0017,-0.9979,0.7237,-2.129,0.2162,-0.0053,0.0009,1.7436,7.5679,,,17.9,holding
2026-09-21T11:38:54.494+09:00,TEST_0004_TEST_P01,TEST_P01,SOFT_GRIP_ENTRY,,681.4218139648438,60.486305236816406,486.8537292480469,178.5965576171875,-89.77072143554688,-179.94891357421875,-5.6885,-1.904,1.8138,0.4181,-0.0103,0.0017,-2.1148,0.7751,0.9897,0.2162,-0.0053,0.0009,-1.8383,-2.0412,-5.6327,0.4181,-0.0103,0.0017,-0.9979,0.7237,-2.129,0.2162,-0.0053,0.0009,2.1148,8.1509,,,17.9,holding
2026-09-21T11:38:54.550+09:00,TEST_0004_TEST_P01,TEST_P01,SOFT_GRIP_ENTRY,,682.0078735351562,60.480167388916016,486.9189758300781,178.595947265625,-89.76555633544922,-179.95115661621094,-6.0134,-1.9919,1.7039,0.4277,-0.0105,0.0017,-2.4397,0.6872,0.8798,0.2258,-0.0055,0.0009,-1.7299,-2.1371,-5.9558,0.4277,-0.0105,0.0017,-0.8895,0.6278,-2.4521,0.2258,-0.0055,0.0009,2.4397,8.737,,,17.9,holding
2026-09-21T11:38:54.606+09:00,TEST_0004_TEST_P01,TEST_P01,SOFT_GRIP_ENTRY,,682.5704956054688,60.44654083251953,486.9552001953125,178.593505859375,-89.76248168945312,-179.9492645263672,-6.0134,-1.9919,1.7039,0.4277,-0.0105,0.0017,-2.4397,0.6872,0.8798,0.2258,-0.0055,0.0009,-1.7299,-2.1371,-5.9558,0.4277,-0.0105,0.0017,-0.8895,0.6278,-2.4521,0.2258,-0.0055,0.0009,2.4397,9.2996,,,17.9,holding
2026-09-21T11:38:54.662+09:00,TEST_0004_TEST_P01,TEST_P01,SOFT_GRIP_ENTRY,,683.132568359375,60.422279357910156,486.91510009765625,178.5914764404297,-89.76573181152344,-179.9484100341797,-5.7685,-1.9617,1.7482,0.4278,-0.0105,0.0018,-2.1948,0.7174,0.9242,0.226,-0.0056,0.001,-1.7739,-2.1012,-5.7112,0.4278,-0.0105,0.0018,-0.9335,0.6638,-2.2075,0.226,-0.0056,0.001,2.1948,9.8617,,,17.9,holding
2026-09-21T11:38:54.718+09:00,TEST_0004_TEST_P01,TEST_P01,SOFT_GRIP_ENTRY,,683.706298828125,60.429264068603516,486.8288879394531,178.59173583984375,-89.77288818359375,-179.95498657226562,-5.7685,-1.9617,1.7482,0.4278,-0.0105,0.0018,-2.1948,0.7174,0.9242,0.226,-0.0056,0.001,-1.7739,-2.1012,-5.7112,0.4278,-0.0105,0.0018,-0.9335,0.6638,-2.2075,0.226,-0.0056,0.001,2.1948,10.4354,,,17.9,holding
2026-09-21T11:38:54.774+09:00,TEST_0004_TEST_P01,TEST_P01,SOFT_GRIP_ENTRY,,684.273681640625,60.442325592041016,486.8367919921875,178.59286499023438,-89.7720947265625,-179.95372009277344,-6.3934,-1.9499,2.0632,0.4336,-0.0107,0.0017,-2.8198,0.7292,1.2392,0.2317,-0.0057,0.001,-2.0899,-2.1048,-6.3354,0.4336,-0.0107,0.0017,-1.2495,0.6602,-2.8317,0.2317,-0.0057,0.001,2.8198,11.0028,,,17.9,holding
2026-09-21T11:38:54.830+09:00,TEST_0004_TEST_P01,TEST_P01,SOFT_GRIP_ENTRY,,684.8409423828125,60.43265151977539,486.9041748046875,178.5918426513672,-89.76659393310547,-179.94869995117188,-6.3934,-1.9499,2.0632,0.4336,-0.0107,0.0017,-2.8198,0.7292,1.2392,0.2317,-0.0057,0.001,-2.0899,-2.1048,-6.3354,0.4336,-0.0107,0.0017,-1.2495,0.6602,-2.8317,0.2317,-0.0057,0.001,2.8198,11.5701,,,17.9,holding
2026-09-21T11:38:54.888+09:00,TEST_0004_TEST_P01,TEST_P01,SOFT_GRIP_ENTRY,,685.4113159179688,60.39348220825195,486.8155212402344,178.58851623535156,-89.77391052246094,-179.95155334472656,-6.8061,-1.9389,1.8498,0.427,-0.0105,0.0017,-3.2324,0.7401,1.0258,0.2251,-0.0055,0.0009,-1.8792,-2.104,-6.7488,0.427,-0.0105,0.0017,-1.0388,0.661,-3.2451,0.2251,-0.0055,0.0009,3.2324,12.1404,,,18.1,holding
2026-09-21T11:38:54.944+09:00,TEST_0004_TEST_P01,TEST_P01,SOFT_GRIP_ENTRY,,685.9660034179688,60.36277389526367,486.8472900390625,178.58619689941406,-89.77074432373047,-179.9495849609375,-7.4231,-1.8792,1.9738,0.4277,-0.0105,0.0017,-3.8494,0.7998,1.1497,0.2258,-0.0056,0.0009,-2.005,-2.0601,-7.3665,0.4277,-0.0105,0.0017,-1.1646,0.7049,-3.8628,0.2258,-0.0056,0.0009,3.8494,12.6951,,,18.1,holding
2026-09-21T11:38:55.002+09:00,TEST_0004_TEST_P01,TEST_P01,SOFT_GRIP_ENTRY,,686.5288696289062,60.367149353027344,486.9268798828125,178.58673095703125,-89.7642822265625,-179.94503784179688,-7.4231,-1.8792,1.9738,0.4277,-0.0105,0.0017,-3.8494,0.7998,1.1497,0.2258,-0.0056,0.0009,-2.005,-2.0601,-7.3665,0.4277,-0.0105,0.0017,-1.1646,0.7049,-3.8628,0.2258,-0.0056,0.0009,3.8494,13.258,,,18.2,holding
2026-09-21T11:38:55.059+09:00,TEST_0004_TEST_P01,TEST_P01,SOFT_GRIP_ENTRY,,687.1157836914062,60.383270263671875,486.9384460449219,178.58761596679688,-89.7634048461914,-179.94667053222656,-8.6666,-1.8623,1.8216,0.4206,-0.0104,0.0017,-5.0929,0.8167,0.9976,0.2187,-0.0054,0.0009,-1.859,-2.0736,-8.6105,0.4206,-0.0104,0.0017,-1.0186,0.6913,-5.1067,0.2187,-0.0054,0.0009,5.0929,13.8449,,,18.2,holding
2026-09-21T11:38:55.114+09:00,TEST_0004_TEST_P01,TEST_P01,SOFT_GRIP_ENTRY,,687.6728515625,60.386844635009766,486.9327392578125,178.58816528320312,-89.76374053955078,-179.9510498046875,-8.6666,-1.8623,1.8216,0.4206,-0.0104,0.0017,-5.0929,0.8167,0.9976,0.2187,-0.0054,0.0009,-1.859,-2.0736,-8.6105,0.4206,-0.0104,0.0017,-1.0186,0.6913,-5.1067,0.2187,-0.0054,0.0009,5.0929,14.402,,,18.2,holding
2026-09-21T11:38:55.170+09:00,TEST_0004_TEST_P01,TEST_P01,SOFT_GRIP_ENTRY,,688.2073364257812,60.36505126953125,486.90802001953125,178.58692932128906,-89.76578521728516,-179.9493865966797,-8.4925,-1.8921,1.7237,0.4186,-0.0103,0.0017,-4.9188,0.7869,0.8996,0.2167,-0.0054,0.0009,-1.7601,-2.0993,-8.4361,0.4186,-0.0103,0.0017,-0.9197,0.6656,-4.9324,0.2167,-0.0054,0.0009,4.9188,14.9365,,,18.2,holding
2026-09-21T11:38:55.225+09:00,TEST_0004_TEST_P01,TEST_P01,SOFT_GRIP_ENTRY,,688.7648315429688,60.35249328613281,486.9406433105469,178.5857696533203,-89.76338195800781,-179.94772338867188,-8.4925,-1.8921,1.7237,0.4186,-0.0103,0.0017,-4.9188,0.7869,0.8996,0.2167,-0.0054,0.0009,-1.7601,-2.0993,-8.4361,0.4186,-0.0103,0.0017,-0.9197,0.6656,-4.9324,0.2167,-0.0054,0.0009,4.9188,15.494,,,18.2,holding
2026-09-21T11:38:55.280+09:00,TEST_0004_TEST_P01,TEST_P01,SOFT_GRIP_ENTRY,,689.3338012695312,60.37336349487305,486.9677429199219,178.5873565673828,-89.76107788085938,-179.95217895507812,-9.256,-1.9223,2.059,0.4147,-0.0102,0.0017,-5.6823,0.7567,1.2349,0.2128,-0.0053,0.0009,-2.0989,-2.1482,-9.1972,0.4147,-0.0102,0.0017,-1.2585,0.6167,-5.6934,0.2128,-0.0053,0.0009,5.6823,16.0629,,,18.2,holding
2026-09-21T11:38:55.335+09:00,TEST_0004_TEST_P01,TEST_P01,SOFT_GRIP_ENTRY,,689.8644409179688,60.40473937988281,486.930419921875,178.59030151367188,-89.76396942138672,-179.95249938964844,-9.256,-1.9223,2.059,0.4147,-0.0102,0.0017,-5.6823,0.7567,1.2349,0.2128,-0.0053,0.0009,-2.0989,-2.1482,-9.1972,0.4147,-0.0102,0.0017,-1.2585,0.6167,-5.6934,0.2128,-0.0053,0.0009,5.6823,16.5936,,,18.2,holding
2026-09-21T11:38:55.391+09:00,TEST_0004_TEST_P01,TEST_P01,SOFT_GRIP_ENTRY,,690.4143676757812,60.43316650390625,486.93011474609375,178.59275817871094,-89.76400756835938,-179.94895935058594,-9.3723,-2.0341,2.0569,0.4111,-0.0101,0.0017,-5.7986,0.645,1.2329,0.2092,-0.0052,0.0009,-2.0972,-2.2623,-9.3109,0.4111,-0.0101,0.0017,-1.2568,0.5027,-5.8071,0.2092,-0.0052,0.0009,5.7986,17.1435,,,18.2,holding
2026-09-21T11:38:55.448+09:00,TEST_0004_TEST_P01,TEST_P01,SOFT_GRIP_ENTRY,,690.9932250976562,60.431175231933594,486.9300842285156,178.59231567382812,-89.76395416259766,-179.94984436035156,-9.5433,-2.0147,2.1648,0.4087,-0.01,0.0017,-5.9696,0.6643,1.3408,0.2068,-0.0051,0.0009,-2.206,-2.2465,-9.4819,0.4087,-0.01,0.0017,-1.3656,0.5184,-5.9781,0.2068,-0.0051,0.0009,5.9696,17.7224,,,18.2,holding
2026-09-21T11:38:55.504+09:00,TEST_0004_TEST_P01,TEST_P01,SOFT_GRIP_ENTRY,,691.5449829101562,60.39602279663086,486.9870910644531,178.58953857421875,-89.7590103149414,-179.9521484375,-9.5433,-2.0147,2.1648,0.4087,-0.01,0.0017,-5.9696,0.6643,1.3408,0.2068,-0.0051,0.0009,-2.206,-2.2465,-9.4819,0.4087,-0.01,0.0017,-1.3656,0.5184,-5.9781,0.2068,-0.0051,0.0009,5.9696,18.2741,,,18.2,holding
2026-09-21T11:38:55.559+09:00,TEST_0004_TEST_P01,TEST_P01,SOFT_GRIP_ENTRY,,692.0970458984375,60.38093948364258,486.9871826171875,178.5881805419922,-89.75882720947266,-179.9474334716797,-10.3981,-2.0516,2.1542,0.4057,-0.01,0.0017,-6.8244,0.6275,1.3302,0.2038,-0.005,0.0009,-2.1998,-2.3051,-10.3353,0.4057,-0.01,0.0017,-1.3594,0.4598,-6.8315,0.2038,-0.005,0.0009,6.8244,18.8262,,,18.2,holding
2026-09-21T11:38:55.615+09:00,TEST_0004_TEST_P01,TEST_P01,SOFT_GRIP_ENTRY,,692.6618041992188,60.395851135253906,486.925537109375,178.58926391601562,-89.76405334472656,-179.94544982910156,-10.3981,-2.0516,2.1542,0.4057,-0.01,0.0017,-6.8244,0.6275,1.3302,0.2038,-0.005,0.0009,-2.1998,-2.3051,-10.3353,0.4057,-0.01,0.0017,-1.3594,0.4598,-6.8315,0.2038,-0.005,0.0009,6.8244,19.3909,,,18.2,holding
2026-09-21T11:38:55.670+09:00,TEST_0004_TEST_P01,TEST_P01,SOFT_GRIP_ENTRY,,693.204833984375,60.42237091064453,486.9629211425781,178.59158325195312,-89.76104736328125,-179.94895935058594,-10.2841,-2.1675,2.038,0.397,-0.0098,0.0016,-6.7105,0.5116,1.214,0.1951,-0.0048,0.0009,-2.0827,-2.4179,-10.2192,0.397,-0.0098,0.0016,-1.2423,0.347,-6.7154,0.1951,-0.0048,0.0009,6.7105,19.934,,,18.2,holding
2026-09-21T11:38:55.726+09:00,TEST_0004_TEST_P01,TEST_P01,SOFT_GRIP_ENTRY,,693.7586669921875,60.446990966796875,486.94378662109375,178.59410095214844,-89.76255798339844,-179.95138549804688,-10.2841,-2.1675,2.038,0.397,-0.0098,0.0016,-6.7105,0.5116,1.214,0.1951,-0.0048,0.0009,-2.0827,-2.4179,-10.2192,0.397,-0.0098,0.0016,-1.2423,0.347,-6.7154,0.1951,-0.0048,0.0009,6.7105,20.4878,,,18.2,holding
2026-09-21T11:38:55.782+09:00,TEST_0004_TEST_P01,TEST_P01,SOFT_GRIP_ENTRY,,694.3427124023438,60.44136428833008,486.87945556640625,178.59329223632812,-89.76768493652344,-179.94955444335938,-10.2677,-2.1654,2.3137,0.3996,-0.0098,0.0017,-6.694,0.5136,1.4896,0.1977,-0.0049,0.0009,-2.3576,-2.4147,-10.2019,0.3996,-0.0098,0.0017,-1.5172,0.3503,-6.6982,0.1977,-0.0049,0.0009,6.694,21.0718,,,18.2,holding
2026-09-21T11:38:55.839+09:00,TEST_0004_TEST_P01,TEST_P01,SOFT_GRIP_ENTRY,,694.9304809570312,60.418113708496094,486.91778564453125,178.59117126464844,-89.76466369628906,-179.94810485839844,-10.807,-2.168,2.4045,0.3977,-0.0098,0.0016,-7.2333,0.511,1.5804,0.1958,-0.0048,0.0008,-2.4507,-2.4308,-10.7405,0.3977,-0.0098,0.0016,-1.6103,0.3341,-7.2367,0.1958,-0.0048,0.0008,7.2333,21.6596,,,18.2,holding
2026-09-21T11:38:55.896+09:00,TEST_0004_TEST_P01,TEST_P01,SOFT_GRIP_ENTRY,,695.48974609375,60.418846130371094,486.93768310546875,178.5914306640625,-89.76302337646484,-179.9518280029297,-10.807,-2.168,2.4045,0.3977,-0.0098,0.0016,-7.2333,0.511,1.5804,0.1958,-0.0048,0.0008,-2.4507,-2.4308,-10.7405,0.3977,-0.0098,0.0016,-1.6103,0.3341,-7.2367,0.1958,-0.0048,0.0008,7.2333,22.2189,,,18.2,holding
2026-09-21T11:38:55.951+09:00,TEST_0004_TEST_P01,TEST_P01,SOFT_GRIP_ENTRY,,696.0572509765625,60.43927764892578,486.90728759765625,178.59288024902344,-89.76517486572266,-179.9541778564453,-10.5726,-2.1511,2.4491,0.4023,-0.0099,0.0017,-6.9989,0.528,1.6251,0.2004,-0.0049,0.0009,-2.4943,-2.4082,-10.5064,0.4023,-0.0099,0.0017,-1.6539,0.3568,-7.0026,0.2004,-0.0049,0.0009,6.9989,22.7864,,,18.2,holding
2026-09-21T11:38:56.006+09:00,TEST_0004_TEST_P01,TEST_P01,SOFT_GRIP_ENTRY,,696.6096801757812,60.46064376831055,486.8580017089844,178.59442138671875,-89.76908874511719,-179.95123291015625,-10.5726,-2.1511,2.4491,0.4023,-0.0099,0.0017,-6.9989,0.528,1.6251,0.2004,-0.0049,0.0009,-2.4943,-2.4082,-10.5064,0.4023,-0.0099,0.0017,-1.6539,0.3568,-7.0026,0.2004,-0.0049,0.0009,6.9989,23.3388,,,18.2,holding
2026-09-21T11:38:56.062+09:00,TEST_0004_TEST_P01,TEST_P01,SOFT_GRIP_ENTRY,,697.1358032226562,60.461387634277344,486.86895751953125,178.5945587158203,-89.7683334350586,-179.94749450683594,-10.8066,-2.1295,2.7731,0.4086,-0.01,0.0017,-7.2329,0.5496,1.949,0.2067,-0.0051,0.0009,-2.8181,-2.3913,-10.74,0.4086,-0.01,0.0017,-1.9777,0.3736,-7.2362,0.2067,-0.0051,0.0009,7.2329,23.8649,,,18.2,holding
2026-09-21T11:38:56.117+09:00,TEST_0004_TEST_P01,TEST_P01,SOFT_GRIP_ENTRY,,697.5682983398438,60.42778778076172,486.90716552734375,178.59231567382812,-89.76499938964844,-179.9499969482422,-10.8066,-2.1295,2.7731,0.4086,-0.01,0.0017,-7.2329,0.5496,1.949,0.2067,-0.0051,0.0009,-2.8181,-2.3913,-10.74,0.4086,-0.01,0.0017,-1.9777,0.3736,-7.2362,0.2067,-0.0051,0.0009,7.2329,24.2974,,,18.2,holding
2026-09-21T11:38:57.174+09:00,TEST_0004_TEST_P01,TEST_P01,SOFT_GRIP_ENTRY,SOFT_GRIP_STABILIZATION_END,698.1608276367188,60.345619201660156,486.8111267089844,178.5860137939453,-89.76947021484375,-179.94741821289062,-5.5382,-3.1254,1.7916,0.4869,-0.012,0.002,0.0,0.0,0.0,0.0,0.0,0.0,-1.8165,-3.2594,-5.4521,0.4869,-0.012,0.002,0.0,0.0,0.0,0.0,0.0,0.0,,,,,18.2,holding
2026-09-21T11:38:57.227+09:00,TEST_0004_TEST_P01,TEST_P01,HARD_GRIP,HARD_GRIP_COMMAND,698.1589965820312,60.34453201293945,486.81512451171875,178.58587646484375,-89.76911163330078,-179.947509765625,-5.5382,-3.1254,1.7916,0.4869,-0.012,0.002,0.0,0.0,0.0,0.0,0.0,0.0,-1.8165,-3.2594,-5.4521,0.4869,-0.012,0.002,0.0,0.0,0.0,0.0,0.0,0.0,,,,,18.2,holding
2026-09-21T11:38:58.230+09:00,TEST_0004_TEST_P01,TEST_P01,HARD_GRIP,HARD_GRIP_STABILIZATION_END,698.1101684570312,60.35816192626953,486.9060974121094,178.5875244140625,-89.76180267333984,-179.95008850097656,-0.2011,-2.1657,0.4077,0.5303,-0.0131,0.0022,0.0,0.0,0.0,0.0,0.0,0.0,-0.4102,-2.1697,-0.146,0.5303,-0.0131,0.0022,0.0,0.0,0.0,0.0,0.0,0.0,,,,,17.6,moving
2026-09-21T11:38:58.266+09:00,TEST_0004_TEST_P01,TEST_P01,PULL_TEST,,698.1082763671875,60.35905838012695,486.90972900390625,178.58763122558594,-89.76151275634766,-179.95004272460938,-0.0475,-2.2031,0.463,0.5288,-0.013,0.0022,0.1536,-0.0374,0.0553,-0.0016,0.0,0.0,-0.4649,-2.2032,0.0087,0.5288,-0.013,0.0022,-0.0547,-0.0336,0.1547,-0.0016,0.0,0.0,,,0.1536,0.0019,17.6,moving
2026-09-21T11:38:58.321+09:00,TEST_0004_TEST_P01,TEST_P01,PULL_TEST,,698.1001586914062,60.360111236572266,486.9240417480469,178.58782958984375,-89.76036071777344,-179.94981384277344,-0.0475,-2.2031,0.463,0.5288,-0.013,0.0022,0.1536,-0.0374,0.0553,-0.0016,0.0,0.0,-0.4649,-2.2032,0.0087,0.5288,-0.013,0.0022,-0.0547,-0.0336,0.1547,-0.0016,0.0,0.0,,,0.1536,0.01,17.6,moving
2026-09-21T11:38:58.375+09:00,TEST_0004_TEST_P01,TEST_P01,PULL_TEST,,698.0420532226562,60.35760498046875,487.0289001464844,178.58819580078125,-89.7518310546875,-179.9480438232422,-0.0424,-2.2085,0.4043,0.5301,-0.0131,0.0022,0.1587,-0.0427,-0.0034,-0.0002,0.0,0.0,-0.4061,-2.2085,0.0137,0.5301,-0.0131,0.0022,0.004,-0.0388,0.1597,-0.0002,0.0,0.0,,,0.1587,0.0681,17.6,moving
2026-09-21T11:38:58.431+09:00,TEST_0004_TEST_P01,TEST_P01,PULL_TEST,,697.8876342773438,60.35380554199219,487.1673583984375,178.587890625,-89.74053192138672,-179.94044494628906,-0.0424,-2.2085,0.4043,0.5301,-0.0131,0.0022,0.1587,-0.0427,-0.0034,-0.0002,0.0,0.0,-0.4061,-2.2085,0.0137,0.5301,-0.0131,0.0022,0.004,-0.0388,0.1597,-0.0002,0.0,0.0,,,0.1587,0.2225,17.6,moving
2026-09-21T11:38:58.489+09:00,TEST_0004_TEST_P01,TEST_P01,PULL_TEST,,697.59716796875,60.34086990356445,487.2391052246094,178.5859375,-89.73363494873047,-179.93898010253906,1.5006,-2.2001,-0.0593,0.5095,-0.0126,0.0022,1.7017,-0.0344,-0.467,-0.0209,0.0005,0.0,0.0641,-2.1625,1.5541,0.5095,-0.0126,0.0022,0.4743,0.0071,1.7001,-0.0209,0.0005,0.0,,,1.7017,0.513,17.6,moving
2026-09-21T11:38:58.544+09:00,TEST_0004_TEST_P01,TEST_P01,PULL_TEST,,697.119140625,60.322349548339844,487.25823974609375,178.58473205566406,-89.73126220703125,-179.9383544921875,2.8116,-2.333,-0.8497,0.5205,-0.0128,0.0024,3.0127,-0.1673,-1.2574,-0.0098,0.0002,0.0002,0.8608,-2.2638,2.8643,0.5205,-0.0128,0.0024,1.271,-0.0941,3.0103,-0.0098,0.0002,0.0002,,,3.0127,0.991,17.6,moving
2026-09-21T11:38:58.600+09:00,TEST_0004_TEST_P01,TEST_P01,PULL_TEST,,696.5584716796875,60.31821060180664,487.20184326171875,178.5847930908203,-89.73521423339844,-179.93824768066406,2.8116,-2.333,-0.8497,0.5205,-0.0128,0.0024,3.0127,-0.1673,-1.2574,-0.0098,0.0002,0.0002,0.8608,-2.2638,2.8643,0.5205,-0.0128,0.0024,1.271,-0.0941,3.0103,-0.0098,0.0002,0.0002,,,3.0127,1.5517,17.6,moving
2026-09-21T11:38:58.656+09:00,TEST_0004_TEST_P01,TEST_P01,PULL_TEST,,695.9808349609375,60.3283805847168,487.1694030761719,178.58572387695312,-89.73719024658203,-179.9406280517578,2.1666,-2.387,-0.7856,0.5884,-0.0145,0.0027,2.3677,-0.2213,-1.1932,0.058,-0.0015,0.0005,0.7933,-2.3337,2.2213,0.5884,-0.0145,0.0027,1.2034,-0.164,2.3672,0.058,-0.0015,0.0005,,,2.3677,2.1293,17.6,moving
2026-09-21T11:38:58.713+09:00,TEST_0004_TEST_P01,TEST_P01,PULL_TEST,,695.4005737304688,60.309627532958984,487.1745910644531,178.58425903320312,-89.73628997802734,-179.9453887939453,2.1666,-2.387,-0.7856,0.5884,-0.0145,0.0027,2.3677,-0.2213,-1.1932,0.058,-0.0015,0.0005,0.7933,-2.3337,2.2213,0.5884,-0.0145,0.0027,1.2034,-0.164,2.3672,0.058,-0.0015,0.0005,,,2.3677,2.7096,17.6,moving
2026-09-21T11:38:58.768+09:00,TEST_0004_TEST_P01,TEST_P01,PULL_TEST,,694.8287353515625,60.27949905395508,487.1354064941406,178.58184814453125,-89.73934173583984,-179.9443359375,2.5822,-2.4148,-1.0289,0.6729,-0.0166,0.0031,2.7833,-0.249,-1.4366,0.1425,-0.0035,0.0009,1.0388,-2.3511,2.6363,0.6729,-0.0166,0.0031,1.449,-0.1815,2.7823,0.1425,-0.0035,0.0009,,,2.7833,3.2814,17.6,moving
2026-09-21T11:38:58.823+09:00,TEST_0004_TEST_P01,TEST_P01,PULL_TEST,,694.2596435546875,60.264766693115234,487.0670166015625,178.5807342529297,-89.74476623535156,-179.94195556640625,2.5822,-2.4148,-1.0289,0.6729,-0.0166,0.0031,2.7833,-0.249,-1.4366,0.1425,-0.0035,0.0009,1.0388,-2.3511,2.6363,0.6729,-0.0166,0.0031,1.449,-0.1815,2.7823,0.1425,-0.0035,0.0009,,,2.7833,3.8505,17.6,moving
2026-09-21T11:38:58.878+09:00,TEST_0004_TEST_P01,TEST_P01,PULL_TEST,,693.6976928710938,60.27870178222656,487.01727294921875,178.5820770263672,-89.74858856201172,-179.94203186035156,2.7437,-2.3853,-0.8654,0.7224,-0.0179,0.0033,2.9448,-0.2195,-1.2731,0.1921,-0.0048,0.0011,0.8754,-2.3175,2.7981,0.7224,-0.0179,0.0033,1.2856,-0.1478,2.944,0.1921,-0.0048,0.0011,,,2.9448,4.4125,17.4,moving
2026-09-21T11:38:58.935+09:00,TEST_0004_TEST_P01,TEST_P01,PULL_TEST,,693.1193237304688,60.310855865478516,487.1001281738281,178.5848846435547,-89.74195098876953,-179.9447479248047,2.7437,-2.3853,-0.8654,0.7224,-0.0179,0.0033,2.9448,-0.2195,-1.2731,0.1921,-0.0048,0.0011,0.8754,-2.3175,2.7981,0.7224,-0.0179,0.0033,1.2856,-0.1478,2.944,0.1921,-0.0048,0.0011,,,2.9448,4.9908,17.4,moving
2026-09-21T11:38:58.991+09:00,TEST_0004_TEST_P01,TEST_P01,PULL_TEST,,692.553955078125,60.3082389831543,487.0468444824219,178.5847930908203,-89.74652099609375,-179.9456329345703,3.1639,-2.426,-0.7707,0.7455,-0.0184,0.0033,3.365,-0.2602,-1.1783,0.2151,-0.0054,0.0011,0.7829,-2.3478,3.2193,0.7455,-0.0184,0.0033,1.1931,-0.1782,3.3653,0.2151,-0.0054,0.0011,,,3.365,5.5562,17.4,moving
2026-09-21T11:38:59.046+09:00,TEST_0004_TEST_P01,TEST_P01,PULL_TEST,,692.009033203125,60.28807830810547,486.94854736328125,178.58311462402344,-89.75459289550781,-179.94544982910156,3.6358,-2.3865,-0.606,0.7693,-0.019,0.0034,3.8369,-0.2207,-1.0136,0.2389,-0.0059,0.0012,0.6195,-2.2964,3.691,0.7693,-0.019,0.0034,1.0297,-0.1268,3.837,0.2389,-0.0059,0.0012,,,3.8369,6.1011,17.4,moving
2026-09-21T11:38:59.101+09:00,TEST_0004_TEST_P01,TEST_P01,PULL_TEST,,691.4571533203125,60.268959045410156,486.94708251953125,178.5819549560547,-89.7546615600586,-179.94615173339844,3.6358,-2.3865,-0.606,0.7693,-0.019,0.0034,3.8369,-0.2207,-1.0136,0.2389,-0.0059,0.0012,0.6195,-2.2964,3.691,0.7693,-0.019,0.0034,1.0297,-0.1268,3.837,0.2389,-0.0059,0.0012,,,3.8369,6.653,17.4,moving
2026-09-21T11:38:59.156+09:00,TEST_0004_TEST_P01,TEST_P01,PULL_TEST,,690.9030151367188,60.267433166503906,486.968017578125,178.5818634033203,-89.75286865234375,-179.95069885253906,4.2812,-2.4122,-0.6283,0.7868,-0.0195,0.0034,4.4824,-0.2464,-1.0359,0.2565,-0.0064,0.0012,0.6452,-2.306,4.3369,0.7868,-0.0195,0.0034,1.0553,-0.1363,4.4828,0.2565,-0.0064,0.0012,,,4.4824,7.2072,17.4,moving
2026-09-21T11:38:59.212+09:00,TEST_0004_TEST_P01,TEST_P01,PULL_TEST,,690.3502197265625,60.291107177734375,486.9308776855469,178.58326721191406,-89.75569915771484,-179.950927734375,4.2812,-2.4122,-0.6283,0.7868,-0.0195,0.0034,4.4824,-0.2464,-1.0359,0.2565,-0.0064,0.0012,0.6452,-2.306,4.3369,0.7868,-0.0195,0.0034,1.0553,-0.1363,4.4828,0.2565,-0.0064,0.0012,,,4.4824,7.7599,17.4,moving
2026-09-21T11:38:59.267+09:00,TEST_0004_TEST_P01,TEST_P01,PULL_TEST,,689.7918701171875,60.31709671020508,486.865234375,178.5854034423828,-89.76078033447266,-179.94857788085938,5.0528,-2.4248,-0.3722,0.805,-0.0199,0.0034,5.2539,-0.2591,-0.7799,0.2747,-0.0068,0.0013,0.3917,-2.2996,5.1096,0.805,-0.0199,0.0034,0.8018,-0.1299,5.2555,0.2747,-0.0068,0.0013,,,5.2539,8.3183,17.4,moving
2026-09-21T11:39:28.693+09:00,TEST_0005_TEST_P01,TEST_P01,SOFT_GRIP_ENTRY,SOFT_GRIP_COMMAND,673.2694702148438,60.5021858215332,486.68048095703125,178.5955810546875,-89.7795181274414,-179.94235229492188,-3.417,-2.6847,0.9634,0.2096,-0.0051,0.0008,0.0,0.0,0.0,0.0,0.0,0.0,-0.9791,-2.7667,-3.3464,0.2096,-0.0051,0.0008,0.0,0.0,0.0,0.0,0.0,0.0,,,,,110.3,holding
2026-09-21T11:39:32.358+09:00,TEST_0005_TEST_P01,TEST_P01,SOFT_GRIP_ENTRY,ENTRY_MOTION_START_WIDTH_REACHED,673.0906372070312,60.377872467041016,486.87200927734375,178.58953857421875,-89.76429748535156,-179.95030212402344,-2.0899,-2.2202,1.1573,0.4617,-0.0114,0.0019,1.3271,0.4645,0.1939,0.2521,-0.0062,0.0011,-1.1677,-2.2699,-2.0299,0.4617,-0.0114,0.0019,-0.1886,0.4967,1.3166,0.2521,-0.0062,0.0011,,,,,24.8,moving
2026-09-21T11:39:32.390+09:00,TEST_0005_TEST_P01,TEST_P01,SOFT_GRIP_ENTRY,,673.0906372070312,60.377872467041016,486.87200927734375,178.58953857421875,-89.76429748535156,-179.95030212402344,-2.0899,-2.2202,1.1573,0.4617,-0.0114,0.0019,1.3271,0.4645,0.1939,0.2521,-0.0062,0.0011,-1.1677,-2.2699,-2.0299,0.4617,-0.0114,0.0019,-0.1886,0.4967,1.3166,0.2521,-0.0062,0.0011,1.3271,-0.1801,,,24.6,moving
2026-09-21T11:39:32.446+09:00,TEST_0005_TEST_P01,TEST_P01,SOFT_GRIP_ENTRY,,673.0924682617188,60.378204345703125,486.8684387207031,178.58953857421875,-89.76458740234375,-179.9503631591797,-2.1415,-2.2219,1.169,0.4594,-0.0113,0.0019,1.2755,0.4628,0.2055,0.2498,-0.0062,0.0011,-1.1795,-2.2729,-2.0813,0.4594,-0.0113,0.0019,-0.2004,0.4937,1.2651,0.2498,-0.0062,0.0011,1.2755,-0.1782,,,24.3,moving
2026-09-21T11:39:32.503+09:00,TEST_0005_TEST_P01,TEST_P01,SOFT_GRIP_ENTRY,,673.1298217773438,60.38684844970703,486.7983093261719,178.58985900878906,-89.77035522460938,-179.9525909423828,-2.1415,-2.2219,1.169,0.4594,-0.0113,0.0019,1.2755,0.4628,0.2055,0.2498,-0.0062,0.0011,-1.1795,-2.2729,-2.0813,0.4594,-0.0113,0.0019,-0.2004,0.4937,1.2651,0.2498,-0.0062,0.0011,1.2755,-0.1409,,,24.1,moving
2026-09-21T11:39:32.559+09:00,TEST_0005_TEST_P01,TEST_P01,SOFT_GRIP_ENTRY,,673.27685546875,60.4215087890625,486.5587158203125,178.59228515625,-89.78968048095703,-179.9671173095703,-3.0872,-2.265,1.2423,0.4892,-0.012,0.002,0.3298,0.4197,0.2789,0.2796,-0.0069,0.0012,-1.2555,-2.3393,-3.0258,0.4892,-0.012,0.002,-0.2764,0.4273,0.3206,0.2796,-0.0069,0.0012,0.3298,0.0062,,,23.6,moving
2026-09-21T11:39:32.614+09:00,TEST_0005_TEST_P01,TEST_P01,SOFT_GRIP_ENTRY,,673.5737915039062,60.44060134887695,486.3020324707031,178.59461975097656,-89.81221008300781,-179.97955322265625,-3.0872,-2.265,1.2423,0.4892,-0.012,0.002,0.3298,0.4197,0.2789,0.2796,-0.0069,0.0012,-1.2555,-2.3393,-3.0258,0.4892,-0.012,0.002,-0.2764,0.4273,0.3206,0.2796,-0.0069,0.0012,0.3298,0.3031,,,23.1,moving
2026-09-21T11:39:32.669+09:00,TEST_0005_TEST_P01,TEST_P01,SOFT_GRIP_ENTRY,,674.0648803710938,60.460636138916016,486.3656921386719,178.59576416015625,-89.8081283569336,-179.97344970703125,-4.5456,-2.2679,0.8444,0.4626,-0.0114,0.0016,-1.1286,0.4168,-0.1191,0.2529,-0.0062,0.0008,-0.8597,-2.3784,-4.4859,0.4626,-0.0114,0.0016,0.1194,0.3883,-1.1394,0.2529,-0.0062,0.0008,1.1286,0.7942,,,22.9,moving
2026-09-21T11:39:32.726+09:00,TEST_0005_TEST_P01,TEST_P01,SOFT_GRIP_ENTRY,,674.6362915039062,60.47816848754883,486.3808288574219,178.5967559814453,-89.80809020996094,-179.96487426757812,-4.5456,-2.2679,0.8444,0.4626,-0.0114,0.0016,-1.1286,0.4168,-0.1191,0.2529,-0.0062,0.0008,-0.8597,-2.3784,-4.4859,0.4626,-0.0114,0.0016,0.1194,0.3883,-1.1394,0.2529,-0.0062,0.0008,1.1286,1.3656,,,22.4,moving
2026-09-21T11:39:32.781+09:00,TEST_0005_TEST_P01,TEST_P01,SOFT_GRIP_ENTRY,,675.2049560546875,60.501976013183594,486.4024658203125,178.59841918945312,-89.80721282958984,-179.9629669189453,-4.7281,-2.157,0.8603,0.4021,-0.0099,0.0014,-1.3111,0.5277,-0.1031,0.1924,-0.0047,0.0005,-0.8776,-2.2715,-4.6709,0.4021,-0.0099,0.0014,0.1015,0.4951,-1.3245,0.1924,-0.0047,0.0005,1.3111,1.9343,,,21.6,moving
2026-09-21T11:39:32.837+09:00,TEST_0005_TEST_P01,TEST_P01,SOFT_GRIP_ENTRY,,675.7799682617188,60.52909469604492,486.47662353515625,178.60073852539062,-89.80145263671875,-179.95758056640625,-4.7281,-2.157,0.8603,0.4021,-0.0099,0.0014,-1.3111,0.5277,-0.1031,0.1924,-0.0047,0.0005,-0.8617,-2.1907,-4.1538,0.4066,-0.0099,0.0014,0.1174,0.5759,-0.8074,0.197,-0.0048,0.0006,1.3111,2.5093,,,19.4,moving
2026-09-21T11:39:32.892+09:00,TEST_0005_TEST_P01,TEST_P01,SOFT_GRIP_ENTRY,,676.3798828125,60.524383544921875,486.5526428222656,178.59999084472656,-89.79545593261719,-179.95437622070312,-4.209,-2.0892,0.8457,0.4066,-0.0099,0.0014,-0.792,0.5955,-0.1178,0.197,-0.0048,0.0006,-0.8617,-2.1907,-4.1538,0.4066,-0.0099,0.0014,0.1174,0.5759,-0.8074,0.197,-0.0048,0.0006,0.792,3.1092,,,18.2,moving
2026-09-21T11:39:32.948+09:00,TEST_0005_TEST_P01,TEST_P01,SOFT_GRIP_ENTRY,,676.9347534179688,60.483131408691406,486.5745544433594,178.5966339111328,-89.79410552978516,-179.95921325683594,-4.35,-2.0291,1.0725,0.4236,-0.0104,0.0015,-0.933,0.6556,0.1091,0.214,-0.0052,0.0007,-1.0895,-2.1342,-4.2952,0.4236,-0.0104,0.0015,-0.1104,0.6324,-0.9487,0.214,-0.0052,0.0007,0.933,3.6641,,,17.7,holding
2026-09-21T11:39:33.004+09:00,TEST_0005_TEST_P01,TEST_P01,SOFT_GRIP_ENTRY,,677.4954833984375,60.46759033203125,486.66864013671875,178.59556579589844,-89.7862777709961,-179.95701599121094,-4.35,-2.0291,1.0725,0.4236,-0.0104,0.0015,-0.933,0.6556,0.1091,0.214,-0.0052,0.0007,-1.0895,-2.1342,-4.2952,0.4236,-0.0104,0.0015,-0.1104,0.6324,-0.9487,0.214,-0.0052,0.0007,0.933,4.2248,,,17.7,holding
2026-09-21T11:39:33.062+09:00,TEST_0005_TEST_P01,TEST_P01,SOFT_GRIP_ENTRY,,678.0972290039062,60.48288345336914,486.69561767578125,178.5963897705078,-89.78409576416016,-179.95375061035156,-3.8877,-2.0769,1.1233,0.4196,-0.0103,0.0015,-0.4707,0.6078,0.1598,0.21,-0.0051,0.0007,-1.1395,-2.1706,-3.8314,0.4196,-0.0103,0.0015,-0.1604,0.5961,-0.485,0.21,-0.0051,0.0007,0.4707,4.8265,,,17.7,holding
2026-09-21T11:39:33.118+09:00,TEST_0005_TEST_P01,TEST_P01,SOFT_GRIP_ENTRY,,678.6610107421875,60.49306869506836,486.7302551269531,178.59703063964844,-89.7813491821289,-179.9552764892578,-3.8877,-2.0769,1.1233,0.4196,-0.0103,0.0015,-0.4707,0.6078,0.1598,0.21,-0.0051,0.0007,-1.1395,-2.1706,-3.8314,0.4196,-0.0103,0.0015,-0.1604,0.5961,-0.485,0.21,-0.0051,0.0007,0.4707,5.3903,,,17.7,holding
2026-09-21T11:39:33.174+09:00,TEST_0005_TEST_P01,TEST_P01,SOFT_GRIP_ENTRY,,679.2095947265625,60.468563079833984,486.8008728027344,178.59507751464844,-89.7751693725586,-179.949951171875,-4.1959,-2.0241,1.0446,0.4234,-0.0104,0.0016,-0.7789,0.6606,0.0811,0.2137,-0.0052,0.0008,-1.0623,-2.1254,-4.141,0.4234,-0.0104,0.0016,-0.0832,0.6413,-0.7946,0.2137,-0.0052,0.0008,0.7789,5.9389,,,17.7,holding
2026-09-21T11:39:33.229+09:00,TEST_0005_TEST_P01,TEST_P01,SOFT_GRIP_ENTRY,,679.779541015625,60.43915939331055,486.8558654785156,178.5924072265625,-89.77061462402344,-179.94740295410156,-4.1959,-2.0241,1.0446,0.4234,-0.0104,0.0016,-0.7789,0.6606,0.0811,0.2137,-0.0052,0.0008,-1.0623,-2.1254,-4.141,0.4234,-0.0104,0.0016,-0.0832,0.6413,-0.7946,0.2137,-0.0052,0.0008,0.7789,6.5089,,,17.7,holding
2026-09-21T11:39:33.286+09:00,TEST_0005_TEST_P01,TEST_P01,SOFT_GRIP_ENTRY,,680.33447265625,60.443504333496094,486.9334716796875,178.59280395507812,-89.76426696777344,-179.9496612548828,-4.175,-2.064,0.9738,0.424,-0.0104,0.0017,-0.758,0.6207,0.0104,0.2144,-0.0053,0.0009,-0.9922,-2.165,-4.1191,0.424,-0.0104,0.0017,-0.0131,0.6017,-0.7727,0.2144,-0.0053,0.0009,0.758,7.0638,,,17.7,holding
2026-09-21T11:39:33.342+09:00,TEST_0005_TEST_P01,TEST_P01,SOFT_GRIP_ENTRY,,680.877197265625,60.47172927856445,486.840576171875,178.59561157226562,-89.77169036865234,-179.94923400878906,-4.4473,-2.0549,1.154,0.4337,-0.0106,0.0018,-1.0303,0.6298,0.1906,0.2241,-0.0055,0.0009,-1.1735,-2.1622,-4.3909,0.4337,-0.0106,0.0018,-0.1944,0.6045,-1.0445,0.2241,-0.0055,0.0009,1.0303,7.6065,,,17.7,holding
2026-09-21T11:39:33.399+09:00,TEST_0005_TEST_P01,TEST_P01,SOFT_GRIP_ENTRY,,681.4637451171875,60.493778228759766,486.822509765625,178.59710693359375,-89.77326965332031,-179.94964599609375,-4.4473,-2.0549,1.154,0.4337,-0.0106,0.0018,-1.0303,0.6298,0.1906,0.2241,-0.0055,0.0009,-1.1735,-2.1622,-4.3909,0.4337,-0.0106,0.0018,-0.1944,0.6045,-1.0445,0.2241,-0.0055,0.0009,1.0303,8.1931,,,17.7,holding
2026-09-21T11:39:33.455+09:00,TEST_0005_TEST_P01,TEST_P01,SOFT_GRIP_ENTRY,,682.0396118164062,60.49134063720703,486.88812255859375,178.59690856933594,-89.76811218261719,-179.95233154296875,-4.8926,-2.1122,0.9776,0.4378,-0.0107,0.0017,-1.4756,0.5725,0.0141,0.2282,-0.0056,0.0009,-0.9988,-2.2305,-4.8355,0.4378,-0.0107,0.0017,-0.0197,0.5362,-1.489,0.2282,-0.0056,0.0009,1.4756,8.7689,,,17.7,holding
2026-09-21T11:39:33.510+09:00,TEST_0005_TEST_P01,TEST_P01,SOFT_GRIP_ENTRY,,682.6007690429688,60.45664978027344,486.93243408203125,178.59432983398438,-89.76433563232422,-179.9500274658203,-4.8926,-2.1122,0.9776,0.4378,-0.0107,0.0017,-1.4756,0.5725,0.0141,0.2282,-0.0056,0.0009,-0.9988,-2.2305,-4.8355,0.4378,-0.0107,0.0017,-0.0197,0.5362,-1.489,0.2282,-0.0056,0.0009,1.4756,9.3301,,,17.7,holding
2026-09-21T11:39:33.566+09:00,TEST_0005_TEST_P01,TEST_P01,SOFT_GRIP_ENTRY,,683.1616821289062,60.434364318847656,486.9111328125,178.5925750732422,-89.76617431640625,-179.9482421875,-4.6684,-2.0954,0.9916,0.4396,-0.0108,0.0018,-1.2514,0.5893,0.0281,0.23,-0.0056,0.001,-1.0126,-2.2085,-4.6114,0.4396,-0.0108,0.0018,-0.0335,0.5581,-1.265,0.23,-0.0056,0.001,1.2514,9.891,,,17.7,holding
2026-09-21T11:39:33.621+09:00,TEST_0005_TEST_P01,TEST_P01,SOFT_GRIP_ENTRY,,683.7252807617188,60.44021987915039,486.8070983886719,178.5927276611328,-89.77472686767578,-179.95558166503906,-4.6684,-2.0954,0.9916,0.4396,-0.0108,0.0018,-1.2514,0.5893,0.0281,0.23,-0.0056,0.001,-1.0126,-2.2085,-4.6114,0.4396,-0.0108,0.0018,-0.0335,0.5581,-1.265,0.23,-0.0056,0.001,1.2514,10.4546,,,17.7,holding
2026-09-21T11:39:33.678+09:00,TEST_0005_TEST_P01,TEST_P01,SOFT_GRIP_ENTRY,,684.2942504882812,60.45292282104492,486.8188171386719,178.59375,-89.77356719970703,-179.9544219970703,-5.3748,-2.0873,1.2094,0.4425,-0.0109,0.0018,-1.9578,0.5974,0.246,0.2328,-0.0057,0.001,-1.232,-2.2177,-5.3172,0.4425,-0.0109,0.0018,-0.2529,0.5489,-1.9708,0.2328,-0.0057,0.001,1.9578,11.0236,,,17.7,holding
2026-09-21T11:39:33.733+09:00,TEST_0005_TEST_P01,TEST_P01,SOFT_GRIP_ENTRY,,684.861083984375,60.442317962646484,486.89471435546875,178.59268188476562,-89.76744842529297,-179.94834899902344,-5.3748,-2.0873,1.2094,0.4425,-0.0109,0.0018,-1.9578,0.5974,0.246,0.2328,-0.0057,0.001,-1.232,-2.2177,-5.3172,0.4425,-0.0109,0.0018,-0.2529,0.5489,-1.9708,0.2328,-0.0057,0.001,1.9578,11.5904,,,17.7,holding
2026-09-21T11:39:33.790+09:00,TEST_0005_TEST_P01,TEST_P01,SOFT_GRIP_ENTRY,,685.4230346679688,60.39746856689453,486.80780029296875,178.5887451171875,-89.77446746826172,-179.95196533203125,-5.3959,-2.0953,1.0166,0.438,-0.0108,0.0018,-1.9789,0.5894,0.0532,0.2283,-0.0056,0.0009,-1.0403,-2.2263,-5.3386,0.438,-0.0108,0.0018,-0.0612,0.5403,-1.9922,0.2283,-0.0056,0.0009,1.9789,12.1523,,,17.7,holding
2026-09-21T11:39:33.845+09:00,TEST_0005_TEST_P01,TEST_P01,SOFT_GRIP_ENTRY,,685.97216796875,60.36485290527344,486.83544921875,178.5863800048828,-89.7718505859375,-179.9499053955078,-5.4404,-2.0631,1.1709,0.439,-0.0108,0.0017,-2.0234,0.6216,0.2075,0.2294,-0.0057,0.0009,-1.1942,-2.1956,-5.3832,0.439,-0.0108,0.0017,-0.2151,0.571,-2.0367,0.2294,-0.0057,0.0009,2.0234,12.7015,,,17.7,holding
2026-09-21T11:39:33.903+09:00,TEST_0005_TEST_P01,TEST_P01,SOFT_GRIP_ENTRY,,686.5322265625,60.3659782409668,486.92181396484375,178.58663940429688,-89.7647476196289,-179.94480895996094,-5.4404,-2.0631,1.1709,0.439,-0.0108,0.0017,-2.0234,0.6216,0.2075,0.2294,-0.0057,0.0009,-1.1942,-2.1956,-5.3832,0.439,-0.0108,0.0017,-0.2151,0.571,-2.0367,0.2294,-0.0057,0.0009,2.0234,13.2615,,,17.7,holding
2026-09-21T11:39:33.958+09:00,TEST_0005_TEST_P01,TEST_P01,SOFT_GRIP_ENTRY,,687.1023559570312,60.37834548950195,486.9517517089844,178.5872802734375,-89.76234436035156,-179.94631958007812,-6.3564,-2.0146,1.3318,0.4385,-0.0108,0.0018,-2.9394,0.6701,0.3683,0.2288,-0.0057,0.001,-1.3598,-2.1694,-6.2993,0.4385,-0.0108,0.0018,-0.3808,0.5973,-2.9528,0.2288,-0.0057,0.001,2.9394,13.8317,,,17.7,holding
2026-09-21T11:39:34.016+09:00,TEST_0005_TEST_P01,TEST_P01,SOFT_GRIP_ENTRY,,687.6721801757812,60.38581848144531,486.9427490234375,178.58834838867188,-89.76311492919922,-179.9508514404297,-6.3564,-2.0146,1.3318,0.4385,-0.0108,0.0018,-2.9394,0.6701,0.3683,0.2288,-0.0057,0.001,-1.3598,-2.1694,-6.2993,0.4385,-0.0108,0.0018,-0.3808,0.5973,-2.9528,0.2288,-0.0057,0.001,2.9394,14.4015,,,17.9,holding
2026-09-21T11:39:34.072+09:00,TEST_0005_TEST_P01,TEST_P01,SOFT_GRIP_ENTRY,,688.2095947265625,60.36567687988281,486.8995056152344,178.5870819091797,-89.76657104492188,-179.94906616210938,-6.2113,-1.9451,1.2252,0.4421,-0.0109,0.0018,-2.7943,0.7397,0.2618,0.2324,-0.0058,0.001,-1.2522,-2.0965,-6.1564,0.4421,-0.0109,0.0018,-0.2731,0.6702,-2.8099,0.2324,-0.0058,0.001,2.7943,14.9389,,,17.9,holding
2026-09-21T11:39:34.128+09:00,TEST_0005_TEST_P01,TEST_P01,SOFT_GRIP_ENTRY,,688.7753295898438,60.35072708129883,486.9190979003906,178.58558654785156,-89.76512908935547,-179.94821166992188,-6.2113,-1.9451,1.2252,0.4421,-0.0109,0.0018,-2.7943,0.7397,0.2618,0.2324,-0.0058,0.001,-1.2522,-2.0965,-6.1564,0.4421,-0.0109,0.0018,-0.2731,0.6702,-2.8099,0.2324,-0.0058,0.001,2.7943,15.5046,,,17.9,holding
2026-09-21T11:39:34.185+09:00,TEST_0005_TEST_P01,TEST_P01,SOFT_GRIP_ENTRY,,689.36328125,60.37471008300781,486.9397888183594,178.58758544921875,-89.76343536376953,-179.95327758789062,-7.2849,-1.9164,1.3102,0.4361,-0.0108,0.0018,-3.8679,0.7683,0.3468,0.2265,-0.0056,0.001,-1.3418,-2.0944,-7.23,0.4361,-0.0108,0.0018,-0.3627,0.6723,-3.8835,0.2265,-0.0056,0.001,3.8679,16.0926,,,17.9,holding
2026-09-21T11:39:34.241+09:00,TEST_0005_TEST_P01,TEST_P01,SOFT_GRIP_ENTRY,,689.9139404296875,60.405391693115234,486.90814208984375,178.59046936035156,-89.76587677001953,-179.95228576660156,-7.5744,-1.9644,1.2547,0.4355,-0.0107,0.0018,-4.1574,0.7203,0.2913,0.2258,-0.0056,0.001,-1.2872,-2.1491,-7.5186,0.4355,-0.0107,0.0018,-0.3081,0.6176,-4.1721,0.2258,-0.0056,0.001,4.1574,16.6432,,,17.9,holding
2026-09-21T11:39:34.297+09:00,TEST_0005_TEST_P01,TEST_P01,SOFT_GRIP_ENTRY,,690.44873046875,60.424041748046875,486.9139099121094,178.59213256835938,-89.76543426513672,-179.94912719726562,-7.5744,-1.9644,1.2547,0.4355,-0.0107,0.0018,-4.1574,0.7203,0.2913,0.2258,-0.0056,0.001,-1.2872,-2.1491,-7.5186,0.4355,-0.0107,0.0018,-0.3081,0.6176,-4.1721,0.2258,-0.0056,0.001,4.1574,17.178,,,18.1,holding
2026-09-21T11:39:34.354+09:00,TEST_0005_TEST_P01,TEST_P01,SOFT_GRIP_ENTRY,,691.0194091796875,60.4154052734375,486.9202575683594,178.5912322998047,-89.76478576660156,-179.95034790039062,-7.8684,-2.0856,1.2004,0.431,-0.0106,0.0018,-4.4514,0.5991,0.2369,0.2214,-0.0055,0.001,-1.2346,-2.2772,-7.8097,0.431,-0.0106,0.0018,-0.2555,0.4895,-4.4633,0.2214,-0.0055,0.001,4.4514,17.7487,,,18.1,holding
2026-09-21T11:39:34.412+09:00,TEST_0005_TEST_P01,TEST_P01,SOFT_GRIP_ENTRY,,691.6026611328125,60.38591003417969,486.947509765625,178.58883666992188,-89.76229858398438,-179.95294189453125,-7.8684,-2.0856,1.2004,0.431,-0.0106,0.0018,-4.4514,0.5991,0.2369,0.2214,-0.0055,0.001,-1.2346,-2.2772,-7.8097,0.431,-0.0106,0.0018,-0.2555,0.4895,-4.4633,0.2214,-0.0055,0.001,4.4514,18.332,,,18.1,holding
2026-09-21T11:39:34.467+09:00,TEST_0005_TEST_P01,TEST_P01,SOFT_GRIP_ENTRY,,692.1677856445312,60.372188568115234,486.9410095214844,178.58755493164062,-89.76270294189453,-179.947998046875,-8.5717,-2.0554,1.1511,0.4306,-0.0106,0.0018,-5.1547,0.6293,0.1877,0.221,-0.0055,0.001,-1.1884,-2.265,-8.5136,0.4306,-0.0106,0.0018,-0.2093,0.5017,-5.1672,0.221,-0.0055,0.001,5.1547,18.8971,,,18.1,holding
2026-09-21T11:39:34.523+09:00,TEST_0005_TEST_P01,TEST_P01,SOFT_GRIP_ENTRY,,692.7207641601562,60.3914909362793,486.9065246582031,178.58897399902344,-89.76569366455078,-179.94619750976562,-8.5717,-2.0554,1.1511,0.4306,-0.0106,0.0018,-5.1547,0.6293,0.1877,0.221,-0.0055,0.001,-1.1884,-2.265,-8.5136,0.4306,-0.0106,0.0018,-0.2093,0.5017,-5.1672,0.221,-0.0055,0.001,5.1547,19.4501,,,18.1,holding
2026-09-21T11:39:34.578+09:00,TEST_0005_TEST_P01,TEST_P01,SOFT_GRIP_ENTRY,,693.27783203125,60.42210006713867,486.9420471191406,178.59170532226562,-89.76286315917969,-179.94984436035156,-8.6317,-2.1482,0.9246,0.4185,-0.0103,0.0017,-5.2147,0.5365,-0.0388,0.2089,-0.0052,0.0009,-0.962,-2.3592,-8.5723,0.4185,-0.0103,0.0017,0.0171,0.4075,-5.2259,0.2089,-0.0052,0.0009,5.2147,20.0071,,,18.1,holding
2026-09-21T11:39:34.633+09:00,TEST_0005_TEST_P01,TEST_P01,SOFT_GRIP_ENTRY,,693.8173217773438,60.43788528442383,486.90240478515625,178.5933380126953,-89.76588439941406,-179.95236206054688,-8.6317,-2.1482,0.9246,0.4185,-0.0103,0.0017,-5.2147,0.5365,-0.0388,0.2089,-0.0052,0.0009,-0.962,-2.3592,-8.5723,0.4185,-0.0103,0.0017,0.0171,0.4075,-5.2259,0.2089,-0.0052,0.0009,5.2147,20.5466,,,18.1,holding
2026-09-21T11:39:34.689+09:00,TEST_0005_TEST_P01,TEST_P01,SOFT_GRIP_ENTRY,,694.4009399414062,60.42827606201172,486.8597717285156,178.59231567382812,-89.76936340332031,-179.95001220703125,-8.685,-2.1802,1.1205,0.4196,-0.0103,0.0017,-5.268,0.5045,0.1571,0.21,-0.0052,0.0009,-1.1576,-2.3918,-8.6242,0.4196,-0.0103,0.0017,-0.1785,0.3749,-5.2778,0.21,-0.0052,0.0009,5.268,21.1302,,,18.1,holding
2026-09-21T11:39:34.744+09:00,TEST_0005_TEST_P01,TEST_P01,SOFT_GRIP_ENTRY,,694.9730834960938,60.40852355957031,486.89630126953125,178.59048461914062,-89.76651763916016,-179.94847106933594,-9.2002,-2.2776,1.2811,0.4135,-0.0102,0.0017,-5.7832,0.4072,0.3176,0.2038,-0.005,0.0009,-1.3204,-2.502,-9.1361,0.4135,-0.0102,0.0017,-0.3413,0.2647,-5.7897,0.2038,-0.005,0.0009,5.7832,21.7024,,,18.1,holding
2026-09-21T11:39:34.801+09:00,TEST_0005_TEST_P01,TEST_P01,SOFT_GRIP_ENTRY,,695.5314331054688,60.40837478637695,486.9258728027344,178.5904998779297,-89.76392364501953,-179.95266723632812,-9.2002,-2.2776,1.2811,0.4135,-0.0102,0.0017,-5.7832,0.4072,0.3176,0.2038,-0.005,0.0009,-1.3204,-2.502,-9.1361,0.4135,-0.0102,0.0017,-0.3413,0.2647,-5.7897,0.2038,-0.005,0.0009,5.7832,22.2607,,,18.1,holding
2026-09-21T11:39:34.857+09:00,TEST_0005_TEST_P01,TEST_P01,SOFT_GRIP_ENTRY,,696.0902709960938,60.43327331542969,486.90264892578125,178.59254455566406,-89.765625,-179.9541473388672,-9.1483,-2.309,1.3424,0.4135,-0.0102,0.0017,-5.7313,0.3757,0.3789,0.2039,-0.005,0.0009,-1.3816,-2.532,-9.0832,0.4135,-0.0102,0.0017,-0.4025,0.2347,-5.7367,0.2039,-0.005,0.0009,5.7313,22.8196,,,18.1,holding
2026-09-21T11:39:34.915+09:00,TEST_0005_TEST_P01,TEST_P01,SOFT_GRIP_ENTRY,,696.6695556640625,60.452091217041016,486.8436279296875,178.5938720703125,-89.77034759521484,-179.95114135742188,-9.1483,-2.309,1.3424,0.4135,-0.0102,0.0017,-5.7313,0.3757,0.3789,0.2039,-0.005,0.0009,-1.3816,-2.532,-9.0832,0.4135,-0.0102,0.0017,-0.4025,0.2347,-5.7367,0.2039,-0.005,0.0009,5.7313,23.3989,,,18.1,holding
2026-09-21T11:39:34.971+09:00,TEST_0005_TEST_P01,TEST_P01,SOFT_GRIP_ENTRY,,697.1947021484375,60.445404052734375,486.8636779785156,178.5933074951172,-89.76872253417969,-179.94801330566406,-9.5973,-2.451,1.7896,0.4211,-0.0103,0.0017,-6.1803,0.2337,0.8262,0.2115,-0.0052,0.0009,-1.83,-2.6842,-9.5271,0.4211,-0.0103,0.0017,-0.8509,0.0825,-6.1807,0.2115,-0.0052,0.0009,6.1803,23.924,,,18.1,holding
2026-09-21T11:39:36.028+09:00,TEST_0005_TEST_P01,TEST_P01,SOFT_GRIP_ENTRY,SOFT_GRIP_STABILIZATION_END,698.1582641601562,60.339866638183594,486.7987365722656,178.5856475830078,-89.7705307006836,-179.94760131835938,-7.5831,-3.0264,2.0235,0.4664,-0.0115,0.0019,0.0,0.0,0.0,0.0,0.0,0.0,-2.0564,-3.2107,-7.498,0.4664,-0.0115,0.0019,0.0,0.0,0.0,0.0,0.0,0.0,,,,,18.1,holding
2026-09-21T11:39:36.088+09:00,TEST_0005_TEST_P01,TEST_P01,HARD_GRIP,HARD_GRIP_COMMAND,698.1569213867188,60.340084075927734,486.8015441894531,178.5856170654297,-89.770263671875,-179.94757080078125,-7.0609,-3.1512,1.8275,0.485,-0.012,0.0019,0.0,0.0,0.0,0.0,0.0,0.0,-1.8585,-3.3228,-6.9736,0.485,-0.012,0.0019,0.0,0.0,0.0,0.0,0.0,0.0,,,,,18.1,holding
2026-09-21T11:39:37.092+09:00,TEST_0005_TEST_P01,TEST_P01,HARD_GRIP,HARD_GRIP_STABILIZATION_END,698.1104125976562,60.36001968383789,486.8874816894531,178.58761596679688,-89.76327514648438,-179.95010375976562,-2.8334,-3.6577,-0.3295,0.5418,-0.0134,0.0022,0.0,0.0,0.0,0.0,0.0,0.0,0.315,-3.7267,-2.7438,0.5418,-0.0134,0.0022,0.0,0.0,0.0,0.0,0.0,0.0,,,,,17.6,moving
2026-09-21T11:39:37.127+09:00,TEST_0005_TEST_P01,TEST_P01,PULL_TEST,,698.1080322265625,60.35961151123047,486.8923034667969,178.58761596679688,-89.76288604736328,-179.9500274658203,-2.8334,-3.6577,-0.3295,0.5418,-0.0134,0.0022,0.0,0.0,0.0,0.0,0.0,0.0,0.315,-3.7267,-2.7438,0.5418,-0.0134,0.0022,0.0,0.0,0.0,0.0,0.0,0.0,,,0.0,0.0018,17.6,moving
2026-09-21T11:39:37.182+09:00,TEST_0005_TEST_P01,TEST_P01,PULL_TEST,,698.1011352539062,60.36208724975586,486.9056091308594,178.58790588378906,-89.7618179321289,-179.94996643066406,-2.8347,-3.7422,-0.12,0.544,-0.0134,0.0022,-0.0013,-0.0845,0.2096,0.0022,-0.0001,0.0,0.1053,-3.811,-2.7421,0.544,-0.0134,0.0022,-0.2097,-0.0843,0.0017,0.0022,-0.0001,0.0,,,0.0013,0.0087,17.6,moving
2026-09-21T11:39:37.239+09:00,TEST_0005_TEST_P01,TEST_P01,PULL_TEST,,698.0409545898438,60.36016845703125,487.0123596191406,178.5883331298828,-89.75315856933594,-179.9478759765625,-2.0846,-3.7522,-0.3984,0.5333,-0.0131,0.0022,0.7489,-0.0945,-0.0688,-0.0085,0.0002,0.0,0.3863,-3.8028,-1.9932,0.5333,-0.0131,0.0022,0.0713,-0.0761,0.7506,-0.0085,0.0002,0.0,,,0.7489,0.0688,17.4,moving
2026-09-21T11:39:37.295+09:00,TEST_0005_TEST_P01,TEST_P01,PULL_TEST,,697.879638671875,60.35786819458008,487.1668701171875,178.58804321289062,-89.74044036865234,-179.9403533935547,-2.0846,-3.7522,-0.3984,0.5333,-0.0131,0.0022,0.7489,-0.0945,-0.0688,-0.0085,0.0002,0.0,0.3863,-3.8028,-1.9932,0.5333,-0.0131,0.0022,0.0713,-0.0761,0.7506,-0.0085,0.0002,0.0,,,0.7489,0.2302,17.4,moving
2026-09-21T11:39:37.352+09:00,TEST_0005_TEST_P01,TEST_P01,PULL_TEST,,697.578125,60.34407424926758,487.24468994140625,178.58602905273438,-89.73298645019531,-179.93910217285156,-0.3314,-3.881,-1.213,0.523,-0.0129,0.0023,2.502,-0.2234,-0.8834,-0.0189,0.0005,0.0001,1.2078,-3.8893,-0.2412,0.523,-0.0129,0.0023,0.8928,-0.1626,2.5026,-0.0189,0.0005,0.0001,,,2.502,0.5317,17.4,moving
2026-09-21T11:39:37.409+09:00,TEST_0005_TEST_P01,TEST_P01,PULL_TEST,,697.0794677734375,60.32417678833008,487.26287841796875,178.58486938476562,-89.73077392578125,-179.9385223388672,-0.3314,-3.881,-1.213,0.523,-0.0129,0.0023,2.502,-0.2234,-0.8834,-0.0189,0.0005,0.0001,1.2078,-3.8893,-0.2412,0.523,-0.0129,0.0023,0.8928,-0.1626,2.5026,-0.0189,0.0005,0.0001,,,2.502,1.0303,17.4,moving
2026-09-21T11:39:37.464+09:00,TEST_0005_TEST_P01,TEST_P01,PULL_TEST,,696.5013427734375,60.331573486328125,487.20440673828125,178.58609008789062,-89.73506164550781,-179.9381561279297,0.4806,-3.8377,-1.7256,0.5653,-0.014,0.0026,3.314,-0.1801,-1.3961,0.0235,-0.0006,0.0004,1.7241,-3.8266,0.5671,0.5653,-0.014,0.0026,1.4091,-0.0999,3.3109,0.0235,-0.0006,0.0004,,,3.314,1.6085,17.4,moving
2026-09-21T11:39:37.519+09:00,TEST_0005_TEST_P01,TEST_P01,PULL_TEST,,695.9534301757812,60.33488845825195,487.1697692871094,178.58621215820312,-89.73710632324219,-179.9405517578125,0.4806,-3.8377,-1.7256,0.5653,-0.014,0.0026,3.314,-0.1801,-1.3961,0.0235,-0.0006,0.0004,1.7241,-3.8266,0.5671,0.5653,-0.014,0.0026,1.4091,-0.0999,3.3109,0.0235,-0.0006,0.0004,,,3.314,2.1564,17.4,moving
2026-09-21T11:39:37.574+09:00,TEST_0005_TEST_P01,TEST_P01,PULL_TEST,,695.3889770507812,60.31000900268555,487.1930236816406,178.58421325683594,-89.73471069335938,-179.9449920654297,0.2743,-3.7079,-1.678,0.6503,-0.0161,0.003,3.1077,-0.0502,-1.3485,0.1085,-0.0027,0.0008,1.676,-3.7017,0.358,0.6503,-0.0161,0.003,1.361,0.025,3.1018,0.1085,-0.0027,0.0008,,,3.1077,2.7208,17.4,moving
2026-09-21T11:39:37.631+09:00,TEST_0005_TEST_P01,TEST_P01,PULL_TEST,,694.7977294921875,60.28218078613281,487.161376953125,178.5822296142578,-89.73722076416016,-179.9439697265625,0.2743,-3.7079,-1.678,0.6503,-0.0161,0.003,3.1077,-0.0502,-1.3485,0.1085,-0.0027,0.0008,1.676,-3.7017,0.358,0.6503,-0.0161,0.003,1.361,0.025,3.1018,0.1085,-0.0027,0.0008,,,3.1077,3.3121,17.4,moving
2026-09-21T11:39:37.688+09:00,TEST_0005_TEST_P01,TEST_P01,PULL_TEST,,694.214111328125,60.272056579589844,487.0440979003906,178.5812225341797,-89.7466049194336,-179.9418487548828,0.581,-3.5349,-1.5857,0.7329,-0.0181,0.0034,3.4144,0.1228,-1.2562,0.1911,-0.0048,0.0011,1.5853,-3.521,0.661,0.7329,-0.0181,0.0034,1.2703,0.2057,3.4048,0.1911,-0.0048,0.0011,,,3.4144,3.8957,17.4,moving
2026-09-21T11:39:37.744+09:00,TEST_0005_TEST_P01,TEST_P01,PULL_TEST,,693.6326293945312,60.28607940673828,487.01580810546875,178.5827178955078,-89.74872589111328,-179.94235229492188,1.1511,-3.4569,-1.351,0.7632,-0.0189,0.0034,3.9846,0.2008,-1.0214,0.2213,-0.0055,0.0012,1.3529,-3.4288,1.2304,0.7632,-0.0189,0.0034,1.0379,0.2979,3.9741,0.2213,-0.0055,0.0012,,,3.9846,4.4772,17.4,moving
2026-09-21T11:39:37.800+09:00,TEST_0005_TEST_P01,TEST_P01,PULL_TEST,,693.0597534179688,60.31676483154297,487.1308288574219,178.58567810058594,-89.7395248413086,-179.9440460205078,1.1511,-3.4569,-1.351,0.7632,-0.0189,0.0034,3.9846,0.2008,-1.0214,0.2213,-0.0055,0.0012,1.3529,-3.4288,1.2304,0.7632,-0.0189,0.0034,1.0379,0.2979,3.9741,0.2213,-0.0055,0.0012,,,3.9846,5.05,17.4,moving
2026-09-21T11:39:37.856+09:00,TEST_0005_TEST_P01,TEST_P01,PULL_TEST,,692.5155639648438,60.3101692199707,487.0335998535156,178.5848388671875,-89.74758911132812,-179.94552612304688,1.6264,-3.4574,-1.4232,0.7904,-0.0195,0.0035,4.4599,0.2003,-1.0937,0.2486,-0.0062,0.0013,1.4276,-3.4175,1.705,0.7904,-0.0195,0.0035,1.1126,0.3092,4.4487,0.2486,-0.0062,0.0013,,,4.4599,5.5942,17.4,moving
2026-09-21T11:39:37.911+09:00,TEST_0005_TEST_P01,TEST_P01,PULL_TEST,,691.9600830078125,60.28666305541992,486.9413146972656,178.58299255371094,-89.75521087646484,-179.94480895996094,1.6264,-3.4574,-1.4232,0.7904,-0.0195,0.0035,4.4599,0.2003,-1.0937,0.2486,-0.0062,0.0013,1.4276,-3.4175,1.705,0.7904,-0.0195,0.0035,1.1126,0.3092,4.4487,0.2486,-0.0062,0.0013,,,4.4599,6.1497,17.4,moving
2026-09-21T11:39:37.966+09:00,TEST_0005_TEST_P01,TEST_P01,PULL_TEST,,691.3983764648438,60.26724624633789,486.9520263671875,178.5818634033203,-89.75415802001953,-179.9466552734375,2.6406,-3.5688,-1.2941,0.8086,-0.02,0.0035,5.4741,0.0889,-0.9645,0.2667,-0.0066,0.0013,1.3024,-3.5036,2.7225,0.8086,-0.02,0.0035,0.9874,0.223,5.4663,0.2667,-0.0066,0.0013,,,5.4741,6.7114,17.4,moving
2026-09-21T11:41:12.093+09:00,TEST_0006_TEST_P01,TEST_P01,SOFT_GRIP_ENTRY,SOFT_GRIP_COMMAND,673.269287109375,60.51313781738281,486.6742858886719,178.596435546875,-89.77999877929688,-179.94203186035156,-3.2729,-2.7384,0.8171,0.1946,-0.0048,0.0007,0.0,0.0,0.0,0.0,0.0,0.0,-0.8323,-2.8169,-3.2016,0.1946,-0.0048,0.0007,0.0,0.0,0.0,0.0,0.0,0.0,,,,,110.3,holding
2026-09-21T11:41:15.758+09:00,TEST_0006_TEST_P01,TEST_P01,SOFT_GRIP_ENTRY,ENTRY_MOTION_START_WIDTH_REACHED,673.093505859375,60.37956619262695,486.89093017578125,178.5896453857422,-89.76274871826172,-179.94998168945312,-2.2823,-2.3303,0.759,0.4484,-0.011,0.0019,0.9905,0.408,-0.0582,0.2539,-0.0063,0.0011,-0.7703,-2.3851,-2.2211,0.4484,-0.011,0.0019,0.062,0.4317,0.9805,0.2539,-0.0063,0.0011,,,,,24.9,moving
2026-09-21T11:41:15.793+09:00,TEST_0006_TEST_P01,TEST_P01,SOFT_GRIP_ENTRY,,673.0933837890625,60.37954330444336,486.8894958496094,178.5896453857422,-89.76286315917969,-179.9499969482422,-2.2823,-2.3303,0.759,0.4484,-0.011,0.0019,0.9905,0.408,-0.0582,0.2539,-0.0063,0.0011,-0.7703,-2.3851,-2.2211,0.4484,-0.011,0.0019,0.062,0.4317,0.9805,0.2539,-0.0063,0.0011,0.9905,-0.1763,,,24.8,moving
2026-09-21T11:41:15.849+09:00,TEST_0006_TEST_P01,TEST_P01,SOFT_GRIP_ENTRY,,673.0946044921875,60.379913330078125,486.8872985839844,178.58966064453125,-89.76303100585938,-179.95018005371094,-2.1763,-2.3701,0.7786,0.4474,-0.011,0.0019,1.0966,0.3683,-0.0385,0.2528,-0.0063,0.0011,-0.7895,-2.4222,-2.114,0.4474,-0.011,0.0019,0.0428,0.3946,1.0876,0.2528,-0.0063,0.0011,1.0966,-0.1751,,,24.6,moving
2026-09-21T11:41:15.904+09:00,TEST_0006_TEST_P01,TEST_P01,SOFT_GRIP_ENTRY,,673.123046875,60.386627197265625,486.834228515625,178.58993530273438,-89.76741027832031,-179.9518280029297,-2.1763,-2.3701,0.7786,0.4474,-0.011,0.0019,1.0966,0.3683,-0.0385,0.2528,-0.0063,0.0011,-0.7895,-2.4222,-2.114,0.4474,-0.011,0.0019,0.0428,0.3946,1.0876,0.2528,-0.0063,0.0011,1.0966,-0.1467,,,24.4,moving
2026-09-21T11:41:15.961+09:00,TEST_0006_TEST_P01,TEST_P01,SOFT_GRIP_ENTRY,,673.2605590820312,60.415618896484375,486.6071472167969,178.59210205078125,-89.78571319580078,-179.96627807617188,-2.8504,-2.4122,0.9,0.4798,-0.0118,0.0019,0.4224,0.3262,0.0829,0.2852,-0.007,0.0012,-0.9127,-2.4809,-2.7867,0.4798,-0.0118,0.0019,-0.0804,0.336,0.4149,0.2852,-0.007,0.0012,0.4224,-0.0092,,,24.3,moving
2026-09-21T11:41:16.016+09:00,TEST_0006_TEST_P01,TEST_P01,SOFT_GRIP_ENTRY,,673.5520629882812,60.43019485473633,486.3402099609375,178.59414672851562,-89.80908203125,-179.97874450683594,-2.8504,-2.4122,0.9,0.4798,-0.0118,0.0019,0.4224,0.3262,0.0829,0.2852,-0.007,0.0012,-0.9127,-2.4809,-2.7867,0.4798,-0.0118,0.0019,-0.0804,0.336,0.4149,0.2852,-0.007,0.0012,0.4224,0.2823,,,23.8,moving
2026-09-21T11:41:16.071+09:00,TEST_0006_TEST_P01,TEST_P01,SOFT_GRIP_ENTRY,,674.0413208007812,60.44886016845703,486.41436767578125,178.59521484375,-89.80411529541016,-179.9731903076172,-4.498,-2.3375,0.5794,0.4533,-0.0111,0.0016,-1.2252,0.4009,-0.2378,0.2588,-0.0064,0.0009,-0.5949,-2.4468,-4.4374,0.4533,-0.0111,0.0016,0.2374,0.37,-1.2358,0.2588,-0.0064,0.0009,1.2252,0.7716,,,23.4,moving
2026-09-21T11:41:16.126+09:00,TEST_0006_TEST_P01,TEST_P01,SOFT_GRIP_ENTRY,,674.6093139648438,60.4636344909668,486.4256286621094,178.59571838378906,-89.80426788330078,-179.96414184570312,-4.498,-2.3375,0.5794,0.4533,-0.0111,0.0016,-1.2252,0.4009,-0.2378,0.2588,-0.0064,0.0009,-0.5949,-2.4468,-4.4374,0.4533,-0.0111,0.0016,0.2374,0.37,-1.2358,0.2588,-0.0064,0.0009,1.2252,1.3396,,,22.9,moving
2026-09-21T11:41:16.181+09:00,TEST_0006_TEST_P01,TEST_P01,SOFT_GRIP_ENTRY,,675.1779174804688,60.48605728149414,486.4196472167969,178.59725952148438,-89.80580139160156,-179.96241760253906,-4.8852,-2.244,0.5782,0.3915,-0.0096,0.0013,-1.6123,0.4944,-0.239,0.1969,-0.0048,0.0006,-0.5964,-2.3626,-4.8267,0.3915,-0.0096,0.0013,0.2359,0.4542,-1.6251,0.1969,-0.0048,0.0006,1.6123,1.9082,,,22.3,moving
2026-09-21T11:41:16.236+09:00,TEST_0006_TEST_P01,TEST_P01,SOFT_GRIP_ENTRY,,675.753662109375,60.51094055175781,486.49127197265625,178.599365234375,-89.80025482177734,-179.95765686035156,-4.8852,-2.244,0.5782,0.3915,-0.0096,0.0013,-1.6123,0.4944,-0.239,0.1969,-0.0048,0.0006,-0.5964,-2.3626,-4.8267,0.3915,-0.0096,0.0013,0.2359,0.4542,-1.6251,0.1969,-0.0048,0.0006,1.6123,2.4839,,,21.3,moving
2026-09-21T11:41:16.292+09:00,TEST_0006_TEST_P01,TEST_P01,SOFT_GRIP_ENTRY,,676.3535766601562,60.506591796875,486.57470703125,178.59869384765625,-89.79373168945312,-179.9541778564453,-4.2836,-2.2096,0.503,0.3949,-0.0097,0.0014,-1.0108,0.5287,-0.3142,0.2003,-0.0049,0.0006,-0.5195,-2.3133,-4.2265,0.3949,-0.0097,0.0014,0.3128,0.5036,-1.0249,0.2003,-0.0049,0.0006,1.0108,3.0839,,,19.9,moving
2026-09-21T11:41:16.347+09:00,TEST_0006_TEST_P01,TEST_P01,SOFT_GRIP_ENTRY,,676.9064331054688,60.465057373046875,486.6480407714844,178.5950164794922,-89.7878189086914,-179.9580535888672,-4.6211,-2.1206,0.9196,0.4088,-0.01,0.0015,-1.3482,0.6178,0.1025,0.2143,-0.0052,0.0007,-0.9381,-2.2325,-4.5643,0.4088,-0.01,0.0015,-0.1058,0.5844,-1.3627,0.2143,-0.0052,0.0007,1.3482,3.6367,,,18.6,moving
2026-09-21T11:41:16.404+09:00,TEST_0006_TEST_P01,TEST_P01,SOFT_GRIP_ENTRY,,677.4728393554688,60.450286865234375,486.7618408203125,178.59423828125,-89.77851104736328,-179.95547485351562,-4.6211,-2.1206,0.9196,0.4088,-0.01,0.0015,-1.3482,0.6178,0.1025,0.2143,-0.0052,0.0007,-0.9381,-2.2325,-4.5643,0.4088,-0.01,0.0015,-0.1058,0.5844,-1.3627,0.2143,-0.0052,0.0007,1.3482,4.2031,,,18.1,moving
2026-09-21T11:41:16.459+09:00,TEST_0006_TEST_P01,TEST_P01,SOFT_GRIP_ENTRY,,678.0419311523438,60.46385192871094,486.767333984375,178.5950164794922,-89.77801513671875,-179.95306396484375,-4.6527,-2.244,1.5606,0.4072,-0.01,0.0015,-1.3798,0.4944,0.7434,0.2126,-0.0052,0.0008,-1.5803,-2.3562,-4.5902,0.4072,-0.01,0.0015,-0.748,0.4607,-1.3885,0.2126,-0.0052,0.0008,1.3798,4.7722,,,17.9,holding
2026-09-21T11:41:16.515+09:00,TEST_0006_TEST_P01,TEST_P01,SOFT_GRIP_ENTRY,,678.6116333007812,60.47676467895508,486.8074645996094,178.59573364257812,-89.77491760253906,-179.95407104492188,-4.6527,-2.244,1.5606,0.4072,-0.01,0.0015,-1.3798,0.4944,0.7434,0.2126,-0.0052,0.0008,-1.5803,-2.3562,-4.5902,0.4072,-0.01,0.0015,-0.748,0.4607,-1.3885,0.2126,-0.0052,0.0008,1.3798,5.3419,,,17.9,holding
2026-09-21T11:41:16.570+09:00,TEST_0006_TEST_P01,TEST_P01,SOFT_GRIP_ENTRY,,679.15869140625,60.46240234375,486.85699462890625,178.59449768066406,-89.7705078125,-179.9494171142578,-5.186,-2.2877,1.6498,0.4115,-0.0101,0.0016,-1.9132,0.4506,0.8326,0.2169,-0.0053,0.0009,-1.6721,-2.4127,-5.1218,0.4115,-0.0101,0.0016,-0.8398,0.4041,-1.9202,0.2169,-0.0053,0.0009,1.9132,5.889,,,17.9,holding
2026-09-21T11:41:16.625+09:00,TEST_0006_TEST_P01,TEST_P01,SOFT_GRIP_ENTRY,,679.7191772460938,60.440460205078125,486.89483642578125,178.5924530029297,-89.76728820800781,-179.94703674316406,-5.186,-2.2877,1.6498,0.4115,-0.0101,0.0016,-1.9132,0.4506,0.8326,0.2169,-0.0053,0.0009,-1.6721,-2.4127,-5.1218,0.4115,-0.0101,0.0016,-0.8398,0.4041,-1.9202,0.2169,-0.0053,0.0009,1.9132,6.4495,,,17.9,holding
2026-09-21T11:41:16.680+09:00,TEST_0006_TEST_P01,TEST_P01,SOFT_GRIP_ENTRY,,680.2662353515625,60.44669723510742,486.9585876464844,178.59298706054688,-89.76211547851562,-179.94969177246094,-5.5023,-2.3065,1.6872,0.4161,-0.0102,0.0017,-2.2295,0.4319,0.87,0.2215,-0.0055,0.0009,-1.7115,-2.4394,-5.4371,0.4161,-0.0102,0.0017,-0.8793,0.3774,-2.2354,0.2215,-0.0055,0.0009,2.2295,6.9965,,,17.9,holding
2026-09-21T11:41:16.735+09:00,TEST_0006_TEST_P01,TEST_P01,SOFT_GRIP_ENTRY,,680.7977294921875,60.477664947509766,486.8977966308594,178.595947265625,-89.76692199707031,-179.94847106933594,-5.5023,-2.3065,1.6872,0.4161,-0.0102,0.0017,-2.2295,0.4319,0.87,0.2215,-0.0055,0.0009,-1.7115,-2.4394,-5.4371,0.4161,-0.0102,0.0017,-0.8793,0.3774,-2.2354,0.2215,-0.0055,0.0009,2.2295,7.528,,,17.9,holding
2026-09-21T11:41:16.790+09:00,TEST_0006_TEST_P01,TEST_P01,SOFT_GRIP_ENTRY,,681.3552856445312,60.51224899291992,486.88287353515625,178.59889221191406,-89.76837921142578,-179.9479522705078,-6.0155,-2.2017,2.0314,0.426,-0.0105,0.0017,-2.7427,0.5367,1.2143,0.2314,-0.0057,0.001,-2.0577,-2.3466,-5.9515,0.426,-0.0105,0.0017,-1.2254,0.4703,-2.7498,0.2314,-0.0057,0.001,2.7427,8.0856,,,17.9,holding
2026-09-21T11:41:16.845+09:00,TEST_0006_TEST_P01,TEST_P01,SOFT_GRIP_ENTRY,,681.9195556640625,60.523704528808594,486.9234924316406,178.59971618652344,-89.7652587890625,-179.95140075683594,-6.6737,-2.1296,1.9813,0.4318,-0.0106,0.0018,-3.4008,0.6088,1.1642,0.2372,-0.0058,0.001,-2.0103,-2.2903,-6.6115,0.4318,-0.0106,0.0018,-1.178,0.5266,-3.4099,0.2372,-0.0058,0.001,3.4008,8.6498,,,17.9,holding
2026-09-21T11:41:16.901+09:00,TEST_0006_TEST_P01,TEST_P01,SOFT_GRIP_ENTRY,,682.4794921875,60.4931755065918,486.9422912597656,178.5974578857422,-89.76351928710938,-179.95040893554688,-6.6737,-2.1296,1.9813,0.4318,-0.0106,0.0018,-3.4008,0.6088,1.1642,0.2372,-0.0058,0.001,-2.0103,-2.2903,-6.6115,0.4318,-0.0106,0.0018,-1.178,0.5266,-3.4099,0.2372,-0.0058,0.001,3.4008,9.2098,,,17.9,holding
2026-09-21T11:41:16.956+09:00,TEST_0006_TEST_P01,TEST_P01,SOFT_GRIP_ENTRY,,683.0296020507812,60.46274185180664,486.9458923339844,178.5951385498047,-89.76324462890625,-179.9479217529297,-6.6751,-2.1413,2.0515,0.4334,-0.0106,0.0018,-3.4023,0.5971,1.2343,0.2388,-0.0058,0.001,-2.0812,-2.3023,-6.612,0.4334,-0.0106,0.0018,-1.2489,0.5145,-3.4103,0.2388,-0.0058,0.001,3.4023,9.7599,,,17.9,holding
2026-09-21T11:41:17.012+09:00,TEST_0006_TEST_P01,TEST_P01,SOFT_GRIP_ENTRY,,683.6122436523438,60.4649772644043,486.86761474609375,178.59483337402344,-89.7697982788086,-179.9539337158203,-6.6751,-2.1413,2.0515,0.4334,-0.0106,0.0018,-3.4023,0.5971,1.2343,0.2388,-0.0058,0.001,-2.0812,-2.3023,-6.612,0.4334,-0.0106,0.0018,-1.2489,0.5145,-3.4103,0.2388,-0.0058,0.001,3.4023,10.3425,,,17.9,holding
2026-09-21T11:41:17.067+09:00,TEST_0006_TEST_P01,TEST_P01,SOFT_GRIP_ENTRY,,684.1643676757812,60.482303619384766,486.86083984375,178.5963897705078,-89.77025604248047,-179.9544219970703,-7.3371,-2.0868,2.334,0.4407,-0.0108,0.0018,-4.0642,0.6515,1.5168,0.2461,-0.006,0.001,-2.3647,-2.2642,-7.2744,0.4407,-0.0108,0.0018,-1.5324,0.5527,-4.0727,0.2461,-0.006,0.001,4.0642,10.8947,,,18.1,holding
2026-09-21T11:41:17.122+09:00,TEST_0006_TEST_P01,TEST_P01,SOFT_GRIP_ENTRY,,684.7191162109375,60.48600769042969,486.8983459472656,178.59652709960938,-89.7671127319336,-179.94961547851562,-7.3371,-2.0868,2.334,0.4407,-0.0108,0.0018,-4.0642,0.6515,1.5168,0.2461,-0.006,0.001,-2.3647,-2.2642,-7.2744,0.4407,-0.0108,0.0018,-1.5324,0.5527,-4.0727,0.2461,-0.006,0.001,4.0642,11.4494,,,18.1,holding
2026-09-21T11:41:17.177+09:00,TEST_0006_TEST_P01,TEST_P01,SOFT_GRIP_ENTRY,,685.274169921875,60.45089340209961,486.840087890625,178.59336853027344,-89.77191925048828,-179.95040893554688,-7.6732,-2.0179,2.0482,0.4323,-0.0106,0.0017,-4.4003,0.7204,1.231,0.2377,-0.0058,0.001,-2.0812,-2.2035,-7.613,0.4323,-0.0106,0.0017,-1.2489,0.6134,-4.4114,0.2377,-0.0058,0.001,4.4003,12.0045,,,18.1,holding
2026-09-21T11:41:17.233+09:00,TEST_0006_TEST_P01,TEST_P01,SOFT_GRIP_ENTRY,,685.8201904296875,60.404571533203125,486.8553161621094,178.58969116210938,-89.7702407836914,-179.95140075683594,-7.6732,-2.0179,2.0482,0.4323,-0.0106,0.0017,-4.4003,0.7204,1.231,0.2377,-0.0058,0.001,-2.0812,-2.2035,-7.613,0.4323,-0.0106,0.0017,-1.2489,0.6134,-4.4114,0.2377,-0.0058,0.001,4.4003,12.5505,,,18.1,holding
2026-09-21T11:41:17.288+09:00,TEST_0006_TEST_P01,TEST_P01,SOFT_GRIP_ENTRY,,686.3780517578125,60.38895797729492,486.93682861328125,178.58839416503906,-89.76341247558594,-179.94537353515625,-7.9145,-1.8188,2.135,0.4364,-0.0107,0.0017,-4.6416,0.9196,1.3179,0.2418,-0.006,0.001,-2.1683,-2.0112,-7.8587,0.4364,-0.0107,0.0017,-1.336,0.8056,-4.6571,0.2418,-0.006,0.001,4.6416,13.1083,,,18.1,holding
2026-09-21T11:41:17.343+09:00,TEST_0006_TEST_P01,TEST_P01,SOFT_GRIP_ENTRY,,686.9299926757812,60.39271545410156,486.951904296875,178.58853149414062,-89.7623291015625,-179.9446258544922,-8.7459,-1.7763,2.2491,0.434,-0.0107,0.0018,-5.473,0.9621,1.4319,0.2394,-0.0059,0.001,-2.2869,-1.989,-8.6901,0.434,-0.0107,0.0018,-1.4546,0.8279,-5.4885,0.2394,-0.0059,0.001,5.473,13.6603,,,18.1,holding
2026-09-21T11:41:17.399+09:00,TEST_0006_TEST_P01,TEST_P01,SOFT_GRIP_ENTRY,,687.4932861328125,60.39891815185547,486.93780517578125,178.58921813964844,-89.76346588134766,-179.9506378173828,-8.7459,-1.7763,2.2491,0.434,-0.0107,0.0018,-5.473,0.9621,1.4319,0.2394,-0.0059,0.001,-2.2869,-1.989,-8.6901,0.434,-0.0107,0.0018,-1.4546,0.8279,-5.4885,0.2394,-0.0059,0.001,5.473,14.2236,,,18.1,holding
2026-09-21T11:41:17.454+09:00,TEST_0006_TEST_P01,TEST_P01,SOFT_GRIP_ENTRY,,688.03271484375,60.378456115722656,486.92633056640625,178.5879364013672,-89.76428985595703,-179.95025634765625,-8.5051,-1.8048,2.2184,0.4374,-0.0108,0.0018,-5.2323,0.9336,1.4013,0.2428,-0.006,0.0011,-2.2552,-2.0118,-8.4488,0.4374,-0.0108,0.0018,-1.4229,0.805,-5.2472,0.2428,-0.006,0.0011,5.2323,14.763,,,18.1,holding
2026-09-21T11:41:17.509+09:00,TEST_0006_TEST_P01,TEST_P01,SOFT_GRIP_ENTRY,,688.580078125,60.35318374633789,486.9525451660156,178.58584594726562,-89.76233673095703,-179.94691467285156,-8.5051,-1.8048,2.2184,0.4374,-0.0108,0.0018,-5.2323,0.9336,1.4013,0.2428,-0.006,0.0011,-2.2552,-2.0118,-8.4488,0.4374,-0.0108,0.0018,-1.4229,0.805,-5.2472,0.2428,-0.006,0.0011,5.2323,15.3104,,,18.1,holding
2026-09-21T11:41:17.566+09:00,TEST_0006_TEST_P01,TEST_P01,SOFT_GRIP_ENTRY,,689.1574096679688,60.360103607177734,486.978271484375,178.58616638183594,-89.7603759765625,-179.9503631591797,-9.3009,-1.7573,2.4274,0.4367,-0.0108,0.0018,-6.028,0.9811,1.6102,0.2421,-0.006,0.0011,-2.4674,-1.9841,-9.2446,0.4367,-0.0108,0.0018,-1.6351,0.8328,-6.0429,0.2421,-0.006,0.0011,6.028,15.8877,,,18.2,holding
2026-09-21T11:41:17.621+09:00,TEST_0006_TEST_P01,TEST_P01,SOFT_GRIP_ENTRY,,689.6976928710938,60.38836669921875,486.9247741699219,178.5889434814453,-89.76447296142578,-179.95285034179688,-9.3009,-1.7573,2.4274,0.4367,-0.0108,0.0018,-6.028,0.9811,1.6102,0.2421,-0.006,0.0011,-2.4674,-1.9841,-9.2446,0.4367,-0.0108,0.0018,-1.6351,0.8328,-6.0429,0.2421,-0.006,0.0011,6.028,16.428,,,18.2,holding
2026-09-21T11:41:17.676+09:00,TEST_0006_TEST_P01,TEST_P01,SOFT_GRIP_ENTRY,,690.2383422851562,60.41142272949219,486.90478515625,178.5909423828125,-89.76605987548828,-179.95054626464844,-9.724,-1.755,2.3907,0.4342,-0.0107,0.0018,-6.4511,0.9833,1.5735,0.2396,-0.0059,0.0011,-2.4323,-1.9918,-9.6679,0.4342,-0.0107,0.0018,-1.6,0.825,-6.4663,0.2396,-0.0059,0.0011,6.4511,16.9686,,,18.2,holding
2026-09-21T11:41:17.731+09:00,TEST_0006_TEST_P01,TEST_P01,SOFT_GRIP_ENTRY,,690.79345703125,60.411903381347656,486.9466247558594,178.5908660888672,-89.76271057128906,-179.94781494140625,-9.724,-1.755,2.3907,0.4342,-0.0107,0.0018,-6.4511,0.9833,1.5735,0.2396,-0.0059,0.0011,-2.4323,-1.9918,-9.6679,0.4342,-0.0107,0.0018,-1.6,0.825,-6.4663,0.2396,-0.0059,0.0011,6.4511,17.5237,,,18.2,holding
2026-09-21T11:41:17.786+09:00,TEST_0006_TEST_P01,TEST_P01,SOFT_GRIP_ENTRY,,691.3386840820312,60.38191223144531,487.0021057128906,178.58837890625,-89.7579116821289,-179.95181274414062,-9.8289,-1.8175,2.2942,0.4295,-0.0106,0.0018,-6.5561,0.9209,1.477,0.2349,-0.0058,0.001,-2.3364,-2.0566,-9.7717,0.4295,-0.0106,0.0018,-1.5041,0.7603,-6.57,0.2349,-0.0058,0.001,6.5561,18.069,,,18.2,holding
2026-09-21T11:41:17.841+09:00,TEST_0006_TEST_P01,TEST_P01,SOFT_GRIP_ENTRY,,691.8851928710938,60.35807800292969,486.9859924316406,178.58644104003906,-89.75902557373047,-179.95001220703125,-10.5379,-1.762,2.388,0.4268,-0.0105,0.0018,-7.265,0.9763,1.5709,0.2323,-0.0058,0.001,-2.4338,-2.0193,-10.4811,0.4268,-0.0105,0.0018,-1.6015,0.7976,-7.2795,0.2323,-0.0058,0.001,7.265,18.6155,,,18.2,holding
2026-09-21T11:41:17.897+09:00,TEST_0006_TEST_P01,TEST_P01,SOFT_GRIP_ENTRY,,692.447998046875,60.363365173339844,486.921142578125,178.586669921875,-89.7642822265625,-179.94677734375,-10.5379,-1.762,2.388,0.4268,-0.0105,0.0018,-7.265,0.9763,1.5709,0.2323,-0.0058,0.001,-2.4338,-2.0193,-10.4811,0.4268,-0.0105,0.0018,-1.6015,0.7976,-7.2795,0.2323,-0.0058,0.001,7.265,19.1783,,,18.2,holding
2026-09-21T11:41:17.953+09:00,TEST_0006_TEST_P01,TEST_P01,SOFT_GRIP_ENTRY,,693.0154418945312,60.38976287841797,486.96697998046875,178.5887908935547,-89.76074981689453,-179.94715881347656,-10.6855,-1.8311,2.2243,0.4095,-0.0101,0.0017,-7.4126,0.9073,1.4071,0.215,-0.0053,0.001,-2.2705,-2.0917,-10.6277,0.4095,-0.0101,0.0017,-1.4383,0.7252,-7.4261,0.215,-0.0053,0.001,7.4126,19.7457,,,18.2,holding
2026-09-21T11:41:18.010+09:00,TEST_0006_TEST_P01,TEST_P01,SOFT_GRIP_ENTRY,,693.58935546875,60.41804885864258,486.9862365722656,178.5914306640625,-89.75907135009766,-179.95130920410156,-10.6855,-1.8311,2.2243,0.4095,-0.0101,0.0017,-7.4126,0.9073,1.4071,0.215,-0.0053,0.001,-2.2705,-2.0917,-10.6277,0.4095,-0.0101,0.0017,-1.4383,0.7252,-7.4261,0.215,-0.0053,0.001,7.4126,20.3196,,,18.2,holding
2026-09-21T11:41:18.066+09:00,TEST_0006_TEST_P01,TEST_P01,SOFT_GRIP_ENTRY,,694.1517944335938,60.416934967041016,486.8904113769531,178.5912628173828,-89.76675415039062,-179.95074462890625,-10.883,-1.834,2.3768,0.4067,-0.01,0.0017,-7.6102,0.9044,1.5596,0.2121,-0.0052,0.001,-2.4231,-2.0988,-10.8248,0.4067,-0.01,0.0017,-1.5908,0.718,-7.6232,0.2121,-0.0052,0.001,7.6102,20.8821,,,18.2,holding
2026-09-21T11:41:18.121+09:00,TEST_0006_TEST_P01,TEST_P01,SOFT_GRIP_ENTRY,,694.7160034179688,60.39898681640625,486.8523864746094,178.58973693847656,-89.76998138427734,-179.94967651367188,-10.883,-1.834,2.3768,0.4067,-0.01,0.0017,-7.6102,0.9044,1.5596,0.2121,-0.0052,0.001,-2.4231,-2.0988,-10.8248,0.4067,-0.01,0.0017,-1.5908,0.718,-7.6232,0.2121,-0.0052,0.001,7.6102,21.4463,,,18.2,holding
2026-09-21T11:41:18.176+09:00,TEST_0006_TEST_P01,TEST_P01,SOFT_GRIP_ENTRY,,695.2802124023438,60.390682220458984,486.8748474121094,178.5889434814453,-89.7681884765625,-179.95103454589844,-11.3133,-1.8646,2.4602,0.4018,-0.0099,0.0016,-8.0405,0.8738,1.6431,0.2073,-0.0051,0.0009,-2.5081,-2.1403,-11.2539,0.4018,-0.0099,0.0016,-1.6758,0.6765,-8.0522,0.2073,-0.0051,0.0009,8.0405,22.0105,,,18.2,holding
2026-09-21T11:41:18.231+09:00,TEST_0006_TEST_P01,TEST_P01,SOFT_GRIP_ENTRY,,695.8381958007812,60.410892486572266,486.923583984375,178.5904998779297,-89.76390075683594,-179.95492553710938,-11.3133,-1.8646,2.4602,0.4018,-0.0099,0.0016,-8.0405,0.8738,1.6431,0.2073,-0.0051,0.0009,-2.5081,-2.1403,-11.2539,0.4018,-0.0099,0.0016,-1.6758,0.6765,-8.0522,0.2073,-0.0051,0.0009,8.0405,22.5685,,,18.2,holding
2026-09-21T11:41:18.287+09:00,TEST_0006_TEST_P01,TEST_P01,SOFT_GRIP_ENTRY,,696.3951416015625,60.43968200683594,486.9059143066406,178.5928497314453,-89.76528930664062,-179.9527587890625,-10.9203,-1.9,2.4715,0.4038,-0.0099,0.0017,-7.6474,0.8384,1.6543,0.2092,-0.0052,0.0009,-2.5178,-2.166,-10.86,0.4038,-0.0099,0.0017,-1.6855,0.6509,-7.6583,0.2092,-0.0052,0.0009,7.6474,23.1254,,,18.2,holding
2026-09-21T11:41:18.342+09:00,TEST_0006_TEST_P01,TEST_P01,SOFT_GRIP_ENTRY,,696.9172973632812,60.4522819519043,486.83477783203125,178.59390258789062,-89.77113342285156,-179.9499053955078,-11.4933,-1.8846,2.7407,0.4087,-0.01,0.0017,-8.2204,0.8537,1.9235,0.2141,-0.0053,0.0009,-2.7883,-2.1637,-11.4325,0.4087,-0.01,0.0017,-1.956,0.6532,-8.2309,0.2141,-0.0053,0.0009,8.2204,23.6476,,,18.2,holding
2026-09-21T11:41:18.397+09:00,TEST_0006_TEST_P01,TEST_P01,SOFT_GRIP_ENTRY,,697.3942260742188,60.43699645996094,486.8797302246094,178.59295654296875,-89.76739501953125,-179.94882202148438,-11.4933,-1.8846,2.7407,0.4087,-0.01,0.0017,-8.2204,0.8537,1.9235,0.2141,-0.0053,0.0009,-2.7883,-2.1637,-11.4325,0.4087,-0.01,0.0017,-1.956,0.6532,-8.2309,0.2141,-0.0053,0.0009,8.2204,24.1245,,,18.2,holding
2026-09-21T11:41:19.455+09:00,TEST_0006_TEST_P01,TEST_P01,SOFT_GRIP_ENTRY,SOFT_GRIP_STABILIZATION_END,698.158935546875,60.35341262817383,486.7619323730469,178.5867462158203,-89.77352905273438,-179.9480438232422,-8.9522,-1.7704,1.5454,0.5041,-0.0124,0.002,0.0,0.0,0.0,0.0,0.0,0.0,-1.5824,-1.9892,-8.8996,0.5041,-0.0124,0.002,0.0,0.0,0.0,0.0,0.0,0.0,,,,,18.4,holding
2026-09-21T11:41:19.507+09:00,TEST_0006_TEST_P01,TEST_P01,HARD_GRIP,HARD_GRIP_COMMAND,698.1558837890625,60.35212326049805,486.76837158203125,178.58660888671875,-89.77297973632812,-179.94810485839844,-8.9522,-1.7704,1.5454,0.5041,-0.0124,0.002,0.0,0.0,0.0,0.0,0.0,0.0,-1.5824,-1.9892,-8.8996,0.5041,-0.0124,0.002,0.0,0.0,0.0,0.0,0.0,0.0,,,,,18.4,holding
2026-09-21T11:41:20.512+09:00,TEST_0006_TEST_P01,TEST_P01,HARD_GRIP,HARD_GRIP_STABILIZATION_END,698.1080932617188,60.36270523071289,486.8696594238281,178.58792114257812,-89.76478576660156,-179.95082092285156,-5.0237,-1.1514,-0.3836,0.5542,-0.0137,0.0023,0.0,0.0,0.0,0.0,0.0,0.0,0.362,-1.2752,-4.9953,0.5542,-0.0137,0.0023,0.0,0.0,0.0,0.0,0.0,0.0,,,,,17.9,moving
2026-09-21T11:41:20.548+09:00,TEST_0006_TEST_P01,TEST_P01,PULL_TEST,,698.1074829101562,60.36260223388672,486.8708801269531,178.58792114257812,-89.76468658447266,-179.9508056640625,-4.8589,-1.2228,-0.4619,0.5573,-0.0137,0.0023,0.1648,-0.0714,-0.0783,0.0032,-0.0001,0.0,0.4409,-1.3425,-4.8291,0.5573,-0.0137,0.0023,0.0789,-0.0673,0.1662,0.0032,-0.0001,0.0,,,0.1648,0.0006,17.9,moving
2026-09-21T11:41:20.604+09:00,TEST_0006_TEST_P01,TEST_P01,PULL_TEST,,698.10498046875,60.36338806152344,486.8757629394531,178.58802795410156,-89.76429748535156,-179.9507293701172,-4.8589,-1.2228,-0.4619,0.5573,-0.0137,0.0023,0.1648,-0.0714,-0.0783,0.0032,-0.0001,0.0,0.4409,-1.3425,-4.8291,0.5573,-0.0137,0.0023,0.0789,-0.0673,0.1662,0.0032,-0.0001,0.0,,,0.1648,0.0031,17.9,moving
2026-09-21T11:41:20.658+09:00,TEST_0006_TEST_P01,TEST_P01,PULL_TEST,,698.0567016601562,60.357112884521484,486.9676208496094,178.58790588378906,-89.7568588256836,-179.94857788085938,-4.3873,-1.5055,-0.8118,0.5467,-0.0135,0.0023,0.6363,-0.3541,-0.4282,-0.0074,0.0002,-0.0,0.7923,-1.6139,-4.3523,0.5467,-0.0135,0.0023,0.4303,-0.3387,0.643,-0.0074,0.0002,-0.0,,,0.6363,0.0514,17.9,moving
2026-09-21T11:41:20.714+09:00,TEST_0006_TEST_P01,TEST_P01,PULL_TEST,,697.90234375,60.34382629394531,487.20703125,178.5867462158203,-89.73728942871094,-179.93923950195312,-4.3873,-1.5055,-0.8118,0.5467,-0.0135,0.0023,0.6363,-0.3541,-0.4282,-0.0074,0.0002,-0.0,0.7923,-1.6139,-4.3523,0.5467,-0.0135,0.0023,0.4303,-0.3387,0.643,-0.0074,0.0002,-0.0,,,0.6363,0.2057,17.9,moving
2026-09-21T11:41:20.770+09:00,TEST_0006_TEST_P01,TEST_P01,PULL_TEST,,697.6044921875,60.325408935546875,487.3752136230469,178.5842742919922,-89.72235870361328,-179.93624877929688,-2.7447,-1.643,-1.7687,0.5287,-0.013,0.0024,2.2789,-0.4915,-1.3851,-0.0255,0.0006,0.0001,1.754,-1.7121,-2.7117,0.5287,-0.013,0.0024,1.392,-0.437,2.2836,-0.0255,0.0006,0.0001,,,2.2789,0.5036,17.9,moving
2026-09-21T11:41:20.825+09:00,TEST_0006_TEST_P01,TEST_P01,PULL_TEST,,697.1355590820312,60.30451202392578,487.48675537109375,178.58294677734375,-89.71253967285156,-179.93453979492188,-2.7447,-1.643,-1.7687,0.5287,-0.013,0.0024,2.2789,-0.4915,-1.3851,-0.0255,0.0006,0.0001,1.754,-1.7121,-2.7117,0.5287,-0.013,0.0024,1.392,-0.437,2.2836,-0.0255,0.0006,0.0001,,,2.2789,0.9725,17.9,moving
2026-09-21T11:41:20.880+09:00,TEST_0006_TEST_P01,TEST_P01,PULL_TEST,,696.5755615234375,60.30280303955078,487.41522216796875,178.5831756591797,-89.71774291992188,-179.934814453125,-1.7765,-1.7607,-2.2217,0.5635,-0.0139,0.0028,3.2471,-0.6093,-1.8381,0.0093,-0.0003,0.0005,2.211,-1.8067,-1.7435,0.5635,-0.0139,0.0028,1.849,-0.5315,3.2518,0.0093,-0.0003,0.0005,,,3.2471,1.5325,17.9,moving
2026-09-21T11:41:20.937+09:00,TEST_0006_TEST_P01,TEST_P01,PULL_TEST,,696.0048828125,60.31584167480469,487.32452392578125,178.58428955078125,-89.72441864013672,-179.93814086914062,-1.7765,-1.7607,-2.2217,0.5635,-0.0139,0.0028,3.2471,-0.6093,-1.8381,0.0093,-0.0003,0.0005,2.211,-1.8067,-1.7435,0.5635,-0.0139,0.0028,1.849,-0.5315,3.2518,0.0093,-0.0003,0.0005,,,3.2471,2.1032,17.9,moving
2026-09-21T11:41:20.992+09:00,TEST_0006_TEST_P01,TEST_P01,PULL_TEST,,695.4224243164062,60.29814910888672,487.3087463378906,178.5831756591797,-89.7253189086914,-179.94334411621094,-2.1662,-1.6877,-1.9225,0.6422,-0.0159,0.0031,2.8575,-0.5363,-1.5389,0.0881,-0.0022,0.0008,1.9104,-1.7428,-2.1331,0.6422,-0.0159,0.0031,1.5483,-0.4676,2.8622,0.0881,-0.0022,0.0008,,,2.8575,2.6857,17.9,moving
2026-09-21T11:41:21.047+09:00,TEST_0006_TEST_P01,TEST_P01,PULL_TEST,,694.8635864257812,60.26872253417969,487.23297119140625,178.5806121826172,-89.73125457763672,-179.9433135986328,-1.3408,-1.7582,-2.0216,0.7267,-0.018,0.0035,3.6829,-0.6068,-1.638,0.1725,-0.0043,0.0012,2.0137,-1.7929,-1.3064,0.7267,-0.018,0.0035,1.6517,-0.5177,3.6889,0.1725,-0.0043,0.0012,,,3.6829,3.2445,17.9,moving
2026-09-21T11:41:21.103+09:00,TEST_0006_TEST_P01,TEST_P01,PULL_TEST,,694.2937622070312,60.25297546386719,487.1411437988281,178.5792236328125,-89.73858642578125,-179.9405975341797,-1.3408,-1.7582,-2.0216,0.7267,-0.018,0.0035,3.6829,-0.6068,-1.638,0.1725,-0.0043,0.0012,2.0137,-1.7929,-1.3064,0.7267,-0.018,0.0035,1.6517,-0.5177,3.6889,0.1725,-0.0043,0.0012,,,3.6829,3.8143,17.9,moving
2026-09-21T11:41:21.158+09:00,TEST_0006_TEST_P01,TEST_P01,PULL_TEST,,693.7147827148438,60.264060974121094,487.0932922363281,178.5806884765625,-89.74239349365234,-179.94093322753906,-0.4026,-1.9386,-2.0406,0.7642,-0.0189,0.0035,4.621,-0.7872,-1.657,0.21,-0.0053,0.0012,2.037,-1.9501,-0.3636,0.7642,-0.0189,0.0035,1.675,-0.6749,4.6317,0.21,-0.0053,0.0012,,,4.621,4.3933,17.9,moving
2026-09-21T11:41:21.214+09:00,TEST_0006_TEST_P01,TEST_P01,PULL_TEST,,693.1552124023438,60.30531692504883,487.14898681640625,178.58441162109375,-89.7380599975586,-179.94371032714844,-0.4026,-1.9386,-2.0406,0.7642,-0.0189,0.0035,4.621,-0.7872,-1.657,0.21,-0.0053,0.0012,2.037,-1.9501,-0.3636,0.7642,-0.0189,0.0035,1.675,-0.6749,4.6317,0.21,-0.0053,0.0012,,,4.621,4.9529,17.7,moving
2026-09-21T11:41:21.269+09:00,TEST_0006_TEST_P01,TEST_P01,PULL_TEST,,692.6033325195312,60.31205749511719,487.05255126953125,178.58465576171875,-89.7459487915039,-179.9456329345703,0.7491,-2.0728,-1.9835,0.7881,-0.0195,0.0036,5.7727,-0.9214,-1.5999,0.2339,-0.0058,0.0013,1.9851,-2.0556,0.7911,0.7881,-0.0195,0.0036,1.6231,-0.7804,5.7864,0.2339,-0.0058,0.0013,,,5.7727,5.5048,17.7,moving
