timestamp,trial_id,inspection_point_id,state,grip_event,tcp_x,tcp_y,tcp_z,tcp_rx,tcp_ry,tcp_rz,base_fx,base_fy,base_fz,base_tx,base_ty,base_tz,base_dfx,base_dfy,base_dfz,base_dtx,base_dty,base_dtz,tool_fx,tool_fy,tool_fz,tool_tx,tool_ty,tool_tz,tool_dfx,tool_dfy,tool_dfz,tool_dtx,tool_dty,tool_dtz,entry_force_n,entry_depth_mm,pull_force_n,pull_displacement_mm,gripper_width,gripper_state
2026-09-21T12:43:32.384+09:00,TEST_0001_TEST_P01,TEST_P01,SOFT_GRIP_ENTRY,SOFT_GRIP_COMMAND,673.2604370117188,60.514671325683594,486.68756103515625,178.5970916748047,-89.77913665771484,-179.94248962402344,-3.0615,-2.6977,1.0569,0.2554,-0.0063,0.001,0.0645,0.0116,-0.0028,0.0309,-0.0008,0.0001,-1.0712,-2.7708,-2.9905,0.2554,-0.0063,0.001,0.003,0.0132,0.0642,0.0309,-0.0008,0.0001,,,,,109.2,moving
2026-09-21T12:43:36.574+09:00,TEST_0001_TEST_P01,TEST_P01,SOFT_GRIP_ENTRY,ENTRY_MOTION_START_WIDTH_REACHED,673.0946044921875,60.38213348388672,486.87353515625,178.58984375,-89.76417541503906,-179.9501190185547,-2.0794,-2.2782,0.9309,0.4699,-0.0116,0.0019,1.0467,0.4312,-0.1287,0.2454,-0.0061,0.0011,-0.9412,-2.3278,-2.0188,0.4699,-0.0116,0.0019,0.133,0.4562,1.0358,0.2454,-0.0061,0.0011,,,,,21.9,moving
2026-09-21T12:43:36.605+09:00,TEST_0001_TEST_P01,TEST_P01,SOFT_GRIP_ENTRY,,673.094482421875,60.382110595703125,486.87213134765625,178.58984375,-89.76429748535156,-179.9501495361328,-2.0794,-2.2782,0.9309,0.4699,-0.0116,0.0019,1.0467,0.4312,-0.1287,0.2454,-0.0061,0.0011,-0.9412,-2.3278,-2.0188,0.4699,-0.0116,0.0019,0.133,0.4562,1.0358,0.2454,-0.0061,0.0011,1.0467,-0.1716,,,21.6,moving
2026-09-21T12:43:36.660+09:00,TEST_0001_TEST_P01,TEST_P01,SOFT_GRIP_ENTRY,,673.0963134765625,60.3824462890625,486.8685607910156,178.58984375,-89.76458740234375,-179.95021057128906,-2.0593,-2.2852,0.8703,0.4637,-0.0114,0.0019,1.0667,0.4242,-0.1893,0.2392,-0.0059,0.001,-0.8806,-2.3344,-1.9989,0.4637,-0.0114,0.0019,0.1936,0.4496,1.0558,0.2392,-0.0059,0.001,1.0667,-0.1698,,,19.8,moving
2026-09-21T12:43:36.715+09:00,TEST_0001_TEST_P01,TEST_P01,SOFT_GRIP_ENTRY,,673.1342163085938,60.38972473144531,486.7955627441406,178.5900115966797,-89.7706298828125,-179.9521942138672,-2.0593,-2.2852,0.8703,0.4637,-0.0114,0.0019,1.0667,0.4242,-0.1893,0.2392,-0.0059,0.001,-0.8806,-2.3344,-1.9989,0.4637,-0.0114,0.0019,0.1936,0.4496,1.0558,0.2392,-0.0059,0.001,1.0667,-0.1319,,,18.6,moving
2026-09-21T12:43:36.770+09:00,TEST_0001_TEST_P01,TEST_P01,SOFT_GRIP_ENTRY,,673.2648315429688,60.42051315307617,486.5738220214844,178.59228515625,-89.78853607177734,-179.9656982421875,-2.3236,-2.3553,-0.2727,0.4542,-0.0112,0.0018,0.8024,0.3541,-1.3323,0.2297,-0.0057,0.001,0.2619,-2.412,-2.266,0.4542,-0.0112,0.0018,1.3361,0.3721,0.7886,0.2297,-0.0057,0.001,0.8024,-0.0013,,,18.4,moving
2026-09-21T12:43:36.826+09:00,TEST_0001_TEST_P01,TEST_P01,SOFT_GRIP_ENTRY,,673.5347900390625,60.430885314941406,486.31646728515625,178.59385681152344,-89.81076049804688,-179.9790802001953,-2.3236,-2.3553,-0.2727,0.4542,-0.0112,0.0018,0.8024,0.3541,-1.3323,0.2297,-0.0057,0.001,0.2619,-2.412,-2.266,0.4542,-0.0112,0.0018,1.3361,0.3721,0.7886,0.2297,-0.0057,0.001,0.8024,0.2687,,,18.4,moving
2026-09-21T12:43:36.881+09:00,TEST_0001_TEST_P01,TEST_P01,SOFT_GRIP_ENTRY,,674.0100708007812,60.4510498046875,486.364501953125,178.5954132080078,-89.80809783935547,-179.97483825683594,-4.0316,-2.3304,0.0934,0.459,-0.0113,0.0016,-0.9056,0.3789,-0.9662,0.2346,-0.0058,0.0008,-0.1073,-2.4286,-3.9729,0.459,-0.0113,0.0016,0.9669,0.3554,-0.9183,0.2346,-0.0058,0.0008,0.9056,0.744,,,18.4,moving
2026-09-21T12:43:36.937+09:00,TEST_0001_TEST_P01,TEST_P01,SOFT_GRIP_ENTRY,,674.5834350585938,60.465179443359375,486.3551025390625,178.59584045410156,-89.80988311767578,-179.9668731689453,-4.3913,-2.1194,0.4201,0.3852,-0.0094,0.0013,-1.2653,0.5899,-0.6395,0.1607,-0.004,0.0004,-0.4358,-2.2262,-4.3366,0.3852,-0.0094,0.0013,0.6384,0.5579,-1.282,0.1607,-0.004,0.0004,1.2653,1.3173,,,18.2,moving
2026-09-21T12:43:36.993+09:00,TEST_0001_TEST_P01,TEST_P01,SOFT_GRIP_ENTRY,,675.1535034179688,60.484195709228516,486.3796081542969,178.59706115722656,-89.80892944335938,-179.9641876220703,-4.3913,-2.1194,0.4201,0.3852,-0.0094,0.0013,-1.2653,0.5899,-0.6395,0.1607,-0.004,0.0004,-0.4358,-2.2262,-4.3366,0.3852,-0.0094,0.0013,0.6384,0.5579,-1.282,0.1607,-0.004,0.0004,1.2653,1.8874,,,18.2,moving
2026-09-21T12:43:37.049+09:00,TEST_0001_TEST_P01,TEST_P01,SOFT_GRIP_ENTRY,,675.7437744140625,60.50847625732422,486.46771240234375,178.59915161132812,-89.80213165283203,-179.9588165283203,-4.0533,-2.2091,0.3476,0.3829,-0.0094,0.0013,-0.9272,0.5002,-0.7121,0.1584,-0.0039,0.0004,-0.363,-2.3073,-3.9968,0.3829,-0.0094,0.0013,0.7112,0.4767,-0.9422,0.1584,-0.0039,0.0004,0.9272,2.4777,,,18.2,moving
2026-09-21T12:43:37.105+09:00,TEST_0001_TEST_P01,TEST_P01,SOFT_GRIP_ENTRY,,676.3445434570312,60.504573822021484,486.544921875,178.5985107421875,-89.79608917236328,-179.95484924316406,-4.0533,-2.2091,0.3476,0.3829,-0.0094,0.0013,-0.9272,0.5002,-0.7121,0.1584,-0.0039,0.0004,-0.363,-2.3073,-3.9968,0.3829,-0.0094,0.0013,0.7112,0.4767,-0.9422,0.1584,-0.0039,0.0004,0.9272,3.0784,,,18.2,moving
2026-09-21T12:43:37.161+09:00,TEST_0001_TEST_P01,TEST_P01,SOFT_GRIP_ENTRY,,676.9189453125,60.46250534057617,486.56292724609375,178.5949249267578,-89.79492950439453,-179.95974731445312,-4.2748,-2.0667,0.5009,0.3955,-0.0097,0.0014,-1.1487,0.6426,-0.5587,0.1711,-0.0042,0.0005,-0.5175,-2.1704,-4.2211,0.3955,-0.0097,0.0014,0.5567,0.6136,-1.1664,0.1711,-0.0042,0.0005,1.1487,3.6528,,,18.2,moving
2026-09-21T12:43:37.216+09:00,TEST_0001_TEST_P01,TEST_P01,SOFT_GRIP_ENTRY,,677.4661865234375,60.453304290771484,486.62982177734375,178.59454345703125,-89.78939056396484,-179.9582977294922,-4.2748,-2.0667,0.5009,0.3955,-0.0097,0.0014,-1.1487,0.6426,-0.5587,0.1711,-0.0042,0.0005,-0.5175,-2.1704,-4.2211,0.3955,-0.0097,0.0014,0.5567,0.6136,-1.1664,0.1711,-0.0042,0.0005,1.1487,4.2001,,,18.2,moving
2026-09-21T12:43:37.271+09:00,TEST_0001_TEST_P01,TEST_P01,SOFT_GRIP_ENTRY,,678.0354614257812,60.470680236816406,486.6481628417969,178.5956573486328,-89.7879409790039,-179.95523071289062,-4.6754,-2.0882,0.2924,0.3907,-0.0096,0.0014,-1.5493,0.6212,-0.7672,0.1663,-0.0041,0.0006,-0.3114,-2.202,-4.6216,0.3907,-0.0096,0.0014,0.7628,0.5821,-1.567,0.1663,-0.0041,0.0006,1.5493,4.7693,,,18.2,moving
2026-09-21T12:43:37.326+09:00,TEST_0001_TEST_P01,TEST_P01,SOFT_GRIP_ENTRY,,678.5953979492188,60.47842788696289,486.6972351074219,178.59588623046875,-89.78397369384766,-179.95684814453125,-4.6754,-2.0882,0.2924,0.3907,-0.0096,0.0014,-1.5493,0.6212,-0.7672,0.1663,-0.0041,0.0006,-0.3114,-2.202,-4.6216,0.3907,-0.0096,0.0014,0.7628,0.5821,-1.567,0.1663,-0.0041,0.0006,1.5493,5.3293,,,18.2,moving
2026-09-21T12:43:37.382+09:00,TEST_0001_TEST_P01,TEST_P01,SOFT_GRIP_ENTRY,,679.1431274414062,60.456512451171875,486.7695617675781,178.5940704345703,-89.77774810791016,-179.9519500732422,-4.8765,-2.0321,0.3898,0.3931,-0.0096,0.0015,-1.7505,0.6772,-0.6699,0.1686,-0.0041,0.0006,-0.4096,-2.1507,-4.8238,0.3931,-0.0096,0.0015,0.6646,0.6333,-1.7691,0.1686,-0.0041,0.0006,1.7505,5.877,,,18.2,moving
2026-09-21T12:43:37.438+09:00,TEST_0001_TEST_P01,TEST_P01,SOFT_GRIP_ENTRY,,679.7083129882812,60.42950439453125,486.80615234375,178.59165954589844,-89.77462005615234,-179.9482421875,-6.0028,-2.1085,0.353,0.3915,-0.0096,0.0015,-2.8768,0.6009,-0.7066,0.1671,-0.0041,0.0006,-0.3784,-2.2551,-5.9478,0.3915,-0.0096,0.0015,0.6958,0.529,-2.8931,0.1671,-0.0041,0.0006,2.8768,6.4422,,,18.2,moving
2026-09-21T12:43:37.493+09:00,TEST_0001_TEST_P01,TEST_P01,SOFT_GRIP_ENTRY,,680.2572021484375,60.43289566040039,486.8901062011719,178.5918426513672,-89.76776123046875,-179.95040893554688,-6.0028,-2.1085,0.353,0.3915,-0.0096,0.0015,-2.8768,0.6009,-0.7066,0.1671,-0.0041,0.0006,-0.3784,-2.2551,-5.9478,0.3915,-0.0096,0.0015,0.6958,0.529,-2.8931,0.1671,-0.0041,0.0006,2.8768,6.9911,,,18.2,moving
2026-09-21T12:43:37.549+09:00,TEST_0001_TEST_P01,TEST_P01,SOFT_GRIP_ENTRY,,680.8015747070312,60.45854187011719,486.8480529785156,178.5943603515625,-89.77095794677734,-179.9492950439453,-6.2987,-2.1166,0.2117,0.3955,-0.0097,0.0016,-3.1727,0.5928,-0.848,0.1711,-0.0042,0.0007,-0.2388,-2.2703,-6.244,0.3955,-0.0097,0.0016,0.8354,0.5137,-3.1893,0.1711,-0.0042,0.0007,3.1727,7.5355,,,18.4,moving
2026-09-21T12:43:37.605+09:00,TEST_0001_TEST_P01,TEST_P01,SOFT_GRIP_ENTRY,,681.37451171875,60.48675537109375,486.82476806640625,178.59658813476562,-89.77306365966797,-179.94920349121094,-6.2987,-2.1166,0.2117,0.3955,-0.0097,0.0016,-3.1727,0.5928,-0.848,0.1711,-0.0042,0.0007,-0.2388,-2.2703,-6.244,0.3955,-0.0097,0.0016,0.8354,0.5137,-3.1893,0.1711,-0.0042,0.0007,3.1727,8.1084,,,18.4,moving
2026-09-21T12:43:37.661+09:00,TEST_0001_TEST_P01,TEST_P01,SOFT_GRIP_ENTRY,,681.9558715820312,60.4949951171875,486.88043212890625,178.59730529785156,-89.76882934570312,-179.95204162597656,-7.4619,-2.1769,0.2912,0.4003,-0.0098,0.0016,-4.3359,0.5325,-0.7684,0.1758,-0.0043,0.0007,-0.3226,-2.3586,-7.4052,0.4003,-0.0098,0.0016,0.7516,0.4254,-4.3505,0.1758,-0.0043,0.0007,4.3359,8.6898,,,18.4,moving
2026-09-21T12:43:37.716+09:00,TEST_0001_TEST_P01,TEST_P01,SOFT_GRIP_ENTRY,,682.501220703125,60.46181106567383,486.8846130371094,178.5949249267578,-89.7682876586914,-179.95101928710938,-7.4619,-2.1769,0.2912,0.4003,-0.0098,0.0016,-4.3359,0.5325,-0.7684,0.1758,-0.0043,0.0007,-0.3226,-2.3586,-7.4052,0.4003,-0.0098,0.0016,0.7516,0.4254,-4.3505,0.1758,-0.0043,0.0007,4.3359,9.2351,,,18.4,moving
2026-09-21T12:43:37.772+09:00,TEST_0001_TEST_P01,TEST_P01,SOFT_GRIP_ENTRY,,683.0549926757812,60.437583923339844,486.87384033203125,178.59292602539062,-89.76911926269531,-179.94923400878906,-8.4802,-2.209,-0.0564,0.4009,-0.0098,0.0016,-5.3542,0.5004,-1.116,0.1764,-0.0043,0.0008,0.0197,-2.4165,-8.4236,0.4009,-0.0098,0.0016,1.0939,0.3676,-5.3689,0.1764,-0.0043,0.0008,5.3542,9.7889,,,18.4,moving
2026-09-21T12:43:37.827+09:00,TEST_0001_TEST_P01,TEST_P01,SOFT_GRIP_ENTRY,,683.6300048828125,60.44384002685547,486.8187255859375,178.593017578125,-89.77383422851562,-179.9544219970703,-8.4802,-2.209,-0.0564,0.4009,-0.0098,0.0016,-5.3542,0.5004,-1.116,0.1764,-0.0043,0.0008,0.0197,-2.4165,-8.4236,0.4009,-0.0098,0.0016,1.0939,0.3676,-5.3689,0.1764,-0.0043,0.0008,5.3542,10.3639,,,18.4,moving
2026-09-21T12:43:37.882+09:00,TEST_0001_TEST_P01,TEST_P01,SOFT_GRIP_ENTRY,,684.1929931640625,60.46216583251953,486.83099365234375,178.59463500976562,-89.77268981933594,-179.95457458496094,-8.6982,-2.1276,0.1027,0.4075,-0.01,0.0016,-5.5722,0.5817,-0.9569,0.183,-0.0045,0.0008,-0.1384,-2.3404,-8.6429,0.4075,-0.01,0.0016,0.9358,0.4436,-5.5882,0.183,-0.0045,0.0008,5.5722,10.9269,,,18.4,moving
2026-09-21T12:43:37.937+09:00,TEST_0001_TEST_P01,TEST_P01,SOFT_GRIP_ENTRY,,684.743896484375,60.460350036621094,486.9083557128906,178.59437561035156,-89.76628112792969,-179.94895935058594,-9.3917,-2.1413,0.0842,0.4069,-0.01,0.0016,-6.2656,0.568,-0.9754,0.1825,-0.0045,0.0008,-0.1244,-2.3709,-9.3359,0.4069,-0.01,0.0016,0.9498,0.4131,-6.2813,0.1825,-0.0045,0.0008,6.2656,11.4778,,,18.4,moving
2026-09-21T12:43:37.992+09:00,TEST_0001_TEST_P01,TEST_P01,SOFT_GRIP_ENTRY,,685.29638671875,60.42277145385742,486.82757568359375,178.59097290039062,-89.77289581298828,-179.9514617919922,-9.3917,-2.1413,0.0842,0.4069,-0.01,0.0016,-6.2656,0.568,-0.9754,0.1825,-0.0045,0.0008,-0.1244,-2.3709,-9.3359,0.4069,-0.01,0.0016,0.9498,0.4131,-6.2813,0.1825,-0.0045,0.0008,6.2656,12.0303,,,18.4,moving
2026-09-21T12:43:38.048+09:00,TEST_0001_TEST_P01,TEST_P01,SOFT_GRIP_ENTRY,,685.8433837890625,60.38767623901367,486.8326721191406,178.58824157714844,-89.77201080322266,-179.9520263671875,-9.4498,-2.1383,0.0979,0.407,-0.01,0.0016,-6.3238,0.571,-0.9617,0.1826,-0.0045,0.0008,-0.1373,-2.3704,-9.3938,0.407,-0.01,0.0016,0.9369,0.4136,-6.3391,0.1826,-0.0045,0.0008,6.3238,12.5773,,,18.4,moving
2026-09-21T12:43:38.102+09:00,TEST_0001_TEST_P01,TEST_P01,SOFT_GRIP_ENTRY,,686.392822265625,60.38465881347656,486.9128723144531,178.5879669189453,-89.76533508300781,-179.9464874267578,-9.4498,-2.1383,0.0979,0.407,-0.01,0.0016,-6.3238,0.571,-0.9617,0.1826,-0.0045,0.0008,-0.1373,-2.3704,-9.3938,0.407,-0.01,0.0016,0.9369,0.4136,-6.3391,0.1826,-0.0045,0.0008,6.3238,13.1267,,,18.4,moving
2026-09-21T12:43:38.157+09:00,TEST_0001_TEST_P01,TEST_P01,SOFT_GRIP_ENTRY,,686.9508666992188,60.39988327026367,486.91046142578125,178.58901977539062,-89.76570892333984,-179.94631958007812,-9.667,-2.011,0.1214,0.4065,-0.01,0.0016,-6.5409,0.6984,-0.9382,0.182,-0.0045,0.0008,-0.1624,-2.2483,-9.614,0.4065,-0.01,0.0016,0.9118,0.5357,-6.5593,0.182,-0.0045,0.0008,6.5409,13.6848,,,18.6,moving
2026-09-21T12:43:38.212+09:00,TEST_0001_TEST_P01,TEST_P01,SOFT_GRIP_ENTRY,,687.4996337890625,60.41208267211914,486.8768005371094,178.5902099609375,-89.7684555053711,-179.95223999023438,-9.667,-2.011,0.1214,0.4065,-0.01,0.0016,-6.5409,0.6984,-0.9382,0.182,-0.0045,0.0008,-0.1624,-2.2483,-9.614,0.4065,-0.01,0.0016,0.9118,0.5357,-6.5593,0.182,-0.0045,0.0008,6.5409,14.2335,,,18.6,moving
2026-09-21T12:43:38.267+09:00,TEST_0001_TEST_P01,TEST_P01,SOFT_GRIP_ENTRY,,688.0419921875,60.3974494934082,486.87115478515625,178.5894012451172,-89.76886749267578,-179.95115661621094,-9.2382,-1.9679,0.0743,0.4105,-0.0101,0.0017,-6.1121,0.7415,-0.9853,0.1861,-0.0046,0.0008,-0.1138,-2.1945,-9.1866,0.4105,-0.0101,0.0017,0.9604,0.5895,-6.1319,0.1861,-0.0046,0.0008,6.1121,14.7759,,,18.6,moving
2026-09-21T12:43:38.322+09:00,TEST_0001_TEST_P01,TEST_P01,SOFT_GRIP_ENTRY,,688.5941772460938,60.37678146362305,486.9088134765625,178.58763122558594,-89.76595306396484,-179.9480743408203,-9.2382,-1.9679,0.0743,0.4105,-0.0101,0.0017,-6.1121,0.7415,-0.9853,0.1861,-0.0046,0.0008,-0.1138,-2.1945,-9.1866,0.4105,-0.0101,0.0017,0.9604,0.5895,-6.1319,0.1861,-0.0046,0.0008,6.1121,15.3281,,,18.6,moving
2026-09-21T12:43:38.377+09:00,TEST_0001_TEST_P01,TEST_P01,SOFT_GRIP_ENTRY,,689.160888671875,60.38205337524414,486.9367370605469,178.5877685546875,-89.76370239257812,-179.9512176513672,-8.8503,-1.8495,0.0121,0.4057,-0.01,0.0017,-5.7242,0.8599,-1.0476,0.1812,-0.0045,0.0008,-0.0498,-2.0671,-8.8019,0.4057,-0.01,0.0017,1.0244,0.7169,-5.7472,0.1812,-0.0045,0.0008,5.7242,15.8948,,,18.6,moving
2026-09-21T12:43:38.433+09:00,TEST_0001_TEST_P01,TEST_P01,SOFT_GRIP_ENTRY,,689.6875,60.408870697021484,486.8813171386719,178.59048461914062,-89.76800537109375,-179.95449829101562,-8.8503,-1.8495,0.0121,0.4057,-0.01,0.0017,-5.7242,0.8599,-1.0476,0.1812,-0.0045,0.0008,-0.0498,-2.0671,-8.8019,0.4057,-0.01,0.0017,1.0244,0.7169,-5.7472,0.1812,-0.0045,0.0008,5.7242,16.4214,,,18.6,moving
2026-09-21T12:43:38.490+09:00,TEST_0001_TEST_P01,TEST_P01,SOFT_GRIP_ENTRY,,690.245361328125,60.43879318237305,486.86456298828125,178.59315490722656,-89.76937866210938,-179.95103454589844,-8.9262,-1.8343,0.1678,0.4094,-0.0101,0.0017,-5.8002,0.8751,-0.8918,0.185,-0.0046,0.0008,-0.2054,-2.0531,-8.8777,0.4094,-0.0101,0.0017,0.8688,0.7309,-5.823,0.185,-0.0046,0.0008,5.8002,16.9792,,,18.6,moving
2026-09-21T12:43:38.546+09:00,TEST_0001_TEST_P01,TEST_P01,SOFT_GRIP_ENTRY,,690.81884765625,60.446250915527344,486.90277099609375,178.593505859375,-89.76627349853516,-179.94937133789062,-9.0911,-1.9558,0.0401,0.3993,-0.0098,0.0016,-5.965,0.7535,-1.0195,0.1749,-0.0043,0.0008,-0.0791,-2.1783,-9.0401,0.3993,-0.0098,0.0016,0.9951,0.6057,-5.9854,0.1749,-0.0043,0.0008,5.965,17.5527,,,18.6,moving
2026-09-21T12:43:38.602+09:00,TEST_0001_TEST_P01,TEST_P01,SOFT_GRIP_ENTRY,,691.3668212890625,60.41312026977539,486.95208740234375,178.59085083007812,-89.76197052001953,-179.9531707763672,-9.0911,-1.9558,0.0401,0.3993,-0.0098,0.0016,-5.965,0.7535,-1.0195,0.1749,-0.0043,0.0008,-0.0791,-2.1783,-9.0401,0.3993,-0.0098,0.0016,0.9951,0.6057,-5.9854,0.1749,-0.0043,0.0008,5.965,18.1007,,,18.6,moving
2026-09-21T12:43:38.656+09:00,TEST_0001_TEST_P01,TEST_P01,SOFT_GRIP_ENTRY,,691.9047241210938,60.38055419921875,486.94268798828125,178.5883026123047,-89.76254272460938,-179.95082092285156,-9.2038,-1.9279,0.1829,0.4005,-0.0098,0.0016,-6.0778,0.7814,-0.8767,0.176,-0.0044,0.0008,-0.2224,-2.1538,-9.1527,0.4005,-0.0098,0.0016,0.8518,0.6302,-6.0981,0.176,-0.0044,0.0008,6.0778,18.6386,,,18.6,moving
2026-09-21T12:43:38.713+09:00,TEST_0001_TEST_P01,TEST_P01,SOFT_GRIP_ENTRY,,692.4691772460938,60.385986328125,486.88922119140625,178.5885009765625,-89.76687622070312,-179.94723510742188,-9.2038,-1.9279,0.1829,0.4005,-0.0098,0.0016,-6.0778,0.7814,-0.8767,0.176,-0.0044,0.0008,-0.2224,-2.1538,-9.1527,0.4005,-0.0098,0.0016,0.8518,0.6302,-6.0981,0.176,-0.0044,0.0008,6.0778,19.2031,,,18.6,moving
2026-09-21T12:43:38.770+09:00,TEST_0001_TEST_P01,TEST_P01,SOFT_GRIP_ENTRY,,693.0450439453125,60.41082763671875,486.9534912109375,178.59056091308594,-89.7618637084961,-179.94789123535156,-9.7969,-1.9018,0.1346,0.3944,-0.0097,0.0016,-6.6708,0.8075,-0.9251,0.17,-0.0042,0.0008,-0.1766,-2.1423,-9.7464,0.3944,-0.0097,0.0016,0.8976,0.6417,-6.6918,0.17,-0.0042,0.0008,6.6708,19.7789,,,18.6,moving
2026-09-21T12:43:38.826+09:00,TEST_0001_TEST_P01,TEST_P01,SOFT_GRIP_ENTRY,,693.6097412109375,60.43809509277344,486.9828796386719,178.59307861328125,-89.75933074951172,-179.9514617919922,-9.7969,-1.9018,0.1346,0.3944,-0.0097,0.0016,-6.6708,0.8075,-0.9251,0.17,-0.0042,0.0008,-0.1766,-2.1423,-9.7464,0.3944,-0.0097,0.0016,0.8976,0.6417,-6.6918,0.17,-0.0042,0.0008,6.6708,20.3436,,,18.6,moving
2026-09-21T12:43:38.881+09:00,TEST_0001_TEST_P01,TEST_P01,SOFT_GRIP_ENTRY,,694.1717529296875,60.43133544921875,486.9080810546875,178.59249877929688,-89.7653579711914,-179.95010375976562,-9.6749,-1.9366,0.3059,0.3925,-0.0097,0.0016,-6.5488,0.7728,-0.7538,0.168,-0.0042,0.0008,-0.3478,-2.1732,-9.6231,0.3925,-0.0097,0.0016,0.7263,0.6108,-6.5684,0.168,-0.0042,0.0008,6.5488,20.9056,,,18.6,moving
2026-09-21T12:43:38.938+09:00,TEST_0001_TEST_P01,TEST_P01,SOFT_GRIP_ENTRY,,694.7532348632812,60.404075622558594,486.84588623046875,178.59007263183594,-89.77053833007812,-179.94911193847656,-11.0492,-2.3207,0.4666,0.3907,-0.0096,0.0016,-7.9232,0.3887,-0.5931,0.1662,-0.0041,0.0007,-0.5129,-2.5914,-10.9868,0.3907,-0.0096,0.0016,0.5613,0.1927,-7.9322,0.1662,-0.0041,0.0007,7.9232,21.4871,,,18.6,moving
2026-09-21T12:43:38.994+09:00,TEST_0001_TEST_P01,TEST_P01,SOFT_GRIP_ENTRY,,695.31640625,60.3935661315918,486.851806640625,178.58926391601562,-89.7700424194336,-179.9517364501953,-11.0492,-2.3207,0.4666,0.3907,-0.0096,0.0016,-7.9232,0.3887,-0.5931,0.1662,-0.0041,0.0007,-0.5129,-2.5914,-10.9868,0.3907,-0.0096,0.0016,0.5613,0.1927,-7.9322,0.1662,-0.0041,0.0007,7.9232,22.0503,,,18.6,moving
2026-09-21T12:43:39.050+09:00,TEST_0001_TEST_P01,TEST_P01,SOFT_GRIP_ENTRY,,695.891845703125,60.41459655761719,486.85931396484375,178.59091186523438,-89.76927185058594,-179.955810546875,-11.4397,-2.4024,0.2014,0.3928,-0.0097,0.0016,-8.3136,0.307,-0.8582,0.1684,-0.0042,0.0007,-0.2498,-2.6829,-11.3762,0.3928,-0.0097,0.0016,0.8244,0.1011,-8.3215,0.1684,-0.0042,0.0007,8.3136,22.6257,,,18.6,moving
2026-09-21T12:43:39.105+09:00,TEST_0001_TEST_P01,TEST_P01,SOFT_GRIP_ENTRY,,696.4583740234375,60.43705368041992,486.8406677246094,178.59254455566406,-89.77066802978516,-179.9529266357422,-11.4397,-2.4024,0.2014,0.3928,-0.0097,0.0016,-8.3136,0.307,-0.8582,0.1684,-0.0042,0.0007,-0.2498,-2.6829,-11.3762,0.3928,-0.0097,0.0016,0.8244,0.1011,-8.3215,0.1684,-0.0042,0.0007,8.3136,23.1923,,,18.6,moving
2026-09-21T12:43:39.163+09:00,TEST_0001_TEST_P01,TEST_P01,SOFT_GRIP_ENTRY,,696.9993286132812,60.43654251098633,486.79083251953125,178.59246826171875,-89.7747573852539,-179.9499969482422,-11.1155,-2.5358,0.4547,0.4003,-0.0098,0.0016,-7.9895,0.1736,-0.605,0.1759,-0.0043,0.0007,-0.5006,-2.8075,-11.048,0.4003,-0.0098,0.0016,0.5736,-0.0235,-7.9934,0.1759,-0.0043,0.0007,7.9895,23.7332,,,18.6,moving
2026-09-21T12:43:39.219+09:00,TEST_0001_TEST_P01,TEST_P01,SOFT_GRIP_ENTRY,,697.4749755859375,60.41936111450195,486.7330627441406,178.59181213378906,-89.77976989746094,-179.95108032226562,-11.1155,-2.5358,0.4547,0.4003,-0.0098,0.0016,-7.9895,0.1736,-0.605,0.1759,-0.0043,0.0007,-0.5006,-2.8075,-11.048,0.4003,-0.0098,0.0016,0.5736,-0.0235,-7.9934,0.1759,-0.0043,0.0007,7.9895,24.2089,,,18.6,moving
2026-09-21T12:43:40.274+09:00,TEST_0001_TEST_P01,TEST_P01,SOFT_GRIP_ENTRY,SOFT_GRIP_STABILIZATION_END,698.1699829101562,60.35222244262695,486.75885009765625,178.58644104003906,-89.7737045288086,-179.94810485839844,-5.3796,-1.7129,-1.5602,0.4661,-0.0115,0.0018,0.0,0.0,0.0,0.0,0.0,0.0,1.5374,-1.8465,-5.3418,0.4661,-0.0115,0.0018,0.0,0.0,0.0,0.0,0.0,0.0,,,,,18.6,moving
2026-09-21T12:43:40.327+09:00,TEST_0001_TEST_P01,TEST_P01,HARD_GRIP,HARD_GRIP_COMMAND,698.16650390625,60.35084915161133,486.76788330078125,178.5863037109375,-89.77293395996094,-179.94796752929688,-5.3796,-1.7129,-1.5602,0.4661,-0.0115,0.0018,0.0,0.0,0.0,0.0,0.0,0.0,1.5374,-1.8465,-5.3418,0.4661,-0.0115,0.0018,0.0,0.0,0.0,0.0,0.0,0.0,,,,,18.6,moving
2026-09-21T12:43:41.331+09:00,TEST_0001_TEST_P01,TEST_P01,HARD_GRIP,HARD_GRIP_STABILIZATION_END,698.0936889648438,60.36692428588867,486.91448974609375,178.58840942382812,-89.7611083984375,-179.9493865966797,-2.2095,-1.6479,-2.0685,0.6021,-0.0148,0.0025,0.0,0.0,0.0,0.0,0.0,0.0,2.058,-1.7037,-2.1768,0.6021,-0.0148,0.0025,0.0,0.0,0.0,0.0,0.0,0.0,,,,,18.6,moving
2026-09-21T12:43:41.355+09:00,TEST_0001_TEST_P01,TEST_P01,PULL_TEST,,698.093505859375,60.369327545166016,486.91448974609375,178.58860778808594,-89.7611083984375,-179.94952392578125,-1.8651,-1.5435,-2.269,0.6026,-0.0149,0.0025,0.3444,0.1045,-0.2004,0.0006,-0.0,0.0,2.2599,-1.5909,-1.8359,0.6026,-0.0149,0.0025,0.202,0.1128,0.3409,0.0006,-0.0,0.0,,,0.3444,0.0002,18.6,moving
2026-09-21T12:43:41.413+09:00,TEST_0001_TEST_P01,TEST_P01,PULL_TEST,,698.0907592773438,60.37065887451172,486.9185485839844,178.58868408203125,-89.76072692871094,-179.9496307373047,-1.8651,-1.5435,-2.269,0.6026,-0.0149,0.0025,0.3444,0.1045,-0.2004,0.0006,-0.0,0.0,2.2599,-1.5909,-1.8359,0.6026,-0.0149,0.0025,0.202,0.1128,0.3409,0.0006,-0.0,0.0,,,0.3444,0.0029,18.6,moving
2026-09-21T12:43:41.468+09:00,TEST_0001_TEST_P01,TEST_P01,PULL_TEST,,698.041259765625,60.3741340637207,487.0120849609375,178.58950805664062,-89.75325012207031,-179.9475860595703,-1.2975,-1.3342,-2.4589,0.6021,-0.0148,0.0025,0.912,0.3137,-0.3904,0.0,0.0,0.0,2.4524,-1.3679,-1.2745,0.6021,-0.0148,0.0025,0.3944,0.3358,0.9022,0.0,0.0,0.0,,,0.912,0.0524,18.6,moving
2026-09-21T12:43:41.523+09:00,TEST_0001_TEST_P01,TEST_P01,PULL_TEST,,697.88818359375,60.371604919433594,487.2613830566406,178.5891571044922,-89.73290252685547,-179.93911743164062,-1.2975,-1.3342,-2.4589,0.6021,-0.0148,0.0025,0.912,0.3137,-0.3904,0.0,0.0,0.0,2.4524,-1.3679,-1.2745,0.6021,-0.0148,0.0025,0.3944,0.3358,0.9022,0.0,0.0,0.0,,,0.912,0.2055,18.6,moving
2026-09-21T12:43:41.579+09:00,TEST_0001_TEST_P01,TEST_P01,PULL_TEST,,697.6045532226562,60.364383697509766,487.38482666015625,178.587646484375,-89.72178649902344,-179.9375457763672,0.6672,-1.2866,-3.2501,0.5797,-0.0143,0.0026,2.8767,0.3613,-1.1816,-0.0224,0.0006,0.0001,3.252,-1.2733,0.6833,0.5797,-0.0143,0.0026,1.1941,0.4304,2.8601,-0.0224,0.0006,0.0001,,,2.8767,0.4891,18.6,moving
2026-09-21T12:43:41.635+09:00,TEST_0001_TEST_P01,TEST_P01,PULL_TEST,,697.14453125,60.35309600830078,487.48638916015625,178.58694458007812,-89.71279907226562,-179.93421936035156,0.6672,-1.2866,-3.2501,0.5797,-0.0143,0.0026,2.8767,0.3613,-1.1816,-0.0224,0.0006,0.0001,3.252,-1.2733,0.6833,0.5797,-0.0143,0.0026,1.1941,0.4304,2.8601,-0.0224,0.0006,0.0001,,,2.8767,0.9492,18.6,moving
2026-09-21T12:43:41.690+09:00,TEST_0001_TEST_P01,TEST_P01,PULL_TEST,,696.5877075195312,60.363014221191406,487.3720397949219,178.5880889892578,-89.72148132324219,-179.93548583984375,2.4488,-1.2932,-4.578,0.5956,-0.0147,0.0029,4.6583,0.3548,-2.5094,-0.0064,0.0002,0.0004,4.5889,-1.2377,2.4571,0.5956,-0.0147,0.0029,2.5309,0.4661,4.6338,-0.0064,0.0002,0.0004,,,4.6583,1.506,18.6,moving
2026-09-21T12:43:41.745+09:00,TEST_0001_TEST_P01,TEST_P01,PULL_TEST,,696.0215454101562,60.37327575683594,487.2717590332031,178.58905029296875,-89.72891235351562,-179.93922424316406,3.2825,-0.6863,-4.8754,0.6682,-0.0165,0.0032,5.492,0.9617,-2.8068,0.0662,-0.0016,0.0007,4.8903,-0.6105,3.2753,0.6682,-0.0165,0.0032,2.8323,1.0932,5.4521,0.0662,-0.0016,0.0007,,,5.492,2.0721,18.6,moving
2026-09-21T12:43:41.801+09:00,TEST_0001_TEST_P01,TEST_P01,PULL_TEST,,695.4467163085938,60.356380462646484,487.2245178222656,178.58773803710938,-89.7323226928711,-179.94451904296875,3.2825,-0.6863,-4.8754,0.6682,-0.0165,0.0032,5.492,0.9617,-2.8068,0.0662,-0.0016,0.0007,4.8903,-0.6105,3.2753,0.6682,-0.0165,0.0032,2.8323,1.0932,5.4521,0.0662,-0.0016,0.0007,,,5.492,2.647,18.6,moving
2026-09-21T12:43:41.857+09:00,TEST_0001_TEST_P01,TEST_P01,PULL_TEST,,694.86767578125,60.32217025756836,487.1602783203125,178.5848388671875,-89.73725891113281,-179.9440460205078,5.1266,-0.383,-5.2766,0.7451,-0.0184,0.0035,7.3361,1.265,-3.2081,0.143,-0.0035,0.001,5.3,-0.2614,5.1101,0.7451,-0.0184,0.0035,3.2421,1.4423,7.2869,0.143,-0.0035,0.001,,,7.3361,3.226,18.6,moving
2026-09-21T12:43:41.913+09:00,TEST_0001_TEST_P01,TEST_P01,PULL_TEST,,694.2867431640625,60.308311462402344,487.1042175292969,178.58389282226562,-89.74177551269531,-179.9407501220703,5.1266,-0.383,-5.2766,0.7451,-0.0184,0.0035,7.3361,1.265,-3.2081,0.143,-0.0035,0.001,5.3,-0.2614,5.1101,0.7451,-0.0184,0.0035,3.2421,1.4423,7.2869,0.143,-0.0035,0.001,,,7.3361,3.8069,18.6,moving
2026-09-21T12:43:41.968+09:00,TEST_0001_TEST_P01,TEST_P01,PULL_TEST,,693.6886596679688,60.3170051574707,487.0871887207031,178.58506774902344,-89.74291229248047,-179.94064331054688,6.4187,-0.2921,-5.1281,0.7876,-0.0195,0.0036,8.6282,1.3558,-3.0595,0.1856,-0.0046,0.0011,5.1566,-0.1388,6.401,0.7876,-0.0195,0.0036,3.0986,1.5649,8.5778,0.1856,-0.0046,0.0011,,,8.6282,4.405,18.6,moving
2026-09-21T12:43:42.024+09:00,TEST_0001_TEST_P01,TEST_P01,PULL_TEST,,693.1279907226562,60.3389892578125,487.156005859375,178.58705139160156,-89.73735809326172,-179.9432373046875,6.4187,-0.2921,-5.1281,0.7876,-0.0195,0.0036,8.6282,1.3558,-3.0595,0.1856,-0.0046,0.0011,5.1566,-0.1388,6.401,0.7876,-0.0195,0.0036,3.0986,1.5649,8.5778,0.1856,-0.0046,0.0011,,,8.6282,4.9657,18.6,moving
2026-09-21T12:43:42.080+09:00,TEST_0001_TEST_P01,TEST_P01,PULL_TEST,,692.5560302734375,60.339630126953125,487.0851745605469,178.58740234375,-89.74341583251953,-179.94454956054688,6.2834,-0.7778,-5.0241,0.7994,-0.0197,0.0036,8.4928,0.8701,-2.9555,0.1973,-0.0049,0.0011,5.0522,-0.6277,6.2776,0.7994,-0.0197,0.0036,2.9942,1.076,8.4544,0.1973,-0.0049,0.0011,,,8.4928,5.5377,18.6,moving
2026-09-21T12:43:42.138+09:00,TEST_0001_TEST_P01,TEST_P01,PULL_TEST,,691.975830078125,60.32081604003906,486.95843505859375,178.58612060546875,-89.75397491455078,-179.94473266601562,6.5744,-0.625,-4.9956,0.8131,-0.0201,0.0036,8.7839,1.0229,-2.927,0.211,-0.0052,0.0011,5.0233,-0.4675,6.5664,0.8131,-0.0201,0.0036,2.9653,1.2362,8.7431,0.211,-0.0052,0.0011,,,8.7839,6.1179,18.6,moving
2026-09-21T12:43:42.193+09:00,TEST_0001_TEST_P01,TEST_P01,PULL_TEST,,691.4114379882812,60.31202697753906,486.94659423828125,178.58558654785156,-89.75465393066406,-179.94625854492188,6.5744,-0.625,-4.9956,0.8131,-0.0201,0.0036,8.7839,1.0229,-2.927,0.211,-0.0052,0.0011,5.0233,-0.4675,6.5664,0.8131,-0.0201,0.0036,2.9653,1.2362,8.7431,0.211,-0.0052,0.0011,,,8.7839,6.6823,18.6,moving
2026-09-21T12:43:42.251+09:00,TEST_0001_TEST_P01,TEST_P01,PULL_TEST,,690.830322265625,60.31329345703125,486.9497375488281,178.58578491210938,-89.75433349609375,-179.95054626464844,7.0812,-0.4617,-4.823,0.828,-0.0204,0.0036,9.2907,1.1862,-2.7545,0.2259,-0.0056,0.0011,4.8534,-0.291,7.0695,0.828,-0.0204,0.0036,2.7954,1.4127,9.2463,0.2259,-0.0056,0.0011,,,9.2907,7.2634,18.6,moving
2026-09-21T12:43:42.307+09:00,TEST_0001_TEST_P01,TEST_P01,PULL_TEST,,690.2737426757812,60.34260940551758,486.9285583496094,178.58786010742188,-89.75592803955078,-179.95034790039062,7.0812,-0.4617,-4.823,0.828,-0.0204,0.0036,9.2907,1.1862,-2.7545,0.2259,-0.0056,0.0011,4.8534,-0.291,7.0695,0.828,-0.0204,0.0036,2.7954,1.4127,9.2463,0.2259,-0.0056,0.0011,,,9.2907,7.8199,18.6,moving
2026-09-21T12:43:42.362+09:00,TEST_0001_TEST_P01,TEST_P01,PULL_TEST,,689.7160034179688,60.35690689086914,486.8960266113281,178.58885192871094,-89.7581558227539,-179.9471893310547,6.684,-0.5162,-4.564,0.8449,-0.0208,0.0036,8.8934,1.1317,-2.4954,0.2429,-0.006,0.0011,4.5919,-0.3556,6.6753,0.8449,-0.0208,0.0036,2.5339,1.3481,8.8521,0.2429,-0.006,0.0011,,,8.8934,8.3777,18.6,moving
2026-09-21T12:43:42.417+09:00,TEST_0001_TEST_P01,TEST_P01,PULL_TEST,,689.1655883789062,60.340641021728516,486.9307861328125,178.58767700195312,-89.75527954101562,-179.94834899902344,6.684,-0.5162,-4.564,0.8449,-0.0208,0.0036,8.8934,1.1317,-2.4954,0.2429,-0.006,0.0011,4.5919,-0.3556,6.6753,0.8449,-0.0208,0.0036,2.5339,1.3481,8.8521,0.2429,-0.006,0.0011,,,8.8934,8.9281,18.6,moving
2026-09-21T12:43:42.472+09:00,TEST_0001_TEST_P01,TEST_P01,PULL_TEST,,688.6185913085938,60.31398391723633,486.8923645019531,178.585205078125,-89.75836181640625,-179.95118713378906,6.4091,-0.7146,-4.4135,0.8557,-0.0211,0.0036,8.6186,0.9333,-2.3449,0.2537,-0.0063,0.0011,4.4406,-0.5603,6.4057,0.8557,-0.0211,0.0036,2.3826,1.1434,8.5825,0.2537,-0.0063,0.0011,,,8.6186,9.4751,18.6,moving
2026-09-21T12:43:42.528+09:00,TEST_0001_TEST_P01,TEST_P01,PULL_TEST,,688.048583984375,60.30051803588867,486.8886413574219,178.58444213867188,-89.75883483886719,-179.94808959960938,6.4091,-0.7146,-4.4135,0.8557,-0.0211,0.0036,8.6186,0.9333,-2.3449,0.2537,-0.0063,0.0011,4.4406,-0.5603,6.4057,0.8557,-0.0211,0.0036,2.3826,1.1434,8.5825,0.2537,-0.0063,0.0011,,,8.6186,10.0451,18.6,moving
2026-09-21T12:43:42.584+09:00,TEST_0001_TEST_P01,TEST_P01,PULL_TEST,,687.5029296875,60.314334869384766,486.9149475097656,178.5854034423828,-89.75638580322266,-179.94613647460938,6.8009,-0.6616,-4.3597,0.8646,-0.0214,0.0037,9.0104,0.9863,-2.2911,0.2626,-0.0065,0.0012,4.3876,-0.4974,6.797,0.8646,-0.0214,0.0037,2.3296,1.2063,8.9738,0.2626,-0.0065,0.0012,,,9.0104,10.5908,18.6,moving
2026-09-21T12:43:42.640+09:00,TEST_0001_TEST_P01,TEST_P01,PULL_TEST,,686.9383544921875,60.33989715576172,486.9237365722656,178.5877227783203,-89.75570678710938,-179.94859313964844,6.4467,-0.8176,-4.2087,0.8694,-0.0215,0.0037,8.6562,0.8304,-2.1401,0.2673,-0.0066,0.0012,4.2355,-0.6622,6.447,0.8694,-0.0215,0.0037,2.1775,1.0415,8.6238,0.2673,-0.0066,0.0012,,,8.6562,11.1553,18.6,moving
2026-09-21T12:43:42.695+09:00,TEST_0001_TEST_P01,TEST_P01,PULL_TEST,,686.383544921875,60.35029220581055,486.87957763671875,178.58860778808594,-89.759521484375,-179.9473419189453,6.4467,-0.8176,-4.2087,0.8694,-0.0215,0.0037,8.6562,0.8304,-2.1401,0.2673,-0.0066,0.0012,4.2355,-0.6622,6.447,0.8694,-0.0215,0.0037,2.1775,1.0415,8.6238,0.2673,-0.0066,0.0012,,,8.6562,11.7101,18.6,moving
2026-09-21T12:43:42.751+09:00,TEST_0001_TEST_P01,TEST_P01,PULL_TEST,,685.8018188476562,60.3369255065918,486.88519287109375,178.5880889892578,-89.759033203125,-179.94448852539062,6.5829,-0.8303,-4.396,0.8772,-0.0216,0.0037,8.7924,0.8176,-2.3274,0.2752,-0.0068,0.0012,4.4232,-0.6721,6.5827,0.8772,-0.0216,0.0037,2.3652,1.0316,8.7595,0.2752,-0.0068,0.0012,,,8.7924,12.2919,18.6,moving
2026-09-21T12:43:42.807+09:00,TEST_0001_TEST_P01,TEST_P01,PULL_TEST,,685.2402954101562,60.335819244384766,486.88238525390625,178.58827209472656,-89.75923156738281,-179.9463653564453,6.5829,-0.8303,-4.396,0.8772,-0.0216,0.0037,8.7924,0.8176,-2.3274,0.2752,-0.0068,0.0012,4.4232,-0.6721,6.5827,0.8772,-0.0216,0.0037,2.3652,1.0316,8.7595,0.2752,-0.0068,0.0012,,,8.7924,12.8534,18.6,moving
2026-09-21T12:43:42.861+09:00,TEST_0001_TEST_P01,TEST_P01,PULL_TEST,,684.7013549804688,60.35013961791992,486.9398193359375,178.58905029296875,-89.7544937133789,-179.95037841796875,6.7975,-0.6399,-4.3889,0.8808,-0.0217,0.0037,9.007,1.008,-2.3204,0.2787,-0.0069,0.0012,4.417,-0.4761,6.7928,0.8808,-0.0217,0.0037,2.3591,1.2276,8.9695,0.2787,-0.0069,0.0012,,,9.007,13.3923,18.6,moving
2026-09-21T12:43:42.917+09:00,TEST_0001_TEST_P01,TEST_P01,PULL_TEST,,684.1373901367188,60.37648010253906,486.9142761230469,178.59121704101562,-89.75650024414062,-179.950439453125,6.7975,-0.6399,-4.3889,0.8808,-0.0217,0.0037,9.007,1.008,-2.3204,0.2787,-0.0069,0.0012,4.417,-0.4761,6.7928,0.8808,-0.0217,0.0037,2.3591,1.2276,8.9695,0.2787,-0.0069,0.0012,,,9.007,13.9563,18.6,moving
2026-09-21T12:43:42.973+09:00,TEST_0001_TEST_P01,TEST_P01,PULL_TEST,,683.570556640625,60.39054489135742,486.8775329589844,178.59249877929688,-89.75907135009766,-179.95111083984375,6.9319,-0.604,-4.6696,0.8809,-0.0217,0.0038,9.1414,1.0439,-2.6011,0.2789,-0.0068,0.0013,4.6991,-0.4376,6.9245,0.8809,-0.0217,0.0038,2.6411,1.2661,9.1013,0.2789,-0.0068,0.0013,,,9.1414,14.5231,18.6,moving
2026-09-21T12:43:43.028+09:00,TEST_0001_TEST_P01,TEST_P01,PULL_TEST,,682.9811401367188,60.344879150390625,487.04620361328125,178.58848571777344,-89.74471282958984,-179.95111083984375,6.9319,-0.604,-4.6696,0.8809,-0.0217,0.0038,9.1414,1.0439,-2.6011,0.2789,-0.0068,0.0013,4.6991,-0.4376,6.9245,0.8809,-0.0217,0.0038,2.6411,1.2661,9.1013,0.2789,-0.0068,0.0013,,,9.1414,15.1125,18.6,moving
2026-09-21T12:43:43.083+09:00,TEST_0001_TEST_P01,TEST_P01,PULL_TEST,,682.3675537109375,60.289306640625,487.3771667480469,178.58409118652344,-89.71691131591797,-179.94261169433594,4.1153,-1.3104,-3.836,0.8775,-0.0216,0.0038,6.3247,0.3375,-1.7674,0.2754,-0.0068,0.0013,3.8535,-1.212,4.129,0.8775,-0.0216,0.0038,1.7955,0.4917,6.3058,0.2754,-0.0068,0.0013,,,6.3247,15.7261,18.4,moving
2026-09-21T12:43:43.139+09:00,TEST_0001_TEST_P01,TEST_P01,PULL_TEST,,681.7943725585938,60.28241729736328,487.4022521972656,178.5845947265625,-89.71510314941406,-179.9375,-0.3479,-2.3357,0.4146,0.8986,-0.0222,0.0044,1.8616,-0.6878,2.4831,0.2966,-0.0074,0.0019,-0.4186,-2.3431,-0.288,0.8986,-0.0222,0.0044,-2.4766,-0.6394,1.8888,0.2966,-0.0074,0.0019,,,1.8616,16.2993,18.4,moving
2026-09-21T12:43:43.195+09:00,TEST_0001_TEST_P01,TEST_P01,PULL_TEST,,681.2750854492188,60.30821990966797,487.27117919921875,178.58633422851562,-89.72631072998047,-179.94129943847656,-0.3479,-2.3357,0.4146,0.8986,-0.0222,0.0044,1.8616,-0.6878,2.4831,0.2966,-0.0074,0.0019,-0.4186,-2.3431,-0.288,0.8986,-0.0222,0.0044,-2.4766,-0.6394,1.8888,0.2966,-0.0074,0.0019,,,1.8616,16.8186,18.4,moving
2026-09-21T12:43:43.252+09:00,TEST_0001_TEST_P01,TEST_P01,PULL_TEST,,680.7154541015625,60.3378791809082,487.1860046386719,178.58897399902344,-89.73361206054688,-179.9440460205078,-0.815,-2.6387,0.921,0.9023,-0.0223,0.0043,1.3944,-0.9908,2.9895,0.3002,-0.0074,0.0018,-0.9271,-2.6571,-0.7455,0.9023,-0.0223,0.0043,-2.9851,-0.9534,1.4313,0.3002,-0.0074,0.0018,,,1.3944,17.3782,18.4,moving
2026-09-21T12:43:43.307+09:00,TEST_0001_TEST_P01,TEST_P01,PULL_TEST,,680.1886596679688,60.334102630615234,487.17510986328125,178.58872985839844,-89.7344970703125,-179.94297790527344,-0.815,-2.6387,0.921,0.9023,-0.0223,0.0043,1.3944,-0.9908,2.9895,0.3002,-0.0074,0.0018,-0.9271,-2.6571,-0.7455,0.9023,-0.0223,0.0043,-2.9851,-0.9534,1.4313,0.3002,-0.0074,0.0018,,,1.3944,17.905,18.4,moving
2026-09-21T12:43:43.363+09:00,TEST_0001_TEST_P01,TEST_P01,PULL_TEST,,679.6467895507812,60.30804443359375,487.117431640625,178.58631896972656,-89.73946380615234,-179.94541931152344,-0.595,-2.6177,0.9371,0.9062,-0.0223,0.0042,1.6145,-0.9697,3.0057,0.3041,-0.0075,0.0017,-0.9422,-2.6306,-0.5259,0.9062,-0.0223,0.0042,-3.0001,-0.9269,1.6509,0.3041,-0.0075,0.0017,,,1.6145,18.4469,18.4,moving
2026-09-21T12:43:43.418+09:00,TEST_0001_TEST_P01,TEST_P01,PULL_TEST,,679.11181640625,60.28335952758789,486.9832763671875,178.58409118652344,-89.75049591064453,-179.94808959960938,-0.595,-2.6177,0.9371,0.9062,-0.0223,0.0042,1.6145,-0.9697,3.0057,0.3041,-0.0075,0.0017,-0.9422,-2.6306,-0.5259,0.9062,-0.0223,0.0042,-3.0001,-0.9269,1.6509,0.3041,-0.0075,0.0017,,,1.6145,18.9819,18.4,moving
2026-09-21T12:43:43.474+09:00,TEST_0001_TEST_P01,TEST_P01,PULL_TEST,,678.570556640625,60.279815673828125,486.9637756347656,178.5838165283203,-89.7518310546875,-179.945556640625,-0.4377,-2.5697,1.0986,0.9088,-0.0224,0.004,1.7717,-0.9217,3.1671,0.3067,-0.0076,0.0015,-1.1026,-2.5787,-0.3693,0.9088,-0.0224,0.004,-3.1605,-0.875,1.8075,0.3067,-0.0076,0.0015,,,1.7717,19.5231,18.4,moving
2026-09-21T12:43:43.528+09:00,TEST_0001_TEST_P01,TEST_P01,PULL_TEST,,678.0413208007812,60.309207916259766,486.946044921875,178.58572387695312,-89.75334930419922,-179.94895935058594,-0.4377,-2.5697,1.0986,0.9088,-0.0224,0.004,1.7717,-0.9217,3.1671,0.3067,-0.0076,0.0015,-1.1026,-2.5787,-0.3693,0.9088,-0.0224,0.004,-3.1605,-0.875,1.8075,0.3067,-0.0076,0.0015,,,1.7717,20.0524,18.4,moving
2026-09-21T12:43:43.584+09:00,TEST_0001_TEST_P01,TEST_P01,PULL_TEST,,677.4943237304688,60.32420349121094,486.8782043457031,178.58682250976562,-89.75880432128906,-179.95199584960938,-0.7108,-2.5838,0.9885,0.909,-0.0225,0.0039,1.4986,-0.9358,3.057,0.3069,-0.0076,0.0014,-0.9936,-2.5997,-0.6426,0.909,-0.0225,0.0039,-3.0515,-0.896,1.5342,0.3069,-0.0076,0.0014,,,1.4986,20.5994,18.4,moving
2026-09-21T12:43:43.640+09:00,TEST_0001_TEST_P01,TEST_P01,PULL_TEST,,676.9171752929688,60.31281661987305,486.8789978027344,178.58615112304688,-89.75833892822266,-179.9503173828125,-0.1511,-2.5038,0.974,0.9128,-0.0225,0.0039,2.0584,-0.8559,3.0425,0.3108,-0.0077,0.0014,-0.9765,-2.506,-0.0852,0.9128,-0.0225,0.0039,-3.0345,-0.8022,2.0916,0.3108,-0.0077,0.0014,,,2.0584,21.1765,18.4,moving
2026-09-21T12:43:43.695+09:00,TEST_0001_TEST_P01,TEST_P01,PULL_TEST,,676.3790283203125,60.29719161987305,486.86737060546875,178.58465576171875,-89.759521484375,-179.95164489746094,-0.1511,-2.5038,0.974,0.9128,-0.0225,0.0039,2.0584,-0.8559,3.0425,0.3108,-0.0077,0.0014,-0.9765,-2.506,-0.0852,0.9128,-0.0225,0.0039,-3.0345,-0.8022,2.0916,0.3108,-0.0077,0.0014,,,2.0584,21.7147,18.4,moving
2026-09-21T12:43:43.751+09:00,TEST_0001_TEST_P01,TEST_P01,PULL_TEST,,675.84228515625,60.305728912353516,486.8924560546875,178.58499145507812,-89.75749206542969,-179.94984436035156,-0.6748,-2.5299,1.0795,0.9186,-0.0227,0.0039,1.5347,-0.8819,3.148,0.3166,-0.0079,0.0014,-1.0843,-2.5448,-0.6075,0.9186,-0.0227,0.0039,-3.1422,-0.8411,1.5693,0.3166,-0.0079,0.0014,,,1.5347,22.2514,18.4,moving
2026-09-21T12:43:43.806+09:00,TEST_0001_TEST_P01,TEST_P01,PULL_TEST,,675.2678833007812,60.334163665771484,486.8917541503906,178.58779907226562,-89.7573471069336,-179.94427490234375,-0.6748,-2.5299,1.0795,0.9186,-0.0227,0.0039,1.5347,-0.8819,3.148,0.3166,-0.0079,0.0014,-1.0843,-2.5448,-0.6075,0.9186,-0.0227,0.0039,-3.1422,-0.8411,1.5693,0.3166,-0.0079,0.0014,,,1.5347,22.8258,18.4,moving
2026-09-21T12:43:43.861+09:00,TEST_0001_TEST_P01,TEST_P01,PULL_TEST,,674.7068481445312,60.34092712402344,486.85565185546875,178.5885009765625,-89.76045227050781,-179.94732666015625,-0.5088,-2.555,0.938,0.9222,-0.0227,0.0039,1.7006,-0.907,3.0066,0.3201,-0.0079,0.0014,-0.9424,-2.5658,-0.4418,0.9222,-0.0227,0.0039,-3.0003,-0.8621,1.735,0.3201,-0.0079,0.0014,,,1.7006,23.3868,18.4,moving
2026-09-21T12:43:43.916+09:00,TEST_0001_TEST_P01,TEST_P01,PULL_TEST,,674.1720581054688,60.323219299316406,486.8512878417969,178.5869598388672,-89.76087951660156,-179.95172119140625,-0.5088,-2.555,0.938,0.9222,-0.0227,0.0039,1.7006,-0.907,3.0066,0.3201,-0.0079,0.0014,-0.9424,-2.5658,-0.4418,0.9222,-0.0227,0.0039,-3.0003,-0.8621,1.735,0.3201,-0.0079,0.0014,,,1.7006,23.9216,18.4,moving
2026-09-21T12:43:43.971+09:00,TEST_0001_TEST_P01,TEST_P01,PULL_TEST,,673.6199951171875,60.29829788208008,486.89306640625,178.58505249023438,-89.75733184814453,-179.94969177246094,-0.3967,-2.5341,1.0457,0.927,-0.0229,0.0039,1.8128,-0.8862,3.1143,0.325,-0.008,0.0014,-1.0492,-2.5422,-0.3297,0.927,-0.0229,0.0039,-3.1072,-0.8385,1.8471,0.325,-0.008,0.0014,,,1.8128,24.4737,18.4,moving
2026-09-21T12:43:44.027+09:00,TEST_0001_TEST_P01,TEST_P01,PULL_TEST,,673.0576782226562,60.29557418823242,486.8840026855469,178.5851593017578,-89.75818634033203,-179.95266723632812,-0.3967,-2.5341,1.0457,0.927,-0.0229,0.0039,1.8128,-0.8862,3.1143,0.325,-0.008,0.0014,-1.0492,-2.5422,-0.3297,0.927,-0.0229,0.0039,-3.1072,-0.8385,1.8471,0.325,-0.008,0.0014,,,1.8128,25.036,18.4,moving
2026-09-21T12:43:44.082+09:00,TEST_0001_TEST_P01,TEST_P01,PULL_TEST,,672.5054321289062,60.324134826660156,486.8348388671875,178.5874786376953,-89.76192474365234,-179.94970703125,-0.8238,-2.5589,1.1975,0.9201,-0.0227,0.0039,1.3856,-0.9109,3.2661,0.3181,-0.0079,0.0014,-1.2029,-2.5774,-0.7553,0.9201,-0.0227,0.0039,-3.2609,-0.8737,1.4215,0.3181,-0.0079,0.0014,,,1.3856,25.5883,18.4,moving
2026-09-21T12:43:44.139+09:00,TEST_0001_TEST_P01,TEST_P01,PULL_TEST,,671.9369506835938,60.3411979675293,486.8200988769531,178.58889770507812,-89.76323699951172,-179.9466094970703,-0.4913,-2.5747,0.919,0.909,-0.0224,0.0038,1.7182,-0.9267,2.9876,0.3069,-0.0076,0.0013,-0.9232,-2.5851,-0.424,0.909,-0.0224,0.0038,-2.9812,-0.8814,1.7528,0.3069,-0.0076,0.0013,,,1.7182,26.1567,18.4,moving
2026-09-21T12:43:44.195+09:00,TEST_0001_TEST_P01,TEST_P01,PULL_TEST,,671.3707275390625,60.32459259033203,486.92132568359375,178.58741760253906,-89.75482177734375,-179.94967651367188,-0.4913,-2.5747,0.919,0.909,-0.0224,0.0038,1.7182,-0.9267,2.9876,0.3069,-0.0076,0.0013,-0.9232,-2.5851,-0.424,0.909,-0.0224,0.0038,-2.9812,-0.8814,1.7528,0.3069,-0.0076,0.0013,,,1.7182,26.723,18.4,moving
2026-09-21T12:43:44.252+09:00,TEST_0001_TEST_P01,TEST_P01,PULL_TEST,,670.800048828125,60.3015022277832,486.91473388671875,178.5855255126953,-89.75501251220703,-179.94789123535156,-0.4623,-2.54,1.1106,0.9109,-0.0225,0.0039,1.7472,-0.8921,3.1791,0.3088,-0.0076,0.0014,-1.1146,-2.5496,-0.3946,0.9109,-0.0225,0.0039,-3.1725,-0.8459,1.7821,0.3088,-0.0076,0.0014,,,1.7472,27.2936,18.4,moving
2026-09-21T12:43:44.309+09:00,TEST_0001_TEST_P01,TEST_P01,PULL_TEST,,670.23388671875,60.290252685546875,486.8360595703125,178.58444213867188,-89.76162719726562,-179.95062255859375,-0.4623,-2.54,1.1106,0.9109,-0.0225,0.0039,1.7472,-0.8921,3.1791,0.3088,-0.0076,0.0014,-1.1146,-2.5496,-0.3946,0.9109,-0.0225,0.0039,-3.1725,-0.8459,1.7821,0.3088,-0.0076,0.0014,,,1.7472,27.8598,18.4,moving
2026-09-21T12:43:44.365+09:00,TEST_0001_TEST_P01,TEST_P01,PULL_TEST,,669.6731567382812,60.31482696533203,486.88470458984375,178.58685302734375,-89.75759887695312,-179.95091247558594,-0.6967,-2.5917,1.0831,0.9051,-0.0224,0.0038,1.5127,-0.9437,3.1517,0.3031,-0.0075,0.0013,-1.088,-2.6072,-0.628,0.9051,-0.0224,0.0038,-3.146,-0.9035,1.5488,0.3031,-0.0075,0.0013,,,1.5127,28.4205,18.4,moving
2026-09-21T12:43:44.421+09:00,TEST_0001_TEST_P01,TEST_P01,PULL_TEST,,669.11572265625,60.34279251098633,486.9112854003906,178.5891571044922,-89.75552368164062,-179.9471893310547,-0.6967,-2.5917,1.0831,0.9051,-0.0224,0.0038,1.5127,-0.9437,3.1517,0.3031,-0.0075,0.0013,-1.088,-2.6072,-0.628,0.9051,-0.0224,0.0038,-3.146,-0.9035,1.5488,0.3031,-0.0075,0.0013,,,1.5127,28.978,18.4,moving
2026-09-21T12:43:44.477+09:00,TEST_0001_TEST_P01,TEST_P01,PULL_TEST,,668.5560302734375,60.336307525634766,486.8901062011719,178.5886688232422,-89.75727844238281,-179.95257568359375,-0.5364,-2.5658,0.9083,0.8971,-0.0221,0.0038,1.6731,-0.9179,2.9768,0.295,-0.0073,0.0013,-0.9126,-2.5774,-0.4692,0.8971,-0.0221,0.0038,-2.9706,-0.8737,1.7076,0.295,-0.0073,0.0013,,,1.6731,29.5377,18.4,moving
2026-09-21T12:43:44.532+09:00,TEST_0001_TEST_P01,TEST_P01,PULL_TEST,,667.9937744140625,60.323787689208984,486.89654541015625,178.587890625,-89.75662994384766,-179.95046997070312,-0.5364,-2.5658,0.9083,0.8971,-0.0221,0.0038,1.6731,-0.9179,2.9768,0.295,-0.0073,0.0013,-0.9126,-2.5774,-0.4692,0.8971,-0.0221,0.0038,-2.9706,-0.8737,1.7076,0.295,-0.0073,0.0013,,,1.6731,30.0999,18.4,moving
2026-09-21T12:43:44.589+09:00,TEST_0001_TEST_P01,TEST_P01,PULL_TEST,,667.4403076171875,60.33707809448242,486.8470764160156,178.58897399902344,-89.76107025146484,-179.95069885253906,-0.3808,-2.5726,1.0512,0.8978,-0.0221,0.0038,1.8286,-0.9247,3.1197,0.2958,-0.0073,0.0013,-1.0548,-2.5803,-0.3129,0.8978,-0.0221,0.0038,-3.1127,-0.8766,1.8639,0.2958,-0.0073,0.0013,,,1.8286,30.6534,18.4,moving
2026-09-21T12:43:44.645+09:00,TEST_0001_TEST_P01,TEST_P01,PULL_TEST,,666.890380859375,60.37617874145508,486.88916015625,178.59219360351562,-89.75736236572266,-179.94918823242188,-0.7384,-2.554,1.0502,0.8966,-0.0221,0.0037,1.4711,-0.906,3.1187,0.2946,-0.0072,0.0012,-1.0553,-2.5704,-0.671,0.8966,-0.0221,0.0037,-3.1132,-0.8667,1.5058,0.2946,-0.0072,0.0012,,,1.4711,31.2033,18.4,moving
2026-09-21T12:43:44.701+09:00,TEST_0001_TEST_P01,TEST_P01,PULL_TEST,,666.318115234375,60.388755798339844,486.9517517089844,178.5934600830078,-89.752197265625,-179.94166564941406,-0.7384,-2.554,1.0502,0.8966,-0.0221,0.0037,1.4711,-0.906,3.1187,0.2946,-0.0072,0.0012,-1.0553,-2.5704,-0.671,0.8966,-0.0221,0.0037,-3.1132,-0.8667,1.5058,0.2946,-0.0072,0.0012,,,1.4711,31.7756,18.4,moving
2026-09-21T12:43:44.756+09:00,TEST_0001_TEST_P01,TEST_P01,PULL_TEST,,665.7601318359375,60.364227294921875,486.8830871582031,178.59109497070312,-89.7575454711914,-179.94920349121094,-0.5033,-2.4969,0.994,0.8936,-0.022,0.0038,1.7061,-0.8489,3.0626,0.2916,-0.0071,0.0013,-0.9983,-2.5076,-0.4376,0.8936,-0.022,0.0038,-3.0563,-0.8038,1.7392,0.2916,-0.0071,0.0013,,,1.7061,32.3336,18.4,moving
2026-09-21T12:43:44.813+09:00,TEST_0001_TEST_P01,TEST_P01,PULL_TEST,,665.216796875,60.343238830566406,486.8370056152344,178.5890350341797,-89.76103973388672,-179.95262145996094,-0.5033,-2.4969,0.994,0.8936,-0.022,0.0038,1.7061,-0.8489,3.0626,0.2916,-0.0071,0.0013,-0.9983,-2.5076,-0.4376,0.8936,-0.022,0.0038,-3.0563,-0.8038,1.7392,0.2916,-0.0071,0.0013,,,1.7061,32.8769,18.4,moving
2026-09-21T12:43:44.869+09:00,TEST_0001_TEST_P01,TEST_P01,PULL_TEST,,664.6534423828125,60.341209411621094,486.84735107421875,178.58868408203125,-89.76020050048828,-179.95431518554688,-0.4577,-2.5404,1.0263,0.8891,-0.0219,0.0037,1.7518,-0.8925,3.0948,0.287,-0.007,0.0012,-1.03,-2.5501,-0.3907,0.8891,-0.0219,0.0037,-3.088,-0.8464,1.7861,0.287,-0.007,0.0012,,,1.7518,33.4402,18.4,moving
2026-09-21T12:43:44.925+09:00,TEST_0001_TEST_P01,TEST_P01,PULL_TEST,,664.07080078125,60.35773849487305,486.87823486328125,178.59048461914062,-89.75735473632812,-179.95144653320312,-0.4577,-2.5404,1.0263,0.8891,-0.0219,0.0037,1.7518,-0.8925,3.0948,0.287,-0.007,0.0012,-1.03,-2.5501,-0.3907,0.8891,-0.0219,0.0037,-3.088,-0.8464,1.7861,0.287,-0.007,0.0012,,,1.7518,34.0229,18.4,moving
2026-09-21T12:43:44.980+09:00,TEST_0001_TEST_P01,TEST_P01,PULL_TEST,,663.5193481445312,60.35142135620117,486.8911437988281,178.58985900878906,-89.75647735595703,-179.94505310058594,-0.5564,-2.5091,1.1883,0.8899,-0.0219,0.0038,1.653,-0.8612,3.2568,0.2879,-0.0071,0.0013,-1.1927,-2.521,-0.4895,0.8899,-0.0219,0.0038,-3.2506,-0.8173,1.6873,0.2879,-0.0071,0.0013,,,1.653,34.5743,18.4,moving
2026-09-21T12:43:45.036+09:00,TEST_0001_TEST_P01,TEST_P01,PULL_TEST,,662.9716186523438,60.32009506225586,486.8464050292969,178.58718872070312,-89.76001739501953,-179.95059204101562,-0.5564,-2.5091,1.1883,0.8899,-0.0219,0.0038,1.653,-0.8612,3.2568,0.2879,-0.0071,0.0013,-1.0249,-2.4976,-0.5123,0.8948,-0.022,0.0038,-3.0829,-0.7939,1.6645,0.2928,-0.0072,0.0013,,,1.653,35.1221,18.4,moving
2026-09-21T12:43:45.093+09:00,TEST_0001_TEST_P01,TEST_P01,PULL_TEST,,662.3942260742188,60.29085159301758,486.89093017578125,178.5849609375,-89.7564468383789,-179.94627380371094,-0.578,-2.485,1.0206,0.8948,-0.022,0.0038,1.6315,-0.8371,3.0892,0.2928,-0.0072,0.0013,-1.0249,-2.4976,-0.5123,0.8948,-0.022,0.0038,-3.0829,-0.7939,1.6645,0.2928,-0.0072,0.0013,,,1.6315,35.6995,18.4,moving
2026-09-21T12:43:45.151+09:00,TEST_0001_TEST_P01,TEST_P01,PULL_TEST,,661.8180541992188,60.28988265991211,486.9653015136719,178.58509826660156,-89.75021362304688,-179.9499969482422,-0.3962,-2.5244,1.052,0.8901,-0.022,0.0038,1.8133,-0.8765,3.1205,0.288,-0.0071,0.0013,-1.0557,-2.5325,-0.3291,0.8901,-0.022,0.0038,-3.1137,-0.8288,1.8477,0.288,-0.0071,0.0013,,,1.8133,36.2756,18.4,moving
2026-09-21T12:43:45.207+09:00,TEST_0001_TEST_P01,TEST_P01,PULL_TEST,,661.2560424804688,60.31841278076172,486.899169921875,178.58770751953125,-89.755859375,-179.9474639892578,-0.3962,-2.5244,1.052,0.8901,-0.022,0.0038,1.8133,-0.8765,3.1205,0.288,-0.0071,0.0013,-1.0557,-2.5325,-0.3291,0.8901,-0.022,0.0038,-3.1137,-0.8288,1.8477,0.288,-0.0071,0.0013,,,1.8133,36.8376,18.4,moving
2026-09-21T12:43:45.263+09:00,TEST_0001_TEST_P01,TEST_P01,PULL_TEST,,660.6826782226562,60.32086944580078,486.9031066894531,178.5881805419922,-89.75568389892578,-179.94869995117188,-0.4998,-2.4861,1.1864,0.8924,-0.022,0.0038,1.7097,-0.8381,3.255,0.2904,-0.0072,0.0013,-1.1906,-2.4965,-0.4334,0.8924,-0.022,0.0038,-3.2486,-0.7928,1.7434,0.2904,-0.0072,0.0013,,,1.7097,37.411,18.4,moving
2026-09-21T12:43:45.318+09:00,TEST_0001_TEST_P01,TEST_P01,PULL_TEST,,660.1185913085938,60.303070068359375,486.9601135253906,178.58712768554688,-89.75069427490234,-179.94775390625,-0.4998,-2.4861,1.1864,0.8924,-0.022,0.0038,1.7097,-0.8381,3.255,0.2904,-0.0072,0.0013,-1.1906,-2.4965,-0.4334,0.8924,-0.022,0.0038,-3.2486,-0.7928,1.7434,0.2904,-0.0072,0.0013,,,1.7097,37.9751,18.4,moving
2026-09-21T12:43:45.374+09:00,TEST_0001_TEST_P01,TEST_P01,PULL_TEST,,659.5810546875,60.290897369384766,486.9589538574219,178.58551025390625,-89.75102233886719,-179.9442596435547,-0.5614,-2.4854,1.1028,0.893,-0.022,0.0039,1.648,-0.8375,3.1714,0.291,-0.0072,0.0013,-1.1074,-2.4975,-0.4951,0.893,-0.022,0.0039,-3.1654,-0.7938,1.6817,0.291,-0.0072,0.0013,,,1.648,38.5126,18.4,moving
2026-09-21T12:43:45.430+09:00,TEST_0001_TEST_P01,TEST_P01,PULL_TEST,,659.026611328125,60.30854797363281,486.9199523925781,178.58714294433594,-89.75395202636719,-179.94711303710938,-0.5614,-2.4854,1.1028,0.893,-0.022,0.0039,1.648,-0.8375,3.1714,0.291,-0.0072,0.0013,-1.1074,-2.4975,-0.4951,0.893,-0.022,0.0039,-3.1654,-0.7938,1.6817,0.291,-0.0072,0.0013,,,1.648,39.0671,18.4,moving
2026-09-21T12:43:45.485+09:00,TEST_0001_TEST_P01,TEST_P01,PULL_TEST,,658.4616088867188,60.32891845703125,486.8846130371094,178.5887451171875,-89.75684356689453,-179.94122314453125,-0.2842,-2.5387,0.9754,0.8908,-0.022,0.0038,1.9253,-0.8907,3.044,0.2888,-0.0071,0.0013,-0.9788,-2.544,-0.2173,0.8908,-0.022,0.0038,-3.0367,-0.8403,1.9594,0.2888,-0.0071,0.0013,,,1.9253,39.6321,18.4,moving
2026-09-21T12:43:45.542+09:00,TEST_0001_TEST_P01,TEST_P01,PULL_TEST,,657.9050903320312,60.31511688232422,486.8729248046875,178.5873565673828,-89.75747680664062,-179.95132446289062,-0.4692,-2.4557,1.0967,0.9023,-0.0222,0.0038,1.7403,-0.8078,3.1653,0.3002,-0.0074,0.0013,-1.1006,-2.4656,-0.4039,0.9023,-0.0222,0.0038,-3.1585,-0.7619,1.7729,0.3002,-0.0074,0.0013,,,1.7403,40.1886,18.4,moving
2026-09-21T12:43:45.599+09:00,TEST_0001_TEST_P01,TEST_P01,PULL_TEST,,657.35693359375,60.28660583496094,486.956298828125,178.58448791503906,-89.75077056884766,-179.9481964111328,-0.4692,-2.4557,1.0967,0.9023,-0.0222,0.0038,1.7403,-0.8078,3.1653,0.3002,-0.0074,0.0013,-1.1006,-2.4656,-0.4039,0.9023,-0.0222,0.0038,-3.1585,-0.7619,1.7729,0.3002,-0.0074,0.0013,,,1.7403,40.7368,18.4,moving
2026-09-21T12:43:45.655+09:00,TEST_0001_TEST_P01,TEST_P01,PULL_TEST,,656.7877807617188,60.27387619018555,486.9004211425781,178.5838165283203,-89.7551498413086,-179.95455932617188,-0.077,-2.4622,1.2288,0.9105,-0.0225,0.0039,2.1325,-0.8143,3.2973,0.3084,-0.0076,0.0014,-1.2309,-2.4623,-0.0108,0.9105,-0.0225,0.0039,-3.2889,-0.7586,2.166,0.3084,-0.0076,0.0014,,,2.1325,41.3059,18.4,moving
2026-09-21T12:43:45.711+09:00,TEST_0001_TEST_P01,TEST_P01,PULL_TEST,,656.228515625,60.293914794921875,486.8184814453125,178.58523559570312,-89.76197814941406,-179.9459228515625,-0.077,-2.4622,1.2288,0.9105,-0.0225,0.0039,2.1325,-0.8143,3.2973,0.3084,-0.0076,0.0014,-1.2309,-2.4623,-0.0108,0.9105,-0.0225,0.0039,-3.2889,-0.7586,2.166,0.3084,-0.0076,0.0014,,,2.1325,41.8652,18.4,moving
2026-09-21T12:43:45.768+09:00,TEST_0001_TEST_P01,TEST_P01,PULL_TEST,,655.66796875,60.315338134765625,486.8500671386719,178.58718872070312,-89.75940704345703,-179.9501495361328,-0.4669,-2.542,1.0292,0.9079,-0.0224,0.0038,1.7425,-0.8941,3.0978,0.3059,-0.0076,0.0013,-1.0333,-2.5518,-0.3997,0.9079,-0.0224,0.0038,-3.0913,-0.8481,1.7771,0.3059,-0.0076,0.0013,,,1.7425,42.4257,18.4,moving
2026-09-21T12:43:45.823+09:00,TEST_0001_TEST_P01,TEST_P01,PULL_TEST,,655.1043090820312,60.297340393066406,486.9129333496094,178.58590698242188,-89.75435638427734,-179.9466552734375,-0.4669,-2.542,1.0292,0.9079,-0.0224,0.0038,1.7425,-0.8941,3.0978,0.3059,-0.0076,0.0013,-1.0333,-2.5518,-0.3997,0.9079,-0.0224,0.0038,-3.0913,-0.8481,1.7771,0.3059,-0.0076,0.0013,,,1.7425,42.9894,18.4,moving
2026-09-21T12:43:45.879+09:00,TEST_0001_TEST_P01,TEST_P01,PULL_TEST,,654.555419921875,60.27553176879883,486.8608093261719,178.584228515625,-89.75873565673828,-179.95040893554688,-0.2436,-2.4838,1.0059,0.9169,-0.0226,0.0039,1.9659,-0.8359,3.0744,0.3149,-0.0078,0.0014,-1.009,-2.4881,-0.1779,0.9169,-0.0226,0.0039,-3.067,-0.7844,1.9989,0.3149,-0.0078,0.0014,,,1.9659,43.5383,18.4,moving
2026-09-21T12:43:45.934+09:00,TEST_0001_TEST_P01,TEST_P01,PULL_TEST,,654.011962890625,60.2779426574707,486.8100891113281,178.58441162109375,-89.76294708251953,-179.9479217529297,-0.2436,-2.4838,1.0059,0.9169,-0.0226,0.0039,1.9659,-0.8359,3.0744,0.3149,-0.0078,0.0014,-1.009,-2.4881,-0.1779,0.9169,-0.0226,0.0039,-3.067,-0.7844,1.9989,0.3149,-0.0078,0.0014,,,1.9659,44.0817,18.4,moving
2026-09-21T12:43:45.990+09:00,TEST_0001_TEST_P01,TEST_P01,PULL_TEST,,653.4373168945312,60.3073844909668,486.8087463378906,178.58729553222656,-89.76300048828125,-179.95089721679688,-0.0246,-2.482,1.1631,0.924,-0.0228,0.0039,2.1848,-0.8341,3.2316,0.3219,-0.008,0.0014,-1.1652,-2.4808,0.0415,0.924,-0.0228,0.0039,-3.2232,-0.7771,2.2183,0.3219,-0.008,0.0014,,,2.1848,44.6564,18.4,moving
2026-09-21T12:43:46.046+09:00,TEST_0001_TEST_P01,TEST_P01,PULL_TEST,,652.877685546875,60.318748474121094,486.908935546875,178.58828735351562,-89.75473022460938,-179.94850158691406,-0.4859,-2.454,1.0852,0.9326,-0.023,0.0039,1.7235,-0.806,3.1538,0.3306,-0.0082,0.0014,-1.0892,-2.4643,-0.4207,0.9326,-0.023,0.0039,-3.1472,-0.7605,1.7561,0.3306,-0.0082,0.0014,,,1.7235,45.216,18.4,moving
2026-09-21T12:43:46.102+09:00,TEST_0001_TEST_P01,TEST_P01,PULL_TEST,,652.3316040039062,60.3094482421875,486.9018859863281,178.58700561523438,-89.7552261352539,-179.95001220703125,-0.4859,-2.454,1.0852,0.9326,-0.023,0.0039,1.7235,-0.806,3.1538,0.3306,-0.0082,0.0014,-1.0892,-2.4643,-0.4207,0.9326,-0.023,0.0039,-3.1472,-0.7605,1.7561,0.3306,-0.0082,0.0014,,,1.7235,45.7621,18.4,moving
2026-09-21T12:43:46.158+09:00,TEST_0001_TEST_P01,TEST_P01,PULL_TEST,,651.7639770507812,60.3110466003418,486.8398742675781,178.5871124267578,-89.75999450683594,-179.94862365722656,-0.2447,-2.4873,1.0182,0.9344,-0.023,0.004,1.9647,-0.8393,3.0868,0.3324,-0.0082,0.0015,-1.021,-2.4917,-0.1791,0.9344,-0.023,0.004,-3.079,-0.788,1.9977,0.3324,-0.0082,0.0015,,,1.9647,46.3297,18.4,moving
2026-09-21T12:43:46.214+09:00,TEST_0001_TEST_P01,TEST_P01,PULL_TEST,,651.189453125,60.34177780151367,486.8640441894531,178.5898895263672,-89.75797271728516,-179.94639587402344,-0.2447,-2.4873,1.0182,0.9344,-0.023,0.004,1.9647,-0.8393,3.0868,0.3324,-0.0082,0.0015,-1.021,-2.4917,-0.1791,0.9344,-0.023,0.004,-3.079,-0.788,1.9977,0.3324,-0.0082,0.0015,,,1.9647,46.9042,18.4,moving
2026-09-21T12:43:46.270+09:00,TEST_0001_TEST_P01,TEST_P01,PULL_TEST,,650.6350708007812,60.36268615722656,486.8559265136719,178.5917510986328,-89.75850677490234,-179.95211791992188,-0.1638,-2.4929,1.09,0.9396,-0.0231,0.004,2.0457,-0.845,3.1585,0.3375,-0.0083,0.0014,-1.0926,-2.4953,-0.0978,0.9396,-0.0231,0.004,-3.1506,-0.7916,2.079,0.3375,-0.0083,0.0014,,,2.0457,47.4586,18.4,moving
2026-09-21T12:43:46.325+09:00,TEST_0001_TEST_P01,TEST_P01,PULL_TEST,,650.0831298828125,60.34572219848633,486.8733825683594,178.5903778076172,-89.75690460205078,-179.95277404785156,-0.1638,-2.4929,1.09,0.9396,-0.0231,0.004,2.0457,-0.845,3.1585,0.3375,-0.0083,0.0014,-1.0926,-2.4953,-0.0978,0.9396,-0.0231,0.004,-3.1506,-0.7916,2.079,0.3375,-0.0083,0.0014,,,2.0457,48.0106,18.4,moving
2026-09-21T12:43:46.381+09:00,TEST_0001_TEST_P01,TEST_P01,PULL_TEST,,649.5110473632812,60.3224983215332,486.9076232910156,178.5886688232422,-89.75409698486328,-179.94686889648438,-0.1204,-2.4173,1.2863,0.9541,-0.0235,0.004,2.0891,-0.7694,3.3549,0.352,-0.0086,0.0015,-1.2885,-2.4185,-0.0554,0.9541,-0.0235,0.004,-3.3465,-0.7148,2.1214,0.352,-0.0086,0.0015,,,2.0891,48.5826,18.4,moving
2026-09-21T12:43:46.438+09:00,TEST_0001_TEST_P01,TEST_P01,PULL_TEST,,648.985107421875,60.33671951293945,486.8452453613281,178.58958435058594,-89.75951385498047,-179.9485626220703,-0.481,-2.4722,1.1694,0.9707,-0.0239,0.0041,1.7285,-0.8242,3.238,0.3686,-0.0091,0.0016,-1.1734,-2.4822,-0.4151,0.9707,-0.0239,0.0041,-3.2314,-0.7785,1.7617,0.3686,-0.0091,0.0016,,,1.7285,49.1086,18.4,moving
2026-09-21T12:43:58.982+09:00,TEST_0001_TEST_P01,TEST_P01,RELEASE,RETURN_SOFT_GRIP_COMMAND,648.0953979492188,60.361366271972656,486.90289306640625,178.58828735351562,-89.7615737915039,-179.94960021972656,-1.926,-2.448,1.0943,0.759,-0.0187,0.0032,0.0,0.0,0.0,0.0,0.0,0.0,-1.1043,-2.4937,-1.8605,0.759,-0.0187,0.0032,0.0,0.0,0.0,0.0,0.0,0.0,,,,,18.4,moving
2026-09-21T12:43:59.165+09:00,TEST_0001_TEST_P01,TEST_P01,RELEASE,RETURN_SOFT_GRIP_OPEN_REACHED,648.0953979492188,60.361366271972656,486.90289306640625,178.58828735351562,-89.7615737915039,-179.94960021972656,-1.9955,-2.4204,1.0637,0.7673,-0.0189,0.0032,0.0,0.0,0.0,0.0,0.0,0.0,-1.0739,-2.4679,-1.9308,0.7673,-0.0189,0.0032,0.0,0.0,0.0,0.0,0.0,0.0,,,,,22.6,holding
2026-09-21T12:44:53.250+09:00,TEST_0002_TEST_P01,TEST_P01,SOFT_GRIP_ENTRY,SOFT_GRIP_COMMAND,673.2625732421875,60.52016067504883,486.6858825683594,178.5971221923828,-89.7790298461914,-179.94168090820312,-3.1868,-2.7342,0.7121,0.2045,-0.005,0.0008,0.0,0.0,0.0,0.0,0.0,0.0,-0.727,-2.8107,-3.1161,0.2045,-0.005,0.0008,0.0,0.0,0.0,0.0,0.0,0.0,,,,,74.5,moving
2026-09-21T12:44:59.935+09:00,TEST_0002_TEST_P01,TEST_P01,SOFT_GRIP_ENTRY,ENTRY_MOTION_START_WIDTH_REACHED,673.10205078125,60.3858528137207,486.8487854003906,178.5900421142578,-89.76622772216797,-179.95040893554688,-2.4627,-2.384,0.4288,0.4378,-0.0108,0.0018,0.724,0.3502,-0.2834,0.2333,-0.0058,0.001,-0.4407,-2.4435,-2.4016,0.4378,-0.0108,0.0018,0.2863,0.3671,0.7146,0.2333,-0.0058,0.001,,,,,21.9,moving
2026-09-21T12:44:59.967+09:00,TEST_0002_TEST_P01,TEST_P01,SOFT_GRIP_ENTRY,,673.1026611328125,60.385963439941406,486.8476257324219,178.5900421142578,-89.76631927490234,-179.95042419433594,-2.4821,-2.4178,-0.1083,0.4244,-0.0104,0.0017,0.7047,0.3164,-0.8204,0.2199,-0.0054,0.0009,0.0963,-2.4782,-2.4222,0.4244,-0.0104,0.0017,0.8233,0.3324,0.6939,0.2199,-0.0054,0.0009,0.7047,-0.1599,,,21.6,moving
2026-09-21T12:45:00.022+09:00,TEST_0002_TEST_P01,TEST_P01,SOFT_GRIP_ENTRY,,673.1132202148438,60.3885498046875,486.82330322265625,178.59014892578125,-89.76839447021484,-179.95083618164062,-2.4821,-2.4178,-0.1083,0.4244,-0.0104,0.0017,0.7047,0.3164,-0.8204,0.2199,-0.0054,0.0009,0.0963,-2.4782,-2.4222,0.4244,-0.0104,0.0017,0.8233,0.3324,0.6939,0.2199,-0.0054,0.0009,0.7047,-0.1494,,,20.8,moving
2026-09-21T12:45:00.078+09:00,TEST_0002_TEST_P01,TEST_P01,SOFT_GRIP_ENTRY,,673.17626953125,60.40015411376953,486.7026062011719,178.5902862548828,-89.77843475341797,-179.9532012939453,-2.4342,-2.4628,-1.5742,0.4092,-0.0101,0.0017,0.7526,0.2714,-2.2863,0.2047,-0.0051,0.0009,1.5625,-2.5233,-2.3792,0.4092,-0.0101,0.0017,2.2895,0.2874,0.7369,0.2047,-0.0051,0.0009,0.7526,-0.0863,,,20.1,moving
2026-09-21T12:45:00.134+09:00,TEST_0002_TEST_P01,TEST_P01,SOFT_GRIP_ENTRY,,673.3286743164062,60.44674301147461,486.4329528808594,178.5938720703125,-89.80054473876953,-179.9674835205078,-2.4342,-2.4628,-1.5742,0.4092,-0.0101,0.0017,0.7526,0.2714,-2.2863,0.2047,-0.0051,0.0009,1.5625,-2.5233,-2.3792,0.4092,-0.0101,0.0017,2.2895,0.2874,0.7369,0.2047,-0.0051,0.0009,0.7526,0.0661,,,19.8,moving
2026-09-21T12:45:00.190+09:00,TEST_0002_TEST_P01,TEST_P01,SOFT_GRIP_ENTRY,,673.6072387695312,60.49477005004883,486.1766357421875,178.59884643554688,-89.8228530883789,-179.97901916503906,-3.5279,-2.5445,-2.0965,0.4471,-0.011,0.0017,-0.3411,0.1897,-2.8086,0.2426,-0.006,0.0009,2.0831,-2.6314,-3.4716,0.4471,-0.011,0.0017,2.8101,0.1793,-0.3555,0.2426,-0.006,0.0009,0.3411,0.3447,,,19.4,moving
2026-09-21T12:45:00.245+09:00,TEST_0002_TEST_P01,TEST_P01,SOFT_GRIP_ENTRY,,674.0844116210938,60.51608657836914,486.19580078125,178.6002197265625,-89.8223648071289,-179.97500610351562,-5.292,-2.5543,-1.8973,0.3925,-0.0096,0.0013,-2.1052,0.1799,-2.6094,0.188,-0.0046,0.0005,1.8801,-2.6836,-5.2338,0.3925,-0.0096,0.0013,2.6071,0.1271,-2.1177,0.188,-0.0046,0.0005,2.1052,0.8218,,,19.1,moving
2026-09-21T12:45:00.301+09:00,TEST_0002_TEST_P01,TEST_P01,SOFT_GRIP_ENTRY,,674.6494140625,60.51703643798828,486.2064208984375,178.5996856689453,-89.82246398925781,-179.96713256835938,-5.292,-2.5543,-1.8973,0.3925,-0.0096,0.0013,-2.1052,0.1799,-2.6094,0.188,-0.0046,0.0005,1.8801,-2.6836,-5.2338,0.3925,-0.0096,0.0013,2.6071,0.1271,-2.1177,0.188,-0.0046,0.0005,2.1052,1.3868,,,18.9,moving
2026-09-21T12:45:00.357+09:00,TEST_0002_TEST_P01,TEST_P01,SOFT_GRIP_ENTRY,,675.2197875976562,60.525936126708984,486.2545166015625,178.60020446777344,-89.81950378417969,-179.96519470214844,-4.6969,-2.521,-1.9672,0.3596,-0.0088,0.0011,-1.5101,0.2132,-2.6793,0.1551,-0.0038,0.0003,1.9509,-2.6362,-4.6401,0.3596,-0.0088,0.0011,2.6779,0.1745,-1.5239,0.1551,-0.0038,0.0003,1.5101,1.9572,,,18.9,moving
2026-09-21T12:45:00.414+09:00,TEST_0002_TEST_P01,TEST_P01,SOFT_GRIP_ENTRY,,675.808837890625,60.54269790649414,486.3690185546875,178.6017608642578,-89.81041717529297,-179.9595184326172,-4.6969,-2.521,-1.9672,0.3596,-0.0088,0.0011,-1.5101,0.2132,-2.6793,0.1551,-0.0038,0.0003,1.9509,-2.6362,-4.6401,0.3596,-0.0088,0.0011,2.6779,0.1745,-1.5239,0.1551,-0.0038,0.0003,1.5101,2.5463,,,18.9,moving
2026-09-21T12:45:00.469+09:00,TEST_0002_TEST_P01,TEST_P01,SOFT_GRIP_ENTRY,,676.393310546875,60.531837463378906,486.4671630859375,178.6005401611328,-89.80257415771484,-179.95596313476562,-5.2718,-2.5092,-2.1033,0.3657,-0.0089,0.0012,-2.085,0.225,-2.8154,0.1612,-0.0039,0.0004,2.0836,-2.6387,-5.2161,0.3657,-0.0089,0.0012,2.8106,0.172,-2.1,0.1612,-0.0039,0.0004,2.085,3.1307,,,18.9,moving
2026-09-21T12:45:00.525+09:00,TEST_0002_TEST_P01,TEST_P01,SOFT_GRIP_ENTRY,,676.9501342773438,60.48521423339844,486.5158386230469,178.5967254638672,-89.79888916015625,-179.9604949951172,-5.2718,-2.5092,-2.1033,0.3657,-0.0089,0.0012,-2.085,0.225,-2.8154,0.1612,-0.0039,0.0004,2.0836,-2.6387,-5.2161,0.3657,-0.0089,0.0012,2.8106,0.172,-2.1,0.1612,-0.0039,0.0004,2.085,3.6876,,,18.9,moving
2026-09-21T12:45:00.580+09:00,TEST_0002_TEST_P01,TEST_P01,SOFT_GRIP_ENTRY,,677.4945068359375,60.46704864501953,486.5977783203125,178.59561157226562,-89.79212951660156,-179.95835876464844,-5.068,-2.5243,-2.1007,0.3741,-0.0092,0.0013,-1.8812,0.2099,-2.8128,0.1696,-0.0041,0.0005,2.0812,-2.6491,-5.012,0.3741,-0.0092,0.0013,2.8082,0.1615,-1.8959,0.1696,-0.0041,0.0005,1.8812,4.2319,,,18.9,moving
2026-09-21T12:45:00.638+09:00,TEST_0002_TEST_P01,TEST_P01,SOFT_GRIP_ENTRY,,678.081787109375,60.48182678222656,486.6166076660156,178.59637451171875,-89.79051208496094,-179.95541381835938,-5.068,-2.5243,-2.1007,0.3741,-0.0092,0.0013,-1.8812,0.2099,-2.8128,0.1696,-0.0041,0.0005,2.1023,-2.5262,-5.54,0.3715,-0.0091,0.0013,2.8293,0.2845,-2.4239,0.167,-0.0041,0.0006,1.8812,4.8192,,,18.9,moving
2026-09-21T12:45:00.693+09:00,TEST_0002_TEST_P01,TEST_P01,SOFT_GRIP_ENTRY,,678.6458740234375,60.484500885009766,486.6877746582031,178.59632873535156,-89.78482055664062,-179.95587158203125,-5.5924,-2.3882,-2.1245,0.3715,-0.0091,0.0013,-2.4056,0.3459,-2.8367,0.167,-0.0041,0.0006,2.1023,-2.5262,-5.54,0.3715,-0.0091,0.0013,2.8293,0.2845,-2.4239,0.167,-0.0041,0.0006,2.4056,5.3833,,,18.9,moving
2026-09-21T12:45:00.748+09:00,TEST_0002_TEST_P01,TEST_P01,SOFT_GRIP_ENTRY,,679.1908569335938,60.45942306518555,486.7724914550781,178.59439086914062,-89.77759552001953,-179.95179748535156,-5.8377,-2.4922,-2.0418,0.3743,-0.0092,0.0014,-2.6509,0.242,-2.7539,0.1698,-0.0042,0.0006,2.0171,-2.6362,-5.7827,0.3743,-0.0092,0.0014,2.7441,0.1744,-2.6666,0.1698,-0.0042,0.0006,2.6509,5.9283,,,18.9,moving
2026-09-21T12:45:00.803+09:00,TEST_0002_TEST_P01,TEST_P01,SOFT_GRIP_ENTRY,,679.7496948242188,60.432289123535156,486.84649658203125,178.59182739257812,-89.77130126953125,-179.9480743408203,-5.8377,-2.4922,-2.0418,0.3743,-0.0092,0.0014,-2.6509,0.242,-2.7539,0.1698,-0.0042,0.0006,2.0171,-2.6362,-5.7827,0.3743,-0.0092,0.0014,2.7441,0.1744,-2.6666,0.1698,-0.0042,0.0006,2.6509,6.4871,,,18.9,moving
2026-09-21T12:45:00.858+09:00,TEST_0002_TEST_P01,TEST_P01,SOFT_GRIP_ENTRY,,680.3008422851562,60.43487548828125,486.92291259765625,178.59190368652344,-89.76506042480469,-179.95053100585938,-6.4473,-2.3811,-1.9154,0.3782,-0.0093,0.0015,-3.2605,0.3531,-2.6275,0.1737,-0.0043,0.0007,1.8875,-2.5405,-6.3944,0.3782,-0.0093,0.0015,2.6145,0.2702,-3.2783,0.1737,-0.0043,0.0007,3.2605,7.0383,,,18.9,moving
2026-09-21T12:45:00.915+09:00,TEST_0002_TEST_P01,TEST_P01,SOFT_GRIP_ENTRY,,680.84033203125,60.46292495727539,486.8678894042969,178.59466552734375,-89.76934051513672,-179.94918823242188,-6.4473,-2.3811,-1.9154,0.3782,-0.0093,0.0015,-3.2605,0.3531,-2.6275,0.1737,-0.0043,0.0007,1.8875,-2.5405,-6.3944,0.3782,-0.0093,0.0015,2.6145,0.2702,-3.2783,0.1737,-0.0043,0.0007,3.2605,7.5778,,,18.9,moving
2026-09-21T12:45:00.970+09:00,TEST_0002_TEST_P01,TEST_P01,SOFT_GRIP_ENTRY,,681.408203125,60.49205017089844,486.8505554199219,178.59710693359375,-89.77099609375,-179.94972229003906,-7.3935,-2.3128,-1.6066,0.3888,-0.0095,0.0016,-4.2067,0.4214,-2.3187,0.1843,-0.0045,0.0008,1.5749,-2.4948,-7.341,0.3888,-0.0095,0.0016,2.3019,0.3159,-4.2249,0.1843,-0.0045,0.0008,4.2067,8.1456,,,18.9,moving
2026-09-21T12:45:01.025+09:00,TEST_0002_TEST_P01,TEST_P01,SOFT_GRIP_ENTRY,,681.9736328125,60.49885177612305,486.8804016113281,178.59764099121094,-89.76887512207031,-179.95230102539062,-7.3935,-2.3128,-1.6066,0.3888,-0.0095,0.0016,-4.2067,0.4214,-2.3187,0.1843,-0.0045,0.0008,1.5749,-2.4948,-7.341,0.3888,-0.0095,0.0016,2.3019,0.3159,-4.2249,0.1843,-0.0045,0.0008,4.2067,8.7111,,,18.9,moving
2026-09-21T12:45:01.081+09:00,TEST_0002_TEST_P01,TEST_P01,SOFT_GRIP_ENTRY,,682.5213012695312,60.4691047668457,486.8724365234375,178.5955810546875,-89.76937866210938,-179.9514617919922,-8.2839,-2.1351,-1.9617,0.3952,-0.0097,0.0016,-5.0971,0.5991,-2.6738,0.1907,-0.0047,0.0008,1.9265,-2.3389,-8.237,0.3952,-0.0097,0.0016,2.6535,0.4718,-5.1209,0.1907,-0.0047,0.0008,5.0971,9.2587,,,18.9,moving
2026-09-21T12:45:01.138+09:00,TEST_0002_TEST_P01,TEST_P01,SOFT_GRIP_ENTRY,,683.10791015625,60.44623565673828,486.8426818847656,178.5936737060547,-89.7718276977539,-179.9497833251953,-9.0614,-1.9542,-2.208,0.3929,-0.0096,0.0016,-5.8746,0.78,-2.9201,0.1884,-0.0046,0.0008,2.1701,-2.1779,-9.0194,0.3929,-0.0096,0.0016,2.8972,0.6328,-5.9033,0.1884,-0.0046,0.0008,5.8746,9.8453,,,18.9,moving
2026-09-21T12:45:01.194+09:00,TEST_0002_TEST_P01,TEST_P01,SOFT_GRIP_ENTRY,,683.6919555664062,60.451568603515625,486.76416015625,178.59376525878906,-89.77845764160156,-179.9557647705078,-9.0614,-1.9542,-2.208,0.3929,-0.0096,0.0016,-5.8746,0.78,-2.9201,0.1884,-0.0046,0.0008,2.1701,-2.1779,-9.0194,0.3929,-0.0096,0.0016,2.8972,0.6328,-5.9033,0.1884,-0.0046,0.0008,5.8746,10.4294,,,19.1,moving
2026-09-21T12:45:01.251+09:00,TEST_0002_TEST_P01,TEST_P01,SOFT_GRIP_ENTRY,,684.2681274414062,60.46425247192383,486.75885009765625,178.5947723388672,-89.77870178222656,-179.95486450195312,-9.106,-2.0188,-2.5701,0.3932,-0.0097,0.0015,-5.9192,0.7154,-3.2822,0.1887,-0.0046,0.0007,2.5334,-2.2435,-9.0636,0.3932,-0.0097,0.0015,3.2604,0.5671,-5.9475,0.1887,-0.0046,0.0007,5.9192,11.0056,,,19.1,moving
2026-09-21T12:45:01.307+09:00,TEST_0002_TEST_P01,TEST_P01,SOFT_GRIP_ENTRY,,684.8345336914062,60.46188735961914,486.7796936035156,178.59449768066406,-89.777099609375,-179.95059204101562,-9.106,-2.0188,-2.5701,0.3932,-0.0097,0.0015,-5.9192,0.7154,-3.2822,0.1887,-0.0046,0.0007,2.5334,-2.2435,-9.0636,0.3932,-0.0097,0.0015,3.2604,0.5671,-5.9475,0.1887,-0.0046,0.0007,5.9192,11.572,,,19.1,moving
2026-09-21T12:45:01.363+09:00,TEST_0002_TEST_P01,TEST_P01,SOFT_GRIP_ENTRY,,685.3935546875,60.41940689086914,486.69775390625,178.59060668945312,-89.78356170654297,-179.9541473388672,-9.5895,-1.9497,-3.4072,0.3827,-0.0094,0.0015,-6.4027,0.7845,-4.1194,0.1782,-0.0044,0.0007,3.3688,-2.1875,-9.5517,0.3827,-0.0094,0.0015,4.0958,0.6231,-6.4356,0.1782,-0.0044,0.0007,6.4027,12.131,,,19.1,moving
2026-09-21T12:45:01.418+09:00,TEST_0002_TEST_P01,TEST_P01,SOFT_GRIP_ENTRY,,685.9349975585938,60.38776779174805,486.7489318847656,178.5882110595703,-89.77892303466797,-179.9524688720703,-9.5895,-1.9497,-3.4072,0.3827,-0.0094,0.0015,-6.4027,0.7845,-4.1194,0.1782,-0.0044,0.0007,3.3688,-2.1875,-9.5517,0.3827,-0.0094,0.0015,4.0958,0.6231,-6.4356,0.1782,-0.0044,0.0007,6.4027,12.6724,,,19.1,moving
2026-09-21T12:45:01.474+09:00,TEST_0002_TEST_P01,TEST_P01,SOFT_GRIP_ENTRY,,686.4944458007812,60.38322448730469,486.8505554199219,178.5878143310547,-89.77055358886719,-179.9468536376953,-9.9254,-1.8553,-3.1145,0.3851,-0.0095,0.0015,-6.7386,0.8788,-3.8266,0.1806,-0.0045,0.0007,3.0743,-2.102,-9.8887,0.3851,-0.0095,0.0015,3.8013,0.7086,-6.7725,0.1806,-0.0045,0.0007,6.7386,13.2319,,,19.1,moving
2026-09-21T12:45:01.531+09:00,TEST_0002_TEST_P01,TEST_P01,SOFT_GRIP_ENTRY,,687.0577392578125,60.396121978759766,486.8817443847656,178.58863830566406,-89.76811981201172,-179.94729614257812,-9.9254,-1.8553,-3.1145,0.3851,-0.0095,0.0015,-6.7386,0.8788,-3.8266,0.1806,-0.0045,0.0007,3.0743,-2.102,-9.8887,0.3851,-0.0095,0.0015,3.8013,0.7086,-6.7725,0.1806,-0.0045,0.0007,6.7386,13.7952,,,19.1,moving
2026-09-21T12:45:01.588+09:00,TEST_0002_TEST_P01,TEST_P01,SOFT_GRIP_ENTRY,,687.62353515625,60.40249252319336,486.8721008300781,178.58941650390625,-89.76876831054688,-179.9520263671875,-10.1861,-2.0248,-3.0903,0.386,-0.0095,0.0015,-6.9993,0.7094,-3.8024,0.1815,-0.0045,0.0007,3.0473,-2.2777,-10.1455,0.386,-0.0095,0.0015,3.7743,0.5329,-7.0294,0.1815,-0.0045,0.0007,6.9993,14.361,,,19.1,moving
2026-09-21T12:45:01.643+09:00,TEST_0002_TEST_P01,TEST_P01,SOFT_GRIP_ENTRY,,688.1705932617188,60.38018035888672,486.8633728027344,178.58790588378906,-89.76941680908203,-179.95083618164062,-9.9582,-2.0396,-2.8873,0.3904,-0.0096,0.0016,-6.7714,0.6946,-3.5994,0.1859,-0.0046,0.0008,2.8455,-2.2868,-9.9165,0.3904,-0.0096,0.0016,3.5725,0.5239,-6.8003,0.1859,-0.0046,0.0008,6.7714,14.908,,,19.1,moving
2026-09-21T12:45:01.699+09:00,TEST_0002_TEST_P01,TEST_P01,SOFT_GRIP_ENTRY,,688.7359619140625,60.366695404052734,486.89044189453125,178.5867919921875,-89.76756286621094,-179.94863891601562,-9.9582,-2.0396,-2.8873,0.3904,-0.0096,0.0016,-6.7714,0.6946,-3.5994,0.1859,-0.0046,0.0008,2.8455,-2.2868,-9.9165,0.3904,-0.0096,0.0016,3.5725,0.5239,-6.8003,0.1859,-0.0046,0.0008,6.7714,15.4734,,,19.1,moving
2026-09-21T12:45:01.754+09:00,TEST_0002_TEST_P01,TEST_P01,SOFT_GRIP_ENTRY,,689.30126953125,60.38539123535156,486.9337463378906,178.58810424804688,-89.76386260986328,-179.95240783691406,-10.0867,-2.0211,-2.9294,0.389,-0.0096,0.0016,-6.9,0.7131,-3.6416,0.1846,-0.0046,0.0008,2.8863,-2.2716,-10.0458,0.389,-0.0096,0.0016,3.6133,0.5391,-6.9297,0.1846,-0.0046,0.0008,6.9,16.0387,,,19.1,moving
2026-09-21T12:45:01.811+09:00,TEST_0002_TEST_P01,TEST_P01,SOFT_GRIP_ENTRY,,689.8385620117188,60.414913177490234,486.9046936035156,178.59095764160156,-89.76600646972656,-179.95315551757812,-10.0867,-2.0211,-2.9294,0.389,-0.0096,0.0016,-6.9,0.7131,-3.6416,0.1846,-0.0046,0.0008,2.8863,-2.2716,-10.0458,0.389,-0.0096,0.0016,3.6133,0.5391,-6.9297,0.1846,-0.0046,0.0008,6.9,16.576,,,19.1,moving
2026-09-21T12:45:01.866+09:00,TEST_0002_TEST_P01,TEST_P01,SOFT_GRIP_ENTRY,,690.3814697265625,60.441429138183594,486.90142822265625,178.59339904785156,-89.766357421875,-179.9496612548828,-10.4566,-2.1869,-2.5076,0.3832,-0.0094,0.0016,-7.2699,0.5473,-3.2197,0.1787,-0.0044,0.0008,2.4629,-2.4452,-10.41,0.3832,-0.0094,0.0016,3.1899,0.3654,-7.2938,0.1787,-0.0044,0.0008,7.2699,17.1189,,,19.1,moving
2026-09-21T12:45:01.921+09:00,TEST_0002_TEST_P01,TEST_P01,SOFT_GRIP_ENTRY,,690.9349975585938,60.4415283203125,486.89404296875,178.5931854248047,-89.76692199707031,-179.95025634765625,-10.4566,-2.1869,-2.5076,0.3832,-0.0094,0.0016,-7.2699,0.5473,-3.2197,0.1787,-0.0044,0.0008,2.4629,-2.4452,-10.41,0.3832,-0.0094,0.0016,3.1899,0.3654,-7.2938,0.1787,-0.0044,0.0008,7.2699,17.6724,,,19.1,moving
2026-09-21T12:45:01.977+09:00,TEST_0002_TEST_P01,TEST_P01,SOFT_GRIP_ENTRY,,691.4946899414062,60.40935134887695,486.96240234375,178.590576171875,-89.76112365722656,-179.9528350830078,-11.4301,-2.2326,-2.4385,0.385,-0.0095,0.0016,-8.2434,0.5016,-3.1506,0.1805,-0.0045,0.0008,2.39,-2.5147,-11.3817,0.385,-0.0095,0.0016,3.117,0.2959,-8.2656,0.1805,-0.0045,0.0008,8.2434,18.2321,,,19.1,moving
2026-09-21T12:45:02.034+09:00,TEST_0002_TEST_P01,TEST_P01,SOFT_GRIP_ENTRY,,692.05908203125,60.387046813964844,486.973388671875,178.58859252929688,-89.75999450683594,-179.94850158691406,-11.4301,-2.2326,-2.4385,0.385,-0.0095,0.0016,-8.2434,0.5016,-3.1506,0.1805,-0.0045,0.0008,2.39,-2.5147,-11.3817,0.385,-0.0095,0.0016,3.117,0.2959,-8.2656,0.1805,-0.0045,0.0008,8.2434,18.7965,,,19.1,moving
2026-09-21T12:45:02.090+09:00,TEST_0002_TEST_P01,TEST_P01,SOFT_GRIP_ENTRY,,692.6165771484375,60.39296340942383,486.9183349609375,178.5889892578125,-89.76463317871094,-179.94642639160156,-11.4787,-2.2084,-2.3782,0.3817,-0.0094,0.0016,-8.2919,0.5258,-3.0903,0.1772,-0.0044,0.0008,2.3282,-2.4925,-11.4307,0.3817,-0.0094,0.0016,3.0552,0.3181,-8.3145,0.1772,-0.0044,0.0008,8.2919,19.354,,,19.1,moving
2026-09-21T12:45:02.145+09:00,TEST_0002_TEST_P01,TEST_P01,SOFT_GRIP_ENTRY,,693.1766357421875,60.41902542114258,486.94476318359375,178.5911865234375,-89.76258850097656,-179.94845581054688,-11.9068,-2.2657,-2.2686,0.3771,-0.0093,0.0016,-8.72,0.4685,-2.9807,0.1726,-0.0043,0.0008,2.2172,-2.5599,-11.8568,0.3771,-0.0093,0.0016,2.9442,0.2508,-8.7407,0.1726,-0.0043,0.0008,8.72,19.9141,,,19.1,moving
2026-09-21T12:45:02.201+09:00,TEST_0002_TEST_P01,TEST_P01,SOFT_GRIP_ENTRY,,693.7355346679688,60.44004440307617,486.93426513671875,178.59324645996094,-89.76323699951172,-179.95208740234375,-11.9068,-2.2657,-2.2686,0.3771,-0.0093,0.0016,-8.72,0.4685,-2.9807,0.1726,-0.0043,0.0008,2.2172,-2.5599,-11.8568,0.3771,-0.0093,0.0016,2.9442,0.2508,-8.7407,0.1726,-0.0043,0.0008,8.72,20.473,,,19.1,moving
2026-09-21T12:45:02.257+09:00,TEST_0002_TEST_P01,TEST_P01,SOFT_GRIP_ENTRY,,694.2987670898438,60.431976318359375,486.90509033203125,178.592529296875,-89.76565551757812,-179.94955444335938,-12.2257,-2.3983,-2.1135,0.378,-0.0093,0.0016,-9.0389,0.3359,-2.8256,0.1735,-0.0043,0.0008,2.0616,-2.6995,-12.1716,0.378,-0.0093,0.0016,2.7886,0.1111,-9.0555,0.1735,-0.0043,0.0008,9.0389,21.0362,,,19.1,moving
2026-09-21T12:45:02.312+09:00,TEST_0002_TEST_P01,TEST_P01,SOFT_GRIP_ENTRY,,694.8764038085938,60.40802001953125,486.9179992675781,178.59034729003906,-89.76465606689453,-179.94822692871094,-12.2257,-2.3983,-2.1135,0.378,-0.0093,0.0016,-9.0389,0.3359,-2.8256,0.1735,-0.0043,0.0008,2.0616,-2.6995,-12.1716,0.378,-0.0093,0.0016,2.7886,0.1111,-9.0555,0.1735,-0.0043,0.0008,9.0389,21.6138,,,19.1,moving
2026-09-21T12:45:02.368+09:00,TEST_0002_TEST_P01,TEST_P01,SOFT_GRIP_ENTRY,,695.4336547851562,60.40382766723633,486.88201904296875,178.5899200439453,-89.76747131347656,-179.9523162841797,-12.3961,-2.3798,-1.828,0.3787,-0.0093,0.0015,-9.2094,0.3544,-2.5402,0.1742,-0.0043,0.0008,1.7753,-2.6857,-12.3412,0.3787,-0.0093,0.0015,2.5023,0.1249,-9.2251,0.1742,-0.0043,0.0008,9.2094,22.1711,,,19.1,moving
2026-09-21T12:45:02.423+09:00,TEST_0002_TEST_P01,TEST_P01,SOFT_GRIP_ENTRY,,695.9993286132812,60.4254264831543,486.875244140625,178.59173583984375,-89.76789093017578,-179.95558166503906,-12.3961,-2.3798,-1.828,0.3787,-0.0093,0.0015,-9.2094,0.3544,-2.5402,0.1742,-0.0043,0.0008,1.7753,-2.6857,-12.3412,0.3787,-0.0093,0.0015,2.5023,0.1249,-9.2251,0.1742,-0.0043,0.0008,9.2094,22.7368,,,19.1,moving
2026-09-21T12:45:02.478+09:00,TEST_0002_TEST_P01,TEST_P01,SOFT_GRIP_ENTRY,,696.5516357421875,60.44805908203125,486.856689453125,178.593505859375,-89.76940155029297,-179.95242309570312,-12.7802,-2.4282,-1.4922,0.3867,-0.0095,0.0016,-9.5934,0.306,-2.2043,0.1822,-0.0045,0.0008,1.4384,-2.7426,-12.7226,0.3867,-0.0095,0.0016,2.1654,0.0681,-9.6065,0.1822,-0.0045,0.0008,9.5934,23.2891,,,19.1,moving
2026-09-21T12:45:02.533+09:00,TEST_0002_TEST_P01,TEST_P01,SOFT_GRIP_ENTRY,,697.0736083984375,60.4533805847168,486.8612976074219,178.5938720703125,-89.76904296875,-179.94851684570312,-12.7802,-2.4282,-1.4922,0.3867,-0.0095,0.0016,-9.5934,0.306,-2.2043,0.1822,-0.0045,0.0008,1.4384,-2.7426,-12.7226,0.3867,-0.0095,0.0016,2.1654,0.0681,-9.6065,0.1822,-0.0045,0.0008,9.5934,23.811,,,19.1,moving
2026-09-21T12:45:02.590+09:00,TEST_0002_TEST_P01,TEST_P01,SOFT_GRIP_ENTRY,,697.5372314453125,60.423728942871094,486.8989562988281,178.59173583984375,-89.76567840576172,-179.94964599609375,-12.6406,-2.3806,-1.2992,0.3927,-0.0096,0.0016,-9.4538,0.3536,-2.0113,0.1882,-0.0046,0.0008,1.2459,-2.6912,-12.5835,0.3927,-0.0096,0.0016,1.9729,0.1195,-9.4674,0.1882,-0.0046,0.0008,9.4538,24.2747,,,19.1,moving
2026-09-21T12:45:03.649+09:00,TEST_0002_TEST_P01,TEST_P01,SOFT_GRIP_ENTRY,SOFT_GRIP_STABILIZATION_END,698.1669311523438,60.35369873046875,486.7989196777344,178.5865478515625,-89.77047729492188,-179.9473114013672,-9.2962,-1.9226,-1.5021,0.5021,-0.0124,0.002,0.0,0.0,0.0,0.0,0.0,0.0,1.4631,-2.1527,-9.2519,0.5021,-0.0124,0.002,0.0,0.0,0.0,0.0,0.0,0.0,,,,,18.9,moving
2026-09-21T12:45:03.704+09:00,TEST_0002_TEST_P01,TEST_P01,HARD_GRIP,HARD_GRIP_COMMAND,698.1663208007812,60.353450775146484,486.79998779296875,178.58653259277344,-89.7704086303711,-179.94729614257812,-9.2962,-1.9226,-1.5021,0.5021,-0.0124,0.002,0.0,0.0,0.0,0.0,0.0,0.0,1.4631,-2.1527,-9.2519,0.5021,-0.0124,0.002,0.0,0.0,0.0,0.0,0.0,0.0,,,,,18.9,moving
2026-09-21T12:45:04.708+09:00,TEST_0002_TEST_P01,TEST_P01,HARD_GRIP,HARD_GRIP_STABILIZATION_END,698.1212158203125,60.37010955810547,486.8822326660156,178.5882568359375,-89.76370239257812,-179.95004272460938,-4.718,-1.8348,-3.254,0.6011,-0.0148,0.0025,0.0,0.0,0.0,0.0,0.0,0.0,3.2331,-1.9534,-4.6847,0.6011,-0.0148,0.0025,0.0,0.0,0.0,0.0,0.0,0.0,,,,,18.6,moving
2026-09-21T12:45:04.744+09:00,TEST_0002_TEST_P01,TEST_P01,PULL_TEST,,698.119873046875,60.3711051940918,486.8846435546875,178.58836364746094,-89.76351165771484,-179.9499969482422,-4.5416,-1.7438,-3.222,0.6014,-0.0148,0.0025,0.1764,0.0911,0.0321,0.0003,-0.0,0.0,3.2018,-1.8579,-4.5105,0.6014,-0.0148,0.0025,-0.0313,0.0955,0.1742,0.0003,-0.0,0.0,,,0.1764,0.0013,18.6,moving
2026-09-21T12:45:04.801+09:00,TEST_0002_TEST_P01,TEST_P01,PULL_TEST,,698.1112670898438,60.372074127197266,486.9015808105469,178.5885467529297,-89.76214599609375,-179.9498748779297,-4.5416,-1.7438,-3.222,0.6014,-0.0148,0.0025,0.1764,0.0911,0.0321,0.0003,-0.0,0.0,3.2018,-1.8579,-4.5105,0.6014,-0.0148,0.0025,-0.0313,0.0955,0.1742,0.0003,-0.0,0.0,,,0.1764,0.0099,18.6,moving
2026-09-21T12:45:04.856+09:00,TEST_0002_TEST_P01,TEST_P01,PULL_TEST,,698.0482788085938,60.37225341796875,487.010498046875,178.58920288085938,-89.75330352783203,-179.94790649414062,-4.0886,-1.7703,-3.3246,0.5997,-0.0148,0.0025,0.6294,0.0646,-0.0706,-0.0014,0.0,0.0,3.3058,-1.8734,-4.0578,0.5997,-0.0148,0.0025,0.0727,0.08,0.6269,-0.0014,0.0,0.0,,,0.6294,0.0729,18.6,moving
2026-09-21T12:45:04.911+09:00,TEST_0002_TEST_P01,TEST_P01,PULL_TEST,,697.874267578125,60.35915756225586,487.170166015625,178.58786010742188,-89.73999786376953,-179.9403533935547,-4.0886,-1.7703,-3.3246,0.5997,-0.0148,0.0025,0.6294,0.0646,-0.0706,-0.0014,0.0,0.0,3.3058,-1.8734,-4.0578,0.5997,-0.0148,0.0025,0.0727,0.08,0.6269,-0.0014,0.0,0.0,,,0.6294,0.2469,18.6,moving
2026-09-21T12:45:04.967+09:00,TEST_0002_TEST_P01,TEST_P01,PULL_TEST,,697.56689453125,60.34446716308594,487.3099670410156,178.5859832763672,-89.72747039794922,-179.93824768066406,-2.7067,-2.0017,-3.5799,0.5682,-0.014,0.0025,2.0113,-0.1669,-0.3259,-0.0329,0.0008,0.0001,3.5654,-2.0716,-2.673,0.5682,-0.014,0.0025,0.3324,-0.1183,2.0117,-0.0329,0.0008,0.0001,,,2.0113,0.5543,18.6,moving
2026-09-21T12:45:05.023+09:00,TEST_0002_TEST_P01,TEST_P01,PULL_TEST,,697.0784301757812,60.32447052001953,487.3955383300781,178.58482360839844,-89.71976470947266,-179.9361114501953,-2.7067,-2.0017,-3.5799,0.5682,-0.014,0.0025,2.0113,-0.1669,-0.3259,-0.0329,0.0008,0.0001,3.5654,-2.0716,-2.673,0.5682,-0.014,0.0025,0.3324,-0.1183,2.0117,-0.0329,0.0008,0.0001,,,2.0113,1.0428,18.6,moving
2026-09-21T12:45:05.078+09:00,TEST_0002_TEST_P01,TEST_P01,PULL_TEST,,696.513671875,60.32864761352539,487.3166198730469,178.58554077148438,-89.72563934326172,-179.9360809326172,-2.3655,-2.2642,-2.8926,0.6029,-0.0149,0.0029,2.3525,-0.4294,0.3614,0.0018,-0.0001,0.0004,2.8788,-2.3251,-2.3228,0.6029,-0.0149,0.0029,-0.3543,-0.3718,2.3619,0.0018,-0.0001,0.0004,,,2.3525,1.6075,18.6,moving
2026-09-21T12:45:05.134+09:00,TEST_0002_TEST_P01,TEST_P01,PULL_TEST,,695.96533203125,60.33576965332031,487.23675537109375,178.58612060546875,-89.73147583007812,-179.93946838378906,-2.3655,-2.2642,-2.8926,0.6029,-0.0149,0.0029,2.3525,-0.4294,0.3614,0.0018,-0.0001,0.0004,2.8788,-2.3251,-2.3228,0.6029,-0.0149,0.0029,-0.3543,-0.3718,2.3619,0.0018,-0.0001,0.0004,,,2.3525,2.1559,18.6,moving
2026-09-21T12:45:05.191+09:00,TEST_0002_TEST_P01,TEST_P01,PULL_TEST,,695.3756103515625,60.319515228271484,487.2314758300781,178.58502197265625,-89.73152160644531,-179.94439697265625,-2.6284,-2.4176,-2.4104,0.6787,-0.0168,0.0032,2.0896,-0.5827,0.8437,0.0776,-0.0019,0.0007,2.3957,-2.4842,-2.5792,0.6787,-0.0168,0.0032,-0.8373,-0.5308,2.1055,0.0776,-0.0019,0.0007,,,2.0896,2.7456,18.6,moving
2026-09-21T12:45:05.247+09:00,TEST_0002_TEST_P01,TEST_P01,PULL_TEST,,694.7981567382812,60.297698974609375,487.1682434082031,178.5833282470703,-89.73658752441406,-179.9432830810547,-2.7009,-2.3117,-2.0732,0.7557,-0.0187,0.0035,2.0171,-0.4768,1.1808,0.1546,-0.0039,0.0011,2.0587,-2.3798,-2.6524,0.7557,-0.0187,0.0035,-1.1744,-0.4264,2.0323,0.1546,-0.0039,0.0011,,,2.0171,3.3231,18.6,moving
2026-09-21T12:45:05.304+09:00,TEST_0002_TEST_P01,TEST_P01,PULL_TEST,,694.2095336914062,60.29446029663086,487.08062744140625,178.5830078125,-89.74361419677734,-179.94068908691406,-2.7009,-2.3117,-2.0732,0.7557,-0.0187,0.0035,2.0171,-0.4768,1.1808,0.1546,-0.0039,0.0011,2.0587,-2.3798,-2.6524,0.7557,-0.0187,0.0035,-1.1744,-0.4264,2.0323,0.1546,-0.0039,0.0011,,,2.0171,3.9117,18.6,moving
2026-09-21T12:45:05.360+09:00,TEST_0002_TEST_P01,TEST_P01,PULL_TEST,,693.6140747070312,60.314876556396484,487.0750427246094,178.58535766601562,-89.74397277832031,-179.94036865234375,-2.4333,-2.2323,-1.8726,0.7913,-0.0196,0.0036,2.2847,-0.3974,1.3814,0.1901,-0.0047,0.0011,1.8596,-2.2937,-2.3858,0.7913,-0.0196,0.0036,-1.3735,-0.3403,2.2989,0.1901,-0.0047,0.0011,,,2.2847,4.5071,18.6,moving
2026-09-21T12:45:05.415+09:00,TEST_0002_TEST_P01,TEST_P01,PULL_TEST,,693.0612182617188,60.343379974365234,487.1412658691406,178.58779907226562,-89.73869323730469,-179.9432830810547,-2.4333,-2.2323,-1.8726,0.7913,-0.0196,0.0036,2.2847,-0.3974,1.3814,0.1901,-0.0047,0.0011,1.8596,-2.2937,-2.3858,0.7913,-0.0196,0.0036,-1.3735,-0.3403,2.2989,0.1901,-0.0047,0.0011,,,2.2847,5.06,18.6,moving
2026-09-21T12:45:05.471+09:00,TEST_0002_TEST_P01,TEST_P01,PULL_TEST,,692.5255126953125,60.33808898925781,487.0507507324219,178.58714294433594,-89.7461929321289,-179.94564819335938,-2.1836,-2.2568,-1.8374,0.8093,-0.02,0.0037,2.5344,-0.4219,1.4166,0.2082,-0.0051,0.0012,1.8257,-2.3116,-2.1355,0.8093,-0.02,0.0037,-1.4074,-0.3583,2.5492,0.2082,-0.0051,0.0012,,,2.5344,5.5957,18.6,moving
2026-09-21T12:45:05.526+09:00,TEST_0002_TEST_P01,TEST_P01,PULL_TEST,,691.95556640625,60.31674575805664,486.97320556640625,178.58567810058594,-89.75263977050781,-179.94454956054688,-2.1836,-2.2568,-1.8374,0.8093,-0.02,0.0037,2.5344,-0.4219,1.4166,0.2082,-0.0051,0.0012,1.8257,-2.3116,-2.1355,0.8093,-0.02,0.0037,-1.4074,-0.3583,2.5492,0.2082,-0.0051,0.0012,,,2.5344,6.1656,18.6,moving
2026-09-21T12:45:05.581+09:00,TEST_0002_TEST_P01,TEST_P01,PULL_TEST,,691.3974609375,60.301570892333984,486.9561767578125,178.58485412597656,-89.75385284423828,-179.94671630859375,-2.1743,-2.1722,-1.4311,0.8236,-0.0203,0.0036,2.5437,-0.3374,1.823,0.2225,-0.0055,0.0011,1.4196,-2.2266,-2.1262,0.8236,-0.0203,0.0036,-1.8134,-0.2733,2.5585,0.2225,-0.0055,0.0011,,,2.5437,6.7238,18.6,moving
2026-09-21T12:45:05.638+09:00,TEST_0002_TEST_P01,TEST_P01,PULL_TEST,,690.8513793945312,60.31361770629883,486.91375732421875,178.58554077148438,-89.7572250366211,-179.951416015625,-1.8039,-2.1608,-1.357,0.8383,-0.0207,0.0036,2.9141,-0.326,1.8971,0.2371,-0.0059,0.0011,1.3477,-2.2058,-1.7558,0.8383,-0.0207,0.0036,-1.8854,-0.2525,2.9289,0.2371,-0.0059,0.0011,,,2.9141,7.2698,18.4,moving
2026-09-21T12:45:05.694+09:00,TEST_0002_TEST_P01,TEST_P01,PULL_TEST,,690.2811889648438,60.344696044921875,486.8848876953125,178.587890625,-89.7595443725586,-179.9512176513672,-1.8039,-2.1608,-1.357,0.8383,-0.0207,0.0036,2.9141,-0.326,1.8971,0.2371,-0.0059,0.0011,1.3477,-2.2058,-1.7558,0.8383,-0.0207,0.0036,-1.8854,-0.2525,2.9289,0.2371,-0.0059,0.0011,,,2.9141,7.84,18.4,moving
2026-09-21T12:45:05.751+09:00,TEST_0002_TEST_P01,TEST_P01,PULL_TEST,,689.7056274414062,60.35908126831055,486.86846923828125,178.58909606933594,-89.76051330566406,-179.9479522705078,-1.5069,-2.1685,-1.2761,0.854,-0.0211,0.0036,3.2111,-0.3336,1.9779,0.2529,-0.0062,0.0011,1.2681,-2.2061,-1.4584,0.854,-0.0211,0.0036,-1.965,-0.2527,3.2264,0.2529,-0.0062,0.0011,,,3.2111,8.4156,18.4,moving
2026-09-21T12:45:05.807+09:00,TEST_0002_TEST_P01,TEST_P01,PULL_TEST,,689.1570434570312,60.34780502319336,486.88165283203125,178.58819580078125,-89.7594223022461,-179.94918823242188,-1.5069,-2.1685,-1.2761,0.854,-0.0211,0.0036,3.2111,-0.3336,1.9779,0.2529,-0.0062,0.0011,1.2681,-2.2061,-1.4584,0.854,-0.0211,0.0036,-1.965,-0.2527,3.2264,0.2529,-0.0062,0.0011,,,3.2111,8.9642,18.4,moving
2026-09-21T12:45:05.863+09:00,TEST_0002_TEST_P01,TEST_P01,PULL_TEST,,688.6137084960938,60.32206344604492,486.8309020996094,178.5856475830078,-89.76348876953125,-179.95254516601562,-1.4766,-2.1467,-1.3223,0.8656,-0.0213,0.0036,3.2414,-0.3119,1.9317,0.2645,-0.0065,0.0012,1.3145,-2.1836,-1.4287,0.8656,-0.0213,0.0036,-1.9186,-0.2303,3.256,0.2645,-0.0065,0.0012,,,3.2414,9.5075,18.4,moving
2026-09-21T12:45:05.919+09:00,TEST_0002_TEST_P01,TEST_P01,PULL_TEST,,688.0327758789062,60.30297088623047,486.8302307128906,178.5843505859375,-89.76362609863281,-179.9486846923828,-1.4766,-2.1467,-1.3223,0.8656,-0.0213,0.0036,3.2414,-0.3119,1.9317,0.2645,-0.0065,0.0012,1.3145,-2.1836,-1.4287,0.8656,-0.0213,0.0036,-1.9186,-0.2303,3.256,0.2645,-0.0065,0.0012,,,3.2414,10.0884,18.4,moving
2026-09-21T12:45:05.975+09:00,TEST_0002_TEST_P01,TEST_P01,PULL_TEST,,687.4801635742188,60.31839370727539,486.8702392578125,178.5858154296875,-89.7602310180664,-179.94677734375,-0.9931,-2.0166,-1.2306,0.876,-0.0216,0.0036,3.7249,-0.1818,2.0234,0.2749,-0.0068,0.0012,1.2249,-2.0417,-0.9481,0.876,-0.0216,0.0036,-2.0082,-0.0883,3.7367,0.2749,-0.0068,0.0012,,,3.7249,10.6411,18.4,moving
2026-09-21T12:45:06.031+09:00,TEST_0002_TEST_P01,TEST_P01,PULL_TEST,,686.93017578125,60.34775924682617,486.85882568359375,178.58802795410156,-89.76109313964844,-179.9495849609375,-0.9931,-2.0166,-1.2306,0.876,-0.0216,0.0036,3.7249,-0.1818,2.0234,0.2749,-0.0068,0.0012,1.2249,-2.0417,-0.9481,0.876,-0.0216,0.0036,-2.0082,-0.0883,3.7367,0.2749,-0.0068,0.0012,,,3.7249,11.191,18.4,moving
2026-09-21T12:45:06.086+09:00,TEST_0002_TEST_P01,TEST_P01,PULL_TEST,,686.3495483398438,60.350772857666016,486.83746337890625,178.588623046875,-89.76309204101562,-179.94796752929688,-0.8549,-2.0468,-1.3835,0.882,-0.0218,0.0037,3.8631,-0.212,1.8705,0.2809,-0.0069,0.0012,1.3783,-2.0685,-0.81,0.882,-0.0218,0.0037,-1.8548,-0.1151,3.8747,0.2809,-0.0069,0.0012,,,3.8631,11.7717,18.4,moving
2026-09-21T12:45:06.143+09:00,TEST_0002_TEST_P01,TEST_P01,PULL_TEST,,685.7785034179688,60.339324951171875,486.81475830078125,178.5880126953125,-89.76480102539062,-179.94544982910156,-0.7563,-2.0497,-1.4859,0.8874,-0.0219,0.0037,3.9617,-0.2149,1.7681,0.2863,-0.0071,0.0012,1.4811,-2.0691,-0.7117,0.8874,-0.0219,0.0037,-1.752,-0.1158,3.973,0.2863,-0.0071,0.0012,,,3.9617,12.3427,18.4,moving
2026-09-21T12:45:06.199+09:00,TEST_0002_TEST_P01,TEST_P01,PULL_TEST,,685.220458984375,60.33253860473633,486.8056945800781,178.587646484375,-89.76554107666016,-179.94847106933594,-0.7563,-2.0497,-1.4859,0.8874,-0.0219,0.0037,3.9617,-0.2149,1.7681,0.2863,-0.0071,0.0012,1.4811,-2.0691,-0.7117,0.8874,-0.0219,0.0037,-1.752,-0.1158,3.973,0.2863,-0.0071,0.0012,,,3.9617,12.9008,18.4,moving
2026-09-21T12:45:06.255+09:00,TEST_0002_TEST_P01,TEST_P01,PULL_TEST,,684.6696166992188,60.349918365478516,486.8955383300781,178.5886688232422,-89.75812530517578,-179.95169067382812,-0.6487,-2.1106,-1.6822,0.8883,-0.0219,0.0037,4.0693,-0.2757,1.5718,0.2872,-0.0071,0.0012,1.6779,-2.1273,-0.6035,0.8883,-0.0219,0.0037,-1.5552,-0.174,4.0812,0.2872,-0.0071,0.0012,,,4.0693,13.4516,18.4,moving
2026-09-21T12:45:06.311+09:00,TEST_0002_TEST_P01,TEST_P01,PULL_TEST,,684.0932006835938,60.37765884399414,486.871337890625,178.59092712402344,-89.7599105834961,-179.95101928710938,-0.6487,-2.1106,-1.6822,0.8883,-0.0219,0.0037,4.0693,-0.2757,1.5718,0.2872,-0.0071,0.0012,1.6779,-2.1273,-0.6035,0.8883,-0.0219,0.0037,-1.5552,-0.174,4.0812,0.2872,-0.0071,0.0012,,,4.0693,14.028,18.4,moving
2026-09-21T12:45:06.367+09:00,TEST_0002_TEST_P01,TEST_P01,PULL_TEST,,683.5250244140625,60.38717269897461,486.82080078125,178.59188842773438,-89.763671875,-179.95265197753906,-0.3233,-2.2461,-1.8934,0.8896,-0.0219,0.0037,4.3947,-0.4112,1.3607,0.2885,-0.0071,0.0013,1.8903,-2.255,-0.276,0.8896,-0.0219,0.0037,-1.3428,-0.3016,4.4087,0.2885,-0.0071,0.0013,,,4.3947,14.5962,18.4,moving
2026-09-21T12:45:06.422+09:00,TEST_0002_TEST_P01,TEST_P01,PULL_TEST,,682.9741821289062,60.36627197265625,486.8616943359375,178.5900421142578,-89.76046752929688,-179.95423889160156,-0.3233,-2.2461,-1.8934,0.8896,-0.0219,0.0037,4.3947,-0.4112,1.3607,0.2885,-0.0071,0.0013,1.8903,-2.255,-0.276,0.8896,-0.0219,0.0037,-1.3428,-0.3016,4.4087,0.2885,-0.0071,0.0013,,,4.3947,15.147,18.4,moving
2026-09-21T12:45:06.477+09:00,TEST_0002_TEST_P01,TEST_P01,PULL_TEST,,682.41845703125,60.34125900268555,486.93231201171875,178.58799743652344,-89.75458526611328,-179.94924926757812,-0.3399,-2.2577,-1.9726,0.8932,-0.022,0.0037,4.3781,-0.4228,1.2815,0.2921,-0.0072,0.0013,1.9695,-2.2669,-0.2925,0.8932,-0.022,0.0037,-1.2635,-0.3136,4.3922,0.2921,-0.0072,0.0013,,,4.3781,15.7028,18.4,moving
2026-09-21T12:45:06.534+09:00,TEST_0002_TEST_P01,TEST_P01,PULL_TEST,,681.847900390625,60.33658981323242,486.9158630371094,178.58792114257812,-89.7557144165039,-179.9452362060547,-0.3399,-2.2577,-1.9726,0.8932,-0.022,0.0037,4.3781,-0.4228,1.2815,0.2921,-0.0072,0.0013,1.9695,-2.2669,-0.2925,0.8932,-0.022,0.0037,-1.2635,-0.3136,4.3922,0.2921,-0.0072,0.0013,,,4.3781,16.2733,18.4,moving
2026-09-21T12:45:06.591+09:00,TEST_0002_TEST_P01,TEST_P01,PULL_TEST,,681.2850341796875,60.35690689086914,486.8441467285156,178.5893096923828,-89.76171875,-179.94903564453125,0.0717,-2.4372,-2.0758,0.8867,-0.0219,0.0038,4.7897,-0.6024,1.1782,0.2856,-0.007,0.0013,2.074,-2.4367,0.1229,0.8867,-0.0219,0.0038,-1.1591,-0.4834,4.8076,0.2856,-0.007,0.0013,,,4.7897,16.8362,18.4,moving
2026-09-21T12:45:06.647+09:00,TEST_0002_TEST_P01,TEST_P01,PULL_TEST,,680.7236938476562,60.37556838989258,486.83526611328125,178.59117126464844,-89.76263427734375,-179.95050048828125,0.2566,-2.4597,-1.7242,0.894,-0.022,0.0037,4.9746,-0.6248,1.5298,0.2929,-0.0072,0.0013,1.7234,-2.4541,0.3099,0.894,-0.022,0.0037,-1.5097,-0.5007,4.9946,0.2929,-0.0072,0.0013,,,4.9746,17.3975,18.4,moving
2026-09-21T12:45:06.704+09:00,TEST_0002_TEST_P01,TEST_P01,PULL_TEST,,680.168701171875,60.356712341308594,486.9487609863281,178.5897216796875,-89.75325012207031,-179.94740295410156,0.2566,-2.4597,-1.7242,0.894,-0.022,0.0037,4.9746,-0.6248,1.5298,0.2929,-0.0072,0.0013,1.7234,-2.4541,0.3099,0.894,-0.022,0.0037,-1.5097,-0.5007,4.9946,0.2929,-0.0072,0.0013,,,4.9746,17.9525,18.4,moving
2026-09-21T12:45:06.761+09:00,TEST_0002_TEST_P01,TEST_P01,PULL_TEST,,679.6051025390625,60.32024383544922,486.9102783203125,178.58660888671875,-89.7565689086914,-179.94940185546875,0.5103,-2.4463,-1.6548,0.8961,-0.0221,0.0038,5.2283,-0.6115,1.5992,0.295,-0.0072,0.0013,1.655,-2.4345,0.5634,0.8961,-0.0221,0.0038,-1.5781,-0.4811,5.2481,0.295,-0.0072,0.0013,,,5.2283,18.5161,18.4,moving
2026-09-21T12:45:06.816+09:00,TEST_0002_TEST_P01,TEST_P01,PULL_TEST,,679.0397338867188,60.29544448852539,486.8366394042969,178.58465576171875,-89.7625503540039,-179.9501953125,0.5103,-2.4463,-1.6548,0.8961,-0.0221,0.0038,5.2283,-0.6115,1.5992,0.295,-0.0072,0.0013,1.655,-2.4345,0.5634,0.8961,-0.0221,0.0038,-1.5781,-0.4811,5.2481,0.295,-0.0072,0.0013,,,5.2283,19.0815,18.4,moving
2026-09-21T12:45:06.873+09:00,TEST_0002_TEST_P01,TEST_P01,PULL_TEST,,678.48095703125,60.301395416259766,486.8480529785156,178.58518981933594,-89.76136779785156,-179.9473114013672,0.8499,-2.4355,-1.5516,0.8946,-0.0221,0.0037,5.5679,-0.6006,1.7024,0.2935,-0.0073,0.0013,1.5532,-2.4151,0.9033,0.8946,-0.0221,0.0037,-1.6798,-0.4618,5.588,0.2935,-0.0073,0.0013,,,5.5679,19.6403,18.4,moving
2026-09-21T12:45:06.928+09:00,TEST_0002_TEST_P01,TEST_P01,PULL_TEST,,677.9441528320312,60.32981491088867,486.85711669921875,178.5870819091797,-89.76075744628906,-179.951171875,0.8499,-2.4355,-1.5516,0.8946,-0.0221,0.0037,5.5679,-0.6006,1.7024,0.2935,-0.0073,0.0013,1.5532,-2.4151,0.9033,0.8946,-0.0221,0.0037,-1.6798,-0.4618,5.588,0.2935,-0.0073,0.0013,,,5.5679,20.1771,18.4,moving
2026-09-21T12:45:06.986+09:00,TEST_0002_TEST_P01,TEST_P01,PULL_TEST,,677.3777465820312,60.33487319946289,486.8215637207031,178.58738708496094,-89.76346588134766,-179.95310974121094,0.892,-2.4404,-1.3454,0.8968,-0.0221,0.0037,5.61,-0.6056,1.9086,0.2957,-0.0073,0.0013,1.3473,-2.4188,0.9463,0.8968,-0.0221,0.0037,-1.8857,-0.4655,5.631,0.2957,-0.0073,0.0013,,,5.61,20.7435,18.4,moving
2026-09-21T12:45:07.042+09:00,TEST_0002_TEST_P01,TEST_P01,PULL_TEST,,676.802734375,60.317665100097656,486.7812805175781,178.586181640625,-89.7665023803711,-179.95108032226562,1.1614,-2.4274,-1.3983,0.8996,-0.0222,0.0037,5.8794,-0.5926,1.8557,0.2985,-0.0074,0.0012,1.4012,-2.3992,1.2153,0.8996,-0.0222,0.0037,-1.8319,-0.4458,5.9,0.2985,-0.0074,0.0012,,,5.8794,21.3185,18.4,moving
2026-09-21T12:45:07.099+09:00,TEST_0002_TEST_P01,TEST_P01,PULL_TEST,,676.2415771484375,60.303890228271484,486.7671203613281,178.5846710205078,-89.76775360107422,-179.95310974121094,1.1614,-2.4274,-1.3983,0.8996,-0.0222,0.0037,5.8794,-0.5926,1.8557,0.2985,-0.0074,0.0012,1.4012,-2.3992,1.2153,0.8996,-0.0222,0.0037,-1.8319,-0.4458,5.9,0.2985,-0.0074,0.0012,,,5.8794,21.8796,18.4,moving
2026-09-21T12:45:07.156+09:00,TEST_0002_TEST_P01,TEST_P01,PULL_TEST,,675.6913452148438,60.3222770690918,486.8350830078125,178.58609008789062,-89.7621078491211,-179.9498291015625,1.3235,-2.4803,-1.648,0.907,-0.0224,0.0037,6.0415,-0.6454,1.606,0.3059,-0.0076,0.0013,1.6517,-2.4482,1.3775,0.907,-0.0224,0.0037,-1.5814,-0.4949,6.0622,0.3059,-0.0076,0.0013,,,6.0415,22.4299,18.4,moving
2026-09-21T12:45:07.213+09:00,TEST_0002_TEST_P01,TEST_P01,PULL_TEST,,675.105712890625,60.34727478027344,486.79986572265625,178.5884552001953,-89.7650375366211,-179.94593811035156,1.3235,-2.4803,-1.648,0.907,-0.0224,0.0037,6.0415,-0.6454,1.606,0.3059,-0.0076,0.0013,1.6517,-2.4482,1.3775,0.907,-0.0224,0.0037,-1.5814,-0.4949,6.0622,0.3059,-0.0076,0.0013,,,6.0415,23.0155,18.4,moving
2026-09-21T12:45:07.267+09:00,TEST_0002_TEST_P01,TEST_P01,PULL_TEST,,674.5419311523438,60.33531188964844,486.77239990234375,178.58750915527344,-89.76734161376953,-179.94989013671875,1.3766,-2.523,-1.7771,0.9142,-0.0225,0.0038,6.0946,-0.6882,1.4769,0.3131,-0.0077,0.0013,1.7807,-2.4899,1.4311,0.9142,-0.0225,0.0038,-1.4524,-0.5366,6.1158,0.3131,-0.0077,0.0013,,,6.0946,23.5793,18.4,moving
2026-09-21T12:45:07.322+09:00,TEST_0002_TEST_P01,TEST_P01,PULL_TEST,,674.0065307617188,60.315189361572266,486.773193359375,178.58599853515625,-89.76717376708984,-179.95343017578125,1.3766,-2.523,-1.7771,0.9142,-0.0225,0.0038,6.0946,-0.6882,1.4769,0.3131,-0.0077,0.0013,1.7807,-2.4899,1.4311,0.9142,-0.0225,0.0038,-1.4524,-0.5366,6.1158,0.3131,-0.0077,0.0013,,,6.0946,24.1147,18.4,moving
2026-09-21T12:45:07.379+09:00,TEST_0002_TEST_P01,TEST_P01,PULL_TEST,,673.4397583007812,60.292964935302734,486.8491516113281,178.5845184326172,-89.76107025146484,-179.9521484375,1.6226,-2.4918,-1.9147,0.9199,-0.0227,0.0038,6.3406,-0.6569,1.3393,0.3187,-0.0079,0.0013,1.9196,-2.4525,1.6758,0.9199,-0.0227,0.0038,-1.3135,-0.4992,6.3605,0.3187,-0.0079,0.0013,,,6.3406,24.6815,18.4,moving
2026-09-21T12:45:07.435+09:00,TEST_0002_TEST_P01,TEST_P01,PULL_TEST,,672.86328125,60.29483413696289,486.8501892089844,178.58493041992188,-89.76091766357422,-179.95291137695312,1.6226,-2.4918,-1.9147,0.9199,-0.0227,0.0038,6.3406,-0.6569,1.3393,0.3187,-0.0079,0.0013,1.9196,-2.4525,1.6758,0.9199,-0.0227,0.0038,-1.3135,-0.4992,6.3605,0.3187,-0.0079,0.0013,,,6.3406,25.2579,18.4,moving
2026-09-21T12:45:07.491+09:00,TEST_0002_TEST_P01,TEST_P01,PULL_TEST,,672.2962036132812,60.32763671875,486.76806640625,178.5875244140625,-89.76734161376953,-179.94908142089844,1.6942,-2.5828,-2.183,0.9021,-0.0223,0.0037,6.4123,-0.7479,1.071,0.301,-0.0075,0.0013,2.1883,-2.5419,1.7484,0.9021,-0.0223,0.0037,-1.0448,-0.5886,6.4331,0.301,-0.0075,0.0013,,,6.4123,25.825,18.4,moving
2026-09-21T12:45:07.546+09:00,TEST_0002_TEST_P01,TEST_P01,PULL_TEST,,671.7383422851562,60.33242416381836,486.7797546386719,178.58786010742188,-89.7664794921875,-179.95025634765625,1.857,-2.603,-2.0585,0.8907,-0.022,0.0036,6.575,-0.7682,1.1956,0.2896,-0.0071,0.0012,2.064,-2.5583,1.9122,0.8907,-0.022,0.0036,-1.169,-0.6049,6.5969,0.2896,-0.0071,0.0012,,,6.575,26.3829,18.4,moving
2026-09-21T12:45:07.602+09:00,TEST_0002_TEST_P01,TEST_P01,PULL_TEST,,671.1737670898438,60.313358306884766,486.9180908203125,178.58644104003906,-89.7550048828125,-179.9503936767578,1.857,-2.603,-2.0585,0.8907,-0.022,0.0036,6.575,-0.7682,1.1956,0.2896,-0.0071,0.0012,2.064,-2.5583,1.9122,0.8907,-0.022,0.0036,-1.169,-0.6049,6.5969,0.2896,-0.0071,0.0012,,,6.575,26.9474,18.4,moving
2026-09-21T12:45:07.657+09:00,TEST_0002_TEST_P01,TEST_P01,PULL_TEST,,670.6424560546875,60.292476654052734,486.84130859375,178.58433532714844,-89.76118469238281,-179.94847106933594,2.1205,-2.6096,-2.3367,0.8875,-0.0219,0.0037,6.8385,-0.7748,0.9174,0.2864,-0.0071,0.0012,2.3435,-2.5585,2.1745,0.8875,-0.0219,0.0037,-0.8896,-0.6051,6.8592,0.2864,-0.0071,0.0012,,,6.8385,27.4788,18.4,moving
2026-09-21T12:45:07.713+09:00,TEST_0002_TEST_P01,TEST_P01,PULL_TEST,,670.0902099609375,60.29510498046875,486.76605224609375,178.58428955078125,-89.7674560546875,-179.9529266357422,2.1205,-2.6096,-2.3367,0.8875,-0.0219,0.0037,6.8385,-0.7748,0.9174,0.2864,-0.0071,0.0012,2.3435,-2.5585,2.1745,0.8875,-0.0219,0.0037,-0.8896,-0.6051,6.8592,0.2864,-0.0071,0.0012,,,6.8385,28.031,18.4,moving
2026-09-21T12:45:07.768+09:00,TEST_0002_TEST_P01,TEST_P01,PULL_TEST,,669.5240478515625,60.3271598815918,486.8297424316406,178.58766174316406,-89.7621078491211,-179.95083618164062,2.287,-2.5998,-2.3193,0.8842,-0.0218,0.0036,7.005,-0.765,0.9347,0.2831,-0.007,0.0012,2.327,-2.5445,2.3408,0.8842,-0.0218,0.0036,-0.9061,-0.5911,7.0255,0.2831,-0.007,0.0012,,,7.005,28.5972,18.4,moving
2026-09-21T12:45:07.823+09:00,TEST_0002_TEST_P01,TEST_P01,PULL_TEST,,668.9872436523438,60.34664535522461,486.8710021972656,178.58912658691406,-89.75891876220703,-179.94996643066406,2.287,-2.5998,-2.3193,0.8842,-0.0218,0.0036,7.005,-0.765,0.9347,0.2831,-0.007,0.0012,2.327,-2.5445,2.3408,0.8842,-0.0218,0.0036,-0.9061,-0.5911,7.0255,0.2831,-0.007,0.0012,,,7.005,29.134,18.4,moving
2026-09-21T12:45:07.880+09:00,TEST_0002_TEST_P01,TEST_P01,PULL_TEST,,668.4373168945312,60.33516311645508,486.82171630859375,178.58798217773438,-89.76285552978516,-179.95436096191406,2.1952,-2.5476,-2.4577,0.8827,-0.0218,0.0037,6.9132,-0.7127,0.7964,0.2815,-0.0069,0.0012,2.465,-2.4948,2.2469,0.8827,-0.0218,0.0037,-0.7681,-0.5415,6.9316,0.2815,-0.0069,0.0012,,,6.9132,29.6839,18.4,moving
2026-09-21T12:45:07.935+09:00,TEST_0002_TEST_P01,TEST_P01,PULL_TEST,,667.8584594726562,60.32639694213867,486.7903747558594,178.58778381347656,-89.76549530029297,-179.951416015625,2.1952,-2.5476,-2.4577,0.8827,-0.0218,0.0037,6.9132,-0.7127,0.7964,0.2815,-0.0069,0.0012,2.465,-2.4948,2.2469,0.8827,-0.0218,0.0037,-0.7681,-0.5415,6.9316,0.2815,-0.0069,0.0012,,,6.9132,30.2628,18.4,moving
2026-09-21T12:45:07.991+09:00,TEST_0002_TEST_P01,TEST_P01,PULL_TEST,,667.3041381835938,60.34883499145508,486.7750549316406,178.58966064453125,-89.7669906616211,-179.95223999023438,2.8222,-2.5707,-2.5228,0.8781,-0.0216,0.0036,7.5402,-0.7359,0.7312,0.2769,-0.0068,0.0012,2.5325,-2.5025,2.8744,0.8781,-0.0216,0.0036,-0.7006,-0.5492,7.5591,0.2769,-0.0068,0.0012,,,7.5402,30.8171,18.4,moving
2026-09-21T12:45:08.046+09:00,TEST_0002_TEST_P01,TEST_P01,PULL_TEST,,666.7774658203125,60.38731002807617,486.86370849609375,178.5926513671875,-89.75953674316406,-179.94754028320312,2.6356,-2.7029,-2.5889,0.8694,-0.0214,0.0036,7.3536,-0.8681,0.6651,0.2683,-0.0066,0.0011,2.5978,-2.6397,2.6904,0.8694,-0.0214,0.0036,-0.6353,-0.6863,7.3751,0.2683,-0.0066,0.0011,,,7.3536,31.3438,18.4,moving
2026-09-21T12:45:08.102+09:00,TEST_0002_TEST_P01,TEST_P01,PULL_TEST,,666.1939086914062,60.384525299072266,486.87152099609375,178.59255981445312,-89.75874328613281,-179.94439697265625,2.6356,-2.7029,-2.5889,0.8694,-0.0214,0.0036,7.3536,-0.8681,0.6651,0.2683,-0.0066,0.0011,2.5978,-2.6397,2.6904,0.8694,-0.0214,0.0036,-0.6353,-0.6863,7.3751,0.2683,-0.0066,0.0011,,,7.3536,31.9273,18.4,moving
2026-09-21T12:45:08.157+09:00,TEST_0002_TEST_P01,TEST_P01,PULL_TEST,,665.6415405273438,60.35880661010742,486.7994384765625,178.59024047851562,-89.76422882080078,-179.9525604248047,2.9122,-2.6977,-2.7584,0.8695,-0.0214,0.0036,7.6302,-0.8629,0.4956,0.2684,-0.0066,0.0012,2.7685,-2.6277,2.9661,0.8695,-0.0214,0.0036,-0.4646,-0.6744,7.6508,0.2684,-0.0066,0.0012,,,7.6302,32.4797,18.4,moving
2026-09-21T12:45:08.213+09:00,TEST_0002_TEST_P01,TEST_P01,PULL_TEST,,665.1033935546875,60.34718704223633,486.7969665527344,178.58892822265625,-89.76436614990234,-179.95343017578125,2.9122,-2.6977,-2.7584,0.8695,-0.0214,0.0036,7.6302,-0.8629,0.4956,0.2684,-0.0066,0.0012,2.7685,-2.6277,2.9661,0.8695,-0.0214,0.0036,-0.4646,-0.6744,7.6508,0.2684,-0.0066,0.0012,,,7.6302,33.0178,18.4,moving
2026-09-21T12:45:08.269+09:00,TEST_0002_TEST_P01,TEST_P01,PULL_TEST,,664.5471801757812,60.34977722167969,486.83587646484375,178.5890655517578,-89.76107025146484,-179.95533752441406,3.4457,-2.636,-2.6962,0.8683,-0.0214,0.0036,8.1637,-0.8011,0.5578,0.2672,-0.0066,0.0011,2.7085,-2.5524,3.4986,0.8683,-0.0214,0.0036,-0.5246,-0.5991,8.1833,0.2672,-0.0066,0.0011,,,8.1637,33.574,18.4,moving
2026-09-21T12:45:08.325+09:00,TEST_0002_TEST_P01,TEST_P01,PULL_TEST,,663.9671020507812,60.363494873046875,486.8128356933594,178.5904083251953,-89.76276397705078,-179.9492950439453,3.4457,-2.636,-2.6962,0.8683,-0.0214,0.0036,8.1637,-0.8011,0.5578,0.2672,-0.0066,0.0011,2.7085,-2.5524,3.4986,0.8683,-0.0214,0.0036,-0.5246,-0.5991,8.1833,0.2672,-0.0066,0.0011,,,8.1637,34.1541,18.4,moving
2026-09-21T12:45:08.381+09:00,TEST_0002_TEST_P01,TEST_P01,PULL_TEST,,663.4069213867188,60.34625244140625,486.8001708984375,178.58900451660156,-89.76405334472656,-179.94749450683594,3.4795,-2.7029,-2.971,0.868,-0.0214,0.0036,8.1975,-0.8681,0.2831,0.2669,-0.0065,0.0011,2.9833,-2.6193,3.5325,0.868,-0.0214,0.0036,-0.2498,-0.6659,8.2172,0.2669,-0.0065,0.0011,,,8.1975,34.7143,18.4,moving
2026-09-21T12:45:08.437+09:00,TEST_0002_TEST_P01,TEST_P01,PULL_TEST,,662.8524780273438,60.31987762451172,486.8125,178.58700561523438,-89.76280975341797,-179.95155334472656,3.4795,-2.7029,-2.971,0.868,-0.0214,0.0036,8.1975,-0.8681,0.2831,0.2669,-0.0065,0.0011,3.0549,-2.5455,3.7292,0.8701,-0.0214,0.0036,-0.1782,-0.5922,8.414,0.269,-0.0066,0.0011,,,8.1975,35.2687,18.4,moving
2026-09-21T12:45:08.492+09:00,TEST_0002_TEST_P01,TEST_P01,PULL_TEST,,662.2908935546875,60.29259490966797,486.87261962890625,178.58462524414062,-89.75800323486328,-179.9474334716797,3.678,-2.6344,-3.0415,0.8701,-0.0214,0.0036,8.396,-0.7996,0.2125,0.269,-0.0066,0.0011,3.0549,-2.5455,3.7292,0.8701,-0.0214,0.0036,-0.1782,-0.5922,8.414,0.269,-0.0066,0.0011,,,8.396,35.8303,18.4,moving
2026-09-21T12:45:08.547+09:00,TEST_0002_TEST_P01,TEST_P01,PULL_TEST,,661.7396240234375,60.30147171020508,486.85455322265625,178.58567810058594,-89.7593765258789,-179.95362854003906,4.0453,-2.7654,-3.1461,0.8663,-0.0214,0.0037,8.7633,-0.9306,0.1079,0.2652,-0.0066,0.0012,3.1613,-2.6673,4.099,0.8663,-0.0214,0.0037,-0.0718,-0.7139,8.7837,0.2652,-0.0066,0.0012,,,8.7633,36.3816,18.4,moving
2026-09-21T12:45:08.603+09:00,TEST_0002_TEST_P01,TEST_P01,PULL_TEST,,661.174072265625,60.327857971191406,486.8454895019531,178.588134765625,-89.76021575927734,-179.947998046875,4.0453,-2.7654,-3.1461,0.8663,-0.0214,0.0037,8.7633,-0.9306,0.1079,0.2652,-0.0066,0.0012,3.1613,-2.6673,4.099,0.8663,-0.0214,0.0037,-0.0718,-0.7139,8.7837,0.2652,-0.0066,0.0012,,,8.7633,36.9471,18.4,moving
2026-09-21T12:45:08.658+09:00,TEST_0002_TEST_P01,TEST_P01,PULL_TEST,,660.6117553710938,60.32152557373047,486.8938293457031,178.5878448486328,-89.75633239746094,-179.94992065429688,3.8898,-2.7935,-3.0852,0.8662,-0.0214,0.0036,8.6078,-0.9587,0.1688,0.2651,-0.0065,0.0012,3.0994,-2.6996,3.9444,0.8662,-0.0214,0.0036,-0.1336,-0.7462,8.6292,0.2651,-0.0065,0.0012,,,8.6078,37.5095,18.4,moving
2026-09-21T12:45:08.714+09:00,TEST_0002_TEST_P01,TEST_P01,PULL_TEST,,660.0482788085938,60.30158615112305,486.91534423828125,178.58641052246094,-89.75438690185547,-179.94772338867188,3.8898,-2.7935,-3.0852,0.8662,-0.0214,0.0036,8.6078,-0.9587,0.1688,0.2651,-0.0065,0.0012,3.0994,-2.6996,3.9444,0.8662,-0.0214,0.0036,-0.1336,-0.7462,8.6292,0.2651,-0.0065,0.0012,,,8.6078,38.0729,18.4,moving
2026-09-21T12:45:08.769+09:00,TEST_0002_TEST_P01,TEST_P01,PULL_TEST,,659.5123901367188,60.285667419433594,486.9056701660156,178.58450317382812,-89.75521850585938,-179.94644165039062,3.9722,-2.9165,-3.1204,0.8653,-0.0213,0.0037,8.6902,-1.0816,0.1337,0.2642,-0.0065,0.0012,3.1351,-2.8206,4.0294,0.8653,-0.0213,0.0037,-0.098,-0.8672,8.7141,0.2642,-0.0065,0.0012,,,8.6902,38.6088,18.4,moving
2026-09-21T12:45:08.824+09:00,TEST_0002_TEST_P01,TEST_P01,PULL_TEST,,658.9612426757812,60.31232452392578,486.9137878417969,178.5869903564453,-89.7542495727539,-179.94651794433594,3.9722,-2.9165,-3.1204,0.8653,-0.0213,0.0037,8.6902,-1.0816,0.1337,0.2642,-0.0065,0.0012,3.1351,-2.8206,4.0294,0.8653,-0.0213,0.0037,-0.098,-0.8672,8.7141,0.2642,-0.0065,0.0012,,,8.6902,39.16,18.4,moving
2026-09-21T12:45:08.880+09:00,TEST_0002_TEST_P01,TEST_P01,PULL_TEST,,658.404296875,60.32624053955078,486.84991455078125,178.5879364013672,-89.7594985961914,-179.9438018798828,4.5243,-2.9426,-2.9251,0.868,-0.0214,0.0037,9.2423,-1.1078,0.3289,0.2669,-0.0066,0.0012,2.9418,-2.833,4.583,0.868,-0.0214,0.0037,-0.2913,-0.8797,9.2677,0.2669,-0.0066,0.0012,,,9.2423,39.7169,18.4,moving
2026-09-21T12:45:08.936+09:00,TEST_0002_TEST_P01,TEST_P01,PULL_TEST,,657.843994140625,60.312164306640625,486.84552001953125,178.58682250976562,-89.75968933105469,-179.95314025878906,4.5243,-2.9426,-2.9251,0.868,-0.0214,0.0037,9.2423,-1.1078,0.3289,0.2669,-0.0066,0.0012,2.9418,-2.833,4.583,0.868,-0.0214,0.0037,-0.2913,-0.8797,9.2677,0.2669,-0.0066,0.0012,,,9.2423,40.2772,18.4,moving
2026-09-21T12:45:08.993+09:00,TEST_0002_TEST_P01,TEST_P01,PULL_TEST,,657.3015747070312,60.281681060791016,486.92730712890625,178.583740234375,-89.75308990478516,-179.94944763183594,4.4619,-2.9728,-2.7854,0.8736,-0.0215,0.0037,9.1799,-1.138,0.4687,0.2725,-0.0067,0.0012,2.802,-2.8641,4.5222,0.8736,-0.0215,0.0037,-0.4311,-0.9108,9.2069,0.2725,-0.0067,0.0012,,,9.1799,40.8196,18.4,moving
2026-09-21T12:45:09.051+09:00,TEST_0002_TEST_P01,TEST_P01,PULL_TEST,,656.7137451171875,60.259944915771484,486.9283447265625,178.58192443847656,-89.75244140625,-179.95338439941406,4.8624,-3.2105,-2.6084,0.869,-0.0215,0.0037,9.5804,-1.3757,0.6456,0.2679,-0.0067,0.0012,2.6271,-3.0913,4.9291,0.869,-0.0215,0.0037,-0.6059,-1.1379,9.6138,0.2679,-0.0067,0.0012,,,9.5804,41.4075,18.4,moving
2026-09-21T12:45:09.108+09:00,TEST_0002_TEST_P01,TEST_P01,PULL_TEST,,656.1476440429688,60.28779602050781,486.85211181640625,178.58421325683594,-89.75912475585938,-179.9447784423828,4.8624,-3.2105,-2.6084,0.869,-0.0215,0.0037,9.5804,-1.3757,0.6456,0.2679,-0.0067,0.0012,2.6271,-3.0913,4.9291,0.869,-0.0215,0.0037,-0.6059,-1.1379,9.6138,0.2679,-0.0067,0.0012,,,9.5804,41.9736,18.4,moving
2026-09-21T12:45:09.164+09:00,TEST_0002_TEST_P01,TEST_P01,PULL_TEST,,655.583984375,60.31267166137695,486.82720947265625,178.5867919921875,-89.76133728027344,-179.95144653320312,4.6265,-3.4376,-2.2441,0.8685,-0.0215,0.0037,9.3445,-1.6028,1.0099,0.2674,-0.0066,0.0012,2.2609,-3.3245,4.7004,0.8685,-0.0215,0.0037,-0.9721,-1.3711,9.3851,0.2674,-0.0066,0.0012,,,9.3445,42.5372,18.4,moving
2026-09-21T12:45:09.220+09:00,TEST_0002_TEST_P01,TEST_P01,PULL_TEST,,655.0503540039062,60.28715896606445,486.8665466308594,178.58432006835938,-89.75821685791016,-179.94723510742188,4.6265,-3.4376,-2.2441,0.8685,-0.0215,0.0037,9.3445,-1.6028,1.0099,0.2674,-0.0066,0.0012,2.2609,-3.3245,4.7004,0.8685,-0.0215,0.0037,-0.9721,-1.3711,9.3851,0.2674,-0.0066,0.0012,,,9.3445,43.0709,18.4,moving
2026-09-21T12:45:09.276+09:00,TEST_0002_TEST_P01,TEST_P01,PULL_TEST,,654.4947509765625,60.267478942871094,486.8336486816406,178.58273315429688,-89.76085662841797,-179.95228576660156,5.6453,-3.3955,-2.5703,0.8767,-0.0217,0.0037,10.3633,-1.5607,0.6837,0.2756,-0.0068,0.0012,2.5914,-3.2573,5.7167,0.8767,-0.0217,0.0037,-0.6417,-1.3039,10.4014,0.2756,-0.0068,0.0012,,,10.3633,43.6265,18.4,moving
2026-09-21T12:45:09.332+09:00,TEST_0002_TEST_P01,TEST_P01,PULL_TEST,,653.9329833984375,60.27140808105469,486.74603271484375,178.5832977294922,-89.76831817626953,-179.94808959960938,5.6453,-3.3955,-2.5703,0.8767,-0.0217,0.0037,10.3633,-1.5607,0.6837,0.2756,-0.0068,0.0012,2.5914,-3.2573,5.7167,0.8767,-0.0217,0.0037,-0.6417,-1.3039,10.4014,0.2756,-0.0068,0.0012,,,10.3633,44.1882,18.4,moving
2026-09-21T12:45:09.390+09:00,TEST_0002_TEST_P01,TEST_P01,PULL_TEST,,653.3467407226562,60.30843734741211,486.71099853515625,178.5867919921875,-89.77113342285156,-179.95436096191406,6.057,-3.5378,-2.4107,0.8796,-0.0218,0.0036,10.775,-1.7029,0.8433,0.2785,-0.0069,0.0012,2.4323,-3.3892,6.1328,0.8796,-0.0218,0.0036,-0.8008,-1.4358,10.8175,0.2785,-0.0069,0.0012,,,10.775,44.7745,18.4,moving
2026-09-21T12:45:09.448+09:00,TEST_0002_TEST_P01,TEST_P01,PULL_TEST,,652.7716674804688,60.30968475341797,486.8561096191406,178.586669921875,-89.7592544555664,-179.94796752929688,6.5249,-3.5108,-3.2096,0.8849,-0.0218,0.0036,11.2429,-1.676,0.0444,0.2838,-0.007,0.0011,3.2343,-3.3517,6.596,0.8849,-0.0218,0.0036,0.0012,-1.3984,11.2808,0.2838,-0.007,0.0011,,,11.2429,45.3495,18.4,moving
2026-09-21T12:45:09.506+09:00,TEST_0002_TEST_P01,TEST_P01,PULL_TEST,,652.1990966796875,60.29825210571289,486.7870788574219,178.5853271484375,-89.76461029052734,-179.9535675048828,6.5249,-3.5108,-3.2096,0.8849,-0.0218,0.0036,11.2429,-1.676,0.0444,0.2838,-0.007,0.0011,3.2343,-3.3517,6.596,0.8849,-0.0218,0.0036,0.0012,-1.3984,11.2808,0.2838,-0.007,0.0011,,,11.2429,45.9221,18.4,moving
2026-09-21T12:45:09.563+09:00,TEST_0002_TEST_P01,TEST_P01,PULL_TEST,,651.6092529296875,60.309593200683594,486.7030029296875,178.58648681640625,-89.77139282226562,-179.947998046875,6.776,-3.4881,-3.3754,0.8947,-0.0221,0.0037,11.494,-1.6533,-0.1213,0.2936,-0.0073,0.0012,3.4005,-3.3227,6.8462,0.8947,-0.0221,0.0037,0.1674,-1.3694,11.5309,0.2936,-0.0073,0.0012,,,11.494,46.512,18.4,moving
2026-09-21T12:45:09.619+09:00,TEST_0002_TEST_P01,TEST_P01,PULL_TEST,,651.0340576171875,60.35140609741211,486.7625732421875,178.59043884277344,-89.76631164550781,-179.9512939453125,6.776,-3.4881,-3.3754,0.8947,-0.0221,0.0037,11.494,-1.6533,-0.1213,0.2936,-0.0073,0.0012,3.4005,-3.3227,6.8462,0.8947,-0.0221,0.0037,0.1674,-1.3694,11.5309,0.2936,-0.0073,0.0012,,,11.494,47.0872,18.4,moving
2026-09-21T12:45:09.674+09:00,TEST_0002_TEST_P01,TEST_P01,PULL_TEST,,650.4873657226562,60.35866928100586,486.8084716796875,178.5907745361328,-89.76246643066406,-179.95164489746094,7.3326,-3.4552,-3.9054,0.9066,-0.0223,0.0037,12.0506,-1.6204,-0.6513,0.3055,-0.0075,0.0012,3.9327,-3.2771,7.3995,0.9066,-0.0223,0.0037,0.6996,-1.3237,12.0842,0.3055,-0.0075,0.0012,,,12.0506,47.6339,18.4,moving
2026-09-21T12:45:09.731+09:00,TEST_0002_TEST_P01,TEST_P01,PULL_TEST,,649.9126586914062,60.33600616455078,486.8106689453125,178.589111328125,-89.7618408203125,-179.955078125,7.3326,-3.4552,-3.9054,0.9066,-0.0223,0.0037,12.0506,-1.6204,-0.6513,0.3055,-0.0075,0.0012,3.9327,-3.2771,7.3995,0.9066,-0.0223,0.0037,0.6996,-1.3237,12.0842,0.3055,-0.0075,0.0012,,,12.0506,48.2086,18.4,moving
2026-09-21T12:45:09.787+09:00,TEST_0002_TEST_P01,TEST_P01,PULL_TEST,,649.2944946289062,60.32685089111328,487.03582763671875,178.5890350341797,-89.74284362792969,-179.9424285888672,7.5115,-3.4733,-3.5078,0.9227,-0.0227,0.0038,12.2295,-1.6385,-0.2537,0.3216,-0.0079,0.0013,3.537,-3.2901,7.58,0.9227,-0.0227,0.0038,0.3039,-1.3367,12.2647,0.3216,-0.0079,0.0013,,,12.2295,48.8267,17.7,moving
2026-09-21T12:45:09.843+09:00,TEST_0002_TEST_P01,TEST_P01,PULL_TEST,,648.7904663085938,60.35144805908203,487.1363525390625,178.59092712402344,-89.73451232910156,-179.94833374023438,3.4629,-3.1068,-0.3432,0.952,-0.0234,0.0042,8.1809,-1.272,2.9109,0.3509,-0.0086,0.0018,0.3568,-3.0211,3.5367,0.952,-0.0234,0.0042,-2.8763,-1.0677,8.2214,0.3509,-0.0086,0.0018,,,8.1809,49.3307,15.6,moving
2026-09-21T12:45:29.784+09:00,TEST_0002_TEST_P01,TEST_P01,RELEASE,RETURN_SOFT_GRIP_COMMAND,648.1218872070312,60.36857604980469,486.8768310546875,178.58853149414062,-89.76368713378906,-179.9501190185547,1.0285,-3.2064,1.0962,0.7838,-0.0193,0.0032,0.0,0.0,0.0,0.0,0.0,0.0,-1.0944,-3.1792,1.1116,0.7838,-0.0193,0.0032,0.0,0.0,0.0,0.0,0.0,0.0,,,,,14.7,moving
2026-09-21T12:45:30.005+09:00,TEST_0002_TEST_P01,TEST_P01,RELEASE,RETURN_SOFT_GRIP_OPEN_REACHED,648.1212768554688,60.36845779418945,486.8779296875,178.58853149414062,-89.76359558105469,-179.95008850097656,-1.4128,-2.68,1.0929,0.7833,-0.0193,0.0032,0.0,0.0,0.0,0.0,0.0,0.0,-1.1008,-2.713,-1.3418,0.7833,-0.0193,0.0032,0.0,0.0,0.0,0.0,0.0,0.0,,,,,22.9,holding
2026-09-21T12:47:39.254+09:00,TEST_0003_TEST_P01,TEST_P01,SOFT_GRIP_ENTRY,SOFT_GRIP_COMMAND,673.2613525390625,60.51378631591797,486.6686096191406,178.5968017578125,-89.78057861328125,-179.94224548339844,-2.7966,-2.6303,0.942,0.2544,-0.0062,0.001,0.0,0.0,0.0,0.0,0.0,0.0,-0.9552,-2.6971,-2.7277,0.2544,-0.0062,0.001,0.0,0.0,0.0,0.0,0.0,0.0,,,,,74.5,moving
2026-09-21T12:47:45.715+09:00,TEST_0003_TEST_P01,TEST_P01,SOFT_GRIP_ENTRY,ENTRY_MOTION_START_WIDTH_REACHED,673.1034545898438,60.383750915527344,486.8547058105469,178.58984375,-89.76573944091797,-179.95030212402344,-2.1912,-2.2945,1.102,0.4586,-0.0113,0.0019,0.6054,0.3358,0.16,0.2043,-0.0051,0.0009,-1.1128,-2.3468,-2.1295,0.4586,-0.0113,0.0019,-0.1576,0.3503,0.5982,0.2043,-0.0051,0.0009,,,,,21.9,moving
2026-09-21T12:47:45.748+09:00,TEST_0003_TEST_P01,TEST_P01,SOFT_GRIP_ENTRY,,673.1033325195312,60.384910583496094,486.8547058105469,178.58993530273438,-89.76573944091797,-179.95030212402344,-2.1974,-2.2881,1.1085,0.4571,-0.0113,0.0019,0.5991,0.3423,0.1665,0.2027,-0.005,0.0009,-1.1193,-2.3405,-2.1359,0.4571,-0.0113,0.0019,-0.1641,0.3566,0.5918,0.2027,-0.005,0.0009,0.5991,-0.1586,,,21.6,moving
2026-09-21T12:47:45.803+09:00,TEST_0003_TEST_P01,TEST_P01,SOFT_GRIP_ENTRY,,673.1056518554688,60.38533401489258,486.8486022949219,178.58993530273438,-89.76625061035156,-179.95040893554688,-2.1974,-2.2881,1.1085,0.4571,-0.0113,0.0019,0.5991,0.3423,0.1665,0.2027,-0.005,0.0009,-1.1193,-2.3405,-2.1359,0.4571,-0.0113,0.0019,-0.1641,0.3566,0.5918,0.2027,-0.005,0.0009,0.5991,-0.1563,,,19.8,moving
2026-09-21T12:47:45.859+09:00,TEST_0003_TEST_P01,TEST_P01,SOFT_GRIP_ENTRY,,673.1656494140625,60.39769744873047,486.7338562011719,178.59019470214844,-89.7757797241211,-179.95281982421875,-2.6215,-2.3719,0.1932,0.4373,-0.0108,0.0018,0.1751,0.2584,-0.7488,0.183,-0.0045,0.0008,-0.2055,-2.4355,-2.5615,0.4373,-0.0108,0.0018,0.7497,0.2615,0.1661,0.183,-0.0045,0.0008,0.1751,-0.0963,,,18.9,moving
2026-09-21T12:47:45.915+09:00,TEST_0003_TEST_P01,TEST_P01,SOFT_GRIP_ENTRY,,673.3179931640625,60.44469451904297,486.4715270996094,178.59385681152344,-89.7972412109375,-179.9671173095703,-2.6215,-2.3719,0.1932,0.4373,-0.0108,0.0018,0.1751,0.2584,-0.7488,0.183,-0.0045,0.0008,-0.2055,-2.4355,-2.5615,0.4373,-0.0108,0.0018,0.7497,0.2615,0.1661,0.183,-0.0045,0.0008,0.1751,0.056,,,18.9,moving
2026-09-21T12:47:45.971+09:00,TEST_0003_TEST_P01,TEST_P01,SOFT_GRIP_ENTRY,,673.6033325195312,60.508750915527344,486.2353515625,178.60012817382812,-89.81796264648438,-179.97816467285156,-3.9491,-2.5591,0.0887,0.4636,-0.0114,0.0017,-1.1525,0.0712,-0.8533,0.2093,-0.0052,0.0007,-0.1029,-2.655,-3.8849,0.4636,-0.0114,0.0017,0.8523,0.0421,-1.1573,0.2093,-0.0052,0.0007,1.1525,0.3414,,,18.8,moving
2026-09-21T12:47:46.027+09:00,TEST_0003_TEST_P01,TEST_P01,SOFT_GRIP_ENTRY,,674.0982055664062,60.53598403930664,486.317626953125,178.6018524169922,-89.81229400634766,-179.97216796875,-3.9491,-2.5591,0.0887,0.4636,-0.0114,0.0017,-1.1525,0.0712,-0.8533,0.2093,-0.0052,0.0007,-0.1029,-2.655,-3.8849,0.4636,-0.0114,0.0017,0.8523,0.0421,-1.1573,0.2093,-0.0052,0.0007,1.1525,0.8362,,,18.8,moving
2026-09-21T12:47:46.083+09:00,TEST_0003_TEST_P01,TEST_P01,SOFT_GRIP_ENTRY,,674.6719970703125,60.53446578979492,486.3279113769531,178.60104370117188,-89.81248474121094,-179.96458435058594,-5.2967,-2.4773,0.1475,0.3876,-0.0095,0.0013,-2.5001,0.1531,-0.7944,0.1332,-0.0032,0.0003,-0.166,-2.6057,-5.2341,0.3876,-0.0095,0.0013,0.7892,0.0913,-2.5065,0.1332,-0.0032,0.0003,2.5001,1.41,,,18.6,moving
2026-09-21T12:47:46.140+09:00,TEST_0003_TEST_P01,TEST_P01,SOFT_GRIP_ENTRY,,675.250244140625,60.540245056152344,486.3636779785156,178.60130310058594,-89.8105239868164,-179.9628448486328,-4.9265,-2.5017,0.2598,0.377,-0.0092,0.0012,-2.13,0.1286,-0.6822,0.1226,-0.003,0.0003,-0.2776,-2.621,-4.8631,0.377,-0.0092,0.0012,0.6776,0.076,-2.1354,0.1226,-0.003,0.0003,2.13,1.9883,,,18.6,moving
2026-09-21T12:47:46.196+09:00,TEST_0003_TEST_P01,TEST_P01,SOFT_GRIP_ENTRY,,675.8297729492188,60.55511474609375,486.441650390625,178.60272216796875,-89.804443359375,-179.9578094482422,-4.9265,-2.5017,0.2598,0.377,-0.0092,0.0012,-2.13,0.1286,-0.6822,0.1226,-0.003,0.0003,-0.2776,-2.621,-4.8631,0.377,-0.0092,0.0012,0.6776,0.076,-2.1354,0.1226,-0.003,0.0003,2.13,2.5678,,,18.6,moving
2026-09-21T12:47:46.253+09:00,TEST_0003_TEST_P01,TEST_P01,SOFT_GRIP_ENTRY,,676.4232788085938,60.53947448730469,486.5133361816406,178.6011505126953,-89.79882049560547,-179.95497131347656,-4.9239,-2.4612,-0.0797,0.3841,-0.0094,0.0013,-2.1273,0.1691,-1.0217,0.1297,-0.0031,0.0003,0.0605,-2.5806,-4.8626,0.3841,-0.0094,0.0013,1.0157,0.1164,-2.1349,0.1297,-0.0031,0.0003,2.1273,3.1613,,,18.6,moving
2026-09-21T12:47:46.308+09:00,TEST_0003_TEST_P01,TEST_P01,SOFT_GRIP_ENTRY,,676.9857788085938,60.49059295654297,486.56829833984375,178.59707641601562,-89.79459381103516,-179.9595489501953,-4.9239,-2.4612,-0.0797,0.3841,-0.0094,0.0013,-2.1273,0.1691,-1.0217,0.1297,-0.0031,0.0003,0.0605,-2.5806,-4.8626,0.3841,-0.0094,0.0013,1.0157,0.1164,-2.1349,0.1297,-0.0031,0.0003,2.1273,3.7238,,,18.6,moving
2026-09-21T12:47:46.365+09:00,TEST_0003_TEST_P01,TEST_P01,SOFT_GRIP_ENTRY,,677.5396728515625,60.4714241027832,486.6694641113281,178.5958251953125,-89.78617095947266,-179.95677185058594,-4.947,-2.3952,0.3032,0.3949,-0.0097,0.0014,-2.1504,0.2351,-0.6388,0.1406,-0.0034,0.0004,-0.3228,-2.5155,-4.8857,0.3949,-0.0097,0.0014,0.6323,0.1816,-2.158,0.1406,-0.0034,0.0004,2.1504,4.2777,,,18.6,moving
2026-09-21T12:47:46.420+09:00,TEST_0003_TEST_P01,TEST_P01,SOFT_GRIP_ENTRY,,678.1180419921875,60.48408126831055,486.66265869140625,178.5964813232422,-89.78681945800781,-179.9547119140625,-4.947,-2.3952,0.3032,0.3949,-0.0097,0.0014,-2.1504,0.2351,-0.6388,0.1406,-0.0034,0.0004,-0.3228,-2.5155,-4.8857,0.3949,-0.0097,0.0014,0.6323,0.1816,-2.158,0.1406,-0.0034,0.0004,2.1504,4.8561,,,18.6,moving
2026-09-21T12:47:46.476+09:00,TEST_0003_TEST_P01,TEST_P01,SOFT_GRIP_ENTRY,,678.6781616210938,60.48515319824219,486.7298889160156,178.59629821777344,-89.78129577636719,-179.95541381835938,-5.5284,-2.3461,0.1655,0.3914,-0.0096,0.0015,-2.7319,0.2843,-0.7765,0.137,-0.0034,0.0005,-0.1882,-2.4806,-5.4686,0.3914,-0.0096,0.0015,0.7669,0.2164,-2.7409,0.137,-0.0034,0.0005,2.7319,5.4162,,,18.6,moving
2026-09-21T12:47:46.532+09:00,TEST_0003_TEST_P01,TEST_P01,SOFT_GRIP_ENTRY,,679.2298583984375,60.45706558227539,486.7968444824219,178.5941619873047,-89.77558898925781,-179.94996643066406,-5.5284,-2.3461,0.1655,0.3914,-0.0096,0.0015,-2.7319,0.2843,-0.7765,0.137,-0.0034,0.0005,-0.1882,-2.4806,-5.4686,0.3914,-0.0096,0.0015,0.7669,0.2164,-2.7409,0.137,-0.0034,0.0005,2.7319,5.9679,,,18.6,moving
2026-09-21T12:47:46.588+09:00,TEST_0003_TEST_P01,TEST_P01,SOFT_GRIP_ENTRY,,679.8041381835938,60.43133544921875,486.84979248046875,178.59169006347656,-89.77114868164062,-179.9479217529297,-5.729,-2.3104,0.3418,0.3936,-0.0097,0.0015,-2.9325,0.3199,-0.6002,0.1392,-0.0034,0.0005,-0.366,-2.45,-5.6692,0.3936,-0.0097,0.0015,0.5891,0.2471,-2.9416,0.1392,-0.0034,0.0005,2.9325,6.5422,,,18.6,moving
2026-09-21T12:47:46.644+09:00,TEST_0003_TEST_P01,TEST_P01,SOFT_GRIP_ENTRY,,680.364501953125,60.43916320800781,486.9033203125,178.59230041503906,-89.76676177978516,-179.9498291015625,-6.7046,-2.17,-0.0398,0.3971,-0.0098,0.0016,-3.9081,0.4603,-0.9817,0.1427,-0.0035,0.0006,0.0107,-2.3341,-6.6494,0.3971,-0.0098,0.0016,0.9659,0.363,-3.9217,0.1427,-0.0035,0.0006,3.9081,7.1025,,,18.6,moving
2026-09-21T12:47:46.700+09:00,TEST_0003_TEST_P01,TEST_P01,SOFT_GRIP_ENTRY,,680.89697265625,60.46951675415039,486.81842041015625,178.59536743164062,-89.77348327636719,-179.94912719726562,-6.7046,-2.17,-0.0398,0.3971,-0.0098,0.0016,-3.9081,0.4603,-0.9817,0.1427,-0.0035,0.0006,0.0107,-2.3341,-6.6494,0.3971,-0.0098,0.0016,0.9659,0.363,-3.9217,0.1427,-0.0035,0.0006,3.9081,7.635,,,18.6,moving
2026-09-21T12:47:46.756+09:00,TEST_0003_TEST_P01,TEST_P01,SOFT_GRIP_ENTRY,,681.4697265625,60.497711181640625,486.80743408203125,178.5976104736328,-89.7746810913086,-179.94985961914062,-7.9947,-2.0003,-0.0692,0.4043,-0.0099,0.0016,-5.1982,0.63,-1.0112,0.1499,-0.0037,0.0006,0.0358,-2.1955,-7.9436,0.4043,-0.0099,0.0016,0.991,0.5016,-5.2159,0.1499,-0.0037,0.0006,5.1982,8.2078,,,18.6,moving
2026-09-21T12:47:46.812+09:00,TEST_0003_TEST_P01,TEST_P01,SOFT_GRIP_ENTRY,,682.0525512695312,60.48517990112305,486.86590576171875,178.59629821777344,-89.76994323730469,-179.952392578125,-7.9947,-2.0003,-0.0692,0.4043,-0.0099,0.0016,-5.1982,0.63,-1.0112,0.1499,-0.0037,0.0006,0.0358,-2.1955,-7.9436,0.4043,-0.0099,0.0016,0.991,0.5016,-5.2159,0.1499,-0.0037,0.0006,5.1982,8.7906,,,18.6,moving
2026-09-21T12:47:46.868+09:00,TEST_0003_TEST_P01,TEST_P01,SOFT_GRIP_ENTRY,,682.6141357421875,60.446571350097656,486.9015808105469,178.59347534179688,-89.76690673828125,-179.9500732421875,-7.1239,-2.1353,0.053,0.4104,-0.0101,0.0016,-4.3274,0.495,-0.889,0.156,-0.0038,0.0007,-0.083,-2.3093,-7.0692,0.4104,-0.0101,0.0016,0.8722,0.3877,-4.3415,0.156,-0.0038,0.0007,4.3274,9.3522,,,18.6,moving
2026-09-21T12:47:46.923+09:00,TEST_0003_TEST_P01,TEST_P01,SOFT_GRIP_ENTRY,,683.16748046875,60.432376861572266,486.86260986328125,178.59226989746094,-89.77010345458984,-179.94906616210938,-7.1239,-2.1353,0.053,0.4104,-0.0101,0.0016,-4.3274,0.495,-0.889,0.156,-0.0038,0.0007,-0.083,-2.3093,-7.0692,0.4104,-0.0101,0.0016,0.8722,0.3877,-4.3415,0.156,-0.0038,0.0007,4.3274,9.9055,,,18.6,moving
2026-09-21T12:47:46.978+09:00,TEST_0003_TEST_P01,TEST_P01,SOFT_GRIP_ENTRY,,683.729736328125,60.43635177612305,486.8071594238281,178.59225463867188,-89.77471923828125,-179.9550018310547,-8.0475,-2.1332,0.007,0.4098,-0.0101,0.0017,-5.251,0.4971,-0.935,0.1554,-0.0038,0.0007,-0.0414,-2.3303,-7.9926,0.4098,-0.0101,0.0017,0.9137,0.3668,-5.2649,0.1554,-0.0038,0.0007,5.251,10.4678,,,18.6,moving
2026-09-21T12:47:47.033+09:00,TEST_0003_TEST_P01,TEST_P01,SOFT_GRIP_ENTRY,,684.2838745117188,60.446895599365234,486.8586730957031,178.59323120117188,-89.77037048339844,-179.95347595214844,-8.0475,-2.1332,0.007,0.4098,-0.0101,0.0017,-5.251,0.4971,-0.935,0.1554,-0.0038,0.0007,-0.0414,-2.3303,-7.9926,0.4098,-0.0101,0.0017,0.9137,0.3668,-5.2649,0.1554,-0.0038,0.0007,5.251,11.0219,,,18.6,moving
2026-09-21T12:47:47.088+09:00,TEST_0003_TEST_P01,TEST_P01,SOFT_GRIP_ENTRY,,684.8411865234375,60.44143295288086,486.91461181640625,178.59259033203125,-89.76582336425781,-179.94822692871094,-7.7644,-2.3664,0.265,0.4086,-0.01,0.0016,-4.9679,0.2639,-0.677,0.1542,-0.0038,0.0007,-0.2979,-2.5561,-7.7029,0.4086,-0.01,0.0016,0.6573,0.141,-4.9752,0.1542,-0.0038,0.0007,4.9679,11.5792,,,18.6,moving
2026-09-21T12:47:47.144+09:00,TEST_0003_TEST_P01,TEST_P01,SOFT_GRIP_ENTRY,,685.4024047851562,60.40182113647461,486.8089294433594,178.5890350341797,-89.77432250976562,-179.95230102539062,-8.1769,-2.3502,0.2716,0.4088,-0.0101,0.0016,-5.3804,0.2802,-0.6704,0.1544,-0.0038,0.0007,-0.3057,-2.5505,-8.1154,0.4088,-0.0101,0.0016,0.6495,0.1465,-5.3878,0.1544,-0.0038,0.0007,5.3804,12.1404,,,18.6,moving
2026-09-21T12:47:47.199+09:00,TEST_0003_TEST_P01,TEST_P01,SOFT_GRIP_ENTRY,,685.9430541992188,60.37348556518555,486.8459777832031,178.58689880371094,-89.77085876464844,-179.9502716064453,-8.1769,-2.3502,0.2716,0.4088,-0.0101,0.0016,-5.3804,0.2802,-0.6704,0.1544,-0.0038,0.0007,-0.3057,-2.5505,-8.1154,0.4088,-0.0101,0.0016,0.6495,0.1465,-5.3878,0.1544,-0.0038,0.0007,5.3804,12.6811,,,18.6,moving
2026-09-21T12:47:47.255+09:00,TEST_0003_TEST_P01,TEST_P01,SOFT_GRIP_ENTRY,,686.496826171875,60.37747573852539,486.919921875,178.58740234375,-89.76487731933594,-179.9453887939453,-8.5804,-2.4596,0.6362,0.4057,-0.01,0.0016,-5.7838,0.1707,-0.3058,0.1514,-0.0038,0.0007,-0.6739,-2.6698,-8.5144,0.4057,-0.01,0.0016,0.2813,0.0273,-5.7868,0.1514,-0.0038,0.0007,5.7838,13.2349,,,18.6,moving
2026-09-21T12:47:47.310+09:00,TEST_0003_TEST_P01,TEST_P01,SOFT_GRIP_ENTRY,,687.050048828125,60.391693115234375,486.9624328613281,178.5883331298828,-89.76146697998047,-179.9453887939453,-8.5804,-2.4596,0.6362,0.4057,-0.01,0.0016,-5.7838,0.1707,-0.3058,0.1514,-0.0038,0.0007,-0.6739,-2.6698,-8.5144,0.4057,-0.01,0.0016,0.2813,0.0273,-5.7868,0.1514,-0.0038,0.0007,5.7838,13.7881,,,18.6,moving
2026-09-21T12:47:47.366+09:00,TEST_0003_TEST_P01,TEST_P01,SOFT_GRIP_ENTRY,,687.609375,60.400943756103516,486.97467041015625,178.5892333984375,-89.76029968261719,-179.95053100585938,-9.236,-2.5106,0.8833,0.4155,-0.0102,0.0017,-6.4394,0.1197,-0.0587,0.1612,-0.004,0.0007,-0.9235,-2.7365,-9.1676,0.4155,-0.0102,0.0017,0.0317,-0.0394,-6.44,0.1612,-0.004,0.0007,6.4394,14.3474,,,18.6,moving
2026-09-21T12:47:47.421+09:00,TEST_0003_TEST_P01,TEST_P01,SOFT_GRIP_ENTRY,,688.1435546875,60.38247299194336,486.9332580566406,178.58824157714844,-89.76374816894531,-179.94943237304688,-9.236,-2.5106,0.8833,0.4155,-0.0102,0.0017,-6.4394,0.1197,-0.0587,0.1612,-0.004,0.0007,-0.9235,-2.7365,-9.1676,0.4155,-0.0102,0.0017,0.0317,-0.0394,-6.44,0.1612,-0.004,0.0007,6.4394,14.8816,,,18.6,moving
2026-09-21T12:47:47.476+09:00,TEST_0003_TEST_P01,TEST_P01,SOFT_GRIP_ENTRY,,688.69482421875,60.36824035644531,486.9590148925781,178.58697509765625,-89.7618637084961,-179.9464111328125,-9.9996,-2.5314,1.1993,0.4181,-0.0103,0.0017,-7.203,0.0989,0.2573,0.1637,-0.0041,0.0008,-1.2434,-2.776,-9.9291,0.4181,-0.0103,0.0017,-0.2882,-0.0789,-7.2014,0.1637,-0.0041,0.0008,7.203,15.4329,,,18.6,moving
2026-09-21T12:47:47.531+09:00,TEST_0003_TEST_P01,TEST_P01,SOFT_GRIP_ENTRY,,689.2626342773438,60.38356399536133,487.0002136230469,178.5880584716797,-89.75846862792969,-179.95094299316406,-9.9996,-2.5314,1.1993,0.4181,-0.0103,0.0017,-7.203,0.0989,0.2573,0.1637,-0.0041,0.0008,-1.2434,-2.776,-9.9291,0.4181,-0.0103,0.0017,-0.2882,-0.0789,-7.2014,0.1637,-0.0041,0.0008,7.203,16.0007,,,18.6,moving
2026-09-21T12:47:47.586+09:00,TEST_0003_TEST_P01,TEST_P01,SOFT_GRIP_ENTRY,,689.79248046875,60.41358947753906,486.9460144042969,178.5908966064453,-89.76264190673828,-179.9524383544922,-10.664,-2.535,1.2164,0.4199,-0.0104,0.0018,-7.8675,0.0953,0.2744,0.1655,-0.0041,0.0008,-1.2632,-2.7959,-10.5931,0.4199,-0.0104,0.0018,-0.3081,-0.0988,-7.8655,0.1655,-0.0041,0.0008,7.8675,16.5305,,,18.6,moving
2026-09-21T12:47:47.643+09:00,TEST_0003_TEST_P01,TEST_P01,SOFT_GRIP_ENTRY,,690.3466186523438,60.43925857543945,486.9128112792969,178.59329223632812,-89.76547241210938,-179.94955444335938,-10.8247,-2.6408,1.4583,0.4131,-0.0102,0.0017,-8.0281,-0.0104,0.5163,0.1587,-0.0039,0.0007,-1.5049,-2.9044,-10.7505,0.4131,-0.0102,0.0017,-0.5497,-0.2073,-8.0229,0.1587,-0.0039,0.0007,8.0281,17.0847,,,18.6,moving
2026-09-21T12:47:47.698+09:00,TEST_0003_TEST_P01,TEST_P01,SOFT_GRIP_ENTRY,,690.9061889648438,60.444183349609375,486.92279052734375,178.59341430664062,-89.76458740234375,-179.9492645263672,-10.8247,-2.6408,1.4583,0.4131,-0.0102,0.0017,-8.0281,-0.0104,0.5163,0.1587,-0.0039,0.0007,-1.5049,-2.9044,-10.7505,0.4131,-0.0102,0.0017,-0.5497,-0.2073,-8.0229,0.1587,-0.0039,0.0007,8.0281,17.6442,,,18.8,moving
2026-09-21T12:47:47.754+09:00,TEST_0003_TEST_P01,TEST_P01,SOFT_GRIP_ENTRY,,691.46484375,60.410430908203125,486.9891052246094,178.59054565429688,-89.75887298583984,-179.95204162597656,-11.2443,-2.6687,1.4306,0.4118,-0.0101,0.0017,-8.4477,-0.0384,0.4886,0.1574,-0.0039,0.0007,-1.4802,-2.9431,-11.1691,0.4118,-0.0101,0.0017,-0.525,-0.246,-8.4414,0.1574,-0.0039,0.0007,8.4477,18.2029,,,18.8,moving
2026-09-21T12:47:47.809+09:00,TEST_0003_TEST_P01,TEST_P01,SOFT_GRIP_ENTRY,,692.014404296875,60.387413024902344,486.99078369140625,178.58865356445312,-89.75859069824219,-179.9481658935547,-11.2443,-2.6687,1.4306,0.4118,-0.0101,0.0017,-8.4477,-0.0384,0.4886,0.1574,-0.0039,0.0007,-1.4802,-2.9431,-11.1691,0.4118,-0.0101,0.0017,-0.525,-0.246,-8.4414,0.1574,-0.0039,0.0007,8.4477,18.7524,,,18.8,moving
2026-09-21T12:47:47.865+09:00,TEST_0003_TEST_P01,TEST_P01,SOFT_GRIP_ENTRY,,692.5719604492188,60.39438247680664,486.931396484375,178.58912658691406,-89.76349639892578,-179.9454345703125,-11.7184,-2.6635,1.4851,0.4059,-0.01,0.0017,-8.9219,-0.0332,0.5431,0.1515,-0.0038,0.0007,-1.5359,-2.9499,-11.643,0.4059,-0.01,0.0017,-0.5808,-0.2528,-8.9154,0.1515,-0.0038,0.0007,8.9219,19.31,,,18.8,moving
2026-09-21T12:47:47.920+09:00,TEST_0003_TEST_P01,TEST_P01,SOFT_GRIP_ENTRY,,693.1260986328125,60.4223518371582,486.97332763671875,178.5914764404297,-89.76026916503906,-179.94723510742188,-11.7184,-2.6635,1.4851,0.4059,-0.01,0.0017,-8.9219,-0.0332,0.5431,0.1515,-0.0038,0.0007,-1.5359,-2.9499,-11.643,0.4059,-0.01,0.0017,-0.5808,-0.2528,-8.9154,0.1515,-0.0038,0.0007,8.9219,19.8641,,,18.8,moving
2026-09-21T12:47:47.975+09:00,TEST_0003_TEST_P01,TEST_P01,SOFT_GRIP_ENTRY,,693.676025390625,60.44749450683594,486.98052978515625,178.59385681152344,-89.7595443725586,-179.95089721679688,-12.8572,-2.6838,1.6226,0.4063,-0.01,0.0017,-10.0606,-0.0535,0.6806,0.1519,-0.0038,0.0007,-1.6793,-2.9974,-12.7804,0.4063,-0.01,0.0017,-0.7241,-0.3003,-10.0527,0.1519,-0.0038,0.0007,10.0606,20.4141,,,18.8,moving
2026-09-21T12:47:48.030+09:00,TEST_0003_TEST_P01,TEST_P01,SOFT_GRIP_ENTRY,,694.2293090820312,60.448463439941406,486.9359130859375,178.59397888183594,-89.76315307617188,-179.94935607910156,-12.8572,-2.6838,1.6226,0.4063,-0.01,0.0017,-10.0606,-0.0535,0.6806,0.1519,-0.0038,0.0007,-1.6793,-2.9974,-12.7804,0.4063,-0.01,0.0017,-0.7241,-0.3003,-10.0527,0.1519,-0.0038,0.0007,10.0606,20.9673,,,18.8,moving
2026-09-21T12:47:48.085+09:00,TEST_0003_TEST_P01,TEST_P01,SOFT_GRIP_ENTRY,,694.7996215820312,60.42619323730469,486.9098815917969,178.5918731689453,-89.76531982421875,-179.94766235351562,-13.9476,-2.6136,2.0269,0.4062,-0.01,0.0017,-11.151,0.0168,1.0849,0.1518,-0.0037,0.0007,-2.0866,-2.9532,-13.8708,0.4062,-0.01,0.0017,-1.1314,-0.2562,-11.1431,0.1518,-0.0037,0.0007,11.151,21.5377,,,18.8,moving
2026-09-21T12:47:48.140+09:00,TEST_0003_TEST_P01,TEST_P01,SOFT_GRIP_ENTRY,,695.3602905273438,60.41356658935547,486.8797912597656,178.59075927734375,-89.76771545410156,-179.95164489746094,-13.9476,-2.6136,2.0269,0.4062,-0.01,0.0017,-11.151,0.0168,1.0849,0.1518,-0.0037,0.0007,-2.0866,-2.9532,-13.8708,0.4062,-0.01,0.0017,-1.1314,-0.2562,-11.1431,0.1518,-0.0037,0.0007,11.151,22.0983,,,18.8,moving
2026-09-21T12:47:48.195+09:00,TEST_0003_TEST_P01,TEST_P01,SOFT_GRIP_ENTRY,,695.9166870117188,60.426456451416016,486.89788818359375,178.59188842773438,-89.76612854003906,-179.95481872558594,-13.9746,-2.5121,2.1911,0.4097,-0.0101,0.0017,-11.178,0.1182,1.2491,0.1553,-0.0038,0.0007,-2.2499,-2.8532,-13.8996,0.4097,-0.0101,0.0017,-1.2947,-0.1561,-11.1719,0.1553,-0.0038,0.0007,11.178,22.6547,,,18.8,moving
2026-09-21T12:47:48.250+09:00,TEST_0003_TEST_P01,TEST_P01,SOFT_GRIP_ENTRY,,696.47314453125,60.44626998901367,486.8860778808594,178.59326171875,-89.76696014404297,-179.95187377929688,-14.0824,-2.6153,2.257,0.4116,-0.0101,0.0017,-11.2858,0.015,1.3151,0.1573,-0.0039,0.0007,-2.3168,-2.9583,-14.0046,0.4116,-0.0101,0.0017,-1.3617,-0.2613,-11.2769,0.1573,-0.0039,0.0007,11.2858,23.2112,,,18.8,moving
2026-09-21T12:47:48.306+09:00,TEST_0003_TEST_P01,TEST_P01,SOFT_GRIP_ENTRY,,697.0101318359375,60.45024871826172,486.8631286621094,178.593505859375,-89.76883697509766,-179.94821166992188,-14.0824,-2.6153,2.257,0.4116,-0.0101,0.0017,-11.2858,0.015,1.3151,0.1573,-0.0039,0.0007,-2.3168,-2.9583,-14.0046,0.4116,-0.0101,0.0017,-1.3617,-0.2613,-11.2769,0.1573,-0.0039,0.0007,11.2858,23.7482,,,18.8,moving
2026-09-21T12:47:48.361+09:00,TEST_0003_TEST_P01,TEST_P01,SOFT_GRIP_ENTRY,,697.4695434570312,60.425209045410156,486.8865661621094,178.59185791015625,-89.766845703125,-179.94839477539062,-13.9432,-2.5677,2.5662,0.4172,-0.0102,0.0017,-11.1466,0.0627,1.6242,0.1628,-0.004,0.0007,-2.6252,-2.9069,-13.8654,0.4172,-0.0102,0.0017,-1.67,-0.2099,-11.1377,0.1628,-0.004,0.0007,11.1466,24.2076,,,18.8,moving
2026-09-21T12:47:49.416+09:00,TEST_0003_TEST_P01,TEST_P01,SOFT_GRIP_ENTRY,SOFT_GRIP_STABILIZATION_END,698.181396484375,60.34763717651367,486.7463684082031,178.5858612060547,-89.77474212646484,-179.94815063476562,-5.3225,-2.9888,1.0908,0.4861,-0.012,0.0019,0.0,0.0,0.0,0.0,0.0,0.0,-1.1142,-3.1182,-5.2428,0.4861,-0.012,0.0019,0.0,0.0,0.0,0.0,0.0,0.0,,,,,18.6,moving
2026-09-21T12:47:49.470+09:00,TEST_0003_TEST_P01,TEST_P01,HARD_GRIP,HARD_GRIP_COMMAND,698.1800537109375,60.347999572753906,486.74932861328125,178.5858612060547,-89.77445220947266,-179.9484100341797,-5.1325,-3.032,1.1336,0.5137,-0.0127,0.002,0.0,0.0,0.0,0.0,0.0,0.0,-1.1564,-3.1567,-5.0516,0.5137,-0.0127,0.002,0.0,0.0,0.0,0.0,0.0,0.0,,,,,18.6,moving
2026-09-21T12:47:50.474+09:00,TEST_0003_TEST_P01,TEST_P01,HARD_GRIP,HARD_GRIP_STABILIZATION_END,698.1069946289062,60.361595153808594,486.8902587890625,178.5877685546875,-89.7630844116211,-179.94976806640625,-4.1493,-2.8842,0.2587,0.5985,-0.0148,0.0025,0.0,0.0,0.0,0.0,0.0,0.0,-0.2782,-2.9854,-4.0758,0.5985,-0.0148,0.0025,0.0,0.0,0.0,0.0,0.0,0.0,,,,,18.6,moving
2026-09-21T12:47:50.508+09:00,TEST_0003_TEST_P01,TEST_P01,PULL_TEST,,698.1063232421875,60.362693786621094,486.8914794921875,178.58786010742188,-89.76298522949219,-179.9497528076172,-4.1493,-2.8842,0.2587,0.5985,-0.0148,0.0025,0.0,0.0,0.0,0.0,0.0,0.0,-0.2782,-2.9854,-4.0758,0.5985,-0.0148,0.0025,0.0,0.0,0.0,0.0,0.0,0.0,,,0.0,0.0007,18.6,moving
2026-09-21T12:47:50.565+09:00,TEST_0003_TEST_P01,TEST_P01,PULL_TEST,,698.1018676757812,60.364376068115234,486.8999938964844,178.5880584716797,-89.76229858398438,-179.94976806640625,-4.1187,-2.9736,0.2022,0.6004,-0.0148,0.0025,0.0306,-0.0893,-0.0565,0.0018,-0.0,0.0,-0.2216,-3.074,-4.0433,0.6004,-0.0148,0.0025,0.0566,-0.0886,0.0326,0.0018,-0.0,0.0,,,0.0306,0.0051,18.6,moving
2026-09-21T12:47:50.621+09:00,TEST_0003_TEST_P01,TEST_P01,PULL_TEST,,698.0423583984375,60.3650016784668,487.0083923339844,178.58868408203125,-89.75350952148438,-179.94764709472656,-4.1187,-2.9736,0.2022,0.6004,-0.0148,0.0025,0.0306,-0.0893,-0.0565,0.0018,-0.0,0.0,-0.2216,-3.074,-4.0433,0.6004,-0.0148,0.0025,0.0566,-0.0886,0.0326,0.0018,-0.0,0.0,,,0.0306,0.0646,18.6,moving
2026-09-21T12:47:50.676+09:00,TEST_0003_TEST_P01,TEST_P01,PULL_TEST,,697.8786010742188,60.359107971191406,487.1958923339844,178.5881805419922,-89.73816680908203,-179.93988037109375,-3.2859,-3.0433,-0.0367,0.595,-0.0147,0.0025,0.8634,-0.1591,-0.2954,-0.0035,0.0001,0.0001,0.0196,-3.1234,-3.2101,0.595,-0.0147,0.0025,0.2977,-0.138,0.8657,-0.0035,0.0001,0.0001,,,0.8634,0.2284,18.6,moving
2026-09-21T12:47:50.731+09:00,TEST_0003_TEST_P01,TEST_P01,PULL_TEST,,697.5894775390625,60.350032806396484,487.29443359375,178.5866241455078,-89.72907257080078,-179.93856811523438,-3.2859,-3.0433,-0.0367,0.595,-0.0147,0.0025,0.8634,-0.1591,-0.2954,-0.0035,0.0001,0.0001,0.0196,-3.1234,-3.2101,0.595,-0.0147,0.0025,0.2977,-0.138,0.8657,-0.0035,0.0001,0.0001,,,0.8634,0.5175,18.6,moving
2026-09-21T12:47:50.786+09:00,TEST_0003_TEST_P01,TEST_P01,PULL_TEST,,697.1159057617188,60.33443832397461,487.3563232421875,178.58580017089844,-89.72331237792969,-179.93692016601562,-2.1717,-3.1703,-0.9636,0.5809,-0.0143,0.0027,1.9776,-0.2861,-1.2223,-0.0176,0.0004,0.0002,0.9501,-3.224,-2.0974,0.5809,-0.0143,0.0027,1.2282,-0.2386,1.9785,-0.0176,0.0004,0.0002,,,1.9776,0.9911,18.6,moving
2026-09-21T12:47:50.845+09:00,TEST_0003_TEST_P01,TEST_P01,PULL_TEST,,696.5314331054688,60.33989334106445,487.2627868652344,178.58653259277344,-89.7302474975586,-179.93748474121094,-1.9545,-3.2424,-1.4232,0.631,-0.0156,0.003,2.1948,-0.3582,-1.6819,0.0325,-0.0008,0.0005,1.4108,-3.2912,-1.8806,0.631,-0.0156,0.003,1.6889,-0.3058,2.1952,0.0325,-0.0008,0.0005,,,2.1948,1.5756,18.6,moving
2026-09-21T12:47:50.901+09:00,TEST_0003_TEST_P01,TEST_P01,PULL_TEST,,695.969970703125,60.34436798095703,487.207275390625,178.5867919921875,-89.73394012451172,-179.94007873535156,-1.9545,-3.2424,-1.4232,0.631,-0.0156,0.003,2.1948,-0.3582,-1.6819,0.0325,-0.0008,0.0005,1.4108,-3.2912,-1.8806,0.631,-0.0156,0.003,1.6889,-0.3058,2.1952,0.0325,-0.0008,0.0005,,,2.1948,2.137,18.6,moving
2026-09-21T12:47:50.958+09:00,TEST_0003_TEST_P01,TEST_P01,PULL_TEST,,695.3693237304688,60.3186149597168,487.20208740234375,178.58482360839844,-89.73393249511719,-179.9441680908203,-2.1749,-3.2303,-0.9204,0.7176,-0.0177,0.0033,1.9744,-0.346,-1.1791,0.1191,-0.0029,0.0009,0.9076,-3.2839,-2.0987,0.7176,-0.0177,0.0033,1.1857,-0.2985,1.9772,0.1191,-0.0029,0.0009,,,1.9744,2.7377,18.6,moving
2026-09-21T12:47:51.015+09:00,TEST_0003_TEST_P01,TEST_P01,PULL_TEST,,694.7833251953125,60.29103469848633,487.1587829589844,178.58273315429688,-89.73733520507812,-179.9439239501953,-2.1749,-3.2303,-0.9204,0.7176,-0.0177,0.0033,1.9744,-0.346,-1.1791,0.1191,-0.0029,0.0009,0.9076,-3.2839,-2.0987,0.7176,-0.0177,0.0033,1.1857,-0.2985,1.9772,0.1191,-0.0029,0.0009,,,1.9744,3.3237,18.6,moving
2026-09-21T12:47:51.072+09:00,TEST_0003_TEST_P01,TEST_P01,PULL_TEST,,694.2054443359375,60.291046142578125,487.0624694824219,178.582763671875,-89.7451400756836,-179.9412841796875,-1.9319,-3.4589,-0.984,0.7708,-0.0191,0.0035,2.2174,-0.5746,-1.2427,0.1723,-0.0043,0.0011,0.9721,-3.5066,-1.8501,0.7708,-0.0191,0.0035,1.2502,-0.5212,2.2257,0.1723,-0.0043,0.0011,,,2.2174,3.9016,18.6,moving
2026-09-21T12:47:51.128+09:00,TEST_0003_TEST_P01,TEST_P01,PULL_TEST,,693.6185302734375,60.31352615356445,487.044921875,178.58511352539062,-89.74641418457031,-179.9416046142578,-1.9319,-3.4589,-0.984,0.7708,-0.0191,0.0035,2.2174,-0.5746,-1.2427,0.1723,-0.0043,0.0011,0.9721,-3.5066,-1.8501,0.7708,-0.0191,0.0035,1.2502,-0.5212,2.2257,0.1723,-0.0043,0.0011,,,2.2174,4.4885,18.6,moving
2026-09-21T12:47:51.183+09:00,TEST_0003_TEST_P01,TEST_P01,PULL_TEST,,693.0420532226562,60.343997955322266,487.1536865234375,178.58792114257812,-89.7376937866211,-179.94357299804688,-1.6913,-3.3818,-0.6248,0.7966,-0.0197,0.0036,2.458,-0.4975,-0.8835,0.198,-0.0049,0.0011,0.6142,-3.4231,-1.6101,0.7966,-0.0197,0.0036,0.8924,-0.4377,2.4658,0.198,-0.0049,0.0011,,,2.458,5.0649,18.6,moving
2026-09-21T12:47:51.241+09:00,TEST_0003_TEST_P01,TEST_P01,PULL_TEST,,692.4884643554688,60.33916473388672,487.05877685546875,178.58721923828125,-89.74549102783203,-179.94546508789062,-1.857,-3.2273,-0.4494,0.8156,-0.0201,0.0037,2.2923,-0.3431,-0.7081,0.2171,-0.0054,0.0012,0.4385,-3.2726,-1.7788,0.8156,-0.0201,0.0037,0.7166,-0.2872,2.297,0.2171,-0.0054,0.0012,,,2.2923,5.6185,18.6,moving
2026-09-21T12:47:51.297+09:00,TEST_0003_TEST_P01,TEST_P01,PULL_TEST,,691.9127807617188,60.31211853027344,486.9766845703125,178.58526611328125,-89.75231170654297,-179.9444580078125,-1.857,-3.2273,-0.4494,0.8156,-0.0201,0.0037,2.2923,-0.3431,-0.7081,0.2171,-0.0054,0.0012,0.4385,-3.2726,-1.7788,0.8156,-0.0201,0.0037,0.7166,-0.2872,2.297,0.2171,-0.0054,0.0012,,,2.2923,6.1942,18.6,moving
2026-09-21T12:47:51.356+09:00,TEST_0003_TEST_P01,TEST_P01,PULL_TEST,,691.3093872070312,60.30519485473633,487.0082702636719,178.58534240722656,-89.74958038330078,-179.94664001464844,-1.4843,-3.055,-0.0827,0.8274,-0.0204,0.0036,2.665,-0.1708,-0.3414,0.2289,-0.0057,0.0011,0.0737,-3.0908,-1.4088,0.8274,-0.0204,0.0036,0.3519,-0.1054,2.6671,0.2289,-0.0057,0.0011,,,2.665,6.7976,18.6,moving
2026-09-21T12:47:51.413+09:00,TEST_0003_TEST_P01,TEST_P01,PULL_TEST,,690.7437744140625,60.31828689575195,486.9273681640625,178.58602905273438,-89.75606536865234,-179.95143127441406,-1.4843,-3.055,-0.0827,0.8274,-0.0204,0.0036,2.665,-0.1708,-0.3414,0.2289,-0.0057,0.0011,0.0737,-3.0908,-1.4088,0.8274,-0.0204,0.0036,0.3519,-0.1054,2.6671,0.2289,-0.0057,0.0011,,,2.665,7.3632,18.6,moving
2026-09-21T12:47:51.470+09:00,TEST_0003_TEST_P01,TEST_P01,PULL_TEST,,690.1895751953125,60.346195220947266,486.8813781738281,178.5880126953125,-89.75972747802734,-179.95089721679688,-1.4758,-3.018,0.0296,0.8481,-0.0209,0.0037,2.6735,-0.1338,-0.229,0.2495,-0.0062,0.0012,-0.0382,-3.0534,-1.4008,0.8481,-0.0209,0.0037,0.24,-0.0681,2.6751,0.2495,-0.0062,0.0012,,,2.6735,7.9174,18.6,moving
2026-09-21T12:47:51.526+09:00,TEST_0003_TEST_P01,TEST_P01,PULL_TEST,,689.6148071289062,60.35554504394531,486.8922424316406,178.58889770507812,-89.75848388671875,-179.94747924804688,-1.4758,-3.018,0.0296,0.8481,-0.0209,0.0037,2.6735,-0.1338,-0.229,0.2495,-0.0062,0.0012,-0.0382,-3.0534,-1.4008,0.8481,-0.0209,0.0037,0.24,-0.0681,2.6751,0.2495,-0.0062,0.0012,,,2.6735,8.4922,18.6,moving
2026-09-21T12:47:51.581+09:00,TEST_0003_TEST_P01,TEST_P01,PULL_TEST,,689.0714111328125,60.341644287109375,486.9152526855469,178.5876007080078,-89.7565689086914,-179.9495849609375,-1.354,-3.0458,0.3392,0.8602,-0.0212,0.0036,2.7953,-0.1616,0.0805,0.2617,-0.0064,0.0012,-0.3474,-3.0779,-1.2772,0.8602,-0.0212,0.0036,-0.0692,-0.0925,2.7987,0.2617,-0.0064,0.0012,,,2.7953,9.0356,18.4,moving
2026-09-21T12:47:51.637+09:00,TEST_0003_TEST_P01,TEST_P01,PULL_TEST,,688.5369873046875,60.316158294677734,486.8396911621094,178.58518981933594,-89.76275634765625,-179.95213317871094,-1.354,-3.0458,0.3392,0.8602,-0.0212,0.0036,2.7953,-0.1616,0.0805,0.2617,-0.0064,0.0012,-0.3474,-3.0779,-1.2772,0.8602,-0.0212,0.0036,-0.0692,-0.0925,2.7987,0.2617,-0.0064,0.0012,,,2.7953,9.57,18.4,moving
2026-09-21T12:47:51.693+09:00,TEST_0003_TEST_P01,TEST_P01,PULL_TEST,,687.9387817382812,60.3001594543457,486.8322448730469,178.58428955078125,-89.76344299316406,-179.94869995117188,-0.9765,-2.9261,0.2045,0.8714,-0.0215,0.0037,3.1727,-0.0418,-0.0542,0.2729,-0.0067,0.0012,-0.2107,-2.9491,-0.9031,0.8714,-0.0215,0.0037,0.0675,0.0363,3.1727,0.2729,-0.0067,0.0012,,,3.1727,10.1682,18.6,moving
2026-09-21T12:47:51.748+09:00,TEST_0003_TEST_P01,TEST_P01,PULL_TEST,,687.3978271484375,60.318931579589844,486.8609313964844,178.5859832763672,-89.76094055175781,-179.9470977783203,-0.9472,-2.9363,0.1257,0.8752,-0.0216,0.0037,3.2021,-0.0521,-0.1329,0.2767,-0.0069,0.0012,-0.1322,-2.9587,-0.8739,0.8752,-0.0216,0.0037,0.146,0.0267,3.2019,0.2767,-0.0069,0.0012,,,3.2021,10.7092,18.6,moving
2026-09-21T12:47:51.806+09:00,TEST_0003_TEST_P01,TEST_P01,PULL_TEST,,686.8436279296875,60.35251235961914,486.8719177246094,178.58851623535156,-89.76006317138672,-179.94985961914062,-0.9472,-2.9363,0.1257,0.8752,-0.0216,0.0037,3.2021,-0.0521,-0.1329,0.2767,-0.0069,0.0012,-0.1322,-2.9587,-0.8739,0.8752,-0.0216,0.0037,0.146,0.0267,3.2019,0.2767,-0.0069,0.0012,,,3.2021,11.2634,18.6,moving
2026-09-21T12:47:51.862+09:00,TEST_0003_TEST_P01,TEST_P01,PULL_TEST,,686.2583618164062,60.358097076416016,486.8557434082031,178.58938598632812,-89.76165008544922,-179.94740295410156,-0.4538,-2.6565,0.1265,0.8828,-0.0218,0.0037,3.6955,0.2277,-0.1322,0.2843,-0.007,0.0012,-0.1305,-2.6668,-0.3877,0.8828,-0.0218,0.0037,0.1477,0.3186,3.6881,0.2843,-0.007,0.0012,,,3.6955,11.8486,18.4,moving
2026-09-21T12:47:51.918+09:00,TEST_0003_TEST_P01,TEST_P01,PULL_TEST,,685.6825561523438,60.342464447021484,486.8067626953125,178.58853149414062,-89.76546478271484,-179.94517517089844,-0.4538,-2.6565,0.1265,0.8828,-0.0218,0.0037,3.6955,0.2277,-0.1322,0.2843,-0.007,0.0012,-0.1305,-2.6668,-0.3877,0.8828,-0.0218,0.0037,0.1477,0.3186,3.6881,0.2843,-0.007,0.0012,,,3.6955,12.4244,18.4,moving
2026-09-21T12:47:51.975+09:00,TEST_0003_TEST_P01,TEST_P01,PULL_TEST,,685.1211547851562,60.344078063964844,486.8042297363281,178.58863830566406,-89.765625,-179.94944763183594,-0.2964,-2.5066,-0.2448,0.8846,-0.0218,0.0036,3.8529,0.3777,-0.5035,0.286,-0.007,0.0012,0.2415,-2.5134,-0.2356,0.8846,-0.0218,0.0036,0.5196,0.472,3.8403,0.286,-0.007,0.0012,,,3.8529,12.9858,18.4,moving
2026-09-21T12:47:52.030+09:00,TEST_0003_TEST_P01,TEST_P01,PULL_TEST,,684.5670776367188,60.3626594543457,486.9061279296875,178.58985900878906,-89.75725555419922,-179.95172119140625,-0.2964,-2.5066,-0.2448,0.8846,-0.0218,0.0036,3.8529,0.3777,-0.5035,0.286,-0.007,0.0012,0.2415,-2.5134,-0.2356,0.8846,-0.0218,0.0036,0.5196,0.472,3.8403,0.286,-0.007,0.0012,,,3.8529,13.5399,18.4,moving
2026-09-21T12:47:52.087+09:00,TEST_0003_TEST_P01,TEST_P01,PULL_TEST,,683.9906005859375,60.39152526855469,486.8804931640625,178.5923309326172,-89.75914001464844,-179.9510498046875,-0.1266,-2.3846,-0.4027,0.8853,-0.0218,0.0037,4.0227,0.4997,-0.6613,0.2868,-0.007,0.0012,0.4003,-2.3873,-0.0696,0.8853,-0.0218,0.0037,0.6785,0.5981,4.0063,0.2868,-0.007,0.0012,,,4.0227,14.1164,18.4,moving
2026-09-21T12:47:52.143+09:00,TEST_0003_TEST_P01,TEST_P01,PULL_TEST,,683.4273071289062,60.394859313964844,486.8480224609375,178.59263610839844,-89.76152038574219,-179.95269775390625,-0.3024,-2.1591,-0.3322,0.8927,-0.0219,0.0037,3.8469,0.7252,-0.5909,0.2942,-0.0072,0.0013,0.3293,-2.1661,-0.2507,0.8927,-0.0219,0.0037,0.6075,0.8193,3.8252,0.2942,-0.0072,0.0013,,,3.8469,14.6797,18.6,moving
2026-09-21T12:47:52.198+09:00,TEST_0003_TEST_P01,TEST_P01,PULL_TEST,,682.87255859375,60.372703552246094,486.86749267578125,178.59068298339844,-89.75999450683594,-179.9540557861328,-0.3024,-2.1591,-0.3322,0.8927,-0.0219,0.0037,3.8469,0.7252,-0.5909,0.2942,-0.0072,0.0013,0.3293,-2.1661,-0.2507,0.8927,-0.0219,0.0037,0.6075,0.8193,3.8252,0.2942,-0.0072,0.0013,,,3.8469,15.2344,18.4,moving
2026-09-21T12:47:52.256+09:00,TEST_0003_TEST_P01,TEST_P01,PULL_TEST,,682.29833984375,60.348453521728516,486.9324645996094,178.58880615234375,-89.7545166015625,-179.9484405517578,0.0057,-2.1337,-0.7286,0.8968,-0.0221,0.0038,4.155,0.7506,-0.9873,0.2983,-0.0073,0.0013,0.727,-2.1335,0.0551,0.8968,-0.0221,0.0038,1.0051,0.8519,4.1309,0.2983,-0.0073,0.0013,,,4.155,15.8087,18.4,moving
2026-09-21T12:47:52.313+09:00,TEST_0003_TEST_P01,TEST_P01,PULL_TEST,,681.730224609375,60.35292434692383,486.9077453613281,178.5891876220703,-89.75641632080078,-179.94520568847656,0.0057,-2.1337,-0.7286,0.8968,-0.0221,0.0038,4.155,0.7506,-0.9873,0.2983,-0.0073,0.0013,0.727,-2.1335,0.0551,0.8968,-0.0221,0.0038,1.0051,0.8519,4.1309,0.2983,-0.0073,0.0013,,,4.155,16.3768,18.4,moving
2026-09-21T12:47:52.368+09:00,TEST_0003_TEST_P01,TEST_P01,PULL_TEST,,681.1738891601562,60.36849594116211,486.8119812011719,178.59030151367188,-89.76447296142578,-179.94981384277344,0.1537,-2.2423,-0.5638,0.8982,-0.0221,0.0038,4.303,0.6419,-0.8225,0.2996,-0.0074,0.0013,0.5627,-2.2384,0.2065,0.8982,-0.0221,0.0038,0.8408,0.747,4.2823,0.2996,-0.0074,0.0013,,,4.303,16.9331,18.4,moving
2026-09-21T12:47:52.426+09:00,TEST_0003_TEST_P01,TEST_P01,PULL_TEST,,680.5995483398438,60.371456146240234,486.81427001953125,178.59083557128906,-89.76424407958984,-179.95037841796875,0.1537,-2.2423,-0.5638,0.8982,-0.0221,0.0038,4.303,0.6419,-0.8225,0.2996,-0.0074,0.0013,0.5627,-2.2384,0.2065,0.8982,-0.0221,0.0038,0.8408,0.747,4.2823,0.2996,-0.0074,0.0013,,,4.303,17.5074,18.4,moving
2026-09-21T12:47:52.482+09:00,TEST_0003_TEST_P01,TEST_P01,PULL_TEST,,680.0567626953125,60.341835021972656,486.9124755859375,178.5885467529297,-89.75631713867188,-179.94749450683594,0.1291,-2.4811,-0.646,0.9108,-0.0224,0.0038,4.2784,0.4031,-0.9047,0.3122,-0.0077,0.0013,0.6446,-2.4778,0.1874,0.9108,-0.0224,0.0038,0.9228,0.5076,4.2632,0.3122,-0.0077,0.0013,,,4.2784,18.0502,18.4,moving
2026-09-21T12:47:52.538+09:00,TEST_0003_TEST_P01,TEST_P01,PULL_TEST,,679.5062255859375,60.304107666015625,486.8658142089844,178.5852508544922,-89.76029968261719,-179.94976806640625,0.1291,-2.4811,-0.646,0.9108,-0.0224,0.0038,4.2784,0.4031,-0.9047,0.3122,-0.0077,0.0013,0.6446,-2.4778,0.1874,0.9108,-0.0224,0.0038,0.9228,0.5076,4.2632,0.3122,-0.0077,0.0013,,,4.2784,18.6008,18.4,moving
2026-09-21T12:47:52.595+09:00,TEST_0003_TEST_P01,TEST_P01,PULL_TEST,,678.9296264648438,60.28211975097656,486.8146057128906,178.5836181640625,-89.76441192626953,-179.9497528076172,0.7094,-2.8159,-0.897,0.9084,-0.0224,0.0038,4.8586,0.0684,-1.1557,0.3099,-0.0076,0.0013,0.8978,-2.7983,0.7749,0.9084,-0.0224,0.0038,1.176,0.1871,4.8508,0.3099,-0.0076,0.0013,,,4.8586,19.1774,18.4,moving
2026-09-21T12:47:52.652+09:00,TEST_0003_TEST_P01,TEST_P01,PULL_TEST,,678.3504028320312,60.28950881958008,486.8193054199219,178.58407592773438,-89.76374816894531,-179.94793701171875,0.6393,-2.8481,-0.7769,0.9107,-0.0225,0.0038,4.7886,0.0361,-1.0355,0.3122,-0.0077,0.0013,0.7772,-2.8321,0.7063,0.9107,-0.0225,0.0038,1.0554,0.1532,4.7821,0.3122,-0.0077,0.0013,,,4.7886,19.7566,18.4,moving
2026-09-21T12:47:52.712+09:00,TEST_0003_TEST_P01,TEST_P01,PULL_TEST,,677.7891235351562,60.31827926635742,486.8060302734375,178.5859375,-89.76482391357422,-179.95252990722656,0.6393,-2.8481,-0.7769,0.9107,-0.0225,0.0038,4.7886,0.0361,-1.0355,0.3122,-0.0077,0.0013,0.7772,-2.8321,0.7063,0.9107,-0.0225,0.0038,1.0554,0.1532,4.7821,0.3122,-0.0077,0.0013,,,4.7886,20.3179,18.4,moving
2026-09-21T12:47:52.768+09:00,TEST_0003_TEST_P01,TEST_P01,PULL_TEST,,677.2006225585938,60.32239532470703,486.81451416015625,178.58656311035156,-89.76390838623047,-179.9525146484375,0.9953,-3.0982,-0.7623,0.914,-0.0226,0.0037,5.1446,-0.2139,-1.021,0.3155,-0.0078,0.0013,0.7642,-3.0733,1.0683,0.914,-0.0226,0.0037,1.0423,-0.0879,5.1441,0.3155,-0.0078,0.0013,,,5.1446,20.9064,18.4,moving
2026-09-21T12:47:52.824+09:00,TEST_0003_TEST_P01,TEST_P01,PULL_TEST,,676.6407470703125,60.29813766479492,486.8103332519531,178.58453369140625,-89.7641372680664,-179.95062255859375,0.9953,-3.0982,-0.7623,0.914,-0.0226,0.0037,5.1446,-0.2139,-1.021,0.3155,-0.0078,0.0013,0.7642,-3.0733,1.0683,0.914,-0.0226,0.0037,1.0423,-0.0879,5.1441,0.3155,-0.0078,0.0013,,,5.1446,21.4662,18.4,moving
2026-09-21T12:47:52.879+09:00,TEST_0003_TEST_P01,TEST_P01,PULL_TEST,,676.0949096679688,60.29031753540039,486.8065490722656,178.58348083496094,-89.76444244384766,-179.9517059326172,0.9429,-3.2106,-0.8195,0.9214,-0.0228,0.0038,5.0922,-0.3263,-1.0781,0.3229,-0.008,0.0013,0.821,-3.187,1.0186,0.9214,-0.0228,0.0038,1.0991,-0.2016,5.0944,0.3229,-0.008,0.0013,,,5.0922,22.0121,18.6,moving
2026-09-21T12:47:52.937+09:00,TEST_0003_TEST_P01,TEST_P01,PULL_TEST,,675.5328979492188,60.31269836425781,486.82257080078125,178.58544921875,-89.76299285888672,-179.9484100341797,0.9429,-3.2106,-0.8195,0.9214,-0.0228,0.0038,5.0922,-0.3263,-1.0781,0.3229,-0.008,0.0013,0.821,-3.187,1.0186,0.9214,-0.0228,0.0038,1.0991,-0.2016,5.0944,0.3229,-0.008,0.0013,,,5.0922,22.5741,18.6,moving
2026-09-21T12:47:52.993+09:00,TEST_0003_TEST_P01,TEST_P01,PULL_TEST,,674.96484375,60.34836196899414,486.7696838378906,178.58892822265625,-89.76779174804688,-179.94668579101562,1.097,-3.3576,-0.7899,0.9279,-0.0229,0.0038,5.2463,-0.4733,-1.0486,0.3294,-0.0082,0.0014,0.7917,-3.3302,1.1762,0.9279,-0.0229,0.0038,1.0699,-0.3448,5.2521,0.3294,-0.0082,0.0014,,,5.2463,23.1422,18.6,moving
2026-09-21T12:47:53.049+09:00,TEST_0003_TEST_P01,TEST_P01,PULL_TEST,,674.4122924804688,60.347877502441406,486.7354736328125,178.58877563476562,-89.77076721191406,-179.9517822265625,1.2662,-2.8983,-1.5301,0.9346,-0.023,0.0038,5.4155,-0.014,-1.7888,0.3361,-0.0083,0.0013,1.533,-2.8675,1.3311,0.9346,-0.023,0.0038,1.8112,0.1179,5.4069,0.3361,-0.0083,0.0013,,,5.4155,23.6947,18.6,moving
2026-09-21T12:47:53.105+09:00,TEST_0003_TEST_P01,TEST_P01,PULL_TEST,,673.86279296875,60.32376480102539,486.7362365722656,178.58692932128906,-89.77047729492188,-179.95298767089844,1.2662,-2.8983,-1.5301,0.9346,-0.023,0.0038,5.4155,-0.014,-1.7888,0.3361,-0.0083,0.0013,1.533,-2.8675,1.3311,0.9346,-0.023,0.0038,1.8112,0.1179,5.4069,0.3361,-0.0083,0.0013,,,5.4155,24.2442,18.4,moving
2026-09-21T12:47:53.161+09:00,TEST_0003_TEST_P01,TEST_P01,PULL_TEST,,673.2816162109375,60.30663299560547,486.7568359375,178.58563232421875,-89.76871490478516,-179.9546356201172,1.7616,-2.5528,-1.7607,0.9268,-0.0229,0.0037,5.9109,0.3314,-2.0194,0.3282,-0.0081,0.0013,1.766,-2.51,1.8169,0.9268,-0.0229,0.0037,2.0442,0.4754,5.8927,0.3282,-0.0081,0.0013,,,5.9109,24.8254,18.4,moving
2026-09-21T12:47:53.219+09:00,TEST_0003_TEST_P01,TEST_P01,PULL_TEST,,672.6947021484375,60.32126998901367,486.7991027832031,178.5872344970703,-89.76507568359375,-179.95277404785156,1.7616,-2.5528,-1.7607,0.9268,-0.0229,0.0037,5.9109,0.3314,-2.0194,0.3282,-0.0081,0.0013,1.766,-2.51,1.8169,0.9268,-0.0229,0.0037,2.0442,0.4754,5.8927,0.3282,-0.0081,0.0013,,,5.9109,25.4123,18.4,moving
2026-09-21T12:47:53.274+09:00,TEST_0003_TEST_P01,TEST_P01,PULL_TEST,,672.1386108398438,60.34777069091797,486.7521667480469,178.58924865722656,-89.76884460449219,-179.94772338867188,1.8271,-2.4438,-1.6191,0.9116,-0.0225,0.0037,5.9764,0.4405,-1.8778,0.3131,-0.0077,0.0012,1.6246,-2.3994,1.8802,0.9116,-0.0225,0.0037,1.9028,0.586,5.956,0.3131,-0.0077,0.0012,,,5.9764,25.9684,18.4,moving
2026-09-21T12:47:53.331+09:00,TEST_0003_TEST_P01,TEST_P01,PULL_TEST,,671.5675659179688,60.3354377746582,486.80169677734375,178.58810424804688,-89.7647705078125,-179.9501953125,1.8271,-2.4438,-1.6191,0.9116,-0.0225,0.0037,5.9764,0.4405,-1.8778,0.3131,-0.0077,0.0012,1.6246,-2.3994,1.8802,0.9116,-0.0225,0.0037,1.9028,0.586,5.956,0.3131,-0.0077,0.0012,,,5.9764,26.5394,18.4,moving
2026-09-21T12:47:53.386+09:00,TEST_0003_TEST_P01,TEST_P01,PULL_TEST,,670.9929809570312,60.30526351928711,486.9057312011719,178.58583068847656,-89.75581359863281,-179.9499053955078,2.2904,-2.3582,-1.637,0.9059,-0.0223,0.0037,6.4397,0.526,-1.8957,0.3074,-0.0076,0.0012,1.6447,-2.3025,2.341,0.9059,-0.0223,0.0037,1.9229,0.6829,6.4168,0.3074,-0.0076,0.0012,,,6.4397,27.114,18.4,moving
2026-09-21T12:47:53.443+09:00,TEST_0003_TEST_P01,TEST_P01,PULL_TEST,,670.4425659179688,60.289512634277344,486.8419494628906,178.5841827392578,-89.76118469238281,-179.94882202148438,2.259,-2.3771,-1.4868,0.8976,-0.0222,0.0038,6.4083,0.5072,-1.7454,0.2991,-0.0074,0.0013,1.4943,-2.3219,2.3108,0.8976,-0.0222,0.0038,1.7725,0.6635,6.3866,0.2991,-0.0074,0.0013,,,6.4083,27.6644,18.4,moving
2026-09-21T12:47:53.501+09:00,TEST_0003_TEST_P01,TEST_P01,PULL_TEST,,669.8732299804688,60.30021286010742,486.84930419921875,178.58506774902344,-89.76052856445312,-179.95169067382812,2.259,-2.3771,-1.4868,0.8976,-0.0222,0.0038,6.4083,0.5072,-1.7454,0.2991,-0.0074,0.0013,1.4943,-2.3219,2.3108,0.8976,-0.0222,0.0038,1.7725,0.6635,6.3866,0.2991,-0.0074,0.0013,,,6.4083,28.2338,18.4,moving
2026-09-21T12:47:53.558+09:00,TEST_0003_TEST_P01,TEST_P01,PULL_TEST,,669.2825927734375,60.32941818237305,486.886474609375,178.58799743652344,-89.75736236572266,-179.94688415527344,2.4981,-2.3681,-1.4184,0.8927,-0.022,0.0037,6.6474,0.5161,-1.6771,0.2942,-0.0073,0.0013,1.4271,-2.3071,2.5497,0.8927,-0.022,0.0037,1.7053,0.6783,6.6255,0.2942,-0.0073,0.0013,,,6.6474,28.8244,18.4,moving
2026-09-21T12:47:53.613+09:00,TEST_0003_TEST_P01,TEST_P01,PULL_TEST,,668.7442016601562,60.33357238769531,486.8677062988281,178.588134765625,-89.75916290283203,-179.9517822265625,2.4981,-2.3681,-1.4184,0.8927,-0.022,0.0037,6.6474,0.5161,-1.6771,0.2942,-0.0073,0.0013,1.4271,-2.3071,2.5497,0.8927,-0.022,0.0037,1.7053,0.6783,6.6255,0.2942,-0.0073,0.0013,,,6.6474,29.3628,18.4,moving
2026-09-21T12:47:53.669+09:00,TEST_0003_TEST_P01,TEST_P01,PULL_TEST,,668.2069091796875,60.32734298706055,486.864990234375,178.58773803710938,-89.75930786132812,-179.953369140625,2.7383,-2.4008,-1.5696,0.8918,-0.022,0.0037,6.8876,0.4834,-1.8283,0.2933,-0.0072,0.0013,1.5794,-2.3339,2.7901,0.8918,-0.022,0.0037,1.8576,0.6515,6.8659,0.2933,-0.0072,0.0013,,,6.8876,29.9001,18.4,moving
2026-09-21T12:47:53.725+09:00,TEST_0003_TEST_P01,TEST_P01,PULL_TEST,,667.63134765625,60.32394790649414,486.80596923828125,178.58766174316406,-89.76433563232422,-179.9503631591797,2.7383,-2.4008,-1.5696,0.8918,-0.022,0.0037,6.8876,0.4834,-1.8283,0.2933,-0.0072,0.0013,1.5794,-2.3339,2.7901,0.8918,-0.022,0.0037,1.8576,0.6515,6.8659,0.2933,-0.0072,0.0013,,,6.8876,30.4756,18.4,moving
2026-09-21T12:47:53.782+09:00,TEST_0003_TEST_P01,TEST_P01,PULL_TEST,,667.076416015625,60.35861587524414,486.7845153808594,178.59043884277344,-89.76612091064453,-179.95175170898438,2.7877,-2.3913,-1.6261,0.8866,-0.0219,0.0037,6.937,0.493,-1.8848,0.288,-0.0071,0.0012,1.6359,-2.3232,2.8391,0.8866,-0.0219,0.0037,1.914,0.6621,6.9149,0.288,-0.0071,0.0012,,,6.937,31.0306,18.4,moving
2026-09-21T12:47:53.838+09:00,TEST_0003_TEST_P01,TEST_P01,PULL_TEST,,666.53173828125,60.387718200683594,486.8645324707031,178.59283447265625,-89.7595443725586,-179.94407653808594,2.7877,-2.3913,-1.6261,0.8866,-0.0219,0.0037,6.937,0.493,-1.8848,0.288,-0.0071,0.0012,1.6359,-2.3232,2.8391,0.8866,-0.0219,0.0037,1.914,0.6621,6.9149,0.288,-0.0071,0.0012,,,6.937,31.5753,18.4,moving
2026-09-21T12:47:53.895+09:00,TEST_0003_TEST_P01,TEST_P01,PULL_TEST,,665.940185546875,60.36590576171875,486.8615417480469,178.59097290039062,-89.75959014892578,-179.94664001464844,3.3716,-2.3821,-1.8182,0.8824,-0.0217,0.0037,7.5209,0.5022,-2.0769,0.2838,-0.0069,0.0012,1.8304,-2.3003,3.4214,0.8824,-0.0217,0.0037,2.1085,0.6851,7.4973,0.2838,-0.0069,0.0012,,,7.5209,32.1668,18.4,moving
2026-09-21T12:47:53.952+09:00,TEST_0003_TEST_P01,TEST_P01,PULL_TEST,,665.3801879882812,60.34294509887695,486.7900390625,178.58877563476562,-89.7649154663086,-179.95318603515625,3.4119,-2.3949,-1.974,0.8826,-0.0217,0.0037,7.5612,0.4894,-2.2326,0.2841,-0.007,0.0012,1.9863,-2.3118,3.4617,0.8826,-0.0217,0.0037,2.2644,0.6736,7.5375,0.2841,-0.007,0.0012,,,7.5612,32.7268,18.4,moving
2026-09-21T12:47:54.007+09:00,TEST_0003_TEST_P01,TEST_P01,PULL_TEST,,664.828369140625,60.33479309082031,486.7619934082031,178.5878143310547,-89.76729583740234,-179.95437622070312,3.4119,-2.3949,-1.974,0.8826,-0.0217,0.0037,7.5612,0.4894,-2.2326,0.2841,-0.007,0.0012,1.9863,-2.3118,3.4617,0.8826,-0.0217,0.0037,2.2644,0.6736,7.5375,0.2841,-0.007,0.0012,,,7.5612,33.2786,18.4,moving
2026-09-21T12:47:54.062+09:00,TEST_0003_TEST_P01,TEST_P01,PULL_TEST,,664.25634765625,60.34510803222656,486.8542785644531,178.5889892578125,-89.75935363769531,-179.9536895751953,3.6659,-2.4863,-2.0695,0.8873,-0.0219,0.0037,7.8152,0.3979,-2.3282,0.2888,-0.0071,0.0012,2.0832,-2.3969,3.7173,0.8873,-0.0219,0.0037,2.3614,0.5885,7.7932,0.2888,-0.0071,0.0012,,,7.8152,33.8506,18.4,moving
2026-09-21T12:47:54.117+09:00,TEST_0003_TEST_P01,TEST_P01,PULL_TEST,,663.6906127929688,60.34016036987305,486.9090881347656,178.58831787109375,-89.75460052490234,-179.94393920898438,3.6659,-2.4863,-2.0695,0.8873,-0.0219,0.0037,7.8152,0.3979,-2.3282,0.2888,-0.0071,0.0012,2.0832,-2.3969,3.7173,0.8873,-0.0219,0.0037,2.3614,0.5885,7.7932,0.2888,-0.0071,0.0012,,,7.8152,34.4164,18.4,moving
2026-09-21T12:47:54.172+09:00,TEST_0003_TEST_P01,TEST_P01,PULL_TEST,,663.1206665039062,60.28108596801758,486.9888916015625,178.58316040039062,-89.74752807617188,-179.94630432128906,3.7226,-2.967,-1.3308,0.8958,-0.0221,0.0038,7.8719,-0.0828,-1.5895,0.2972,-0.0073,0.0013,1.3444,-2.8756,3.7889,0.8958,-0.0221,0.0038,1.6226,0.1098,7.8647,0.2972,-0.0073,0.0013,,,7.8719,34.9863,18.4,moving
2026-09-21T12:47:54.227+09:00,TEST_0003_TEST_P01,TEST_P01,PULL_TEST,,662.552978515625,60.256256103515625,487.0079040527344,178.5823211669922,-89.74637603759766,-179.94537353515625,3.7226,-2.967,-1.3308,0.8958,-0.0221,0.0038,7.8719,-0.0828,-1.5895,0.2972,-0.0073,0.0013,1.3444,-2.8756,3.7889,0.8958,-0.0221,0.0038,1.6226,0.1098,7.8647,0.2972,-0.0073,0.0013,,,7.8719,35.554,18.4,moving
2026-09-21T12:47:54.282+09:00,TEST_0003_TEST_P01,TEST_P01,PULL_TEST,,662.015380859375,60.253997802734375,487.1156311035156,178.58197021484375,-89.73775482177734,-179.94467163085938,2.4964,-3.922,0.1984,0.9091,-0.0225,0.004,6.6457,-1.0377,-0.0603,0.3106,-0.0077,0.0015,-0.1907,-3.8588,2.5935,0.9091,-0.0225,0.004,0.0875,-0.8734,6.6694,0.3106,-0.0077,0.0015,,,6.6457,36.0916,18.4,moving
2026-09-21T12:47:54.338+09:00,TEST_0003_TEST_P01,TEST_P01,PULL_TEST,,661.4812622070312,60.27957534790039,487.0010681152344,178.58425903320312,-89.74714660644531,-179.949462890625,2.4964,-3.922,0.1984,0.9091,-0.0225,0.004,6.6457,-1.0377,-0.0603,0.3106,-0.0077,0.0015,-0.1907,-3.8588,2.5935,0.9091,-0.0225,0.004,0.0875,-0.8734,6.6694,0.3106,-0.0077,0.0015,,,6.6457,36.6257,18.4,moving
2026-09-21T12:47:54.394+09:00,TEST_0003_TEST_P01,TEST_P01,PULL_TEST,,660.9107666015625,60.30580520629883,486.93731689453125,178.58677673339844,-89.7527084350586,-179.9456787109375,2.6146,-3.8828,0.5322,0.9147,-0.0226,0.0041,6.7639,-0.9986,0.2735,0.3162,-0.0079,0.0016,-0.5236,-3.8166,2.712,0.9147,-0.0226,0.0041,-0.2454,-0.8312,6.7879,0.3162,-0.0079,0.0016,,,6.7639,37.1962,18.4,moving
2026-09-21T12:47:54.450+09:00,TEST_0003_TEST_P01,TEST_P01,PULL_TEST,,660.3541259765625,60.303462982177734,486.9870910644531,178.5867156982422,-89.7483901977539,-179.94935607910156,2.7017,-3.7823,0.2509,0.9159,-0.0226,0.004,6.851,-0.898,-0.0078,0.3174,-0.0078,0.0015,-0.2419,-3.7143,2.7952,0.9159,-0.0226,0.004,0.0362,-0.7289,6.8711,0.3174,-0.0078,0.0015,,,6.851,37.7529,18.4,moving
2026-09-21T12:47:54.506+09:00,TEST_0003_TEST_P01,TEST_P01,PULL_TEST,,659.80517578125,60.28368377685547,486.98602294921875,178.58453369140625,-89.74864959716797,-179.94349670410156,2.7017,-3.7823,0.2509,0.9159,-0.0226,0.004,6.851,-0.898,-0.0078,0.3174,-0.0078,0.0015,-0.2419,-3.7143,2.7952,0.9159,-0.0226,0.004,0.0362,-0.7289,6.8711,0.3174,-0.0078,0.0015,,,6.851,38.3018,18.4,moving
2026-09-21T12:47:54.561+09:00,TEST_0003_TEST_P01,TEST_P01,PULL_TEST,,659.2636108398438,60.288734436035156,486.9147033691406,178.58506774902344,-89.75444793701172,-179.94764709472656,3.1309,-3.9947,0.4795,0.9166,-0.0226,0.004,7.2802,-1.1105,0.2208,0.3181,-0.0079,0.0015,-0.4692,-3.9157,3.2307,0.9166,-0.0226,0.004,-0.1911,-0.9303,7.3065,0.3181,-0.0079,0.0015,,,7.2802,38.8434,18.4,moving
2026-09-21T12:47:54.616+09:00,TEST_0003_TEST_P01,TEST_P01,PULL_TEST,,658.701171875,60.31814956665039,486.8719177246094,178.5875244140625,-89.75769805908203,-179.9429168701172,3.1309,-3.9947,0.4795,0.9166,-0.0226,0.004,7.2802,-1.1105,0.2208,0.3181,-0.0079,0.0015,-0.4692,-3.9157,3.2307,0.9166,-0.0226,0.004,-0.1911,-0.9303,7.3065,0.3181,-0.0079,0.0015,,,7.2802,39.4058,18.4,moving
2026-09-21T12:47:54.671+09:00,TEST_0003_TEST_P01,TEST_P01,PULL_TEST,,658.15283203125,60.313777923583984,486.8704833984375,178.5869598388672,-89.7578353881836,-179.94720458984375,2.8211,-3.9775,0.4964,0.9166,-0.0226,0.0039,6.9704,-1.0932,0.2377,0.3181,-0.0079,0.0015,-0.4879,-3.9062,2.9204,0.9166,-0.0226,0.0039,-0.2098,-0.9208,6.9962,0.3181,-0.0079,0.0015,,,6.9704,39.9542,18.4,moving
2026-09-21T12:47:54.726+09:00,TEST_0003_TEST_P01,TEST_P01,PULL_TEST,,657.6179809570312,60.29075241088867,486.9179382324219,178.58499145507812,-89.75394439697266,-179.94996643066406,2.8211,-3.9775,0.4964,0.9166,-0.0226,0.0039,6.9704,-1.0932,0.2377,0.3181,-0.0079,0.0015,-0.4879,-3.9062,2.9204,0.9166,-0.0226,0.0039,-0.2098,-0.9208,6.9962,0.3181,-0.0079,0.0015,,,6.9704,40.489,18.4,moving
2026-09-21T12:47:54.781+09:00,TEST_0003_TEST_P01,TEST_P01,PULL_TEST,,657.0673217773438,60.254512786865234,486.90618896484375,178.5816192626953,-89.75466918945312,-179.9516143798828,3.1549,-4.003,0.5361,0.9187,-0.0227,0.0039,7.3042,-1.1187,0.2774,0.3202,-0.0079,0.0015,-0.5256,-3.9234,3.2551,0.9187,-0.0227,0.0039,-0.2474,-0.938,7.3309,0.3202,-0.0079,0.0015,,,7.3042,41.0397,18.4,moving
2026-09-21T12:47:54.836+09:00,TEST_0003_TEST_P01,TEST_P01,PULL_TEST,,656.5198364257812,60.26167678833008,486.8601379394531,178.5823974609375,-89.75835418701172,-179.95114135742188,3.1549,-4.003,0.5361,0.9187,-0.0227,0.0039,7.3042,-1.1187,0.2774,0.3202,-0.0079,0.0015,-0.5256,-3.9234,3.2551,0.9187,-0.0227,0.0039,-0.2474,-0.938,7.3309,0.3202,-0.0079,0.0015,,,7.3042,41.5872,18.4,moving
2026-09-21T12:47:54.891+09:00,TEST_0003_TEST_P01,TEST_P01,PULL_TEST,,655.9901123046875,60.30291748046875,486.8254089355469,178.5856170654297,-89.76171112060547,-179.94561767578125,3.1159,-4.2366,0.5617,0.9161,-0.0227,0.0039,7.2652,-1.3524,0.303,0.3175,-0.0079,0.0014,-0.5518,-4.1578,3.2221,0.9161,-0.0227,0.0039,-0.2737,-1.1724,7.2979,0.3175,-0.0079,0.0014,,,7.2652,42.1169,18.4,moving
2026-09-21T12:47:54.947+09:00,TEST_0003_TEST_P01,TEST_P01,PULL_TEST,,655.4164428710938,60.31173324584961,486.82830810546875,178.58717346191406,-89.76144409179688,-179.9512939453125,3.7537,-3.8978,0.4164,0.9238,-0.0228,0.0039,7.903,-1.0136,0.1577,0.3253,-0.0081,0.0014,-0.4036,-3.8038,3.8503,0.9238,-0.0228,0.0039,-0.1254,-0.8184,7.9262,0.3253,-0.0081,0.0014,,,7.903,42.6906,18.4,moving
2026-09-21T12:47:55.004+09:00,TEST_0003_TEST_P01,TEST_P01,PULL_TEST,,654.869140625,60.298770904541016,486.7643127441406,178.58604431152344,-89.7670669555664,-179.9487762451172,3.7537,-3.8978,0.4164,0.9238,-0.0228,0.0039,7.903,-1.0136,0.1577,0.3253,-0.0081,0.0014,-0.4036,-3.8038,3.8503,0.9238,-0.0228,0.0039,-0.1254,-0.8184,7.9262,0.3253,-0.0081,0.0014,,,7.903,43.2379,18.4,moving
2026-09-21T12:47:55.059+09:00,TEST_0003_TEST_P01,TEST_P01,PULL_TEST,,654.3345336914062,60.30146408081055,486.71990966796875,178.58615112304688,-89.77075958251953,-179.95404052734375,4.0975,-3.2459,-0.918,0.9206,-0.0227,0.0038,8.2468,-0.3617,-1.1767,0.322,-0.008,0.0013,0.9322,-3.1446,4.1726,0.9206,-0.0227,0.0038,1.2104,-0.1592,8.2484,0.322,-0.008,0.0013,,,8.2468,43.7725,18.4,moving
2026-09-21T12:47:55.115+09:00,TEST_0003_TEST_P01,TEST_P01,PULL_TEST,,653.7760620117188,60.32395935058594,486.6117248535156,178.5880584716797,-89.77998352050781,-179.94908142089844,4.0975,-3.2459,-0.918,0.9206,-0.0227,0.0038,8.2468,-0.3617,-1.1767,0.322,-0.008,0.0013,0.9322,-3.1446,4.1726,0.9206,-0.0227,0.0038,1.2104,-0.1592,8.2484,0.322,-0.008,0.0013,,,8.2468,44.3309,18.4,moving
2026-09-21T12:47:55.171+09:00,TEST_0003_TEST_P01,TEST_P01,PULL_TEST,,653.2227172851562,60.354896545410156,486.57891845703125,178.59112548828125,-89.782470703125,-179.95716857910156,5.008,-2.765,-1.8211,0.9212,-0.0227,0.0036,9.1573,0.1192,-2.0798,0.3227,-0.008,0.0011,1.8384,-2.6424,5.0675,0.9212,-0.0227,0.0036,2.1166,0.343,9.1433,0.3227,-0.008,0.0011,,,9.1573,44.8843,18.4,moving
2026-09-21T12:47:55.227+09:00,TEST_0003_TEST_P01,TEST_P01,PULL_TEST,,652.6724243164062,60.332096099853516,486.7599182128906,178.58819580078125,-89.7673110961914,-179.94931030273438,5.008,-2.765,-1.8211,0.9212,-0.0227,0.0036,9.1573,0.1192,-2.0798,0.3227,-0.008,0.0011,1.8384,-2.6424,5.0675,0.9212,-0.0227,0.0036,2.1166,0.343,9.1433,0.3227,-0.008,0.0011,,,9.1573,45.4346,18.4,moving
2026-09-21T12:47:55.283+09:00,TEST_0003_TEST_P01,TEST_P01,PULL_TEST,,652.1006469726562,60.31294250488281,486.77044677734375,178.5865936279297,-89.76592254638672,-179.95401000976562,6.0535,-2.5038,-2.235,0.9268,-0.0228,0.0037,10.2028,0.3805,-2.4937,0.3283,-0.0081,0.0012,2.2579,-2.3557,6.1042,0.9268,-0.0228,0.0037,2.536,0.6297,10.18,0.3283,-0.0081,0.0012,,,10.2028,46.0063,18.4,moving
2026-09-21T12:47:55.338+09:00,TEST_0003_TEST_P01,TEST_P01,PULL_TEST,,651.514404296875,60.3187141418457,486.7127990722656,178.5872802734375,-89.77058410644531,-179.94586181640625,6.0535,-2.5038,-2.235,0.9268,-0.0228,0.0037,10.2028,0.3805,-2.4937,0.3283,-0.0081,0.0012,2.2579,-2.3557,6.1042,0.9268,-0.0228,0.0037,2.536,0.6297,10.18,0.3283,-0.0081,0.0012,,,10.2028,46.5926,18.4,moving
2026-09-21T12:47:55.393+09:00,TEST_0003_TEST_P01,TEST_P01,PULL_TEST,,650.9518432617188,60.352657318115234,486.76898193359375,178.59063720703125,-89.76570129394531,-179.9518585205078,6.5244,-2.7358,-1.8364,0.9271,-0.0229,0.0037,10.6737,0.1484,-2.095,0.3286,-0.0081,0.0013,1.8603,-2.5759,6.5825,0.9271,-0.0229,0.0037,2.1385,0.4095,10.6583,0.3286,-0.0081,0.0013,,,10.6737,47.1552,18.4,moving
2026-09-21T12:47:55.448+09:00,TEST_0003_TEST_P01,TEST_P01,PULL_TEST,,650.4122314453125,60.352806091308594,486.81817626953125,178.5904998779297,-89.76177978515625,-179.95079040527344,6.5761,-2.7789,-1.908,0.9421,-0.0232,0.0039,10.7254,0.1054,-2.1667,0.3436,-0.0084,0.0014,1.9334,-2.6179,6.6344,0.9421,-0.0232,0.0039,2.2116,0.3674,10.7103,0.3436,-0.0084,0.0014,,,10.7254,47.6948,18.4,moving
2026-09-21T12:47:55.505+09:00,TEST_0003_TEST_P01,TEST_P01,PULL_TEST,,649.8406372070312,60.335514068603516,486.7687072753906,178.5892791748047,-89.76565551757812,-179.95486450195312,6.5761,-2.7789,-1.908,0.9421,-0.0232,0.0039,10.7254,0.1054,-2.1667,0.3436,-0.0084,0.0014,1.9334,-2.6179,6.6344,0.9421,-0.0232,0.0039,2.2116,0.3674,10.7103,0.3436,-0.0084,0.0014,,,10.7254,48.2664,18.4,moving
2026-09-21T12:47:55.561+09:00,TEST_0003_TEST_P01,TEST_P01,PULL_TEST,,649.26904296875,60.324607849121094,486.76593017578125,178.58843994140625,-89.76593017578125,-179.94554138183594,7.1297,-2.5994,-2.244,0.9665,-0.0238,0.004,11.279,0.2849,-2.5027,0.368,-0.009,0.0015,2.2714,-2.4251,7.1823,0.9665,-0.0238,0.004,2.5496,0.5603,11.2581,0.368,-0.009,0.0015,,,11.279,48.838,18.4,moving
2026-09-21T12:47:55.617+09:00,TEST_0003_TEST_P01,TEST_P01,PULL_TEST,,648.7855224609375,60.3475456237793,486.8201904296875,178.5901336669922,-89.76152038574219,-179.95361328125,7.1297,-2.5994,-2.244,0.9665,-0.0238,0.004,11.279,0.2849,-2.5027,0.368,-0.009,0.0015,2.2714,-2.4251,7.1823,0.9665,-0.0238,0.004,2.5496,0.5603,11.2581,0.368,-0.009,0.0015,,,11.279,49.3215,18.4,moving
2026-09-21T12:48:21.629+09:00,TEST_0003_TEST_P01,TEST_P01,RELEASE,RETURN_SOFT_GRIP_COMMAND,648.1070556640625,60.359806060791016,486.88934326171875,178.5880126953125,-89.7626953125,-179.94972229003906,-1.9712,-2.4318,1.0874,0.7548,-0.0186,0.0031,0.0,0.0,0.0,0.0,0.0,0.0,-1.0975,-2.4786,-1.9061,0.7548,-0.0186,0.0031,0.0,0.0,0.0,0.0,0.0,0.0,,,,,18.4,moving
2026-09-21T12:48:21.804+09:00,TEST_0003_TEST_P01,TEST_P01,RELEASE,RETURN_SOFT_GRIP_OPEN_REACHED,648.1070556640625,60.359806060791016,486.88934326171875,178.5880126953125,-89.7626953125,-179.94972229003906,-1.9927,-2.4047,1.0782,0.7602,-0.0187,0.0031,0.0,0.0,0.0,0.0,0.0,0.0,-1.0883,-2.4521,-1.9283,0.7602,-0.0187,0.0031,0.0,0.0,0.0,0.0,0.0,0.0,,,,,22.8,holding
2026-09-21T12:50:21.154+09:00,TEST_0004_TEST_P01,TEST_P01,SOFT_GRIP_ENTRY,SOFT_GRIP_COMMAND,673.2666625976562,60.51464080810547,486.6689147949219,178.59666442871094,-89.78046417236328,-179.9425506591797,-3.7725,-2.6295,0.5836,0.2441,-0.006,0.0009,0.0,0.0,0.0,0.0,0.0,0.0,-0.6005,-2.7205,-3.7047,0.2441,-0.006,0.0009,0.0,0.0,0.0,0.0,0.0,0.0,,,,,74.7,moving
2026-09-21T12:50:28.114+09:00,TEST_0004_TEST_P01,TEST_P01,SOFT_GRIP_ENTRY,ENTRY_MOTION_START_WIDTH_REACHED,673.1031494140625,60.386051177978516,486.8450622558594,178.5900421142578,-89.76653289794922,-179.9503173828125,-3.158,-2.395,1.0441,0.4813,-0.0118,0.002,0.6144,0.2344,0.4605,0.2373,-0.0059,0.001,-1.0589,-2.4711,-3.0939,0.4813,-0.0118,0.002,-0.4584,0.2494,0.6108,0.2373,-0.0059,0.001,,,,,21.9,moving
2026-09-21T12:50:28.145+09:00,TEST_0004_TEST_P01,TEST_P01,SOFT_GRIP_ENTRY,,673.1031494140625,60.386051177978516,486.8450622558594,178.5900421142578,-89.76653289794922,-179.9503173828125,-3.1882,-2.3666,1.2621,0.4841,-0.0119,0.002,0.5843,0.2628,0.6786,0.2401,-0.0059,0.001,-1.277,-2.4432,-3.1238,0.4841,-0.0119,0.002,-0.6765,0.2772,0.5809,0.2401,-0.0059,0.001,0.5843,-0.1634,,,21.6,moving
2026-09-21T12:50:28.201+09:00,TEST_0004_TEST_P01,TEST_P01,SOFT_GRIP_ENTRY,,673.1038818359375,60.38618850708008,486.8452453613281,178.5900421142578,-89.76652526855469,-179.9503173828125,-3.1882,-2.3666,1.2621,0.4841,-0.0119,0.002,0.5843,0.2628,0.6786,0.2401,-0.0059,0.001,-1.277,-2.4432,-3.1238,0.4841,-0.0119,0.002,-0.6765,0.2772,0.5809,0.2401,-0.0059,0.001,0.5843,-0.1627,,,20.4,moving
2026-09-21T12:50:28.257+09:00,TEST_0004_TEST_P01,TEST_P01,SOFT_GRIP_ENTRY,,673.13427734375,60.39341354370117,486.7917175292969,178.59033203125,-89.77092742919922,-179.9521026611328,-3.396,-2.3341,1.515,0.491,-0.0121,0.002,0.3764,0.2953,0.9314,0.2469,-0.0061,0.0011,-1.5305,-2.4156,-3.3314,0.491,-0.0121,0.002,-0.93,0.3048,0.3732,0.2469,-0.0061,0.0011,0.3764,-0.1323,,,19.8,moving
2026-09-21T12:50:28.312+09:00,TEST_0004_TEST_P01,TEST_P01,SOFT_GRIP_ENTRY,,673.2833251953125,60.436546325683594,486.559814453125,178.5934295654297,-89.78964233398438,-179.96607971191406,-3.396,-2.3341,1.515,0.491,-0.0121,0.002,0.3764,0.2953,0.9314,0.2469,-0.0061,0.0011,-1.5305,-2.4156,-3.3314,0.491,-0.0121,0.002,-0.93,0.3048,0.3732,0.2469,-0.0061,0.0011,0.3764,0.0168,,,19.4,moving
2026-09-21T12:50:28.368+09:00,TEST_0004_TEST_P01,TEST_P01,SOFT_GRIP_ENTRY,,673.5799560546875,60.49592971801758,486.39776611328125,178.5988311767578,-89.80416107177734,-179.9757537841797,-5.168,-2.465,1.9577,0.4805,-0.0118,0.0018,-1.3955,0.1644,1.3741,0.2364,-0.0058,0.0009,-1.9767,-2.5899,-5.0992,0.4805,-0.0118,0.0018,-1.3762,0.1305,-1.3946,0.2364,-0.0058,0.0009,1.3955,0.3134,,,19.1,moving
2026-09-21T12:50:28.424+09:00,TEST_0004_TEST_P01,TEST_P01,SOFT_GRIP_ENTRY,,674.0687866210938,60.52344512939453,486.5071716308594,178.6007080078125,-89.79635620117188,-179.9698944091797,-5.168,-2.465,1.9577,0.4805,-0.0118,0.0018,-1.3955,0.1644,1.3741,0.2364,-0.0058,0.0009,-1.9767,-2.5899,-5.0992,0.4805,-0.0118,0.0018,-1.3762,0.1305,-1.3946,0.2364,-0.0058,0.0009,1.3955,0.8022,,,18.9,moving
2026-09-21T12:50:28.480+09:00,TEST_0004_TEST_P01,TEST_P01,SOFT_GRIP_ENTRY,,674.6428833007812,60.527591705322266,486.5244445800781,178.60043334960938,-89.79612731933594,-179.9620361328125,-5.8938,-2.4016,2.1843,0.3909,-0.0096,0.0014,-2.1214,0.2279,1.6008,0.1469,-0.0036,0.0005,-2.2064,-2.5435,-5.8257,0.3909,-0.0096,0.0014,-1.6059,0.177,-2.121,0.1469,-0.0036,0.0005,2.1214,1.3763,,,18.6,moving
2026-09-21T12:50:28.536+09:00,TEST_0004_TEST_P01,TEST_P01,SOFT_GRIP_ENTRY,,675.2113037109375,60.53551483154297,486.5339660644531,178.60084533691406,-89.7962875366211,-179.96092224121094,-5.8938,-2.4016,2.1843,0.3909,-0.0096,0.0014,-2.1214,0.2279,1.6008,0.1469,-0.0036,0.0005,-2.2064,-2.5435,-5.8257,0.3909,-0.0096,0.0014,-1.6059,0.177,-2.121,0.1469,-0.0036,0.0005,2.1214,1.9448,,,18.4,moving
2026-09-21T12:50:28.593+09:00,TEST_0004_TEST_P01,TEST_P01,SOFT_GRIP_ENTRY,,675.8008422851562,60.549896240234375,486.6031494140625,178.60218811035156,-89.79093933105469,-179.95558166503906,-5.8508,-2.4102,2.3657,0.3827,-0.0094,0.0014,-2.0784,0.2193,1.7821,0.1386,-0.0034,0.0004,-2.3882,-2.5506,-5.7817,0.3827,-0.0094,0.0014,-1.7877,0.1698,-2.0771,0.1386,-0.0034,0.0004,2.0784,2.5343,,,18.1,moving
2026-09-21T12:50:28.649+09:00,TEST_0004_TEST_P01,TEST_P01,SOFT_GRIP_ENTRY,,676.394287109375,60.54059600830078,486.63714599609375,178.60128784179688,-89.7884750366211,-179.95352172851562,-5.6712,-2.3791,2.4291,0.3863,-0.0094,0.0014,-1.8987,0.2503,1.8455,0.1422,-0.0035,0.0005,-2.452,-2.5148,-5.6024,0.3863,-0.0094,0.0014,-1.8515,0.2057,-1.8977,0.1422,-0.0035,0.0005,1.8987,3.1277,,,17.9,holding
2026-09-21T12:50:28.706+09:00,TEST_0004_TEST_P01,TEST_P01,SOFT_GRIP_ENTRY,,676.9707641601562,60.4922981262207,486.6548767089844,178.59719848632812,-89.78739929199219,-179.95840454101562,-5.6712,-2.3791,2.4291,0.3863,-0.0094,0.0014,-1.8987,0.2503,1.8455,0.1422,-0.0035,0.0005,-2.452,-2.5148,-5.6024,0.3863,-0.0094,0.0014,-1.8515,0.2057,-1.8977,0.1422,-0.0035,0.0005,1.8987,3.7042,,,17.9,holding
2026-09-21T12:50:28.762+09:00,TEST_0004_TEST_P01,TEST_P01,SOFT_GRIP_ENTRY,,677.5296630859375,60.4718132019043,486.7469177246094,178.59576416015625,-89.77971649169922,-179.95594787597656,-6.0854,-2.2977,2.5953,0.3951,-0.0097,0.0015,-2.313,0.3318,2.0117,0.151,-0.0037,0.0005,-2.6198,-2.4442,-6.0175,0.3951,-0.0097,0.0015,-2.0193,0.2763,-2.3128,0.151,-0.0037,0.0005,2.313,4.2631,,,17.9,holding
2026-09-21T12:50:28.819+09:00,TEST_0004_TEST_P01,TEST_P01,SOFT_GRIP_ENTRY,,678.105712890625,60.48525619506836,486.7393798828125,178.59654235839844,-89.78042602539062,-179.95359802246094,-6.0854,-2.2977,2.5953,0.3951,-0.0097,0.0015,-2.313,0.3318,2.0117,0.151,-0.0037,0.0005,-2.6198,-2.4442,-6.0175,0.3951,-0.0097,0.0015,-2.0193,0.2763,-2.3128,0.151,-0.0037,0.0005,2.313,4.8392,,,17.9,holding
2026-09-21T12:50:28.874+09:00,TEST_0004_TEST_P01,TEST_P01,SOFT_GRIP_ENTRY,,678.6658325195312,60.4875373840332,486.7833251953125,178.59645080566406,-89.77680969238281,-179.9551239013672,-6.5446,-2.3672,2.4922,0.3891,-0.0095,0.0015,-2.7721,0.2623,1.9086,0.145,-0.0036,0.0006,-2.5194,-2.5248,-6.4749,0.3891,-0.0095,0.0015,-1.9189,0.1957,-2.7702,0.145,-0.0036,0.0006,2.7721,5.3993,,,17.9,holding
2026-09-21T12:50:28.931+09:00,TEST_0004_TEST_P01,TEST_P01,SOFT_GRIP_ENTRY,,679.2271728515625,60.46042251586914,486.8266296386719,178.59451293945312,-89.77310943603516,-179.95021057128906,-6.5446,-2.3672,2.4922,0.3891,-0.0095,0.0015,-2.7721,0.2623,1.9086,0.145,-0.0036,0.0006,-2.5194,-2.5248,-6.4749,0.3891,-0.0095,0.0015,-1.9189,0.1957,-2.7702,0.145,-0.0036,0.0006,2.7721,5.9606,,,17.9,holding
2026-09-21T12:50:28.987+09:00,TEST_0004_TEST_P01,TEST_P01,SOFT_GRIP_ENTRY,,679.8077392578125,60.434783935546875,486.8626403808594,178.5919647216797,-89.77005767822266,-179.94784545898438,-6.9332,-2.1935,2.5719,0.3925,-0.0096,0.0015,-3.1608,0.436,1.9883,0.1485,-0.0036,0.0006,-2.601,-2.3607,-6.8672,0.3925,-0.0096,0.0015,-2.0005,0.3598,-3.1625,0.1485,-0.0036,0.0006,3.1608,6.5412,,,17.9,holding
2026-09-21T12:50:29.043+09:00,TEST_0004_TEST_P01,TEST_P01,SOFT_GRIP_ENTRY,,680.37060546875,60.445159912109375,486.91534423828125,178.5927276611328,-89.7657699584961,-179.94976806640625,-6.9332,-2.1935,2.5719,0.3925,-0.0096,0.0015,-3.1608,0.436,1.9883,0.1485,-0.0036,0.0006,-2.2244,-2.0764,-6.5226,0.3992,-0.0098,0.0016,-1.6239,0.6441,-2.818,0.1552,-0.0038,0.0007,3.1608,7.1041,,,17.9,holding
2026-09-21T12:50:29.098+09:00,TEST_0004_TEST_P01,TEST_P01,SOFT_GRIP_ENTRY,,680.9088134765625,60.47311782836914,486.7952880859375,178.59552001953125,-89.77536010742188,-179.95010375976562,-6.5807,-1.9173,2.1959,0.3992,-0.0098,0.0016,-2.8083,0.7122,1.6123,0.1552,-0.0038,0.0007,-2.2244,-2.0764,-6.5226,0.3992,-0.0098,0.0016,-1.6239,0.6441,-2.818,0.1552,-0.0038,0.0007,2.8083,7.6423,,,18.1,holding
2026-09-21T12:50:29.155+09:00,TEST_0004_TEST_P01,TEST_P01,SOFT_GRIP_ENTRY,,681.4830932617188,60.4951286315918,486.7812194824219,178.59718322753906,-89.77674102783203,-179.95089721679688,-7.0167,-1.8546,1.7779,0.3993,-0.0098,0.0016,-3.2442,0.7749,1.1943,0.1552,-0.0038,0.0006,-1.8067,-2.0242,-6.9622,0.3993,-0.0098,0.0016,-1.2062,0.6962,-3.2575,0.1552,-0.0038,0.0006,3.2442,8.2166,,,18.1,holding
2026-09-21T12:50:29.211+09:00,TEST_0004_TEST_P01,TEST_P01,SOFT_GRIP_ENTRY,,682.055419921875,60.484920501708984,486.8742370605469,178.59628295898438,-89.76921844482422,-179.95285034179688,-7.0167,-1.8546,1.7779,0.3993,-0.0098,0.0016,-3.2442,0.7749,1.1943,0.1552,-0.0038,0.0006,-1.8067,-2.0242,-6.9622,0.3993,-0.0098,0.0016,-1.2062,0.6962,-3.2575,0.1552,-0.0038,0.0006,3.2442,8.7889,,,18.1,holding
2026-09-21T12:50:29.268+09:00,TEST_0004_TEST_P01,TEST_P01,SOFT_GRIP_ENTRY,,682.6298828125,60.44585037231445,486.9122314453125,178.5931854248047,-89.76591491699219,-179.95033264160156,-6.4812,-1.8682,2.3359,0.4073,-0.01,0.0016,-2.7087,0.7613,1.7524,0.1633,-0.004,0.0007,-2.3634,-2.0246,-6.424,0.4073,-0.01,0.0016,-1.7629,0.6958,-2.7193,0.1633,-0.004,0.0007,2.7087,9.3633,,,18.1,holding
2026-09-21T12:50:29.324+09:00,TEST_0004_TEST_P01,TEST_P01,SOFT_GRIP_ENTRY,,683.193603515625,60.429473876953125,486.8707580566406,178.59193420410156,-89.76946258544922,-179.94947814941406,-6.4812,-1.8682,2.3359,0.4073,-0.01,0.0016,-2.7087,0.7613,1.7524,0.1633,-0.004,0.0007,-2.3634,-2.0246,-6.424,0.4073,-0.01,0.0016,-1.7629,0.6958,-2.7193,0.1633,-0.004,0.0007,2.7087,9.9271,,,18.1,holding
2026-09-21T12:50:29.379+09:00,TEST_0004_TEST_P01,TEST_P01,SOFT_GRIP_ENTRY,,683.755615234375,60.43543243408203,486.7995910644531,178.59205627441406,-89.77527618408203,-179.95553588867188,-7.2522,-2.0215,2.1325,0.404,-0.0099,0.0016,-3.4797,0.6079,1.5489,0.1599,-0.0039,0.0007,-2.1633,-2.1973,-7.1917,0.404,-0.0099,0.0016,-1.5628,0.5232,-3.487,0.1599,-0.0039,0.0007,3.4797,10.4891,,,18.1,holding
2026-09-21T12:50:29.434+09:00,TEST_0004_TEST_P01,TEST_P01,SOFT_GRIP_ENTRY,,684.309326171875,60.446163177490234,486.85400390625,178.5930938720703,-89.77066040039062,-179.9536590576172,-7.2522,-2.0215,2.1325,0.404,-0.0099,0.0016,-3.4797,0.6079,1.5489,0.1599,-0.0039,0.0007,-2.1633,-2.1973,-7.1917,0.404,-0.0099,0.0016,-1.5628,0.5232,-3.487,0.1599,-0.0039,0.0007,3.4797,11.0428,,,18.1,holding
2026-09-21T12:50:29.490+09:00,TEST_0004_TEST_P01,TEST_P01,SOFT_GRIP_ENTRY,,684.8753662109375,60.440208435058594,486.90911865234375,178.59243774414062,-89.76624298095703,-179.94854736328125,-6.9255,-2.2371,2.5036,0.4082,-0.01,0.0016,-3.153,0.3923,1.92,0.1642,-0.0041,0.0007,-2.5331,-2.4044,-6.8584,0.4082,-0.01,0.0016,-1.9326,0.3161,-3.1537,0.1642,-0.0041,0.0007,3.153,11.6088,,,18.1,holding
2026-09-21T12:50:29.548+09:00,TEST_0004_TEST_P01,TEST_P01,SOFT_GRIP_ENTRY,,685.4567260742188,60.404029846191406,486.7975158691406,178.58917236328125,-89.77521514892578,-179.95326232910156,-7.5678,-2.1009,2.4805,0.409,-0.0101,0.0016,-3.7954,0.5286,1.8969,0.165,-0.0041,0.0007,-2.5118,-2.2844,-7.504,0.409,-0.0101,0.0016,-1.9113,0.436,-3.7994,0.165,-0.0041,0.0007,3.7954,12.1902,,,18.1,holding
2026-09-21T12:50:29.604+09:00,TEST_0004_TEST_P01,TEST_P01,SOFT_GRIP_ENTRY,,686.00390625,60.37931823730469,486.8190612792969,178.5874786376953,-89.77310943603516,-179.95086669921875,-7.5678,-2.1009,2.4805,0.409,-0.0101,0.0016,-3.7954,0.5286,1.8969,0.165,-0.0041,0.0007,-2.5118,-2.2844,-7.504,0.409,-0.0101,0.0016,-1.9113,0.436,-3.7994,0.165,-0.0041,0.0007,3.7954,12.7374,,,18.1,holding
2026-09-21T12:50:29.660+09:00,TEST_0004_TEST_P01,TEST_P01,SOFT_GRIP_ENTRY,,686.5527954101562,60.3803596496582,486.89556884765625,178.58763122558594,-89.76676940917969,-179.94610595703125,-7.7686,-2.2099,2.454,0.3999,-0.0099,0.0016,-3.9962,0.4196,1.8704,0.1558,-0.0039,0.0007,-2.4877,-2.3984,-7.7017,0.3999,-0.0099,0.0016,-1.8872,0.322,-3.997,0.1558,-0.0039,0.0007,3.9962,13.2863,,,18.1,holding
2026-09-21T12:50:29.715+09:00,TEST_0004_TEST_P01,TEST_P01,SOFT_GRIP_ENTRY,,687.1180419921875,60.39603805541992,486.90966796875,178.5886688232422,-89.7658462524414,-179.94757080078125,-7.7686,-2.2099,2.454,0.3999,-0.0099,0.0016,-3.9962,0.4196,1.8704,0.1558,-0.0039,0.0007,-2.4877,-2.3984,-7.7017,0.3999,-0.0099,0.0016,-1.8872,0.322,-3.997,0.1558,-0.0039,0.0007,3.9962,13.8515,,,18.1,holding
2026-09-21T12:50:29.771+09:00,TEST_0004_TEST_P01,TEST_P01,SOFT_GRIP_ENTRY,,687.6786499023438,60.40386199951172,486.9176330566406,178.5895233154297,-89.76506042480469,-179.9517364501953,-7.7931,-2.2408,2.4901,0.4069,-0.01,0.0017,-4.0207,0.3887,1.9065,0.1629,-0.0041,0.0007,-2.5235,-2.4298,-7.7255,0.4069,-0.01,0.0017,-1.923,0.2907,-4.0208,0.1629,-0.0041,0.0007,4.0207,14.4121,,,18.1,holding
2026-09-21T12:50:29.825+09:00,TEST_0004_TEST_P01,TEST_P01,SOFT_GRIP_ENTRY,,688.2066650390625,60.38815689086914,486.8827209472656,178.58876037597656,-89.76795196533203,-179.94996643066406,-7.7931,-2.2408,2.4901,0.4069,-0.01,0.0017,-4.0207,0.3887,1.9065,0.1629,-0.0041,0.0007,-2.5235,-2.4298,-7.7255,0.4069,-0.01,0.0017,-1.923,0.2907,-4.0208,0.1629,-0.0041,0.0007,4.0207,14.9401,,,18.1,holding
2026-09-21T12:50:29.881+09:00,TEST_0004_TEST_P01,TEST_P01,SOFT_GRIP_ENTRY,,688.7634887695312,60.37656784057617,486.8832702636719,178.58767700195312,-89.7681884765625,-179.9485321044922,-8.3908,-2.0776,2.4897,0.4083,-0.0101,0.0017,-4.6183,0.5519,1.9061,0.1643,-0.0041,0.0007,-2.5257,-2.2815,-8.3268,0.4083,-0.0101,0.0017,-1.9251,0.439,-4.6222,0.1643,-0.0041,0.0007,4.6183,15.4969,,,18.2,holding
2026-09-21T12:50:29.936+09:00,TEST_0004_TEST_P01,TEST_P01,SOFT_GRIP_ENTRY,,689.3304443359375,60.39327621459961,486.91888427734375,178.58880615234375,-89.76509857177734,-179.95330810546875,-8.3908,-2.0776,2.4897,0.4083,-0.0101,0.0017,-4.6183,0.5519,1.9061,0.1643,-0.0041,0.0007,-2.5257,-2.2815,-8.3268,0.4083,-0.0101,0.0017,-1.9251,0.439,-4.6222,0.1643,-0.0041,0.0007,4.6183,16.0639,,,18.2,holding
2026-09-21T12:50:29.992+09:00,TEST_0004_TEST_P01,TEST_P01,SOFT_GRIP_ENTRY,,689.8707275390625,60.42488098144531,486.8760986328125,178.5918426513672,-89.76844024658203,-179.9532470703125,-8.4939,-2.027,2.2777,0.408,-0.0101,0.0017,-4.7214,0.6024,1.6941,0.164,-0.0041,0.0007,-2.314,-2.2336,-8.432,0.408,-0.0101,0.0017,-1.7135,0.4868,-4.7273,0.164,-0.0041,0.0007,4.7214,16.6042,,,18.2,holding
2026-09-21T12:50:30.048+09:00,TEST_0004_TEST_P01,TEST_P01,SOFT_GRIP_ENTRY,,690.414306640625,60.4461784362793,486.8597717285156,178.5937957763672,-89.76979064941406,-179.9505615234375,-8.4254,-2.0268,2.4771,0.4055,-0.01,0.0016,-4.6529,0.6027,1.8935,0.1614,-0.004,0.0007,-2.5126,-2.2308,-8.3631,0.4055,-0.01,0.0016,-1.9121,0.4897,-4.6584,0.1614,-0.004,0.0007,4.6529,17.1478,,,18.2,holding
2026-09-21T12:50:30.105+09:00,TEST_0004_TEST_P01,TEST_P01,SOFT_GRIP_ENTRY,,690.9927978515625,60.44398880004883,486.86358642578125,178.59332275390625,-89.76943969726562,-179.9506378173828,-8.4254,-2.0268,2.4771,0.4055,-0.01,0.0016,-4.6529,0.6027,1.8935,0.1614,-0.004,0.0007,-2.5126,-2.2308,-8.3631,0.4055,-0.01,0.0016,-1.9121,0.4897,-4.6584,0.1614,-0.004,0.0007,4.6529,17.7263,,,18.2,holding
2026-09-21T12:50:30.161+09:00,TEST_0004_TEST_P01,TEST_P01,SOFT_GRIP_ENTRY,,691.5512084960938,60.40694046020508,486.9231872558594,178.59024047851562,-89.76422119140625,-179.95335388183594,-8.7395,-2.1165,2.2698,0.405,-0.01,0.0016,-4.967,0.5129,1.6862,0.161,-0.004,0.0007,-2.3076,-2.3289,-8.6753,0.405,-0.01,0.0016,-1.7071,0.3916,-4.9707,0.161,-0.004,0.0007,4.967,18.2847,,,18.2,holding
2026-09-21T12:50:30.217+09:00,TEST_0004_TEST_P01,TEST_P01,SOFT_GRIP_ENTRY,,692.111328125,60.38528060913086,486.9330749511719,178.58839416503906,-89.7632827758789,-179.9484405517578,-8.7395,-2.1165,2.2698,0.405,-0.01,0.0016,-4.967,0.5129,1.6862,0.161,-0.004,0.0007,-2.3076,-2.3289,-8.6753,0.405,-0.01,0.0016,-1.7071,0.3916,-4.9707,0.161,-0.004,0.0007,4.967,18.8448,,,18.2,holding
2026-09-21T12:50:30.275+09:00,TEST_0004_TEST_P01,TEST_P01,SOFT_GRIP_ENTRY,,692.6948852539062,60.40029525756836,486.87921142578125,178.58949279785156,-89.76789855957031,-179.9467315673828,-9.0426,-2.1727,2.2749,0.3964,-0.0098,0.0016,-5.2702,0.4567,1.6913,0.1524,-0.0038,0.0007,-2.3135,-2.3927,-8.9771,0.3964,-0.0098,0.0016,-1.713,0.3278,-5.2724,0.1524,-0.0038,0.0007,5.2702,19.4283,,,18.2,holding
2026-09-21T12:50:30.331+09:00,TEST_0004_TEST_P01,TEST_P01,SOFT_GRIP_ENTRY,,693.2545166015625,60.428810119628906,486.9098205566406,178.59201049804688,-89.7654800415039,-179.95001220703125,-9.0426,-2.1727,2.2749,0.3964,-0.0098,0.0016,-5.2702,0.4567,1.6913,0.1524,-0.0038,0.0007,-2.3135,-2.3927,-8.9771,0.3964,-0.0098,0.0016,-1.713,0.3278,-5.2724,0.1524,-0.0038,0.0007,5.2702,19.988,,,18.2,holding
2026-09-21T12:50:30.387+09:00,TEST_0004_TEST_P01,TEST_P01,SOFT_GRIP_ENTRY,,693.805908203125,60.446861267089844,486.8742370605469,178.59390258789062,-89.76822662353516,-179.95257568359375,-9.4637,-2.1314,2.0721,0.3956,-0.0097,0.0016,-5.6913,0.4981,1.4885,0.1516,-0.0038,0.0007,-2.1128,-2.3614,-9.3999,0.3956,-0.0097,0.0016,-1.5123,0.3591,-5.6952,0.1516,-0.0038,0.0007,5.6913,20.5394,,,18.2,holding
2026-09-21T12:50:30.443+09:00,TEST_0004_TEST_P01,TEST_P01,SOFT_GRIP_ENTRY,,694.3895263671875,60.437416076660156,486.8152160644531,178.5928955078125,-89.77303314208984,-179.9501953125,-9.4637,-2.1314,2.0721,0.3956,-0.0097,0.0016,-5.6913,0.4981,1.4885,0.1516,-0.0038,0.0007,-2.1467,-2.372,-9.6503,0.3918,-0.0096,0.0016,-1.5462,0.3484,-5.9456,0.1478,-0.0036,0.0006,5.6913,21.123,,,18.2,holding
2026-09-21T12:50:30.499+09:00,TEST_0004_TEST_P01,TEST_P01,SOFT_GRIP_ENTRY,,694.9698486328125,60.412376403808594,486.8339538574219,178.590576171875,-89.77156829833984,-179.94879150390625,-9.7141,-2.136,2.1064,0.3918,-0.0096,0.0016,-5.9416,0.4935,1.5228,0.1478,-0.0036,0.0006,-2.1467,-2.372,-9.6503,0.3918,-0.0096,0.0016,-1.5462,0.3484,-5.9456,0.1478,-0.0036,0.0006,5.9416,21.7033,,,18.2,holding
2026-09-21T12:50:30.555+09:00,TEST_0004_TEST_P01,TEST_P01,SOFT_GRIP_ENTRY,,695.5265502929688,60.40879821777344,486.8387145996094,178.59039306640625,-89.77108001708984,-179.953369140625,-9.9437,-2.107,2.2355,0.3971,-0.0098,0.0016,-6.1712,0.5224,1.652,0.1531,-0.0038,0.0006,-2.2767,-2.3491,-9.8799,0.3971,-0.0098,0.0016,-1.6762,0.3713,-6.1752,0.1531,-0.0038,0.0006,6.1712,22.26,,,18.2,holding
2026-09-21T12:50:30.612+09:00,TEST_0004_TEST_P01,TEST_P01,SOFT_GRIP_ENTRY,,696.1012573242188,60.43109893798828,486.8293762207031,178.59217834472656,-89.77163696289062,-179.95547485351562,-9.9437,-2.107,2.2355,0.3971,-0.0098,0.0016,-6.1712,0.5224,1.652,0.1531,-0.0038,0.0006,-2.2767,-2.3491,-9.8799,0.3971,-0.0098,0.0016,-1.6762,0.3713,-6.1752,0.1531,-0.0038,0.0006,6.1712,22.8347,,,18.2,holding
2026-09-21T12:50:30.669+09:00,TEST_0004_TEST_P01,TEST_P01,SOFT_GRIP_ENTRY,,696.67138671875,60.447715759277344,486.78887939453125,178.59327697753906,-89.77481842041016,-179.9516143798828,-9.979,-2.1763,2.06,0.3984,-0.0098,0.0016,-6.2065,0.4532,1.4764,0.1544,-0.0038,0.0007,-2.1014,-2.419,-9.9143,0.3984,-0.0098,0.0016,-1.5009,0.3015,-6.2096,0.1544,-0.0038,0.0007,6.2065,23.4048,,,18.2,holding
2026-09-21T12:50:30.725+09:00,TEST_0004_TEST_P01,TEST_P01,SOFT_GRIP_ENTRY,,697.1984252929688,60.44534683227539,486.8169860839844,178.59307861328125,-89.77261352539062,-179.94863891601562,-9.979,-2.1763,2.06,0.3984,-0.0098,0.0016,-6.2065,0.4532,1.4764,0.1544,-0.0038,0.0007,-2.1014,-2.419,-9.9143,0.3984,-0.0098,0.0016,-1.5009,0.3015,-6.2096,0.1544,-0.0038,0.0007,6.2065,23.9319,,,18.2,holding
2026-09-21T12:50:31.782+09:00,TEST_0004_TEST_P01,TEST_P01,SOFT_GRIP_ENTRY,SOFT_GRIP_STABILIZATION_END,698.1668090820312,60.351539611816406,486.7452392578125,178.58641052246094,-89.77484130859375,-179.9483184814453,-8.0949,-1.7927,2.8342,0.5069,-0.0125,0.002,0.0,0.0,0.0,0.0,0.0,0.0,-2.8676,-1.9893,-8.037,0.5069,-0.0125,0.002,0.0,0.0,0.0,0.0,0.0,0.0,,,,,18.2,holding
2026-09-21T12:50:31.845+09:00,TEST_0004_TEST_P01,TEST_P01,HARD_GRIP,HARD_GRIP_COMMAND,698.1643676757812,60.3515739440918,486.7518615722656,178.5863800048828,-89.7742691040039,-179.94837951660156,-7.7374,-1.6902,2.8957,0.5355,-0.0132,0.0021,0.0,0.0,0.0,0.0,0.0,0.0,-2.9276,-1.8779,-7.6819,0.5355,-0.0132,0.0021,0.0,0.0,0.0,0.0,0.0,0.0,,,,,18.2,holding
2026-09-21T12:50:32.849+09:00,TEST_0004_TEST_P01,TEST_P01,HARD_GRIP,HARD_GRIP_STABILIZATION_END,698.1080932617188,60.37032699584961,486.8617858886719,178.5884552001953,-89.7654037475586,-179.9500732421875,-6.7402,-1.9793,1.0551,0.5885,-0.0145,0.0024,0.0,0.0,0.0,0.0,0.0,0.0,-1.0844,-2.1438,-6.685,0.5885,-0.0145,0.0024,0.0,0.0,0.0,0.0,0.0,0.0,,,,,17.7,moving
2026-09-21T12:50:32.884+09:00,TEST_0004_TEST_P01,TEST_P01,PULL_TEST,,698.107421875,60.37142562866211,486.8630065917969,178.58856201171875,-89.76531219482422,-179.95021057128906,-6.7402,-1.9793,1.0551,0.5885,-0.0145,0.0024,0.0,0.0,0.0,0.0,0.0,0.0,-1.0844,-2.1438,-6.685,0.5885,-0.0145,0.0024,0.0,0.0,0.0,0.0,0.0,0.0,,,0.0,0.0007,17.7,moving
2026-09-21T12:50:32.939+09:00,TEST_0004_TEST_P01,TEST_P01,PULL_TEST,,698.1023559570312,60.373008728027344,486.8726806640625,178.58876037597656,-89.7645263671875,-179.95005798339844,-6.7402,-1.9793,1.0551,0.5885,-0.0145,0.0024,0.0,0.0,0.0,0.0,0.0,0.0,-1.0844,-2.1438,-6.685,0.5885,-0.0145,0.0024,0.0,0.0,0.0,0.0,0.0,0.0,,,0.0,0.0057,17.7,moving
2026-09-21T12:50:32.995+09:00,TEST_0004_TEST_P01,TEST_P01,PULL_TEST,,698.046630859375,60.37813186645508,486.9771423339844,178.58981323242188,-89.75614166259766,-179.94813537597656,-6.7154,-1.9301,1.0493,0.5924,-0.0146,0.0024,0.0248,0.0492,-0.0058,0.0039,-0.0001,0.0,-1.0786,-2.0939,-6.6615,0.5924,-0.0146,0.0024,0.0058,0.0499,0.0235,0.0039,-0.0001,0.0,,,0.0248,0.0615,17.7,moving
2026-09-21T12:50:33.050+09:00,TEST_0004_TEST_P01,TEST_P01,PULL_TEST,,697.8888549804688,60.38157653808594,487.2124328613281,178.59030151367188,-89.73710632324219,-179.939697265625,-5.5547,-1.9138,0.3973,0.5822,-0.0143,0.0025,1.1855,0.0655,-0.6578,-0.0063,0.0002,0.0001,-0.4244,-2.0494,-5.5041,0.5822,-0.0143,0.0025,0.6599,0.0944,1.1809,-0.0063,0.0002,0.0001,,,1.1855,0.2192,17.7,moving
2026-09-21T12:50:33.107+09:00,TEST_0004_TEST_P01,TEST_P01,PULL_TEST,,697.6012573242188,60.37290954589844,487.3226318359375,178.5886688232422,-89.72704315185547,-179.9379119873047,-5.5547,-1.9138,0.3973,0.5822,-0.0143,0.0025,1.1855,0.0655,-0.6578,-0.0063,0.0002,0.0001,-0.4244,-2.0494,-5.5041,0.5822,-0.0143,0.0025,0.6599,0.0944,1.1809,-0.0063,0.0002,0.0001,,,1.1855,0.5068,17.7,moving
2026-09-21T12:50:33.162+09:00,TEST_0004_TEST_P01,TEST_P01,PULL_TEST,,697.1346435546875,60.35527038574219,487.40771484375,178.58750915527344,-89.7193374633789,-179.9357452392578,-4.1979,-2.033,-0.8754,0.5907,-0.0146,0.0028,2.5423,-0.0537,-1.9305,0.0022,-0.0,0.0004,0.8525,-2.1368,-4.1507,0.5907,-0.0146,0.0028,1.9369,0.007,2.5343,0.0022,-0.0,0.0004,,,2.5423,0.9734,17.7,moving
2026-09-21T12:50:33.218+09:00,TEST_0004_TEST_P01,TEST_P01,PULL_TEST,,696.56298828125,60.352996826171875,487.34527587890625,178.587646484375,-89.72370147705078,-179.93531799316406,-4.1979,-2.033,-0.8754,0.5907,-0.0146,0.0028,2.5423,-0.0537,-1.9305,0.0022,-0.0,0.0004,0.8525,-2.1368,-4.1507,0.5907,-0.0146,0.0028,1.9369,0.007,2.5343,0.0022,-0.0,0.0004,,,2.5423,1.5451,17.7,moving
2026-09-21T12:50:33.274+09:00,TEST_0004_TEST_P01,TEST_P01,PULL_TEST,,695.998291015625,60.35444641113281,487.2677917480469,178.5876007080078,-89.72909545898438,-179.9385986328125,-4.8264,-2.07,-1.0272,0.6555,-0.0162,0.0031,1.9138,-0.0907,-2.0823,0.0671,-0.0017,0.0007,1.0023,-2.1894,-4.7787,0.6555,-0.0162,0.0031,2.0866,-0.0456,1.9063,0.0671,-0.0017,0.0007,,,1.9138,2.1098,17.7,moving
2026-09-21T12:50:33.329+09:00,TEST_0004_TEST_P01,TEST_P01,PULL_TEST,,695.4342041015625,60.33349609375,487.24609375,178.5860595703125,-89.73047637939453,-179.94374084472656,-4.8264,-2.07,-1.0272,0.6555,-0.0162,0.0031,1.9138,-0.0907,-2.0823,0.0671,-0.0017,0.0007,1.0023,-2.1894,-4.7787,0.6555,-0.0162,0.0031,2.0866,-0.0456,1.9063,0.0671,-0.0017,0.0007,,,1.9138,2.6739,17.7,moving
2026-09-21T12:50:33.384+09:00,TEST_0004_TEST_P01,TEST_P01,PULL_TEST,,694.8558349609375,60.304954528808594,487.2149658203125,178.58389282226562,-89.73284912109375,-179.94284057617188,-4.7882,-2.0439,-0.8006,0.7335,-0.0181,0.0035,1.952,-0.0646,-1.8557,0.145,-0.0036,0.0011,0.7762,-2.1622,-4.74,0.7335,-0.0181,0.0035,1.8605,-0.0184,1.945,0.145,-0.0036,0.0011,,,1.952,3.2523,17.6,moving
2026-09-21T12:50:33.438+09:00,TEST_0004_TEST_P01,TEST_P01,PULL_TEST,,694.3154296875,60.293575286865234,487.1330261230469,178.5828399658203,-89.73947143554688,-179.94033813476562,-4.7882,-2.0439,-0.8006,0.7335,-0.0181,0.0035,1.952,-0.0646,-1.8557,0.145,-0.0036,0.0011,0.7762,-2.1622,-4.74,0.7335,-0.0181,0.0035,1.8605,-0.0184,1.945,0.145,-0.0036,0.0011,,,1.952,3.7927,17.6,moving
2026-09-21T12:50:33.494+09:00,TEST_0004_TEST_P01,TEST_P01,PULL_TEST,,693.831298828125,60.307952880859375,487.0840759277344,178.58383178710938,-89.74325561523438,-179.94027709960938,-4.7399,-1.9211,-0.4178,0.7787,-0.0193,0.0036,2.0003,0.0582,-1.4729,0.1902,-0.0047,0.0012,0.3944,-2.0382,-4.6928,0.7787,-0.0193,0.0036,1.4787,0.1056,1.9922,0.1902,-0.0047,0.0012,,,2.0003,4.2768,17.6,moving
2026-09-21T12:50:45.782+09:00,TEST_0004_TEST_P01,TEST_P01,RELEASE,RETURN_SOFT_GRIP_COMMAND,693.1098022460938,60.36704635620117,486.8609313964844,178.58836364746094,-89.76519775390625,-179.9500274658203,-3.7251,-2.6177,1.826,0.7061,-0.0174,0.0029,0.0,0.0,0.0,0.0,0.0,0.0,-1.8433,-2.7071,-3.652,0.7061,-0.0174,0.0029,0.0,0.0,0.0,0.0,0.0,0.0,,,,,17.4,holding
2026-09-21T12:50:46.645+09:00,TEST_0004_TEST_P01,TEST_P01,RELEASE,RETURN_SOFT_GRIP_OPEN_REACHED,693.1092529296875,60.366939544677734,486.86212158203125,178.58836364746094,-89.76510620117188,-179.95001220703125,-2.6963,-2.5063,1.2932,0.7243,-0.0178,0.003,0.0,0.0,0.0,0.0,0.0,0.0,-1.3063,-2.5708,-2.6284,0.7243,-0.0178,0.003,0.0,0.0,0.0,0.0,0.0,0.0,,,,,22.8,holding
2026-09-21T12:51:04.562+09:00,TEST_0005_TEST_P01,TEST_P01,SOFT_GRIP_ENTRY,SOFT_GRIP_COMMAND,673.260498046875,60.51454162597656,486.6789245605469,178.59674072265625,-89.77964782714844,-179.9419403076172,-2.9207,-2.5624,0.8405,0.2411,-0.0059,0.0009,0.0,0.0,0.0,0.0,0.0,0.0,-0.8541,-2.6323,-2.8538,0.2411,-0.0059,0.0009,0.0,0.0,0.0,0.0,0.0,0.0,,,,,74.5,moving
2026-09-21T12:51:11.415+09:00,TEST_0005_TEST_P01,TEST_P01,SOFT_GRIP_ENTRY,ENTRY_MOTION_START_WIDTH_REACHED,673.101806640625,60.385807037353516,486.8542175292969,178.5900421142578,-89.76578521728516,-179.9503173828125,-2.5105,-2.4199,0.6554,0.4687,-0.0115,0.0019,0.4102,0.1425,-0.1851,0.2276,-0.0056,0.001,-0.6676,-2.4804,-2.4475,0.4687,-0.0115,0.0019,0.1866,0.1519,0.4063,0.2276,-0.0056,0.001,,,,,21.8,moving
2026-09-21T12:51:11.447+09:00,TEST_0005_TEST_P01,TEST_P01,SOFT_GRIP_ENTRY,,673.101806640625,60.385807037353516,486.8542175292969,178.5900421142578,-89.76578521728516,-179.9503173828125,-2.5141,-2.3489,0.9585,0.4794,-0.0118,0.002,0.4066,0.2135,0.1181,0.2383,-0.0059,0.001,-0.9706,-2.4092,-2.4516,0.4794,-0.0118,0.002,-0.1165,0.2231,0.4022,0.2383,-0.0059,0.001,0.4066,-0.1587,,,21.4,moving
2026-09-21T12:51:11.503+09:00,TEST_0005_TEST_P01,TEST_P01,SOFT_GRIP_ENTRY,,673.1025390625,60.38594436645508,486.8543701171875,178.5900421142578,-89.7657699584961,-179.95030212402344,-2.5141,-2.3489,0.9585,0.4794,-0.0118,0.002,0.4066,0.2135,0.1181,0.2383,-0.0059,0.001,-0.9706,-2.4092,-2.4516,0.4794,-0.0118,0.002,-0.1165,0.2231,0.4022,0.2383,-0.0059,0.001,0.4066,-0.158,,,19.8,moving
2026-09-21T12:51:11.560+09:00,TEST_0005_TEST_P01,TEST_P01,SOFT_GRIP_ENTRY,,673.141845703125,60.3946533203125,486.7818298339844,178.59030151367188,-89.77177429199219,-179.95213317871094,-2.756,-2.2704,1.2629,0.4886,-0.012,0.002,0.1647,0.292,0.4224,0.2475,-0.0061,0.0011,-1.2758,-2.3364,-2.6942,0.4886,-0.012,0.002,-0.4217,0.2959,0.1596,0.2475,-0.0061,0.0011,0.1647,-0.1187,,,18.9,moving
2026-09-21T12:51:11.617+09:00,TEST_0005_TEST_P01,TEST_P01,SOFT_GRIP_ENTRY,,673.2921752929688,60.43780517578125,486.54180908203125,178.59336853027344,-89.79105377197266,-179.96669006347656,-2.756,-2.2704,1.2629,0.4886,-0.012,0.002,0.1647,0.292,0.4224,0.2475,-0.0061,0.0011,-1.2758,-2.3364,-2.6942,0.4886,-0.012,0.002,-0.4217,0.2959,0.1596,0.2475,-0.0061,0.0011,0.1647,0.0317,,,18.4,moving
2026-09-21T12:51:11.672+09:00,TEST_0005_TEST_P01,TEST_P01,SOFT_GRIP_ENTRY,,673.5956420898438,60.497833251953125,486.3624267578125,178.59909057617188,-89.80717468261719,-179.976318359375,-4.5898,-2.2919,1.7451,0.4893,-0.012,0.0018,-1.6691,0.2705,0.9046,0.2482,-0.0061,0.0009,-1.7619,-2.4028,-4.5262,0.4893,-0.012,0.0018,-0.9077,0.2295,-1.6724,0.2482,-0.0061,0.0009,1.6691,0.3351,,,18.1,moving
2026-09-21T12:51:11.728+09:00,TEST_0005_TEST_P01,TEST_P01,SOFT_GRIP_ENTRY,,674.1026611328125,60.523887634277344,486.4657287597656,178.60076904296875,-89.79989624023438,-179.97023010253906,-4.5898,-2.2919,1.7451,0.4893,-0.012,0.0018,-1.6691,0.2705,0.9046,0.2482,-0.0061,0.0009,-1.7619,-2.4028,-4.5262,0.4893,-0.012,0.0018,-0.9077,0.2295,-1.6724,0.2482,-0.0061,0.0009,1.6691,0.8422,,,17.9,holding
2026-09-21T12:51:11.783+09:00,TEST_0005_TEST_P01,TEST_P01,SOFT_GRIP_ENTRY,,674.6719360351562,60.525691986083984,486.48492431640625,178.60025024414062,-89.79940795898438,-179.9619140625,-5.3798,-2.1902,1.8671,0.3994,-0.0098,0.0014,-2.4591,0.3722,1.0266,0.1583,-0.0039,0.0005,-1.8868,-2.3199,-5.3182,0.3994,-0.0098,0.0014,-1.0327,0.3124,-2.4644,0.1583,-0.0039,0.0005,2.4591,1.4114,,,17.9,holding
2026-09-21T12:51:11.838+09:00,TEST_0005_TEST_P01,TEST_P01,SOFT_GRIP_ENTRY,,675.2322387695312,60.533634185791016,486.4741516113281,178.6007080078125,-89.80130767822266,-179.96145629882812,-5.3798,-2.1902,1.8671,0.3994,-0.0098,0.0014,-2.4591,0.3722,1.0266,0.1583,-0.0039,0.0005,-1.8868,-2.3199,-5.3182,0.3994,-0.0098,0.0014,-1.0327,0.3124,-2.4644,0.1583,-0.0039,0.0005,2.4591,1.9717,,,17.9,holding
2026-09-21T12:51:11.893+09:00,TEST_0005_TEST_P01,TEST_P01,SOFT_GRIP_ENTRY,,675.8008422851562,60.5487060546875,486.54132080078125,178.60220336914062,-89.7961196899414,-179.95616149902344,-5.3122,-2.1576,1.9522,0.3935,-0.0096,0.0014,-2.3915,0.4048,1.1117,0.1524,-0.0037,0.0004,-1.9721,-2.2854,-5.2511,0.3935,-0.0096,0.0014,-1.118,0.3469,-2.3973,0.1524,-0.0037,0.0004,2.3915,2.5403,,,17.9,holding
2026-09-21T12:51:11.949+09:00,TEST_0005_TEST_P01,TEST_P01,SOFT_GRIP_ENTRY,,676.3978271484375,60.538063049316406,486.592041015625,178.60105895996094,-89.7922592163086,-179.95428466796875,-5.1819,-2.1387,1.8715,0.4039,-0.0099,0.0015,-2.2612,0.4236,1.031,0.1628,-0.004,0.0005,-1.892,-2.2631,-5.1213,0.4039,-0.0099,0.0015,-1.0379,0.3692,-2.2675,0.1628,-0.004,0.0005,2.2612,3.1373,,,17.9,holding
2026-09-21T12:51:12.006+09:00,TEST_0005_TEST_P01,TEST_P01,SOFT_GRIP_ENTRY,,676.9594116210938,60.48942565917969,486.6292419433594,178.59693908691406,-89.78945922851562,-179.9581298828125,-5.1819,-2.1387,1.8715,0.4039,-0.0099,0.0015,-2.2612,0.4236,1.031,0.1628,-0.004,0.0005,-1.892,-2.2631,-5.1213,0.4039,-0.0099,0.0015,-1.0379,0.3692,-2.2675,0.1628,-0.004,0.0005,2.2612,3.6989,,,17.9,holding
2026-09-21T12:51:12.062+09:00,TEST_0005_TEST_P01,TEST_P01,SOFT_GRIP_ENTRY,,677.52392578125,60.470252990722656,486.71820068359375,178.5957794189453,-89.78211212158203,-179.9559783935547,-5.8393,-2.1044,2.05,0.4071,-0.01,0.0015,-2.9186,0.458,1.2095,0.166,-0.0041,0.0006,-2.0733,-2.2453,-5.7782,0.4071,-0.01,0.0015,-1.2191,0.3869,-2.9244,0.166,-0.0041,0.0006,2.9186,4.2634,,,17.9,holding
2026-09-21T12:51:12.118+09:00,TEST_0005_TEST_P01,TEST_P01,SOFT_GRIP_ENTRY,,678.1001586914062,60.48674774169922,486.7143859863281,178.59686279296875,-89.7825698852539,-179.95399475097656,-5.8393,-2.1044,2.05,0.4071,-0.01,0.0015,-2.9186,0.458,1.2095,0.166,-0.0041,0.0006,-2.0733,-2.2453,-5.7782,0.4071,-0.01,0.0015,-1.2191,0.3869,-2.9244,0.166,-0.0041,0.0006,2.9186,4.8397,,,17.9,holding
2026-09-21T12:51:12.174+09:00,TEST_0005_TEST_P01,TEST_P01,SOFT_GRIP_ENTRY,,678.6653442382812,60.49098205566406,486.7530517578125,178.5968475341797,-89.77941131591797,-179.9550323486328,-6.2338,-2.0724,1.902,0.4051,-0.0099,0.0015,-3.3131,0.49,1.0616,0.164,-0.004,0.0006,-1.9277,-2.2229,-6.1738,0.4051,-0.0099,0.0015,-1.0735,0.4094,-3.32,0.164,-0.004,0.0006,3.3131,5.4048,,,17.9,holding
2026-09-21T12:51:12.230+09:00,TEST_0005_TEST_P01,TEST_P01,SOFT_GRIP_ENTRY,,679.219482421875,60.46691131591797,486.8030700683594,178.5950164794922,-89.77509307861328,-179.94973754882812,-6.2338,-2.0724,1.902,0.4051,-0.0099,0.0015,-3.3131,0.49,1.0616,0.164,-0.004,0.0006,-1.9277,-2.2229,-6.1738,0.4051,-0.0099,0.0015,-1.0735,0.4094,-3.32,0.164,-0.004,0.0006,3.3131,5.959,,,17.9,holding
2026-09-21T12:51:12.286+09:00,TEST_0005_TEST_P01,TEST_P01,SOFT_GRIP_ENTRY,,679.7955322265625,60.438232421875,486.8403625488281,178.59230041503906,-89.77191162109375,-179.9482421875,-6.3615,-1.9173,1.8769,0.4043,-0.0099,0.0016,-3.4408,0.6451,1.0364,0.1633,-0.004,0.0006,-1.9033,-2.0711,-6.3051,0.4043,-0.0099,0.0016,-1.0492,0.5612,-3.4513,0.1633,-0.004,0.0006,3.4408,6.535,,,17.9,holding
2026-09-21T12:51:12.342+09:00,TEST_0005_TEST_P01,TEST_P01,SOFT_GRIP_ENTRY,,680.3533935546875,60.44300842285156,486.88983154296875,178.59255981445312,-89.76776885986328,-179.95053100585938,-6.3615,-1.9173,1.8769,0.4043,-0.0099,0.0016,-3.4408,0.6451,1.0364,0.1633,-0.004,0.0006,-1.9033,-2.0711,-6.3051,0.4043,-0.0099,0.0016,-1.0492,0.5612,-3.4513,0.1633,-0.004,0.0006,3.4408,7.0929,,,18.1,holding
2026-09-21T12:51:12.397+09:00,TEST_0005_TEST_P01,TEST_P01,SOFT_GRIP_ENTRY,,680.8834228515625,60.47709274291992,486.7775573730469,178.5960235595703,-89.77690887451172,-179.950439453125,-7.126,-1.9226,1.4435,0.4072,-0.01,0.0016,-4.2053,0.6397,0.603,0.1662,-0.0041,0.0007,-1.474,-2.0958,-7.0707,0.4072,-0.01,0.0016,-0.6199,0.5365,-4.2169,0.1662,-0.0041,0.0007,4.2053,7.6229,,,18.1,holding
2026-09-21T12:51:12.452+09:00,TEST_0005_TEST_P01,TEST_P01,SOFT_GRIP_ENTRY,,681.4525146484375,60.50055694580078,486.7301330566406,178.59776306152344,-89.78103637695312,-179.95120239257812,-7.7717,-1.9016,0.6802,0.4045,-0.0099,0.0016,-4.851,0.6607,-0.1603,0.1634,-0.004,0.0007,-0.7115,-2.0907,-7.7202,0.4045,-0.0099,0.0016,0.1426,0.5416,-4.8664,0.1634,-0.004,0.0007,4.851,8.192,,,18.1,holding
2026-09-21T12:51:12.508+09:00,TEST_0005_TEST_P01,TEST_P01,SOFT_GRIP_ENTRY,,682.0286865234375,60.495933532714844,486.75732421875,178.5972900390625,-89.77902221679688,-179.9545440673828,-7.7717,-1.9016,0.6802,0.4045,-0.0099,0.0016,-4.851,0.6607,-0.1603,0.1634,-0.004,0.0007,-0.7115,-2.0907,-7.7202,0.4045,-0.0099,0.0016,0.1426,0.5416,-4.8664,0.1634,-0.004,0.0007,4.851,8.7682,,,18.1,holding
2026-09-21T12:51:12.563+09:00,TEST_0005_TEST_P01,TEST_P01,SOFT_GRIP_ENTRY,,682.57470703125,60.46308517456055,486.77978515625,178.5948486328125,-89.7769546508789,-179.95263671875,-7.7456,-1.9819,0.3108,0.4144,-0.0102,0.0016,-4.8249,0.5805,-0.5296,0.1733,-0.0043,0.0007,-0.3421,-2.1708,-7.6935,0.4144,-0.0102,0.0016,0.512,0.4615,-4.8397,0.1733,-0.0043,0.0007,4.8249,9.3142,,,18.1,holding
2026-09-21T12:51:12.619+09:00,TEST_0005_TEST_P01,TEST_P01,SOFT_GRIP_ENTRY,,683.146728515625,60.44519805908203,486.776123046875,178.59339904785156,-89.77734375,-179.95098876953125,-7.7456,-1.9819,0.3108,0.4144,-0.0102,0.0016,-4.8249,0.5805,-0.5296,0.1733,-0.0043,0.0007,-0.3421,-2.1708,-7.6935,0.4144,-0.0102,0.0016,0.512,0.4615,-4.8397,0.1733,-0.0043,0.0007,4.8249,9.8862,,,18.1,holding
2026-09-21T12:51:12.674+09:00,TEST_0005_TEST_P01,TEST_P01,SOFT_GRIP_ENTRY,,683.7113037109375,60.44841766357422,486.71453857421875,178.59327697753906,-89.78246307373047,-179.9565887451172,-8.225,-1.9217,-0.0333,0.4116,-0.0101,0.0016,-5.3043,0.6407,-0.8738,0.1705,-0.0042,0.0007,-0.0003,-2.1231,-8.1754,0.4116,-0.0101,0.0016,0.8538,0.5092,-5.3215,0.1705,-0.0042,0.0007,5.3043,10.4508,,,18.2,holding
2026-09-21T12:51:12.729+09:00,TEST_0005_TEST_P01,TEST_P01,SOFT_GRIP_ENTRY,,684.2578125,60.46417236328125,486.7408752441406,178.59474182128906,-89.7801284790039,-179.9554901123047,-8.225,-1.9217,-0.0333,0.4116,-0.0101,0.0016,-5.3043,0.6407,-0.8738,0.1705,-0.0042,0.0007,-0.0003,-2.1231,-8.1754,0.4116,-0.0101,0.0016,0.8538,0.5092,-5.3215,0.1705,-0.0042,0.0007,5.3043,10.9973,,,18.2,holding
2026-09-21T12:51:12.784+09:00,TEST_0005_TEST_P01,TEST_P01,SOFT_GRIP_ENTRY,,684.8084716796875,60.46064758300781,486.81341552734375,178.5943145751953,-89.77415466308594,-179.9503936767578,-8.1201,-1.8744,-0.2947,0.4085,-0.01,0.0016,-5.1995,0.688,-1.1352,0.1674,-0.0041,0.0006,0.262,-2.0731,-8.0728,0.4085,-0.01,0.0016,1.1161,0.5591,-5.219,0.1674,-0.0041,0.0006,5.1995,11.548,,,18.2,holding
2026-09-21T12:51:12.840+09:00,TEST_0005_TEST_P01,TEST_P01,SOFT_GRIP_ENTRY,,685.3692626953125,60.42317581176758,486.7433776855469,178.5910186767578,-89.77987670898438,-179.95327758789062,-8.1201,-1.8744,-0.2947,0.4085,-0.01,0.0016,-5.1995,0.688,-1.1352,0.1674,-0.0041,0.0006,0.262,-2.0731,-8.0728,0.4085,-0.01,0.0016,1.1161,0.5591,-5.219,0.1674,-0.0041,0.0006,5.1995,12.1088,,,18.2,holding
2026-09-21T12:51:12.895+09:00,TEST_0005_TEST_P01,TEST_P01,SOFT_GRIP_ENTRY,,685.915771484375,60.38895797729492,486.74127197265625,178.5884552001953,-89.77970886230469,-179.95262145996094,-8.3926,-1.737,-0.2283,0.4117,-0.0101,0.0016,-5.4719,0.8254,-1.0688,0.1706,-0.0042,0.0007,0.1947,-1.9431,-8.3482,0.4117,-0.0101,0.0016,1.0488,0.6892,-5.4943,0.1706,-0.0042,0.0007,5.4719,12.6553,,,18.2,holding
2026-09-21T12:51:12.950+09:00,TEST_0005_TEST_P01,TEST_P01,SOFT_GRIP_ENTRY,,686.4650268554688,60.38324737548828,486.8111572265625,178.5878448486328,-89.7737808227539,-179.9477081298828,-8.9536,-1.9221,-0.6992,0.3993,-0.0098,0.0015,-6.0329,0.6403,-1.5397,0.1582,-0.0039,0.0006,0.6621,-2.1428,-8.9062,0.3993,-0.0098,0.0015,1.5162,0.4895,-6.0524,0.1582,-0.0039,0.0006,6.0329,13.2045,,,18.2,holding
2026-09-21T12:51:13.006+09:00,TEST_0005_TEST_P01,TEST_P01,SOFT_GRIP_ENTRY,,687.0277709960938,60.39855194091797,486.83563232421875,178.5889892578125,-89.77200317382812,-179.94766235351562,-8.9536,-1.9221,-0.6992,0.3993,-0.0098,0.0015,-6.0329,0.6403,-1.5397,0.1582,-0.0039,0.0006,0.6621,-2.1428,-8.9062,0.3993,-0.0098,0.0015,1.5162,0.4895,-6.0524,0.1582,-0.0039,0.0006,6.0329,13.7673,,,18.2,holding
2026-09-21T12:51:13.062+09:00,TEST_0005_TEST_P01,TEST_P01,SOFT_GRIP_ENTRY,,687.5891723632812,60.4069709777832,486.83746337890625,178.5897979736328,-89.77169036865234,-179.95266723632812,-9.0059,-1.8771,-0.7988,0.4042,-0.01,0.0016,-6.0852,0.6853,-1.6392,0.1631,-0.0041,0.0007,0.7616,-2.0988,-8.96,0.4042,-0.01,0.0016,1.6157,0.5335,-6.1062,0.1631,-0.0041,0.0007,6.0852,14.3287,,,18.2,holding
2026-09-21T12:51:13.119+09:00,TEST_0005_TEST_P01,TEST_P01,SOFT_GRIP_ENTRY,,688.1422119140625,60.392269134521484,486.8192138671875,178.589111328125,-89.7731704711914,-179.95159912109375,-9.0059,-1.8771,-0.7988,0.4042,-0.01,0.0016,-6.0852,0.6853,-1.6392,0.1631,-0.0041,0.0007,0.7616,-2.0988,-8.96,0.4042,-0.01,0.0016,1.6157,0.5335,-6.1062,0.1631,-0.0041,0.0007,6.0852,14.8817,,,18.2,holding
2026-09-21T12:51:13.174+09:00,TEST_0005_TEST_P01,TEST_P01,SOFT_GRIP_ENTRY,,688.6912841796875,60.369632720947266,486.8609619140625,178.5871124267578,-89.76993560791016,-179.9483184814453,-9.4622,-1.6243,-0.9465,0.4058,-0.01,0.0016,-6.5415,0.9381,-1.787,0.1647,-0.0041,0.0007,0.9072,-1.8578,-9.423,0.4058,-0.01,0.0016,1.7614,0.7745,-6.5692,0.1647,-0.0041,0.0007,6.5415,15.4308,,,18.2,holding
2026-09-21T12:51:13.229+09:00,TEST_0005_TEST_P01,TEST_P01,SOFT_GRIP_ENTRY,,689.2594604492188,60.37928009033203,486.91064453125,178.58763122558594,-89.76583099365234,-179.95184326171875,-9.4622,-1.6243,-0.9465,0.4058,-0.01,0.0016,-6.5415,0.9381,-1.787,0.1647,-0.0041,0.0007,0.9072,-1.8578,-9.423,0.4058,-0.01,0.0016,1.7614,0.7745,-6.5692,0.1647,-0.0041,0.0007,6.5415,15.999,,,18.2,holding
2026-09-21T12:51:13.284+09:00,TEST_0005_TEST_P01,TEST_P01,SOFT_GRIP_ENTRY,,689.7876586914062,60.408023834228516,486.8493957519531,178.5905303955078,-89.77066802978516,-179.95358276367188,-9.7207,-1.834,-0.9272,0.4063,-0.01,0.0016,-6.8,0.7283,-1.7677,0.1653,-0.0041,0.0007,0.8861,-2.0737,-9.6762,0.4063,-0.01,0.0016,1.7403,0.5586,-6.8224,0.1653,-0.0041,0.0007,6.8,16.5272,,,18.2,holding
2026-09-21T12:51:13.339+09:00,TEST_0005_TEST_P01,TEST_P01,SOFT_GRIP_ENTRY,,690.322265625,60.433982849121094,486.81829833984375,178.5928955078125,-89.77323913574219,-179.9515838623047,-9.7207,-1.834,-0.9272,0.4063,-0.01,0.0016,-6.8,0.7283,-1.7677,0.1653,-0.0041,0.0007,0.8861,-2.0737,-9.6762,0.4063,-0.01,0.0016,1.7403,0.5586,-6.8224,0.1653,-0.0041,0.0007,6.8,17.0618,,,18.2,holding
2026-09-21T12:51:13.396+09:00,TEST_0005_TEST_P01,TEST_P01,SOFT_GRIP_ENTRY,,690.8919677734375,60.43412399291992,486.8500061035156,178.592529296875,-89.77050018310547,-179.95050048828125,-10.0993,-1.9867,-0.994,0.4049,-0.01,0.0016,-7.1786,0.5757,-1.8345,0.1638,-0.0041,0.0007,0.9524,-2.2349,-10.0513,0.4049,-0.01,0.0016,1.8065,0.3974,-7.1975,0.1638,-0.0041,0.0007,7.1786,17.6315,,,18.2,holding
2026-09-21T12:51:13.451+09:00,TEST_0005_TEST_P01,TEST_P01,SOFT_GRIP_ENTRY,,691.4512329101562,60.40176773071289,486.9057312011719,178.58990478515625,-89.76575469970703,-179.9535675048828,-10.5353,-2.0648,-1.2531,0.4018,-0.0099,0.0016,-7.6146,0.4976,-2.0935,0.1608,-0.004,0.0007,1.2082,-2.3244,-10.4864,0.4018,-0.0099,0.0016,2.0623,0.3079,-7.6325,0.1608,-0.004,0.0007,7.6146,18.1907,,,18.2,holding
2026-09-21T12:51:13.508+09:00,TEST_0005_TEST_P01,TEST_P01,SOFT_GRIP_ENTRY,,692.0172119140625,60.375553131103516,486.9110412597656,178.58773803710938,-89.76513671875,-179.9497528076172,-10.5353,-2.0648,-1.2531,0.4018,-0.0099,0.0016,-7.6146,0.4976,-2.0935,0.1608,-0.004,0.0007,1.2082,-2.3244,-10.4864,0.4018,-0.0099,0.0016,2.0623,0.3079,-7.6325,0.1608,-0.004,0.0007,7.6146,18.7567,,,18.4,holding
2026-09-21T12:51:13.565+09:00,TEST_0005_TEST_P01,TEST_P01,SOFT_GRIP_ENTRY,,692.5873413085938,60.383323669433594,486.8484802246094,178.58819580078125,-89.7702865600586,-179.94703674316406,-10.8498,-2.202,-1.4804,0.3888,-0.0096,0.0016,-7.9291,0.3604,-2.3209,0.1477,-0.0037,0.0007,1.4348,-2.47,-10.7981,0.3888,-0.0096,0.0016,2.2889,0.1623,-7.9443,0.1477,-0.0037,0.0007,7.9291,19.3268,,,18.4,holding
2026-09-21T12:51:13.621+09:00,TEST_0005_TEST_P01,TEST_P01,SOFT_GRIP_ENTRY,,693.1544189453125,60.410011291503906,486.888916015625,178.59039306640625,-89.76714324951172,-179.94943237304688,-10.8498,-2.202,-1.4804,0.3888,-0.0096,0.0016,-7.9291,0.3604,-2.3209,0.1477,-0.0037,0.0007,1.4348,-2.47,-10.7981,0.3888,-0.0096,0.0016,2.2889,0.1623,-7.9443,0.1477,-0.0037,0.0007,7.9291,19.8939,,,18.4,holding
2026-09-21T12:51:13.676+09:00,TEST_0005_TEST_P01,TEST_P01,SOFT_GRIP_ENTRY,,693.7100219726562,60.4288330078125,486.88104248046875,178.59217834472656,-89.76763153076172,-179.9524383544922,-11.2876,-2.3208,-1.6555,0.3838,-0.0094,0.0016,-8.3669,0.2416,-2.4959,0.1427,-0.0035,0.0006,1.6075,-2.5989,-11.2337,0.3838,-0.0094,0.0016,2.4616,0.0333,-8.3799,0.1427,-0.0035,0.0006,8.3669,20.4495,,,18.4,holding
2026-09-21T12:51:13.733+09:00,TEST_0005_TEST_P01,TEST_P01,SOFT_GRIP_ENTRY,,694.2739868164062,60.42112350463867,486.8370666503906,178.59149169921875,-89.7711181640625,-179.95103454589844,-11.2876,-2.3208,-1.6555,0.3838,-0.0094,0.0016,-8.3669,0.2416,-2.4959,0.1427,-0.0035,0.0006,1.6075,-2.5989,-11.2337,0.3838,-0.0094,0.0016,2.4616,0.0333,-8.3799,0.1427,-0.0035,0.0006,8.3669,21.0135,,,18.4,holding
2026-09-21T12:51:13.788+09:00,TEST_0005_TEST_P01,TEST_P01,SOFT_GRIP_ENTRY,,694.84814453125,60.39586639404297,486.8315734863281,178.5893096923828,-89.77169799804688,-179.9494171142578,-11.8717,-2.6041,-1.4406,0.3755,-0.0092,0.0015,-8.951,-0.0417,-2.2811,0.1344,-0.0033,0.0006,1.3912,-2.8964,-11.8097,0.3755,-0.0092,0.0015,2.2453,-0.2641,-8.9559,0.1344,-0.0033,0.0006,8.951,21.5876,,,18.4,holding
2026-09-21T12:51:13.844+09:00,TEST_0005_TEST_P01,TEST_P01,SOFT_GRIP_ENTRY,,695.4116821289062,60.38974380493164,486.8231506347656,178.58880615234375,-89.77230072021484,-179.9531707763672,-12.279,-2.8419,-1.2739,0.3777,-0.0093,0.0015,-9.3583,-0.2795,-2.1144,0.1367,-0.0034,0.0006,1.2229,-3.1444,-12.2103,0.3777,-0.0093,0.0015,2.077,-0.5122,-9.3565,0.1367,-0.0034,0.0006,9.3583,22.1512,,,18.4,holding
2026-09-21T12:51:13.900+09:00,TEST_0005_TEST_P01,TEST_P01,SOFT_GRIP_ENTRY,,695.9759521484375,60.40987014770508,486.8311462402344,178.59051513671875,-89.77151489257812,-179.9560546875,-12.279,-2.8419,-1.2739,0.3777,-0.0093,0.0015,-9.3583,-0.2795,-2.1144,0.1367,-0.0034,0.0006,1.2229,-3.1444,-12.2103,0.3777,-0.0093,0.0015,2.077,-0.5122,-9.3565,0.1367,-0.0034,0.0006,9.3583,22.7155,,,18.4,holding
2026-09-21T12:51:13.955+09:00,TEST_0005_TEST_P01,TEST_P01,SOFT_GRIP_ENTRY,,696.5335693359375,60.4378547668457,486.78765869140625,178.59271240234375,-89.77509307861328,-179.95327758789062,-12.8714,-3.132,-1.6794,0.3784,-0.0093,0.0015,-9.9507,-0.5697,-2.5199,0.1373,-0.0034,0.0006,1.6259,-3.4486,-12.7972,0.3784,-0.0093,0.0015,2.48,-0.8163,-9.9433,0.1373,-0.0034,0.0006,9.9507,23.2731,,,18.4,holding
2026-09-21T12:51:14.011+09:00,TEST_0005_TEST_P01,TEST_P01,SOFT_GRIP_ENTRY,,697.0657958984375,60.445274353027344,486.75299072265625,178.59326171875,-89.77799224853516,-179.94996643066406,-12.8714,-3.132,-1.6794,0.3784,-0.0093,0.0015,-9.9507,-0.5697,-2.5199,0.1373,-0.0034,0.0006,1.6259,-3.4486,-12.7972,0.3784,-0.0093,0.0015,2.48,-0.8163,-9.9433,0.1373,-0.0034,0.0006,9.9507,23.8053,,,18.4,holding
2026-09-21T12:51:14.067+09:00,TEST_0005_TEST_P01,TEST_P01,SOFT_GRIP_ENTRY,,697.5250244140625,60.4250373840332,486.76129150390625,178.5921173095703,-89.7772216796875,-179.95126342773438,-12.7127,-2.9869,-1.867,0.3855,-0.0095,0.0015,-9.792,-0.4245,-2.7075,0.1444,-0.0036,0.0006,1.8149,-3.2998,-12.6427,0.3855,-0.0095,0.0015,2.669,-0.6675,-9.7889,0.1444,-0.0036,0.0006,9.792,24.2645,,,18.4,holding
2026-09-21T12:51:15.123+09:00,TEST_0005_TEST_P01,TEST_P01,SOFT_GRIP_ENTRY,SOFT_GRIP_STABILIZATION_END,698.1738891601562,60.35368347167969,486.8615417480469,178.5862274169922,-89.76512145996094,-179.94664001464844,-10.1649,-1.8567,-2.2241,0.4877,-0.012,0.0019,0.0,0.0,0.0,0.0,0.0,0.0,2.1824,-2.1089,-10.1247,0.4877,-0.012,0.0019,0.0,0.0,0.0,0.0,0.0,0.0,,,,,18.6,holding
2026-09-21T12:51:15.184+09:00,TEST_0005_TEST_P01,TEST_P01,HARD_GRIP,HARD_GRIP_COMMAND,698.1744384765625,60.35298156738281,486.91876220703125,178.58609008789062,-89.76040649414062,-179.9458770751953,-9.1772,-2.0603,-1.4327,0.5136,-0.0127,0.0021,0.0,0.0,0.0,0.0,0.0,0.0,1.3928,-2.2874,-9.1294,0.5136,-0.0127,0.0021,0.0,0.0,0.0,0.0,0.0,0.0,,,,,18.6,holding
2026-09-21T12:51:16.188+09:00,TEST_0005_TEST_P01,TEST_P01,HARD_GRIP,HARD_GRIP_STABILIZATION_END,698.1167602539062,60.36745071411133,487.02935791015625,178.58802795410156,-89.75163269042969,-179.94740295410156,-8.7399,-3.0267,-4.4077,0.581,-0.0143,0.0025,0.0,0.0,0.0,0.0,0.0,0.0,4.3671,-3.2451,-8.6817,0.581,-0.0143,0.0025,0.0,0.0,0.0,0.0,0.0,0.0,,,,,17.7,moving
2026-09-21T12:51:16.223+09:00,TEST_0005_TEST_P01,TEST_P01,PULL_TEST,,698.115478515625,60.367225646972656,487.0303649902344,178.58802795410156,-89.75155639648438,-179.94752502441406,-8.7399,-3.0267,-4.4077,0.581,-0.0143,0.0025,0.0,0.0,0.0,0.0,0.0,0.0,4.3671,-3.2451,-8.6817,0.581,-0.0143,0.0025,0.0,0.0,0.0,0.0,0.0,0.0,,,0.0,0.0007,17.7,moving
2026-09-21T12:51:16.278+09:00,TEST_0005_TEST_P01,TEST_P01,PULL_TEST,,698.107177734375,60.367034912109375,487.04180908203125,178.588134765625,-89.75064086914062,-179.94735717773438,-9.9302,-3.2529,-4.5558,0.5801,-0.0143,0.0025,-1.1902,-0.2262,-0.1482,-0.0009,0.0,-0.0,4.5099,-3.5007,-9.8667,0.5801,-0.0143,0.0025,0.1428,-0.2556,-1.185,-0.0009,0.0,-0.0,,,1.1902,0.009,17.6,moving
2026-09-21T12:51:16.334+09:00,TEST_0005_TEST_P01,TEST_P01,PULL_TEST,,698.0474853515625,60.36438751220703,487.08990478515625,178.58863830566406,-89.74696350097656,-179.94589233398438,-9.9302,-3.2529,-4.5558,0.5801,-0.0143,0.0025,-1.1902,-0.2262,-0.1482,-0.0009,0.0,-0.0,4.5099,-3.5007,-9.8667,0.5801,-0.0143,0.0025,0.1428,-0.2556,-1.185,-0.0009,0.0,-0.0,,,1.1902,0.0687,17.6,moving
2026-09-21T12:51:16.391+09:00,TEST_0005_TEST_P01,TEST_P01,PULL_TEST,,697.86572265625,60.362815856933594,487.11846923828125,178.5895538330078,-89.74530792236328,-179.9402618408203,-10.7881,-3.5049,-5.2757,0.5596,-0.0138,0.0025,-2.0481,-0.4782,-0.868,-0.0214,0.0005,-0.0001,5.2247,-3.7745,-10.7217,0.5596,-0.0138,0.0025,0.8576,-0.5293,-2.04,-0.0214,0.0005,-0.0001,,,2.0481,0.2505,17.6,moving
2026-09-21T12:51:16.447+09:00,TEST_0005_TEST_P01,TEST_P01,PULL_TEST,,697.5543212890625,60.34511947631836,487.2029724121094,178.5872802734375,-89.73719787597656,-179.93878173828125,-10.8134,-3.8136,-5.865,0.5624,-0.0139,0.0025,-2.0735,-0.7869,-1.4573,-0.0187,0.0005,-0.0,5.8115,-4.0852,-10.7428,0.5624,-0.0139,0.0025,1.4444,-0.8401,-2.0611,-0.0187,0.0005,-0.0,,,2.0735,0.5619,17.6,moving
2026-09-21T12:51:16.505+09:00,TEST_0005_TEST_P01,TEST_P01,PULL_TEST,,697.0576782226562,60.32070541381836,487.17413330078125,178.5853729248047,-89.73849487304688,-179.939453125,-10.8134,-3.8136,-5.865,0.5624,-0.0139,0.0025,-2.0735,-0.7869,-1.4573,-0.0187,0.0005,-0.0,5.8115,-4.0852,-10.7428,0.5624,-0.0139,0.0025,1.4444,-0.8401,-2.0611,-0.0187,0.0005,-0.0,,,2.0735,1.0585,17.6,moving
2026-09-21T12:51:16.560+09:00,TEST_0005_TEST_P01,TEST_P01,PULL_TEST,,696.4984130859375,60.31858444213867,487.13116455078125,178.5854034423828,-89.74130249023438,-179.93885803222656,-10.8565,-4.0826,-6.2944,0.6112,-0.0151,0.0028,-2.1166,-1.0559,-1.8867,0.0302,-0.0008,0.0003,6.2404,-4.3562,-10.7811,0.6112,-0.0151,0.0028,1.8732,-1.111,-2.0994,0.0302,-0.0008,0.0003,,,2.1166,1.6178,17.6,moving
2026-09-21T12:51:16.618+09:00,TEST_0005_TEST_P01,TEST_P01,PULL_TEST,,695.9331665039062,60.32299041748047,487.1261901855469,178.58554077148438,-89.7408218383789,-179.94126892089844,-10.8565,-4.0826,-6.2944,0.6112,-0.0151,0.0028,-2.1166,-1.0559,-1.8867,0.0302,-0.0008,0.0003,6.2404,-4.3562,-10.7811,0.6112,-0.0151,0.0028,1.8732,-1.111,-2.0994,0.0302,-0.0008,0.0003,,,2.1166,2.183,17.6,moving
2026-09-21T12:51:16.673+09:00,TEST_0005_TEST_P01,TEST_P01,PULL_TEST,,695.3543701171875,60.30046081542969,487.17120361328125,178.5836944580078,-89.73658752441406,-179.94509887695312,-11.2422,-4.1878,-6.1009,0.6865,-0.017,0.0031,-2.5023,-1.1612,-1.6932,0.1054,-0.0026,0.0006,6.0464,-4.47,-11.1627,0.6865,-0.017,0.0031,1.6792,-1.2249,-2.481,0.1054,-0.0026,0.0006,,,2.5023,2.7618,17.6,moving
2026-09-21T12:51:16.728+09:00,TEST_0005_TEST_P01,TEST_P01,PULL_TEST,,694.7871704101562,60.27716827392578,487.15972900390625,178.581787109375,-89.73735046386719,-179.94358825683594,-11.2422,-4.1878,-6.1009,0.6865,-0.017,0.0031,-2.5023,-1.1612,-1.6932,0.1054,-0.0026,0.0006,6.0464,-4.47,-11.1627,0.6865,-0.017,0.0031,1.6792,-1.2249,-2.481,0.1054,-0.0026,0.0006,,,2.5023,3.329,17.6,moving
2026-09-21T12:51:16.784+09:00,TEST_0005_TEST_P01,TEST_P01,PULL_TEST,,694.2476196289062,60.27077865600586,487.0863342285156,178.5810089111328,-89.74327087402344,-179.94065856933594,-11.1134,-4.1593,-6.1086,0.7537,-0.0186,0.0034,-2.3734,-1.1326,-1.701,0.1726,-0.0043,0.0009,6.0538,-4.4392,-11.0348,0.7537,-0.0186,0.0034,1.6866,-1.194,-2.3531,0.1726,-0.0043,0.0009,,,2.3734,3.8686,17.6,moving
2026-09-21T12:51:16.841+09:00,TEST_0005_TEST_P01,TEST_P01,PULL_TEST,,693.7636108398438,60.29170608520508,487.10302734375,178.58258056640625,-89.74174499511719,-179.93997192382812,-11.1134,-4.1593,-6.1086,0.7537,-0.0186,0.0034,-2.3734,-1.1326,-1.701,0.1726,-0.0043,0.0009,6.0538,-4.4392,-11.0348,0.7537,-0.0186,0.0034,1.6866,-1.194,-2.3531,0.1726,-0.0043,0.0009,,,2.3734,4.3526,17.6,moving
2026-09-21T12:51:27.613+09:00,TEST_0005_TEST_P01,TEST_P01,RELEASE,RETURN_SOFT_GRIP_COMMAND,693.1180419921875,60.36414337158203,487.01434326171875,178.58795166015625,-89.7525863647461,-179.94754028320312,-4.176,-2.6206,-1.739,0.7286,-0.018,0.0031,0.0,0.0,0.0,0.0,0.0,0.0,1.7188,-2.7243,-4.1176,0.7286,-0.018,0.0031,0.0,0.0,0.0,0.0,0.0,0.0,,,,,17.4,holding
2026-09-21T12:51:28.325+09:00,TEST_0005_TEST_P01,TEST_P01,RELEASE,RETURN_SOFT_GRIP_OPEN_REACHED,693.118408203125,60.36433792114258,487.03533935546875,178.5879669189453,-89.7508544921875,-179.94735717773438,-2.7688,-2.4666,0.5551,0.7424,-0.0183,0.0032,0.0,0.0,0.0,0.0,0.0,0.0,-0.5692,-2.5336,-2.7047,0.7424,-0.0183,0.0032,0.0,0.0,0.0,0.0,0.0,0.0,,,,,22.6,holding
2026-09-21T12:52:16.662+09:00,TEST_0006_TEST_P01,TEST_P01,SOFT_GRIP_ENTRY,SOFT_GRIP_COMMAND,673.2630615234375,60.51712417602539,486.6686706542969,178.5970001220703,-89.78050994873047,-179.9427032470703,-3.5181,-2.6877,0.8365,0.2272,-0.0056,0.0009,0.0,0.0,0.0,0.0,0.0,0.0,-0.8525,-2.7722,-3.448,0.2272,-0.0056,0.0009,0.0,0.0,0.0,0.0,0.0,0.0,,,,,74.5,moving
2026-09-21T12:52:23.415+09:00,TEST_0006_TEST_P01,TEST_P01,SOFT_GRIP_ENTRY,ENTRY_MOTION_START_WIDTH_REACHED,673.1014404296875,60.38456344604492,486.8485412597656,178.58993530273438,-89.76624298095703,-179.95040893554688,-2.9742,-2.4896,0.3881,0.4583,-0.0113,0.0019,0.5439,0.1981,-0.4484,0.2311,-0.0057,0.001,-0.4022,-2.5617,-2.9104,0.4583,-0.0113,0.0019,0.4503,0.2105,0.5375,0.2311,-0.0057,0.001,,,,,21.9,moving
2026-09-21T12:52:23.447+09:00,TEST_0006_TEST_P01,TEST_P01,SOFT_GRIP_ENTRY,,673.1014404296875,60.38456344604492,486.8485412597656,178.58993530273438,-89.76624298095703,-179.95040893554688,-2.9556,-2.5032,0.1136,0.448,-0.011,0.0018,0.5625,0.1845,-0.7229,0.2208,-0.0055,0.001,-0.1276,-2.5751,-2.8926,0.448,-0.011,0.0018,0.7248,0.1971,0.5554,0.2208,-0.0055,0.001,0.5625,-0.1622,,,21.8,moving
2026-09-21T12:52:23.505+09:00,TEST_0006_TEST_P01,TEST_P01,SOFT_GRIP_ENTRY,,673.10791015625,60.38640594482422,486.833740234375,178.59005737304688,-89.76752471923828,-179.95065307617188,-2.9556,-2.5032,0.1136,0.448,-0.011,0.0018,0.5625,0.1845,-0.7229,0.2208,-0.0055,0.001,-0.1276,-2.5751,-2.8926,0.448,-0.011,0.0018,0.7248,0.1971,0.5554,0.2208,-0.0055,0.001,0.5625,-0.1557,,,20.4,moving
2026-09-21T12:52:23.560+09:00,TEST_0006_TEST_P01,TEST_P01,SOFT_GRIP_ENTRY,,673.1734008789062,60.400062561035156,486.7102966308594,178.59034729003906,-89.77774810791016,-179.95350646972656,-3.176,-2.5592,-1.174,0.4269,-0.0105,0.0017,0.3421,0.1285,-2.0105,0.1996,-0.0049,0.0009,1.1596,-2.6375,-3.1167,0.4269,-0.0105,0.0017,2.012,0.1346,0.3313,0.1996,-0.0049,0.0009,0.3421,-0.0902,,,19.6,moving
2026-09-21T12:52:23.615+09:00,TEST_0006_TEST_P01,TEST_P01,SOFT_GRIP_ENTRY,,673.3302612304688,60.44839859008789,486.4351501464844,178.5941162109375,-89.80034637451172,-179.968017578125,-3.176,-2.5592,-1.174,0.4269,-0.0105,0.0017,0.3421,0.1285,-2.0105,0.1996,-0.0049,0.0009,1.1596,-2.6375,-3.1167,0.4269,-0.0105,0.0017,2.012,0.1346,0.3313,0.1996,-0.0049,0.0009,0.3421,0.0667,,,19.3,moving
2026-09-21T12:52:23.671+09:00,TEST_0006_TEST_P01,TEST_P01,SOFT_GRIP_ENTRY,,673.61474609375,60.50853729248047,486.18585205078125,178.60003662109375,-89.82203674316406,-179.97869873046875,-4.2806,-2.7,-1.5,0.4474,-0.011,0.0016,-0.7625,-0.0123,-2.3365,0.2202,-0.0054,0.0007,1.4852,-2.8046,-4.2181,0.4474,-0.011,0.0016,2.3377,-0.0324,-0.7701,0.2202,-0.0054,0.0007,0.7625,0.3511,,,18.9,moving
2026-09-21T12:52:23.726+09:00,TEST_0006_TEST_P01,TEST_P01,SOFT_GRIP_ENTRY,,674.0968627929688,60.53116226196289,486.2882995605469,178.6014862060547,-89.81468200683594,-179.97280883789062,-4.2806,-2.7,-1.5,0.4474,-0.011,0.0016,-0.7625,-0.0123,-2.3365,0.2202,-0.0054,0.0007,1.4852,-2.8046,-4.2181,0.4474,-0.011,0.0016,2.3377,-0.0324,-0.7701,0.2202,-0.0054,0.0007,0.7625,0.8333,,,18.9,moving
2026-09-21T12:52:23.782+09:00,TEST_0006_TEST_P01,TEST_P01,SOFT_GRIP_ENTRY,,674.6650390625,60.52965545654297,486.3321838378906,178.60073852539062,-89.81211853027344,-179.9640655517578,-5.6609,-2.5195,-1.3011,0.3705,-0.0091,0.0012,-2.1428,0.1682,-2.1376,0.1433,-0.0035,0.0003,1.2815,-2.6576,-5.6019,0.3705,-0.0091,0.0012,2.134,0.1146,-2.1539,0.1433,-0.0035,0.0003,2.1428,1.4014,,,18.8,moving
2026-09-21T12:52:23.839+09:00,TEST_0006_TEST_P01,TEST_P01,SOFT_GRIP_ENTRY,,675.2296142578125,60.53437423706055,486.3619689941406,178.600830078125,-89.81050872802734,-179.96292114257812,-5.6609,-2.5195,-1.3011,0.3705,-0.0091,0.0012,-2.1428,0.1682,-2.1376,0.1433,-0.0035,0.0003,1.2815,-2.6576,-5.6019,0.3705,-0.0091,0.0012,2.134,0.1146,-2.1539,0.1433,-0.0035,0.0003,2.1428,1.966,,,18.8,moving
2026-09-21T12:52:23.894+09:00,TEST_0006_TEST_P01,TEST_P01,SOFT_GRIP_ENTRY,,675.805908203125,60.55009460449219,486.4406433105469,178.60250854492188,-89.80445098876953,-179.9573974609375,-5.6891,-2.3996,-0.966,0.3712,-0.0091,0.0012,-2.1711,0.2881,-1.8025,0.144,-0.0035,0.0004,0.9456,-2.5384,-5.6321,0.3712,-0.0091,0.0012,1.798,0.2338,-2.1841,0.144,-0.0035,0.0004,2.1711,2.5423,,,18.8,moving
2026-09-21T12:52:23.950+09:00,TEST_0006_TEST_P01,TEST_P01,SOFT_GRIP_ENTRY,,676.399169921875,60.53692626953125,486.5372619628906,178.60113525390625,-89.79676055908203,-179.9548797607422,-5.8084,-2.3035,-1.1194,0.3774,-0.0092,0.0013,-2.2903,0.3842,-1.9559,0.1502,-0.0036,0.0004,1.0971,-2.4454,-5.7544,0.3774,-0.0092,0.0013,1.9495,0.3267,-2.3064,0.1502,-0.0036,0.0004,2.2903,3.1356,,,18.8,moving
2026-09-21T12:52:24.006+09:00,TEST_0006_TEST_P01,TEST_P01,SOFT_GRIP_ENTRY,,676.9512329101562,60.49201965332031,486.5928039550781,178.5973358154297,-89.7925033569336,-179.9590301513672,-5.8084,-2.3035,-1.1194,0.3774,-0.0092,0.0013,-2.2903,0.3842,-1.9559,0.1502,-0.0036,0.0004,1.0971,-2.4454,-5.7544,0.3774,-0.0092,0.0013,1.9495,0.3267,-2.3064,0.1502,-0.0036,0.0004,2.2903,3.6876,,,18.8,moving
2026-09-21T12:52:24.061+09:00,TEST_0006_TEST_P01,TEST_P01,SOFT_GRIP_ENTRY,,677.5045776367188,60.47529220581055,486.6734619140625,178.59629821777344,-89.78575134277344,-179.9564666748047,-6.6585,-2.0403,-0.6348,0.3892,-0.0095,0.0014,-3.1404,0.6474,-1.4713,0.1619,-0.004,0.0005,0.6088,-2.2032,-6.6088,0.3892,-0.0095,0.0014,1.4613,0.569,-3.1608,0.1619,-0.004,0.0005,3.1404,4.241,,,18.8,moving
2026-09-21T12:52:24.116+09:00,TEST_0006_TEST_P01,TEST_P01,SOFT_GRIP_ENTRY,,678.0677490234375,60.48850631713867,486.68878173828125,178.5972137451172,-89.78459930419922,-179.95462036132812,-6.6585,-2.0403,-0.6348,0.3892,-0.0095,0.0014,-3.1404,0.6474,-1.4713,0.1619,-0.004,0.0005,0.6088,-2.2032,-6.6088,0.3892,-0.0095,0.0014,1.4613,0.569,-3.1608,0.1619,-0.004,0.0005,3.1404,4.8041,,,18.8,moving
2026-09-21T12:52:24.172+09:00,TEST_0006_TEST_P01,TEST_P01,SOFT_GRIP_ENTRY,,678.6319580078125,60.49467468261719,486.75164794921875,178.59735107421875,-89.77948760986328,-179.95509338378906,-7.8674,-1.9462,-0.8083,0.385,-0.0094,0.0014,-4.3494,0.7415,-1.6448,0.1577,-0.0039,0.0006,0.7766,-2.1388,-7.8205,0.385,-0.0094,0.0014,1.6291,0.6334,-4.3725,0.1577,-0.0039,0.0006,4.3494,5.3683,,,18.8,moving
2026-09-21T12:52:24.228+09:00,TEST_0006_TEST_P01,TEST_P01,SOFT_GRIP_ENTRY,,679.1864013671875,60.47319030761719,486.8157958984375,178.59573364257812,-89.77400207519531,-179.95001220703125,-7.8674,-1.9462,-0.8083,0.385,-0.0094,0.0014,-4.3494,0.7415,-1.6448,0.1577,-0.0039,0.0006,0.7766,-2.1388,-7.8205,0.385,-0.0094,0.0014,1.6291,0.6334,-4.3725,0.1577,-0.0039,0.0006,4.3494,5.9228,,,18.8,moving
2026-09-21T12:52:24.283+09:00,TEST_0006_TEST_P01,TEST_P01,SOFT_GRIP_ENTRY,,679.7472534179688,60.44615173339844,486.864013671875,178.59312438964844,-89.76985168457031,-179.9474639892578,-8.3489,-1.827,-0.7558,0.3875,-0.0095,0.0015,-4.8308,0.8607,-1.5922,0.1603,-0.0039,0.0006,0.7215,-2.0318,-8.3045,0.3875,-0.0095,0.0015,1.5739,0.7404,-4.8565,0.1603,-0.0039,0.0006,4.8308,6.4836,,,18.8,moving
2026-09-21T12:52:24.339+09:00,TEST_0006_TEST_P01,TEST_P01,SOFT_GRIP_ENTRY,,680.307373046875,60.45209503173828,486.9277648925781,178.59361267089844,-89.76470184326172,-179.94979858398438,-8.3489,-1.827,-0.7558,0.3875,-0.0095,0.0015,-4.8308,0.8607,-1.5922,0.1603,-0.0039,0.0006,0.7215,-2.0318,-8.3045,0.3875,-0.0095,0.0015,1.5739,0.7404,-4.8565,0.1603,-0.0039,0.0006,4.8308,7.0438,,,18.8,moving
2026-09-21T12:52:24.395+09:00,TEST_0006_TEST_P01,TEST_P01,SOFT_GRIP_ENTRY,,680.85302734375,60.47943115234375,486.846435546875,178.59617614746094,-89.77108764648438,-179.94876098632812,-9.7138,-1.7671,-0.8794,0.3955,-0.0097,0.0016,-6.1957,0.9206,-1.7159,0.1682,-0.0041,0.0007,0.8377,-2.0057,-9.671,0.3955,-0.0097,0.0016,1.6902,0.7665,-6.223,0.1682,-0.0041,0.0007,6.1957,7.5894,,,18.9,moving
2026-09-21T12:52:24.450+09:00,TEST_0006_TEST_P01,TEST_P01,SOFT_GRIP_ENTRY,,681.4163208007812,60.50982666015625,486.8121032714844,178.59864807128906,-89.77417755126953,-179.95004272460938,-10.3307,-1.8225,-0.9189,0.3985,-0.0098,0.0016,-6.8126,0.8652,-1.7554,0.1713,-0.0042,0.0007,0.8765,-2.0754,-10.2866,0.3985,-0.0098,0.0016,1.7289,0.6968,-6.8386,0.1713,-0.0042,0.0007,6.8126,8.1527,,,18.9,moving
2026-09-21T12:52:24.507+09:00,TEST_0006_TEST_P01,TEST_P01,SOFT_GRIP_ENTRY,,681.9998779296875,60.51437759399414,486.8415222167969,178.59898376464844,-89.77203369140625,-179.95228576660156,-10.3307,-1.8225,-0.9189,0.3985,-0.0098,0.0016,-6.8126,0.8652,-1.7554,0.1713,-0.0042,0.0007,0.8765,-2.0754,-10.2866,0.3985,-0.0098,0.0016,1.7289,0.6968,-6.8386,0.1713,-0.0042,0.0007,6.8126,8.7363,,,18.9,moving
2026-09-21T12:52:24.564+09:00,TEST_0006_TEST_P01,TEST_P01,SOFT_GRIP_ENTRY,,682.57080078125,60.48431396484375,486.86224365234375,178.5968017578125,-89.7701416015625,-179.95123291015625,-11.195,-1.7194,-1.1378,0.4089,-0.01,0.0016,-7.6769,0.9683,-1.9743,0.1816,-0.0044,0.0008,1.0922,-1.9937,-11.154,0.4089,-0.01,0.0016,1.9446,0.7785,-7.706,0.1816,-0.0044,0.0008,7.6769,9.3072,,,18.9,moving
2026-09-21T12:52:24.621+09:00,TEST_0006_TEST_P01,TEST_P01,SOFT_GRIP_ENTRY,,683.1483154296875,60.456302642822266,486.86370849609375,178.5944061279297,-89.77003479003906,-179.94920349121094,-11.195,-1.7194,-1.1378,0.4089,-0.01,0.0016,-7.6769,0.9683,-1.9743,0.1816,-0.0044,0.0008,1.0922,-1.9937,-11.154,0.4089,-0.01,0.0016,1.9446,0.7785,-7.706,0.1816,-0.0044,0.0008,7.6769,9.8847,,,18.9,moving
2026-09-21T12:52:24.678+09:00,TEST_0006_TEST_P01,TEST_P01,SOFT_GRIP_ENTRY,,683.7206420898438,60.46333312988281,486.7938537597656,178.59471130371094,-89.77581024169922,-179.95565795898438,-11.9317,-1.7332,-1.2307,0.4046,-0.0099,0.0016,-8.4137,0.9545,-2.0672,0.1774,-0.0044,0.0008,1.181,-2.0264,-11.8905,0.4046,-0.0099,0.0016,2.0334,0.7458,-8.4425,0.1774,-0.0044,0.0008,8.4137,10.457,,,18.9,moving
2026-09-21T12:52:24.733+09:00,TEST_0006_TEST_P01,TEST_P01,SOFT_GRIP_ENTRY,,684.2828979492188,60.47770690917969,486.7986145019531,178.5961151123047,-89.77540588378906,-179.95443725585938,-11.9317,-1.7332,-1.2307,0.4046,-0.0099,0.0016,-8.4137,0.9545,-2.0672,0.1774,-0.0044,0.0008,1.181,-2.0264,-11.8905,0.4046,-0.0099,0.0016,2.0334,0.7458,-8.4425,0.1774,-0.0044,0.0008,8.4137,11.0193,,,18.9,moving
2026-09-21T12:52:24.789+09:00,TEST_0006_TEST_P01,TEST_P01,SOFT_GRIP_ENTRY,,684.8535766601562,60.470767974853516,486.842041015625,178.59524536132812,-89.77189636230469,-179.9495086669922,-11.9671,-1.7488,-1.2102,0.408,-0.01,0.0016,-8.449,0.9389,-2.0467,0.1808,-0.0044,0.0007,1.1619,-2.0424,-11.9253,0.408,-0.01,0.0016,2.0144,0.7298,-8.4773,0.1808,-0.0044,0.0007,8.449,11.59,,,18.9,moving
2026-09-21T12:52:24.847+09:00,TEST_0006_TEST_P01,TEST_P01,SOFT_GRIP_ENTRY,,685.431640625,60.42619323730469,486.7366027832031,178.59117126464844,-89.78032684326172,-179.9534149169922,-12.6274,-1.6576,-1.6961,0.4065,-0.01,0.0016,-9.1093,1.0301,-2.5326,0.1793,-0.0044,0.0007,1.6463,-1.9689,-12.5892,0.4065,-0.01,0.0016,2.4987,0.8033,-9.1412,0.1793,-0.0044,0.0007,9.1093,12.168,,,18.9,moving
2026-09-21T12:52:24.902+09:00,TEST_0006_TEST_P01,TEST_P01,SOFT_GRIP_ENTRY,,685.9788208007812,60.38845443725586,486.7441711425781,178.58840942382812,-89.77935028076172,-179.9519805908203,-12.6274,-1.6576,-1.6961,0.4065,-0.01,0.0016,-9.1093,1.0301,-2.5326,0.1793,-0.0044,0.0007,1.6463,-1.9689,-12.5892,0.4065,-0.01,0.0016,2.4987,0.8033,-9.1412,0.1793,-0.0044,0.0007,9.1093,12.7152,,,19.1,moving
2026-09-21T12:52:24.958+09:00,TEST_0006_TEST_P01,TEST_P01,SOFT_GRIP_ENTRY,,686.53759765625,60.38483428955078,486.8053894042969,178.58810424804688,-89.7742919921875,-179.94747924804688,-12.8175,-1.7292,-2.0863,0.3987,-0.0098,0.0016,-9.2994,0.9585,-2.9228,0.1715,-0.0043,0.0007,2.0338,-2.0464,-12.7791,0.3987,-0.0098,0.0016,2.8863,0.7258,-9.3311,0.1715,-0.0043,0.0007,9.2994,13.274,,,19.1,moving
2026-09-21T12:52:25.015+09:00,TEST_0006_TEST_P01,TEST_P01,SOFT_GRIP_ENTRY,,687.1224975585938,60.39444351196289,486.8614501953125,178.58847045898438,-89.76979064941406,-179.94851684570312,-12.8175,-1.7292,-2.0863,0.3987,-0.0098,0.0016,-9.2994,0.9585,-2.9228,0.1715,-0.0043,0.0007,2.0338,-2.0464,-12.7791,0.3987,-0.0098,0.0016,2.8863,0.7258,-9.3311,0.1715,-0.0043,0.0007,9.2994,13.8589,,,19.1,moving
2026-09-21T12:52:25.071+09:00,TEST_0006_TEST_P01,TEST_P01,SOFT_GRIP_ENTRY,,687.677978515625,60.394771575927734,486.890380859375,178.58883666992188,-89.76734161376953,-179.9517364501953,-12.789,-1.7661,-2.0269,0.4077,-0.01,0.0016,-9.2709,0.9216,-2.8634,0.1805,-0.0045,0.0007,1.9743,-2.0822,-12.7496,0.4077,-0.01,0.0016,2.8268,0.69,-9.3016,0.1805,-0.0045,0.0007,9.2709,14.4144,,,19.1,moving
2026-09-21T12:52:25.126+09:00,TEST_0006_TEST_P01,TEST_P01,SOFT_GRIP_ENTRY,,688.205810546875,60.36868667602539,486.8389587402344,178.58706665039062,-89.77143096923828,-179.95025634765625,-12.789,-1.7661,-2.0269,0.4077,-0.01,0.0016,-9.2709,0.9216,-2.8634,0.1805,-0.0045,0.0007,1.9743,-2.0822,-12.7496,0.4077,-0.01,0.0016,2.8268,0.69,-9.3016,0.1805,-0.0045,0.0007,9.2709,14.9422,,,19.1,moving
2026-09-21T12:52:25.181+09:00,TEST_0006_TEST_P01,TEST_P01,SOFT_GRIP_ENTRY,,688.7657470703125,60.35942077636719,486.8248596191406,178.58628845214844,-89.77303314208984,-179.94918823242188,-13.1653,-1.7973,-2.0345,0.4043,-0.01,0.0016,-9.6472,0.8904,-2.8709,0.1771,-0.0044,0.0008,1.9798,-2.1232,-13.125,0.4043,-0.01,0.0016,2.8323,0.6489,-9.677,0.1771,-0.0044,0.0008,9.6472,15.5021,,,19.1,moving
2026-09-21T12:52:25.237+09:00,TEST_0006_TEST_P01,TEST_P01,SOFT_GRIP_ENTRY,,689.338623046875,60.37807083129883,486.8786926269531,178.5876922607422,-89.7684555053711,-179.9537811279297,-13.1653,-1.7973,-2.0345,0.4043,-0.01,0.0016,-9.6472,0.8904,-2.8709,0.1771,-0.0044,0.0008,1.9798,-2.1232,-13.125,0.4043,-0.01,0.0016,2.8323,0.6489,-9.677,0.1771,-0.0044,0.0008,9.6472,16.075,,,19.1,moving
2026-09-21T12:52:25.292+09:00,TEST_0006_TEST_P01,TEST_P01,SOFT_GRIP_ENTRY,,689.8642578125,60.40984344482422,486.86041259765625,178.59063720703125,-89.76968383789062,-179.953369140625,-13.376,-1.8727,-2.6454,0.4004,-0.0099,0.0016,-9.8579,0.815,-3.4819,0.1732,-0.0043,0.0007,2.5898,-2.2038,-13.3364,0.4004,-0.0099,0.0016,3.4423,0.5684,-9.8884,0.1732,-0.0043,0.0007,9.8579,16.6006,,,19.1,moving
2026-09-21T12:52:25.348+09:00,TEST_0006_TEST_P01,TEST_P01,SOFT_GRIP_ENTRY,,690.4157104492188,60.42881774902344,486.8380432128906,178.59217834472656,-89.77141571044922,-179.95079040527344,-13.8048,-1.8999,-2.2675,0.4075,-0.01,0.0016,-10.2868,0.7878,-3.104,0.1802,-0.0045,0.0008,2.2108,-2.2404,-13.7629,0.4075,-0.01,0.0016,3.0633,0.5318,-10.3149,0.1802,-0.0045,0.0008,10.2868,17.1521,,,19.1,moving
2026-09-21T12:52:25.403+09:00,TEST_0006_TEST_P01,TEST_P01,SOFT_GRIP_ENTRY,,690.9679565429688,60.418922424316406,486.85205078125,178.59127807617188,-89.77034759521484,-179.95103454589844,-13.8048,-1.8999,-2.2675,0.4075,-0.01,0.0016,-10.2868,0.7878,-3.104,0.1802,-0.0045,0.0008,2.2108,-2.2404,-13.7629,0.4075,-0.01,0.0016,3.0633,0.5318,-10.3149,0.1802,-0.0045,0.0008,10.2868,17.7043,,,19.1,moving
2026-09-21T12:52:25.460+09:00,TEST_0006_TEST_P01,TEST_P01,SOFT_GRIP_ENTRY,,691.5341186523438,60.38711929321289,486.9258728027344,178.5888671875,-89.7641372680664,-179.95330810546875,-13.9682,-2.0108,-2.4167,0.4007,-0.0099,0.0016,-10.4501,0.6769,-3.2531,0.1735,-0.0043,0.0008,2.3571,-2.356,-13.9244,0.4007,-0.0099,0.0016,3.2095,0.4162,-10.4764,0.1735,-0.0043,0.0008,10.4501,18.2705,,,19.1,moving
2026-09-21T12:52:25.517+09:00,TEST_0006_TEST_P01,TEST_P01,SOFT_GRIP_ENTRY,,692.1004638671875,60.36838150024414,486.9410705566406,178.58700561523438,-89.76258850097656,-179.94863891601562,-13.9682,-2.0108,-2.4167,0.4007,-0.0099,0.0016,-10.4501,0.6769,-3.2531,0.1735,-0.0043,0.0008,2.3571,-2.356,-13.9244,0.4007,-0.0099,0.0016,3.2095,0.4162,-10.4764,0.1735,-0.0043,0.0008,10.4501,18.8369,,,19.1,moving
2026-09-21T12:52:25.572+09:00,TEST_0006_TEST_P01,TEST_P01,SOFT_GRIP_ENTRY,,692.666259765625,60.38111114501953,486.89202880859375,178.58778381347656,-89.76666259765625,-179.94691467285156,-14.1727,-2.0066,-2.3994,0.3915,-0.0097,0.0016,-10.6546,0.6811,-3.2359,0.1643,-0.0041,0.0007,2.3402,-2.3576,-14.1285,0.3915,-0.0097,0.0016,3.1927,0.4146,-10.6805,0.1643,-0.0041,0.0007,10.6546,19.4026,,,19.1,moving
2026-09-21T12:52:25.628+09:00,TEST_0006_TEST_P01,TEST_P01,SOFT_GRIP_ENTRY,,693.2129516601562,60.4069709777832,486.9195556640625,178.59011840820312,-89.76457977294922,-179.94967651367188,-14.1727,-2.0066,-2.3994,0.3915,-0.0097,0.0016,-10.6546,0.6811,-3.2359,0.1643,-0.0041,0.0007,2.3402,-2.3576,-14.1285,0.3915,-0.0097,0.0016,3.1927,0.4146,-10.6805,0.1643,-0.0041,0.0007,10.6546,19.9493,,,19.1,moving
2026-09-21T12:52:25.683+09:00,TEST_0006_TEST_P01,TEST_P01,SOFT_GRIP_ENTRY,,693.7733154296875,60.427215576171875,486.8821105957031,178.59213256835938,-89.76751708984375,-179.95269775390625,-14.1933,-2.1251,-2.428,0.3813,-0.0094,0.0016,-10.6752,0.5626,-3.2644,0.1541,-0.0038,0.0007,2.3673,-2.4755,-14.1467,0.3813,-0.0094,0.0016,3.2198,0.2967,-10.6987,0.1541,-0.0038,0.0007,10.6752,20.5097,,,19.1,moving
2026-09-21T12:52:25.739+09:00,TEST_0006_TEST_P01,TEST_P01,SOFT_GRIP_ENTRY,,694.3546142578125,60.41566467285156,486.84521484375,178.5909423828125,-89.77046203613281,-179.95071411132812,-14.1933,-2.1251,-2.428,0.3813,-0.0094,0.0016,-10.6752,0.5626,-3.2644,0.1541,-0.0038,0.0007,2.3673,-2.4755,-14.1467,0.3813,-0.0094,0.0016,3.2198,0.2967,-10.6987,0.1541,-0.0038,0.0007,10.6752,21.091,,,19.1,moving
2026-09-21T12:52:25.797+09:00,TEST_0006_TEST_P01,TEST_P01,SOFT_GRIP_ENTRY,,694.9349365234375,60.39310073852539,486.86981201171875,178.58905029296875,-89.76861572265625,-179.94873046875,-13.881,-2.2607,-2.0917,0.3743,-0.0092,0.0015,-10.3629,0.427,-2.9282,0.1471,-0.0036,0.0006,2.0343,-2.6031,-13.8294,0.3743,-0.0092,0.0015,2.8867,0.1691,-10.3815,0.1471,-0.0036,0.0006,10.3629,21.6713,,,19.1,moving
2026-09-21T12:52:25.852+09:00,TEST_0006_TEST_P01,TEST_P01,SOFT_GRIP_ENTRY,,695.4996948242188,60.39714813232422,486.8442687988281,178.58938598632812,-89.77056884765625,-179.95364379882812,-13.6051,-2.2853,-2.0693,0.3747,-0.0092,0.0015,-10.0871,0.4024,-2.9058,0.1475,-0.0037,0.0006,2.0133,-2.6212,-13.5529,0.3747,-0.0092,0.0015,2.8657,0.1509,-10.1049,0.1475,-0.0037,0.0006,10.0871,22.2361,,,19.1,moving
2026-09-21T12:52:25.908+09:00,TEST_0006_TEST_P01,TEST_P01,SOFT_GRIP_ENTRY,,696.0668334960938,60.42168426513672,486.8340148925781,178.59133911132812,-89.77124786376953,-179.95623779296875,-13.6051,-2.2853,-2.0693,0.3747,-0.0092,0.0015,-10.0871,0.4024,-2.9058,0.1475,-0.0037,0.0006,2.0133,-2.6212,-13.5529,0.3747,-0.0092,0.0015,2.8657,0.1509,-10.1049,0.1475,-0.0037,0.0006,10.0871,22.8032,,,19.1,moving
2026-09-21T12:52:25.964+09:00,TEST_0006_TEST_P01,TEST_P01,SOFT_GRIP_ENTRY,,696.6235961914062,60.44166564941406,486.8141174316406,178.5928497314453,-89.77281951904297,-179.9523468017578,-12.9746,-2.3877,-2.004,0.3786,-0.0093,0.0015,-9.4565,0.3,-2.8405,0.1514,-0.0037,0.0007,1.9498,-2.7074,-12.92,0.3786,-0.0093,0.0015,2.8022,0.0648,-9.472,0.1514,-0.0037,0.0007,9.4565,23.36,,,19.1,moving
2026-09-21T12:52:26.021+09:00,TEST_0006_TEST_P01,TEST_P01,SOFT_GRIP_ENTRY,,697.1558837890625,60.44229507446289,486.85723876953125,178.5928955078125,-89.76929473876953,-179.94837951660156,-12.9746,-2.3877,-2.004,0.3786,-0.0093,0.0015,-9.4565,0.3,-2.8405,0.1514,-0.0037,0.0007,1.9498,-2.7074,-12.92,0.3786,-0.0093,0.0015,2.8022,0.0648,-9.472,0.1514,-0.0037,0.0007,9.4565,23.8923,,,19.1,moving
2026-09-21T12:52:26.077+09:00,TEST_0006_TEST_P01,TEST_P01,SOFT_GRIP_ENTRY,,697.597412109375,60.414794921875,486.8979187011719,178.59112548828125,-89.76575469970703,-179.95053100585938,-13.0458,-2.4273,-1.5451,0.3882,-0.0095,0.0016,-9.5277,0.2604,-2.3815,0.161,-0.004,0.0007,1.4904,-2.7484,-12.9883,0.3882,-0.0095,0.0016,2.3429,0.0237,-9.5404,0.161,-0.004,0.0007,9.5277,24.3338,,,19.1,moving
2026-09-21T12:52:27.132+09:00,TEST_0006_TEST_P01,TEST_P01,SOFT_GRIP_ENTRY,SOFT_GRIP_STABILIZATION_END,698.1760864257812,60.351600646972656,486.7794494628906,178.5862579345703,-89.77204895019531,-179.94747924804688,-5.3587,-3.1522,-1.9951,0.4707,-0.0116,0.0019,0.0,0.0,0.0,0.0,0.0,0.0,1.9711,-3.2853,-5.2871,0.4707,-0.0116,0.0019,0.0,0.0,0.0,0.0,0.0,0.0,,,,,19.1,moving
2026-09-21T12:52:27.185+09:00,TEST_0006_TEST_P01,TEST_P01,HARD_GRIP,HARD_GRIP_COMMAND,698.1747436523438,60.351234436035156,486.7802734375,178.5862274169922,-89.7719955444336,-179.9474639892578,-5.2531,-3.0622,-1.9891,0.5045,-0.0124,0.002,0.0,0.0,0.0,0.0,0.0,0.0,1.9655,-3.1927,-5.1839,0.5045,-0.0124,0.002,0.0,0.0,0.0,0.0,0.0,0.0,,,,,18.9,moving
2026-09-21T12:52:28.188+09:00,TEST_0006_TEST_P01,TEST_P01,HARD_GRIP,HARD_GRIP_STABILIZATION_END,698.1028442382812,60.36453628540039,486.9195556640625,178.5880584716797,-89.76069641113281,-179.9492950439453,-4.8357,-2.4277,-2.0532,0.638,-0.0157,0.0027,0.0,0.0,0.0,0.0,0.0,0.0,2.031,-2.548,-4.7829,0.638,-0.0157,0.0027,0.0,0.0,0.0,0.0,0.0,0.0,,,,,18.6,moving
2026-09-21T12:52:28.222+09:00,TEST_0006_TEST_P01,TEST_P01,PULL_TEST,,698.1026611328125,60.366939544677734,486.9195556640625,178.5882568359375,-89.76069641113281,-179.9492950439453,-4.8357,-2.4277,-2.0532,0.638,-0.0157,0.0027,0.0,0.0,0.0,0.0,0.0,0.0,2.031,-2.548,-4.7829,0.638,-0.0157,0.0027,0.0,0.0,0.0,0.0,0.0,0.0,,,0.0,0.0001,18.6,moving
2026-09-21T12:52:28.278+09:00,TEST_0006_TEST_P01,TEST_P01,PULL_TEST,,698.0989990234375,60.37241744995117,486.9242248535156,178.5887451171875,-89.76032257080078,-179.94937133789062,-4.0302,-2.0686,-2.2074,0.6393,-0.0158,0.0027,0.8055,0.3591,-0.1542,0.0013,-0.0,0.0,2.1889,-2.1692,-3.9872,0.6393,-0.0158,0.0027,0.1579,0.3788,0.7958,0.0013,-0.0,0.0,,,0.8055,0.0038,18.6,moving
2026-09-21T12:52:28.334+09:00,TEST_0006_TEST_P01,TEST_P01,PULL_TEST,,698.05224609375,60.38151931762695,487.0051574707031,178.5900115966797,-89.75382995605469,-179.9478302001953,-4.0302,-2.0686,-2.2074,0.6393,-0.0158,0.0027,0.8055,0.3591,-0.1542,0.0013,-0.0,0.0,2.1889,-2.1692,-3.9872,0.6393,-0.0158,0.0027,0.1579,0.3788,0.7958,0.0013,-0.0,0.0,,,0.8055,0.0505,18.6,moving
2026-09-21T12:52:28.390+09:00,TEST_0006_TEST_P01,TEST_P01,PULL_TEST,,697.8880004882812,60.38911056518555,487.1838684082031,178.59095764160156,-89.7395248413086,-179.9405975341797,-2.4909,-1.6552,-2.4916,0.6327,-0.0156,0.0027,2.3448,0.7725,-0.4384,-0.0053,0.0001,0.0,2.4794,-1.7183,-2.4602,0.6327,-0.0156,0.0027,0.4484,0.8297,2.3227,-0.0053,0.0001,0.0,,,2.3448,0.2148,18.6,moving
2026-09-21T12:52:28.448+09:00,TEST_0006_TEST_P01,TEST_P01,PULL_TEST,,697.57421875,60.38641357421875,487.289794921875,178.5898895263672,-89.72970581054688,-179.93878173828125,-0.7842,-1.017,-3.0263,0.6241,-0.0154,0.0028,4.0515,1.4108,-0.9731,-0.0139,0.0004,0.0002,3.0216,-1.0392,-0.7732,0.6241,-0.0154,0.0028,0.9906,1.5088,4.0097,-0.0139,0.0004,0.0002,,,4.0515,0.5286,18.6,moving
2026-09-21T12:52:28.503+09:00,TEST_0006_TEST_P01,TEST_P01,PULL_TEST,,697.0994873046875,60.37714767456055,487.3394775390625,178.58941650390625,-89.72492218017578,-179.936767578125,-0.7842,-1.017,-3.0263,0.6241,-0.0154,0.0028,4.0515,1.4108,-0.9731,-0.0139,0.0004,0.0002,3.0216,-1.0392,-0.7732,0.6241,-0.0154,0.0028,0.9906,1.5088,4.0097,-0.0139,0.0004,0.0002,,,4.0515,1.0033,18.6,moving
2026-09-21T12:52:28.560+09:00,TEST_0006_TEST_P01,TEST_P01,PULL_TEST,,696.5182495117188,60.377532958984375,487.28167724609375,178.58963012695312,-89.728759765625,-179.9375,-0.3308,-0.3166,-2.9846,0.6845,-0.0169,0.0033,4.5049,2.1111,-0.9314,0.0465,-0.0011,0.0006,2.9826,-0.328,-0.3372,0.6845,-0.0169,0.0033,0.9516,2.22,4.4458,0.0465,-0.0011,0.0006,,,4.5049,1.5845,18.6,moving
2026-09-21T12:52:28.616+09:00,TEST_0006_TEST_P01,TEST_P01,PULL_TEST,,695.9476928710938,60.365718841552734,487.2409973144531,178.58880615234375,-89.73138427734375,-179.9405975341797,-0.3308,-0.3166,-2.9846,0.6845,-0.0169,0.0033,4.5049,2.1111,-0.9314,0.0465,-0.0011,0.0006,2.9826,-0.328,-0.3372,0.6845,-0.0169,0.0033,0.9516,2.22,4.4458,0.0465,-0.0011,0.0006,,,4.5049,2.1551,18.6,moving
2026-09-21T12:52:28.672+09:00,TEST_0006_TEST_P01,TEST_P01,PULL_TEST,,695.3743896484375,60.32952880859375,487.2361755371094,178.58578491210938,-89.73120880126953,-179.945068359375,-0.2883,-0.2067,-2.6213,0.7549,-0.0186,0.0035,4.5474,2.221,-0.5681,0.1169,-0.0029,0.0009,2.6197,-0.2163,-0.2954,0.7549,-0.0186,0.0035,0.5887,2.3317,4.4876,0.1169,-0.0029,0.0009,,,4.5474,2.7284,18.6,moving
2026-09-21T12:52:28.727+09:00,TEST_0006_TEST_P01,TEST_P01,PULL_TEST,,694.814208984375,60.28860092163086,487.17449951171875,178.58229064941406,-89.73602294921875,-179.9439239501953,-0.2883,-0.2067,-2.6213,0.7549,-0.0186,0.0035,4.5474,2.221,-0.5681,0.1169,-0.0029,0.0009,2.6197,-0.2163,-0.2954,0.7549,-0.0186,0.0035,0.5887,2.3317,4.4876,0.1169,-0.0029,0.0009,,,4.5474,3.2886,18.6,moving
2026-09-21T12:52:28.782+09:00,TEST_0006_TEST_P01,TEST_P01,PULL_TEST,,694.2593383789062,60.27112579345703,487.1130065917969,178.5810546875,-89.74109649658203,-179.94093322753906,0.7398,-0.5613,-2.6898,0.8121,-0.0201,0.0038,5.5755,1.8664,-0.6366,0.1741,-0.0043,0.0011,2.6927,-0.5455,0.7411,0.8121,-0.0201,0.0038,0.6617,2.0025,5.524,0.1741,-0.0043,0.0011,,,5.5755,3.8434,18.6,moving
2026-09-21T12:52:40.996+09:00,TEST_0006_TEST_P01,TEST_P01,RELEASE,RETURN_SOFT_GRIP_COMMAND,694.1092529296875,60.361717224121094,486.8897705078125,178.588623046875,-89.76213073730469,-179.94964599609375,-1.9527,-0.8686,-1.7487,0.709,-0.0175,0.0029,0.0,0.0,0.0,0.0,0.0,0.0,1.7399,-0.918,-1.9379,0.709,-0.0175,0.0029,0.0,0.0,0.0,0.0,0.0,0.0,,,,,18.6,moving
2026-09-21T12:52:41.186+09:00,TEST_0006_TEST_P01,TEST_P01,RELEASE,RETURN_SOFT_GRIP_OPEN_REACHED,694.1077880859375,60.36032485961914,486.9154357910156,178.5884246826172,-89.75991821289062,-179.94940185546875,-2.4449,-1.9709,0.1852,0.7065,-0.0174,0.0029,0.0,0.0,0.0,0.0,0.0,0.0,-0.197,-2.0303,-2.3948,0.7065,-0.0174,0.0029,0.0,0.0,0.0,0.0,0.0,0.0,,,,,22.8,holding
2026-09-21T12:53:38.662+09:00,TEST_0007_TEST_P01,TEST_P01,SOFT_GRIP_ENTRY,SOFT_GRIP_COMMAND,673.260986328125,60.514122009277344,486.6688232421875,178.59664916992188,-89.78041076660156,-179.94241333007812,-3.0825,-2.6244,0.9852,0.2429,-0.0059,0.0009,0.0,0.0,0.0,0.0,0.0,0.0,-0.9995,-2.6981,-3.0135,0.2429,-0.0059,0.0009,0.0,0.0,0.0,0.0,0.0,0.0,,,,,74.6,moving
2026-09-21T12:53:45.335+09:00,TEST_0007_TEST_P01,TEST_P01,SOFT_GRIP_ENTRY,ENTRY_MOTION_START_WIDTH_REACHED,673.1007080078125,60.384429931640625,486.8565368652344,178.58993530273438,-89.76558685302734,-179.9502716064453,-2.8057,-2.4481,0.4459,0.4614,-0.0114,0.0019,0.2767,0.1762,-0.5393,0.2185,-0.0054,0.001,-0.4594,-2.5161,-2.7428,0.4614,-0.0114,0.0019,0.5401,0.182,0.2707,0.2185,-0.0054,0.001,,,,,21.9,moving
2026-09-21T12:53:45.367+09:00,TEST_0007_TEST_P01,TEST_P01,SOFT_GRIP_ENTRY,,673.101318359375,60.38454055786133,486.8553771972656,178.58993530273438,-89.76568603515625,-179.95028686523438,-2.7492,-2.4785,0.449,0.4573,-0.0113,0.0019,0.3332,0.1459,-0.5362,0.2144,-0.0053,0.0009,-0.4622,-2.545,-2.6856,0.4573,-0.0113,0.0019,0.5373,0.1531,0.3279,0.2144,-0.0053,0.0009,0.3332,-0.1595,,,21.8,moving
2026-09-21T12:53:45.423+09:00,TEST_0007_TEST_P01,TEST_P01,SOFT_GRIP_ENTRY,,673.1025390625,60.384765625,486.85296630859375,178.58993530273438,-89.76588439941406,-179.95018005371094,-2.7492,-2.4785,0.449,0.4573,-0.0113,0.0019,0.3332,0.1459,-0.5362,0.2144,-0.0053,0.0009,-0.4622,-2.545,-2.6856,0.4573,-0.0113,0.0019,0.5373,0.1531,0.3279,0.2144,-0.0053,0.0009,0.3332,-0.1583,,,19.8,moving
2026-09-21T12:53:45.478+09:00,TEST_0007_TEST_P01,TEST_P01,SOFT_GRIP_ENTRY,,673.1553955078125,60.39567184448242,486.75201416015625,178.5901641845703,-89.77428436279297,-179.95236206054688,-2.9241,-2.4971,0.1421,0.449,-0.0111,0.0018,0.1583,0.1273,-0.8431,0.2061,-0.0051,0.0009,-0.1559,-2.5681,-2.8612,0.449,-0.0111,0.0018,0.8436,0.13,0.1523,0.2061,-0.0051,0.0009,0.1583,-0.1055,,,18.8,moving
2026-09-21T12:53:45.534+09:00,TEST_0007_TEST_P01,TEST_P01,SOFT_GRIP_ENTRY,,673.301513671875,60.4376335144043,486.5031433105469,178.5931396484375,-89.79432678222656,-179.9664764404297,-2.9241,-2.4971,0.1421,0.449,-0.0111,0.0018,0.1583,0.1273,-0.8431,0.2061,-0.0051,0.0009,-0.1559,-2.5681,-2.8612,0.449,-0.0111,0.0018,0.8436,0.13,0.1523,0.2061,-0.0051,0.0009,0.1583,0.0406,,,18.6,moving
2026-09-21T12:53:45.589+09:00,TEST_0007_TEST_P01,TEST_P01,SOFT_GRIP_ENTRY,,673.5734252929688,60.496437072753906,486.25738525390625,178.5989227294922,-89.81575012207031,-179.97682189941406,-4.1428,-2.5799,-0.2218,0.4652,-0.0114,0.0018,-1.0604,0.0445,-1.207,0.2223,-0.0055,0.0008,0.2061,-2.6809,-4.079,0.4652,-0.0114,0.0018,1.2056,0.0172,-1.0656,0.2223,-0.0055,0.0008,1.0604,0.3126,,,18.6,moving
2026-09-21T12:53:45.645+09:00,TEST_0007_TEST_P01,TEST_P01,SOFT_GRIP_ENTRY,,674.0590209960938,60.526641845703125,486.3600158691406,178.60125732421875,-89.80862426757812,-179.97103881835938,-6.1212,-2.4363,0.0382,0.3908,-0.0096,0.0013,-3.0387,0.1881,-0.9471,0.1479,-0.0036,0.0004,-0.0597,-2.585,-6.0597,0.3908,-0.0096,0.0013,0.9397,0.1131,-3.0463,0.1479,-0.0036,0.0004,3.0387,0.7982,,,18.4,moving
2026-09-21T12:53:45.700+09:00,TEST_0007_TEST_P01,TEST_P01,SOFT_GRIP_ENTRY,,674.6195678710938,60.525291442871094,486.3838195800781,178.6004638671875,-89.80767822265625,-179.9628143310547,-6.1212,-2.4363,0.0382,0.3908,-0.0096,0.0013,-3.0387,0.1881,-0.9471,0.1479,-0.0036,0.0004,-0.0597,-2.585,-6.0597,0.3908,-0.0096,0.0013,0.9397,0.1131,-3.0463,0.1479,-0.0036,0.0004,3.0387,1.3587,,,18.4,moving
2026-09-21T12:53:45.755+09:00,TEST_0007_TEST_P01,TEST_P01,SOFT_GRIP_ENTRY,,675.1814575195312,60.52896499633789,486.387451171875,178.6005401611328,-89.80838775634766,-179.96226501464844,-5.3875,-2.3302,0.3329,0.3766,-0.0092,0.0013,-2.305,0.2942,-0.6523,0.1338,-0.0033,0.0003,-0.3524,-2.4608,-5.3278,0.3766,-0.0092,0.0013,0.6471,0.2372,-2.3143,0.1338,-0.0033,0.0003,2.305,1.9206,,,18.4,moving
2026-09-21T12:53:45.813+09:00,TEST_0007_TEST_P01,TEST_P01,SOFT_GRIP_ENTRY,,675.7726440429688,60.54482650756836,486.4599914550781,178.60198974609375,-89.80276489257812,-179.9578857421875,-5.3875,-2.3302,0.3329,0.3766,-0.0092,0.0013,-2.305,0.2942,-0.6523,0.1338,-0.0033,0.0003,-0.3524,-2.4608,-5.3278,0.3766,-0.0092,0.0013,0.6471,0.2372,-2.3143,0.1338,-0.0033,0.0003,2.305,2.5118,,,18.4,moving
2026-09-21T12:53:45.870+09:00,TEST_0007_TEST_P01,TEST_P01,SOFT_GRIP_ENTRY,,676.3775634765625,60.537635803222656,486.5461730957031,178.6011962890625,-89.79602813720703,-179.9541778564453,-6.307,-2.141,0.2568,0.3912,-0.0095,0.0014,-3.2245,0.4834,-0.7284,0.1483,-0.0036,0.0004,-0.2809,-2.2939,-6.2519,0.3912,-0.0095,0.0014,0.7186,0.4042,-3.2385,0.1483,-0.0036,0.0004,3.2245,3.1167,,,18.4,moving
2026-09-21T12:53:45.925+09:00,TEST_0007_TEST_P01,TEST_P01,SOFT_GRIP_ENTRY,,676.94140625,60.491790771484375,486.5884094238281,178.59727478027344,-89.7928237915039,-179.958984375,-6.307,-2.141,0.2568,0.3912,-0.0095,0.0014,-3.2245,0.4834,-0.7284,0.1483,-0.0036,0.0004,-0.2809,-2.2939,-6.2519,0.3912,-0.0095,0.0014,0.7186,0.4042,-3.2385,0.1483,-0.0036,0.0004,3.2245,3.6805,,,18.4,moving
2026-09-21T12:53:45.981+09:00,TEST_0007_TEST_P01,TEST_P01,SOFT_GRIP_ENTRY,,677.4857788085938,60.47245407104492,486.6524658203125,178.5960693359375,-89.78752899169922,-179.95730590820312,-6.5663,-1.9819,0.3435,0.404,-0.0099,0.0014,-3.4839,0.6425,-0.6417,0.1611,-0.0039,0.0005,-0.3687,-2.1419,-6.5145,0.404,-0.0099,0.0014,0.6308,0.5562,-3.501,0.1611,-0.0039,0.0005,3.4839,4.2249,,,18.4,moving
2026-09-21T12:53:46.036+09:00,TEST_0007_TEST_P01,TEST_P01,SOFT_GRIP_ENTRY,,678.0638427734375,60.4849853515625,486.657958984375,178.59683227539062,-89.78717803955078,-179.9547119140625,-6.5663,-1.9819,0.3435,0.404,-0.0099,0.0014,-3.4839,0.6425,-0.6417,0.1611,-0.0039,0.0005,-0.3687,-2.1419,-6.5145,0.404,-0.0099,0.0014,0.6308,0.5562,-3.501,0.1611,-0.0039,0.0005,3.4839,4.803,,,18.6,moving
2026-09-21T12:53:46.091+09:00,TEST_0007_TEST_P01,TEST_P01,SOFT_GRIP_ENTRY,,678.6242065429688,60.48975372314453,486.6911926269531,178.5968475341797,-89.7845687866211,-179.95599365234375,-8.167,-1.9359,0.2407,0.404,-0.0099,0.0015,-5.0845,0.6884,-0.7445,0.1612,-0.0039,0.0006,-0.2726,-2.1351,-8.1161,0.404,-0.0099,0.0015,0.7269,0.563,-5.1027,0.1612,-0.0039,0.0006,5.0845,5.3633,,,18.6,moving
2026-09-21T12:53:46.148+09:00,TEST_0007_TEST_P01,TEST_P01,SOFT_GRIP_ENTRY,,679.1869506835938,60.471126556396484,486.73779296875,178.59547424316406,-89.78050231933594,-179.95147705078125,-8.6742,-2.1618,-0.5917,0.3979,-0.0097,0.0015,-5.5917,0.4625,-1.577,0.1551,-0.0038,0.0006,0.5567,-2.3743,-8.6208,0.3979,-0.0097,0.0015,1.5562,0.3238,-5.6074,0.1551,-0.0038,0.0006,5.5917,5.9261,,,18.6,moving
2026-09-21T12:53:46.204+09:00,TEST_0007_TEST_P01,TEST_P01,SOFT_GRIP_ENTRY,,679.7576293945312,60.44446563720703,486.784912109375,178.59283447265625,-89.7763442993164,-179.94894409179688,-8.6742,-2.1618,-0.5917,0.3979,-0.0097,0.0015,-5.5917,0.4625,-1.577,0.1551,-0.0038,0.0006,0.5567,-2.3743,-8.6208,0.3979,-0.0097,0.0015,1.5562,0.3238,-5.6074,0.1551,-0.0038,0.0006,5.5917,6.4968,,,18.6,moving
2026-09-21T12:53:46.261+09:00,TEST_0007_TEST_P01,TEST_P01,SOFT_GRIP_ENTRY,,680.328857421875,60.44636535644531,486.8768005371094,178.5928192138672,-89.76878356933594,-179.9508056640625,-9.0818,-2.0903,-0.5231,0.4061,-0.01,0.0016,-5.9994,0.5341,-1.5083,0.1632,-0.004,0.0006,0.4852,-2.3131,-9.0298,0.4061,-0.01,0.0016,1.4847,0.385,-6.0163,0.1632,-0.004,0.0006,5.9994,7.068,,,18.6,moving
2026-09-21T12:53:46.317+09:00,TEST_0007_TEST_P01,TEST_P01,SOFT_GRIP_ENTRY,,680.8646240234375,60.47676086425781,486.80621337890625,178.5957794189453,-89.77439880371094,-179.95046997070312,-9.0818,-2.0903,-0.5231,0.4061,-0.01,0.0016,-5.9994,0.5341,-1.5083,0.1632,-0.004,0.0006,0.4852,-2.3131,-9.0298,0.4061,-0.01,0.0016,1.4847,0.385,-6.0163,0.1632,-0.004,0.0006,5.9994,7.6038,,,18.6,moving
2026-09-21T12:53:46.373+09:00,TEST_0007_TEST_P01,TEST_P01,SOFT_GRIP_ENTRY,,681.443359375,60.50705337524414,486.79290771484375,178.59820556640625,-89.77568817138672,-179.95034790039062,-9.6911,-2.2639,-0.5264,0.4101,-0.0101,0.0016,-6.6086,0.3604,-1.5116,0.1673,-0.0041,0.0007,0.4863,-2.5009,-9.6348,0.4101,-0.0101,0.0016,1.4858,0.1972,-6.6213,0.1673,-0.0041,0.0007,6.6086,8.1825,,,18.6,moving
2026-09-21T12:53:46.428+09:00,TEST_0007_TEST_P01,TEST_P01,SOFT_GRIP_ENTRY,,682.0084228515625,60.5091438293457,486.8294677734375,178.59835815429688,-89.77298736572266,-179.95338439941406,-9.6911,-2.2639,-0.5264,0.4101,-0.0101,0.0016,-6.6086,0.3604,-1.5116,0.1673,-0.0041,0.0007,0.4863,-2.5009,-9.6348,0.4101,-0.0101,0.0016,1.4858,0.1972,-6.6213,0.1673,-0.0041,0.0007,6.6086,8.7476,,,18.8,moving
2026-09-21T12:53:46.484+09:00,TEST_0007_TEST_P01,TEST_P01,SOFT_GRIP_ENTRY,,682.5672607421875,60.47859573364258,486.8577880859375,178.59625244140625,-89.77054595947266,-179.95132446289062,-10.0356,-2.3714,-0.6345,0.4218,-0.0103,0.0017,-6.9532,0.253,-1.6198,0.1789,-0.0044,0.0007,0.5929,-2.6167,-9.977,0.4218,-0.0103,0.0017,1.5924,0.0814,-6.9636,0.1789,-0.0044,0.0007,6.9532,9.3064,,,18.8,moving
2026-09-21T12:53:46.539+09:00,TEST_0007_TEST_P01,TEST_P01,SOFT_GRIP_ENTRY,,683.1220092773438,60.45542526245117,486.84283447265625,178.59429931640625,-89.77174377441406,-179.94947814941406,-10.0356,-2.3714,-0.6345,0.4218,-0.0103,0.0017,-6.9532,0.253,-1.6198,0.1789,-0.0044,0.0007,0.5929,-2.6167,-9.977,0.4218,-0.0103,0.0017,1.5924,0.0814,-6.9636,0.1789,-0.0044,0.0007,6.9532,9.8611,,,18.8,moving
2026-09-21T12:53:46.597+09:00,TEST_0007_TEST_P01,TEST_P01,SOFT_GRIP_ENTRY,,683.7086181640625,60.460601806640625,486.7616271972656,178.59439086914062,-89.77853393554688,-179.9559326171875,-11.0765,-2.3754,-0.8636,0.4194,-0.0103,0.0017,-7.9941,0.249,-1.8488,0.1766,-0.0043,0.0007,0.8174,-2.6472,-11.0183,0.4194,-0.0103,0.0017,1.8169,0.0509,-8.0048,0.1766,-0.0043,0.0007,7.9941,10.4478,,,18.8,moving
2026-09-21T12:53:46.652+09:00,TEST_0007_TEST_P01,TEST_P01,SOFT_GRIP_ENTRY,,684.2702026367188,60.47740173339844,486.7608947753906,178.59600830078125,-89.77855682373047,-179.95509338378906,-10.7946,-2.4708,-1.1519,0.417,-0.0102,0.0016,-7.7122,0.1536,-2.1371,0.1741,-0.0043,0.0007,1.1082,-2.7355,-10.7352,0.417,-0.0102,0.0016,2.1076,-0.0374,-7.7218,0.1741,-0.0043,0.0007,7.7122,11.0093,,,18.8,moving
2026-09-21T12:53:46.710+09:00,TEST_0007_TEST_P01,TEST_P01,SOFT_GRIP_ENTRY,,684.8538818359375,60.47740936279297,486.7756652832031,178.59584045410156,-89.77751159667969,-179.9503173828125,-10.7946,-2.4708,-1.1519,0.417,-0.0102,0.0016,-7.7122,0.1536,-2.1371,0.1741,-0.0043,0.0007,1.1082,-2.7355,-10.7352,0.417,-0.0102,0.0016,2.1076,-0.0374,-7.7218,0.1741,-0.0043,0.0007,7.7122,11.593,,,18.8,moving
2026-09-21T12:53:46.766+09:00,TEST_0007_TEST_P01,TEST_P01,SOFT_GRIP_ENTRY,,685.4212036132812,60.43590545654297,486.6778869628906,178.59185791015625,-89.78520202636719,-179.9544219970703,-10.7992,-2.2521,-2.1357,0.4104,-0.0101,0.0016,-7.7168,0.3722,-3.121,0.1675,-0.0041,0.0007,2.0929,-2.5183,-10.7487,0.4104,-0.0101,0.0016,3.0924,0.1798,-7.7353,0.1675,-0.0041,0.0007,7.7168,12.1603,,,18.8,moving
2026-09-21T12:53:46.822+09:00,TEST_0007_TEST_P01,TEST_P01,SOFT_GRIP_ENTRY,,685.9721069335938,60.3985710144043,486.7181091308594,178.5892791748047,-89.78156280517578,-179.9522705078125,-10.7992,-2.2521,-2.1357,0.4104,-0.0101,0.0016,-7.7168,0.3722,-3.121,0.1675,-0.0041,0.0007,2.0929,-2.5183,-10.7487,0.4104,-0.0101,0.0016,3.0924,0.1798,-7.7353,0.1675,-0.0041,0.0007,7.7168,12.7112,,,18.8,moving
2026-09-21T12:53:46.877+09:00,TEST_0007_TEST_P01,TEST_P01,SOFT_GRIP_ENTRY,,686.5231323242188,60.39150619506836,486.8155517578125,178.5885009765625,-89.7734146118164,-179.9472198486328,-11.4719,-2.106,-2.1289,0.411,-0.0101,0.0016,-8.3894,0.5184,-3.1141,0.1681,-0.0042,0.0006,2.0827,-2.3897,-11.4247,0.411,-0.0101,0.0016,3.0821,0.3083,-8.4112,0.1681,-0.0042,0.0006,8.3894,13.2623,,,18.8,moving
2026-09-21T12:53:46.933+09:00,TEST_0007_TEST_P01,TEST_P01,SOFT_GRIP_ENTRY,,687.0816650390625,60.39816665649414,486.8843688964844,178.5888214111328,-89.76795959472656,-179.9471893310547,-11.4719,-2.106,-2.1289,0.411,-0.0101,0.0016,-8.3894,0.5184,-3.1141,0.1681,-0.0042,0.0006,2.0827,-2.3897,-11.4247,0.411,-0.0101,0.0016,3.0821,0.3083,-8.4112,0.1681,-0.0042,0.0006,8.3894,13.8208,,,18.8,moving
2026-09-21T12:53:46.988+09:00,TEST_0007_TEST_P01,TEST_P01,SOFT_GRIP_ENTRY,,687.6399536132812,60.3988037109375,486.891845703125,178.5890350341797,-89.7671890258789,-179.95152282714844,-11.3592,-2.2254,-2.0955,0.4102,-0.0101,0.0016,-8.2767,0.399,-3.0807,0.1673,-0.0042,0.0007,2.0478,-2.5062,-11.3093,0.4102,-0.0101,0.0016,3.0472,0.1918,-8.2958,0.1673,-0.0042,0.0007,8.2767,14.3791,,,18.8,moving
2026-09-21T12:53:47.043+09:00,TEST_0007_TEST_P01,TEST_P01,SOFT_GRIP_ENTRY,,688.1744995117188,60.37428665161133,486.83489990234375,178.58743286132812,-89.77179718017578,-179.95071411132812,-11.3592,-2.2254,-2.0955,0.4102,-0.0101,0.0016,-8.2767,0.399,-3.0807,0.1673,-0.0042,0.0007,2.0478,-2.5062,-11.3093,0.4102,-0.0101,0.0016,3.0472,0.1918,-8.2958,0.1673,-0.0042,0.0007,8.2767,14.9136,,,18.8,moving
2026-09-21T12:53:47.099+09:00,TEST_0007_TEST_P01,TEST_P01,SOFT_GRIP_ENTRY,,688.7438354492188,60.35476303100586,486.8661804199219,178.58558654785156,-89.76943969726562,-179.9481658935547,-11.5272,-2.1837,-1.9703,0.4152,-0.0102,0.0017,-8.4447,0.4407,-2.9555,0.1723,-0.0043,0.0007,1.9224,-2.4689,-11.4776,0.4152,-0.0102,0.0017,2.9219,0.2292,-8.4642,0.1723,-0.0043,0.0007,8.4447,15.483,,,18.8,moving
2026-09-21T12:53:47.154+09:00,TEST_0007_TEST_P01,TEST_P01,SOFT_GRIP_ENTRY,,689.3087158203125,60.372161865234375,486.9302673339844,178.58702087402344,-89.76425170898438,-179.95199584960938,-11.1169,-2.2663,-1.9526,0.416,-0.0103,0.0017,-8.0344,0.3581,-2.9378,0.1732,-0.0043,0.0008,1.9049,-2.5414,-11.0655,0.416,-0.0103,0.0017,2.9044,0.1566,-8.0521,0.1732,-0.0043,0.0008,8.0344,16.0479,,,18.8,moving
2026-09-21T12:53:47.211+09:00,TEST_0007_TEST_P01,TEST_P01,SOFT_GRIP_ENTRY,,689.855224609375,60.3991584777832,486.8978576660156,178.58961486816406,-89.76659393310547,-179.9528045654297,-11.1169,-2.2663,-1.9526,0.416,-0.0103,0.0017,-8.0344,0.3581,-2.9378,0.1732,-0.0043,0.0008,1.9049,-2.5414,-11.0655,0.416,-0.0103,0.0017,2.9044,0.1566,-8.0521,0.1732,-0.0043,0.0008,8.0344,16.5944,,,18.8,moving
2026-09-21T12:53:47.267+09:00,TEST_0007_TEST_P01,TEST_P01,SOFT_GRIP_ENTRY,,690.3971557617188,60.418968200683594,486.8782958984375,178.59146118164062,-89.7682113647461,-179.94972229003906,-11.019,-2.415,-1.7064,0.4159,-0.0102,0.0017,-7.9366,0.2093,-2.6917,0.173,-0.0043,0.0008,1.6597,-2.6867,-10.9632,0.4159,-0.0102,0.0017,2.6591,0.0114,-7.9497,0.173,-0.0043,0.0008,7.9366,17.1363,,,18.8,moving
2026-09-21T12:53:47.323+09:00,TEST_0007_TEST_P01,TEST_P01,SOFT_GRIP_ENTRY,,690.9620971679688,60.40906524658203,486.9005126953125,178.5904083251953,-89.76631164550781,-179.95025634765625,-11.019,-2.415,-1.7064,0.4159,-0.0102,0.0017,-7.9366,0.2093,-2.6917,0.173,-0.0043,0.0008,1.6597,-2.6867,-10.9632,0.4159,-0.0102,0.0017,2.6591,0.0114,-7.9497,0.173,-0.0043,0.0008,7.9366,17.7012,,,18.8,moving
2026-09-21T12:53:47.378+09:00,TEST_0007_TEST_P01,TEST_P01,SOFT_GRIP_ENTRY,,691.50439453125,60.37625503540039,486.9827880859375,178.58787536621094,-89.75940704345703,-179.95233154296875,-11.6156,-2.5706,-1.5857,0.4151,-0.0102,0.0017,-8.5331,0.0538,-2.5709,0.1722,-0.0043,0.0008,1.5353,-2.857,-11.5553,0.4151,-0.0102,0.0017,2.5348,-0.159,-8.5418,0.1722,-0.0043,0.0008,8.5331,18.2435,,,18.8,moving
2026-09-21T12:53:47.433+09:00,TEST_0007_TEST_P01,TEST_P01,SOFT_GRIP_ENTRY,,692.0585327148438,60.35676956176758,487.0054626464844,178.58602905273438,-89.75725555419922,-179.94740295410156,-11.6156,-2.5706,-1.5857,0.4151,-0.0102,0.0017,-8.5331,0.0538,-2.5709,0.1722,-0.0043,0.0008,1.5353,-2.857,-11.5553,0.4151,-0.0102,0.0017,2.5348,-0.159,-8.5418,0.1722,-0.0043,0.0008,8.5331,18.7977,,,18.8,moving
2026-09-21T12:53:47.488+09:00,TEST_0007_TEST_P01,TEST_P01,SOFT_GRIP_ENTRY,,692.6080322265625,60.3622932434082,486.97491455078125,178.58602905273438,-89.75960540771484,-179.94544982910156,-12.0043,-2.6762,-1.3913,0.4056,-0.01,0.0017,-8.9218,-0.0518,-2.3765,0.1627,-0.0041,0.0008,1.3384,-2.9729,-11.9403,0.4056,-0.01,0.0017,2.3379,-0.2748,-8.9268,0.1627,-0.0041,0.0008,8.9218,19.3472,,,18.8,moving
2026-09-21T12:53:47.543+09:00,TEST_0007_TEST_P01,TEST_P01,SOFT_GRIP_ENTRY,,693.15234375,60.38473892211914,487.0439147949219,178.5881805419922,-89.75418090820312,-179.94723510742188,-12.0043,-2.6762,-1.3913,0.4056,-0.01,0.0017,-8.9218,-0.0518,-2.3765,0.1627,-0.0041,0.0008,1.3384,-2.9729,-11.9403,0.4056,-0.01,0.0017,2.3379,-0.2748,-8.9268,0.1627,-0.0041,0.0008,8.9218,19.8915,,,18.8,moving
2026-09-21T12:53:47.599+09:00,TEST_0007_TEST_P01,TEST_P01,SOFT_GRIP_ENTRY,,693.7095336914062,60.40202331542969,487.0331726074219,178.58998107910156,-89.75495147705078,-179.95013427734375,-13.1602,-2.9966,-0.5482,0.3978,-0.0098,0.0017,-10.0777,-0.3722,-1.5334,0.155,-0.0039,0.0008,0.4889,-3.3203,-13.0846,0.3978,-0.0098,0.0017,1.4884,-0.6222,-10.0711,0.155,-0.0039,0.0008,10.0777,20.4487,,,18.8,moving
2026-09-21T12:53:47.654+09:00,TEST_0007_TEST_P01,TEST_P01,SOFT_GRIP_ENTRY,,694.2824096679688,60.40068054199219,486.96337890625,178.58981323242188,-89.76077270507812,-179.94866943359375,-13.1327,-3.2888,-0.0057,0.3887,-0.0096,0.0016,-10.0503,-0.6644,-0.9909,0.1459,-0.0036,0.0007,-0.0522,-3.6109,-13.0477,0.3887,-0.0096,0.0016,0.9473,-0.9129,-10.0343,0.1459,-0.0036,0.0007,10.0503,21.0215,,,18.8,moving
2026-09-21T12:53:47.710+09:00,TEST_0007_TEST_P01,TEST_P01,SOFT_GRIP_ENTRY,,694.8563232421875,60.38744354248047,486.9703674316406,178.5885009765625,-89.76022338867188,-179.94717407226562,-13.1327,-3.2888,-0.0057,0.3887,-0.0096,0.0016,-10.0503,-0.6644,-0.9909,0.1459,-0.0036,0.0007,-0.0522,-3.6109,-13.0477,0.3887,-0.0096,0.0016,0.9473,-0.9129,-10.0343,0.1459,-0.0036,0.0007,10.0503,21.5955,,,18.8,moving
2026-09-21T12:53:47.765+09:00,TEST_0007_TEST_P01,TEST_P01,SOFT_GRIP_ENTRY,,695.41357421875,60.381587982177734,486.9560546875,178.58799743652344,-89.76130676269531,-179.95089721679688,-12.7225,-3.1307,0.4271,0.3933,-0.0097,0.0016,-9.6401,-0.5063,-0.5582,0.1504,-0.0037,0.0007,-0.4826,-3.4429,-12.6396,0.3933,-0.0097,0.0016,0.5168,-0.7448,-9.6262,0.1504,-0.0037,0.0007,9.6401,22.1527,,,18.8,moving
2026-09-21T12:53:47.821+09:00,TEST_0007_TEST_P01,TEST_P01,SOFT_GRIP_ENTRY,,695.9867553710938,60.4116325378418,486.9295349121094,178.59039306640625,-89.76334381103516,-179.95462036132812,-12.7225,-3.1307,0.4271,0.3933,-0.0097,0.0016,-9.6401,-0.5063,-0.5582,0.1504,-0.0037,0.0007,-0.4826,-3.4429,-12.6396,0.3933,-0.0097,0.0016,0.5168,-0.7448,-9.6262,0.1504,-0.0037,0.0007,9.6401,22.7259,,,18.8,moving
2026-09-21T12:53:47.878+09:00,TEST_0007_TEST_P01,TEST_P01,SOFT_GRIP_ENTRY,,696.55419921875,60.43699645996094,486.8645935058594,178.59228515625,-89.76859283447266,-179.95204162597656,-12.2212,-3.105,0.8217,0.3982,-0.0098,0.0017,-9.1387,-0.4807,-0.1635,0.1554,-0.0039,0.0007,-0.8747,-3.4038,-12.1377,0.3982,-0.0098,0.0017,0.1247,-0.7058,-9.1242,0.1554,-0.0039,0.0007,9.1387,23.2933,,,18.8,moving
2026-09-21T12:53:47.933+09:00,TEST_0007_TEST_P01,TEST_P01,SOFT_GRIP_ENTRY,,697.088623046875,60.45400619506836,486.8539733886719,178.59376525878906,-89.76966857910156,-179.94818115234375,-12.2212,-3.105,0.8217,0.3982,-0.0098,0.0017,-9.1387,-0.4807,-0.1635,0.1554,-0.0039,0.0007,-0.8747,-3.4038,-12.1377,0.3982,-0.0098,0.0017,0.1247,-0.7058,-9.1242,0.1554,-0.0039,0.0007,9.1387,23.8278,,,18.8,moving
2026-09-21T12:53:47.988+09:00,TEST_0007_TEST_P01,TEST_P01,SOFT_GRIP_ENTRY,,697.5421752929688,60.43963623046875,486.8545837402344,178.59300231933594,-89.76948547363281,-179.9497528076172,-10.7144,-2.8257,0.681,0.3947,-0.0097,0.0016,-7.6319,-0.2013,-0.3042,0.1519,-0.0037,0.0007,-0.7264,-3.0872,-10.639,0.3947,-0.0097,0.0016,0.273,-0.3891,-7.6255,0.1519,-0.0037,0.0007,7.6319,24.2813,,,18.8,moving
2026-09-21T12:53:49.046+09:00,TEST_0007_TEST_P01,TEST_P01,SOFT_GRIP_ENTRY,SOFT_GRIP_STABILIZATION_END,698.1726684570312,60.34859848022461,486.7452087402344,178.5860595703125,-89.77485656738281,-179.9483184814453,-4.8805,-3.0714,-1.1242,0.5109,-0.0126,0.002,0.0,0.0,0.0,0.0,0.0,0.0,1.1024,-3.1918,-4.8076,0.5109,-0.0126,0.002,0.0,0.0,0.0,0.0,0.0,0.0,,,,,18.8,moving
2026-09-21T12:53:49.107+09:00,TEST_0007_TEST_P01,TEST_P01,HARD_GRIP,HARD_GRIP_COMMAND,698.1671752929688,60.34810256958008,486.7564392089844,178.58602905273438,-89.77391815185547,-179.94815063476562,-4.8805,-3.0714,-1.1242,0.5109,-0.0126,0.002,0.0,0.0,0.0,0.0,0.0,0.0,1.1024,-3.1918,-4.8076,0.5109,-0.0126,0.002,0.0,0.0,0.0,0.0,0.0,0.0,,,,,18.8,moving
2026-09-21T12:53:50.112+09:00,TEST_0007_TEST_P01,TEST_P01,HARD_GRIP,HARD_GRIP_STABILIZATION_END,698.101806640625,60.3643684387207,486.8819274902344,178.5880584716797,-89.76377868652344,-179.9499053955078,-1.9028,-2.7422,-1.7182,0.6389,-0.0158,0.0026,0.0,0.0,0.0,0.0,0.0,0.0,1.7082,-2.7898,-1.8417,0.6389,-0.0158,0.0026,0.0,0.0,0.0,0.0,0.0,0.0,,,,,18.4,moving
2026-09-21T12:53:50.148+09:00,TEST_0007_TEST_P01,TEST_P01,PULL_TEST,,698.1011352539062,60.36547088623047,486.88311767578125,178.58816528320312,-89.76367950439453,-179.9500274658203,-1.7884,-2.7806,-1.8031,0.6349,-0.0157,0.0026,0.1144,-0.0384,-0.0849,-0.004,0.0001,-0.0,1.7935,-2.8254,-1.7267,0.6349,-0.0157,0.0026,0.0854,-0.0356,0.1149,-0.004,0.0001,-0.0,,,0.1144,0.0007,18.4,moving
2026-09-21T12:53:50.203+09:00,TEST_0007_TEST_P01,TEST_P01,PULL_TEST,,698.0965576171875,60.36835479736328,486.8916320800781,178.5884552001953,-89.76300048828125,-179.9499053955078,-1.7884,-2.7806,-1.8031,0.6349,-0.0157,0.0026,0.1144,-0.0384,-0.0849,-0.004,0.0001,-0.0,1.7935,-2.8254,-1.7267,0.6349,-0.0157,0.0026,0.0854,-0.0356,0.1149,-0.004,0.0001,-0.0,,,0.1144,0.0052,18.4,moving
2026-09-21T12:53:50.260+09:00,TEST_0007_TEST_P01,TEST_P01,PULL_TEST,,698.0390014648438,60.37189483642578,487.0008239746094,178.58929443359375,-89.75411987304688,-179.9479217529297,-1.8466,-2.7399,-1.699,0.6358,-0.0157,0.0026,0.0562,0.0023,0.0191,-0.0031,0.0001,0.0,1.689,-2.786,-1.7857,0.6358,-0.0157,0.0026,-0.0191,0.0038,0.056,-0.0031,0.0001,0.0,,,0.0562,0.0628,18.4,moving
2026-09-21T12:53:50.316+09:00,TEST_0007_TEST_P01,TEST_P01,PULL_TEST,,697.8700561523438,60.369773864746094,487.25982666015625,178.5890350341797,-89.73285675048828,-179.9393310546875,-1.8466,-2.7399,-1.699,0.6358,-0.0157,0.0026,0.0562,0.0023,0.0191,-0.0031,0.0001,0.0,1.689,-2.786,-1.7857,0.6358,-0.0157,0.0026,-0.0191,0.0038,0.056,-0.0031,0.0001,0.0,,,0.0562,0.2318,18.4,moving
2026-09-21T12:53:50.374+09:00,TEST_0007_TEST_P01,TEST_P01,PULL_TEST,,697.5560302734375,60.360679626464844,487.4193420410156,178.587646484375,-89.71878814697266,-179.9363250732422,-1.5844,-2.7479,-2.2935,0.6036,-0.0149,0.0027,0.3184,-0.0057,-0.5753,-0.0353,0.0009,0.0001,2.2832,-2.7886,-1.5272,0.6036,-0.0149,0.0027,0.575,0.0012,0.3145,-0.0353,0.0009,0.0001,,,0.3184,0.5458,18.4,moving
2026-09-21T12:53:50.430+09:00,TEST_0007_TEST_P01,TEST_P01,PULL_TEST,,697.0681762695312,60.34425354003906,487.47857666015625,178.58653259277344,-89.7131576538086,-179.93478393554688,-1.5844,-2.7479,-2.2935,0.6036,-0.0149,0.0027,0.3184,-0.0057,-0.5753,-0.0353,0.0009,0.0001,2.2832,-2.7886,-1.5272,0.6036,-0.0149,0.0027,0.575,0.0012,0.3145,-0.0353,0.0009,0.0001,,,0.3184,1.0336,18.4,moving
2026-09-21T12:53:50.486+09:00,TEST_0007_TEST_P01,TEST_P01,PULL_TEST,,696.4974365234375,60.34104919433594,487.402587890625,178.58648681640625,-89.71861267089844,-179.93504333496094,-1.2145,-2.664,-2.4139,0.6386,-0.0158,0.0031,0.6883,0.0782,-0.6957,-0.0002,-0.0,0.0005,2.4051,-2.6958,-1.1603,0.6386,-0.0158,0.0031,0.697,0.0939,0.6813,-0.0002,-0.0,0.0005,,,0.6883,1.6044,18.4,moving
2026-09-21T12:53:50.541+09:00,TEST_0007_TEST_P01,TEST_P01,PULL_TEST,,695.9356689453125,60.34162521362305,487.33172607421875,178.58677673339844,-89.72378540039062,-179.9382781982422,-1.2145,-2.664,-2.4139,0.6386,-0.0158,0.0031,0.6883,0.0782,-0.6957,-0.0002,-0.0,0.0005,2.4051,-2.6958,-1.1603,0.6386,-0.0158,0.0031,0.697,0.0939,0.6813,-0.0002,-0.0,0.0005,,,0.6883,2.1661,18.4,moving
2026-09-21T12:53:50.598+09:00,TEST_0007_TEST_P01,TEST_P01,PULL_TEST,,695.3563232421875,60.314640045166016,487.2983093261719,178.5845184326172,-89.72603607177734,-179.94337463378906,-1.8932,-2.7097,-2.0634,0.7072,-0.0174,0.0034,0.0095,0.0325,-0.3452,0.0683,-0.0017,0.0008,2.0516,-2.7578,-1.8357,0.7072,-0.0174,0.0034,0.3435,0.032,0.006,0.0683,-0.0017,0.0008,,,0.0095,2.7455,18.4,moving
2026-09-21T12:53:50.656+09:00,TEST_0007_TEST_P01,TEST_P01,PULL_TEST,,694.7666015625,60.29065704345703,487.24346923828125,178.5825958251953,-89.73033905029297,-179.94216918945312,-1.4646,-2.6422,-1.5972,0.7801,-0.0193,0.0037,0.4381,0.1,0.1209,0.1412,-0.0035,0.0011,1.5879,-2.6792,-1.4063,0.7801,-0.0193,0.0037,-0.1202,0.1105,0.4353,0.1412,-0.0035,0.0011,,,0.4381,3.3352,18.4,moving
2026-09-21T12:53:50.712+09:00,TEST_0007_TEST_P01,TEST_P01,PULL_TEST,,694.1785278320312,60.282752990722656,487.1493835449219,178.5822296142578,-89.73809051513672,-179.9397735595703,-1.4646,-2.6422,-1.5972,0.7801,-0.0193,0.0037,0.4381,0.1,0.1209,0.1412,-0.0035,0.0011,1.5879,-2.6792,-1.4063,0.7801,-0.0193,0.0037,-0.1202,0.1105,0.4353,0.1412,-0.0035,0.0011,,,0.4381,3.9233,18.4,moving
2026-09-21T12:53:50.771+09:00,TEST_0007_TEST_P01,TEST_P01,PULL_TEST,,693.5856323242188,60.30465316772461,487.07373046875,178.58432006835938,-89.74410247802734,-179.94137573242188,-0.5569,-2.7425,-1.5278,0.805,-0.0199,0.0037,1.3459,-0.0003,0.1904,0.1661,-0.0042,0.0011,1.5227,-2.757,-0.4958,0.805,-0.0199,0.0037,-0.1855,0.0327,1.3459,0.1661,-0.0042,0.0011,,,1.3459,4.5162,18.4,moving
2026-09-21T12:53:50.826+09:00,TEST_0007_TEST_P01,TEST_P01,PULL_TEST,,693.0287475585938,60.337303161621094,487.1236267089844,178.58705139160156,-89.74017333984375,-179.9442901611328,-0.5569,-2.7425,-1.5278,0.805,-0.0199,0.0037,1.3459,-0.0003,0.1904,0.1661,-0.0042,0.0011,1.5227,-2.757,-0.4958,0.805,-0.0199,0.0037,-0.1855,0.0327,1.3459,0.1661,-0.0042,0.0011,,,1.3459,5.0731,18.4,moving
2026-09-21T12:53:50.882+09:00,TEST_0007_TEST_P01,TEST_P01,PULL_TEST,,692.4778442382812,60.32992935180664,487.0633850097656,178.5862579345703,-89.74517059326172,-179.94485473632812,1.2541,-2.771,-1.5064,0.8275,-0.0204,0.0037,3.1568,-0.0288,0.2118,0.1887,-0.0047,0.0011,1.5096,-2.7407,1.3153,0.8275,-0.0204,0.0037,-0.1985,0.0491,3.157,0.1887,-0.0047,0.0011,,,3.1568,5.624,18.4,moving
2026-09-21T12:53:50.937+09:00,TEST_0007_TEST_P01,TEST_P01,PULL_TEST,,691.91650390625,60.31084442138672,486.97845458984375,178.5850372314453,-89.75223541259766,-179.94384765625,1.2541,-2.771,-1.5064,0.8275,-0.0204,0.0037,3.1568,-0.0288,0.2118,0.1887,-0.0047,0.0011,1.5096,-2.7407,1.3153,0.8275,-0.0204,0.0037,-0.1985,0.0491,3.157,0.1887,-0.0047,0.0011,,,3.1568,6.1853,18.4,moving
2026-09-21T12:53:50.992+09:00,TEST_0007_TEST_P01,TEST_P01,PULL_TEST,,691.3621826171875,60.29907989501953,486.9410095214844,178.58447265625,-89.75518798828125,-179.94677734375,1.5386,-2.7713,-1.2734,0.8489,-0.021,0.0037,3.4413,-0.0291,0.4447,0.21,-0.0052,0.0011,1.2777,-2.7337,1.601,0.8489,-0.021,0.0037,-0.4305,0.0561,3.4427,0.21,-0.0052,0.0011,,,3.4413,6.7396,18.4,moving
2026-09-21T12:53:51.048+09:00,TEST_0007_TEST_P01,TEST_P01,PULL_TEST,,690.7999267578125,60.314823150634766,486.9325866699219,178.5855255126953,-89.75564575195312,-179.9508056640625,2.0181,-2.8328,-1.1837,0.8724,-0.0216,0.0038,3.9209,-0.0906,0.5345,0.2335,-0.0058,0.0011,1.1902,-2.7831,2.0823,0.8724,-0.0216,0.0038,-0.518,0.0066,3.924,0.2335,-0.0058,0.0011,,,3.9209,7.3019,18.4,moving
2026-09-21T12:53:51.104+09:00,TEST_0007_TEST_P01,TEST_P01,PULL_TEST,,690.229736328125,60.347225189208984,486.9204406738281,178.5880889892578,-89.75656127929688,-179.94985961914062,2.0181,-2.8328,-1.1837,0.8724,-0.0216,0.0038,3.9209,-0.0906,0.5345,0.2335,-0.0058,0.0011,1.1902,-2.7831,2.0823,0.8724,-0.0216,0.0038,-0.518,0.0066,3.924,0.2335,-0.0058,0.0011,,,3.9209,7.8721,18.4,moving
2026-09-21T12:53:51.160+09:00,TEST_0007_TEST_P01,TEST_P01,PULL_TEST,,689.6658325195312,60.371700286865234,486.87176513671875,178.5901641845703,-89.76029205322266,-179.94725036621094,2.1674,-2.9078,-1.0557,0.8899,-0.0219,0.0038,4.0701,-0.1656,0.6625,0.251,-0.0062,0.0011,1.0625,-2.8546,2.2338,0.8899,-0.0219,0.0038,-0.6457,-0.0648,4.0755,0.251,-0.0062,0.0011,,,4.0701,8.436,18.4,moving
2026-09-21T12:53:51.215+09:00,TEST_0007_TEST_P01,TEST_P01,PULL_TEST,,689.1245727539062,60.3552131652832,486.89459228515625,178.5885772705078,-89.75821685791016,-179.94923400878906,2.1674,-2.9078,-1.0557,0.8899,-0.0219,0.0038,4.0701,-0.1656,0.6625,0.251,-0.0062,0.0011,1.0625,-2.8546,2.2338,0.8899,-0.0219,0.0038,-0.6457,-0.0648,4.0755,0.251,-0.0062,0.0011,,,4.0701,8.9772,18.4,moving
2026-09-21T12:53:51.271+09:00,TEST_0007_TEST_P01,TEST_P01,PULL_TEST,,688.5780639648438,60.33202362060547,486.8301086425781,178.5864715576172,-89.76356506347656,-179.9521942138672,2.5579,-2.8737,-1.1454,0.9006,-0.0222,0.0038,4.4606,-0.1315,0.5727,0.2617,-0.0064,0.0012,1.1541,-2.8108,2.6231,0.9006,-0.0222,0.0038,-0.554,-0.021,4.4647,0.2617,-0.0064,0.0012,,,4.4606,9.5237,18.4,moving
2026-09-21T12:53:51.326+09:00,TEST_0007_TEST_P01,TEST_P01,PULL_TEST,,688.009033203125,60.316986083984375,486.8121643066406,178.5855255126953,-89.76512908935547,-179.94903564453125,2.5579,-2.8737,-1.1454,0.9006,-0.0222,0.0038,4.4606,-0.1315,0.5727,0.2617,-0.0064,0.0012,1.1541,-2.8108,2.6231,0.9006,-0.0222,0.0038,-0.554,-0.021,4.4647,0.2617,-0.0064,0.0012,,,4.4606,10.0928,18.4,moving
2026-09-21T12:53:51.382+09:00,TEST_0007_TEST_P01,TEST_P01,PULL_TEST,,687.4569702148438,60.337852478027344,486.8489074707031,178.58737182617188,-89.76195526123047,-179.94732666015625,3.1722,-2.88,-1.2556,0.9022,-0.0223,0.0037,5.075,-0.1378,0.4626,0.2633,-0.0065,0.0011,1.2663,-2.802,3.2372,0.9022,-0.0223,0.0037,-0.4419,-0.0123,5.0788,0.2633,-0.0065,0.0011,,,5.075,10.6448,18.4,moving
2026-09-21T12:53:51.437+09:00,TEST_0007_TEST_P01,TEST_P01,PULL_TEST,,686.9127807617188,60.36455154418945,486.8572692871094,178.58949279785156,-89.76129150390625,-179.94993591308594,3.1722,-2.88,-1.2556,0.9022,-0.0223,0.0037,5.075,-0.1378,0.4626,0.2633,-0.0065,0.0011,1.2663,-2.802,3.2372,0.9022,-0.0223,0.0037,-0.4419,-0.0123,5.0788,0.2633,-0.0065,0.0011,,,5.075,11.189,18.4,moving
2026-09-21T12:53:51.494+09:00,TEST_0007_TEST_P01,TEST_P01,PULL_TEST,,686.3365478515625,60.36124801635742,486.83038330078125,178.5895233154297,-89.76373291015625,-179.94854736328125,3.8755,-2.9153,-1.518,0.9022,-0.0222,0.0037,5.7782,-0.1731,0.2002,0.2634,-0.0065,0.0011,1.532,-2.8204,3.9397,0.9022,-0.0222,0.0037,-0.1761,-0.0306,5.7813,0.2634,-0.0065,0.0011,,,5.7782,11.7653,18.4,moving
2026-09-21T12:53:51.550+09:00,TEST_0007_TEST_P01,TEST_P01,PULL_TEST,,685.755859375,60.34624099731445,486.78570556640625,178.58859252929688,-89.76719665527344,-179.94569396972656,4.2238,-2.9191,-1.6651,0.903,-0.0222,0.0037,6.1266,-0.1769,0.053,0.2641,-0.0065,0.0011,1.6799,-2.8158,4.2876,0.903,-0.0222,0.0037,-0.0282,-0.026,6.1293,0.2641,-0.0065,0.0011,,,6.1266,12.3459,18.4,moving
2026-09-21T12:53:51.607+09:00,TEST_0007_TEST_P01,TEST_P01,PULL_TEST,,685.1947021484375,60.3395881652832,486.7832336425781,178.58822631835938,-89.767333984375,-179.94918823242188,4.2238,-2.9191,-1.6651,0.903,-0.0222,0.0037,6.1266,-0.1769,0.053,0.2641,-0.0065,0.0011,1.6799,-2.8158,4.2876,0.903,-0.0222,0.0037,-0.0282,-0.026,6.1293,0.2641,-0.0065,0.0011,,,6.1266,12.9071,18.4,moving
2026-09-21T12:53:51.663+09:00,TEST_0007_TEST_P01,TEST_P01,PULL_TEST,,684.6348266601562,60.35757064819336,486.8933410644531,178.5893096923828,-89.75827026367188,-179.95179748535156,4.6843,-3.0242,-1.9256,0.9037,-0.0223,0.0037,6.587,-0.282,-0.2074,0.2649,-0.0065,0.0011,1.9428,-2.9096,4.7493,0.9037,-0.0223,0.0037,0.2346,-0.1199,6.591,0.2649,-0.0065,0.0011,,,6.587,13.467,18.4,moving
2026-09-21T12:53:51.721+09:00,TEST_0007_TEST_P01,TEST_P01,PULL_TEST,,684.0374755859375,60.384586334228516,486.8575134277344,178.59164428710938,-89.76107788085938,-179.9514923095703,4.6843,-3.0242,-1.9256,0.9037,-0.0223,0.0037,6.587,-0.282,-0.2074,0.2649,-0.0065,0.0011,1.9428,-2.9096,4.7493,0.9037,-0.0223,0.0037,0.2346,-0.1199,6.591,0.2649,-0.0065,0.0011,,,6.587,14.0643,18.4,moving
2026-09-21T12:53:51.777+09:00,TEST_0007_TEST_P01,TEST_P01,PULL_TEST,,683.4722900390625,60.38530349731445,486.8409423828125,178.5918731689453,-89.76202392578125,-179.9532928466797,5.3111,-3.0819,-2.1681,0.9018,-0.0222,0.0038,7.2139,-0.3397,-0.4499,0.2629,-0.0064,0.0011,2.1881,-2.9524,5.3761,0.9018,-0.0222,0.0038,0.4799,-0.1626,7.2178,0.2629,-0.0064,0.0011,,,7.2139,14.6295,18.4,moving
2026-09-21T12:53:51.832+09:00,TEST_0007_TEST_P01,TEST_P01,PULL_TEST,,682.9196166992188,60.359405517578125,486.9045715332031,178.5896453857422,-89.7569351196289,-179.95391845703125,5.3111,-3.0819,-2.1681,0.9018,-0.0222,0.0038,7.2139,-0.3397,-0.4499,0.2629,-0.0064,0.0011,2.1881,-2.9524,5.3761,0.9018,-0.0222,0.0038,0.4799,-0.1626,7.2178,0.2629,-0.0064,0.0011,,,7.2139,15.1822,18.4,moving
2026-09-21T12:53:51.887+09:00,TEST_0007_TEST_P01,TEST_P01,PULL_TEST,,682.3607788085938,60.33406066894531,486.9689636230469,178.58775329589844,-89.75164031982422,-179.9484100341797,5.1488,-3.1059,-1.741,0.9066,-0.0223,0.0038,7.0516,-0.3637,-0.0229,0.2677,-0.0066,0.0012,1.7608,-2.9796,5.2162,0.9066,-0.0223,0.0038,0.0527,-0.1899,7.0579,0.2677,-0.0066,0.0012,,,7.0516,15.741,18.4,moving
2026-09-21T12:53:51.943+09:00,TEST_0007_TEST_P01,TEST_P01,PULL_TEST,,681.8025512695312,60.33367156982422,486.9191589355469,178.5878448486328,-89.75553894042969,-179.94496154785156,5.1488,-3.1059,-1.741,0.9066,-0.0223,0.0038,7.0516,-0.3637,-0.0229,0.2677,-0.0066,0.0012,1.7608,-2.9796,5.2162,0.9066,-0.0223,0.0038,0.0527,-0.1899,7.0579,0.2677,-0.0066,0.0012,,,7.0516,16.2993,18.4,moving
2026-09-21T12:53:51.999+09:00,TEST_0007_TEST_P01,TEST_P01,PULL_TEST,,681.25341796875,60.35286331176758,486.8477783203125,178.5890350341797,-89.76150512695312,-179.94903564453125,5.2722,-3.1192,-2.2248,0.902,-0.0222,0.0039,7.1749,-0.377,-0.5066,0.2631,-0.0065,0.0012,2.2448,-2.9905,5.3379,0.902,-0.0222,0.0039,0.5366,-0.2008,7.1796,0.2631,-0.0065,0.0012,,,7.1749,16.8484,18.4,moving
2026-09-21T12:53:52.054+09:00,TEST_0007_TEST_P01,TEST_P01,PULL_TEST,,680.7005615234375,60.36261749267578,486.8363037109375,178.59017944335938,-89.7625961303711,-179.95022583007812,5.825,-3.1031,-1.6731,0.909,-0.0224,0.0038,7.7278,-0.3609,0.0451,0.2701,-0.0066,0.0012,1.695,-2.9603,5.8926,0.909,-0.0224,0.0038,-0.0131,-0.1706,7.7342,0.2701,-0.0066,0.0012,,,7.7278,17.4012,18.4,moving
2026-09-21T12:53:52.112+09:00,TEST_0007_TEST_P01,TEST_P01,PULL_TEST,,680.1439208984375,60.34054183959961,486.933349609375,178.5885467529297,-89.75460815429688,-179.9466552734375,5.825,-3.1031,-1.6731,0.909,-0.0224,0.0038,7.7278,-0.3609,0.0451,0.2701,-0.0066,0.0012,1.695,-2.9603,5.8926,0.909,-0.0224,0.0038,-0.0131,-0.1706,7.7342,0.2701,-0.0066,0.0012,,,7.7278,17.9579,18.4,moving
2026-09-21T12:53:52.169+09:00,TEST_0007_TEST_P01,TEST_P01,PULL_TEST,,679.5878295898438,60.29763412475586,486.90325927734375,178.58473205566406,-89.75719451904297,-179.94911193847656,5.7459,-2.9933,-1.8863,0.9159,-0.0226,0.0039,7.6487,-0.2511,-0.1681,0.2771,-0.0068,0.0012,1.9083,-2.8523,5.81,0.9159,-0.0226,0.0039,0.2001,-0.0625,7.6517,0.2771,-0.0068,0.0012,,,7.6487,18.514,18.4,moving
2026-09-21T12:53:52.224+09:00,TEST_0007_TEST_P01,TEST_P01,PULL_TEST,,679.0090942382812,60.265628814697266,486.85345458984375,178.5821533203125,-89.760986328125,-179.94996643066406,5.7459,-2.9933,-1.8863,0.9159,-0.0226,0.0039,7.6487,-0.2511,-0.1681,0.2771,-0.0068,0.0012,1.9083,-2.8523,5.81,0.9159,-0.0226,0.0039,0.2001,-0.0625,7.6517,0.2771,-0.0068,0.0012,,,7.6487,19.0927,18.4,moving
2026-09-21T12:53:52.280+09:00,TEST_0007_TEST_P01,TEST_P01,PULL_TEST,,678.38720703125,60.27315139770508,487.0716247558594,178.583740234375,-89.7426528930664,-179.94448852539062,4.0196,-2.8966,-1.5101,0.9081,-0.0224,0.0038,5.9223,-0.1544,0.2081,0.2692,-0.0067,0.0012,1.5251,-2.7978,4.0834,0.9081,-0.0224,0.0038,-0.1831,-0.008,5.9251,0.2692,-0.0067,0.0012,,,5.9223,19.7146,18.4,moving
2026-09-21T12:53:52.336+09:00,TEST_0007_TEST_P01,TEST_P01,PULL_TEST,,677.8628540039062,60.301658630371094,487.08233642578125,178.5855712890625,-89.74199676513672,-179.94754028320312,4.0196,-2.8966,-1.5101,0.9081,-0.0224,0.0038,5.9223,-0.1544,0.2081,0.2692,-0.0067,0.0012,1.5251,-2.7978,4.0834,0.9081,-0.0224,0.0038,-0.1831,-0.008,5.9251,0.2692,-0.0067,0.0012,,,5.9223,20.239,18.4,moving
2026-09-21T12:53:52.391+09:00,TEST_0007_TEST_P01,TEST_P01,PULL_TEST,,677.30078125,60.305423736572266,487.0525817871094,178.58584594726562,-89.74418640136719,-179.94906616210938,-0.1998,-2.6346,0.4465,0.9107,-0.0225,0.004,1.7029,0.1076,2.1647,0.2718,-0.0067,0.0014,-0.4495,-2.6383,-0.1327,0.9107,-0.0225,0.004,-2.1577,0.1514,1.7089,0.2718,-0.0067,0.0014,,,1.7029,20.801,18.4,moving
2026-09-21T12:53:52.448+09:00,TEST_0007_TEST_P01,TEST_P01,PULL_TEST,,676.7362060546875,60.28615188598633,486.99053955078125,178.5843963623047,-89.74905395507812,-179.94769287109375,-0.9561,-2.629,0.8345,0.9155,-0.0226,0.004,0.9466,0.1132,2.5527,0.2766,-0.0069,0.0014,-0.8408,-2.6511,-0.8872,0.9155,-0.0226,0.004,-2.549,0.1387,0.9544,0.2766,-0.0069,0.0014,,,0.9466,21.3656,18.4,moving
2026-09-21T12:53:52.503+09:00,TEST_0007_TEST_P01,TEST_P01,PULL_TEST,,676.2070922851562,60.274505615234375,486.91455078125,178.58299255371094,-89.7556381225586,-179.9505615234375,-0.9561,-2.629,0.8345,0.9155,-0.0226,0.004,0.9466,0.1132,2.5527,0.2766,-0.0069,0.0014,-0.8408,-2.6511,-0.8872,0.9155,-0.0226,0.004,-2.549,0.1387,0.9544,0.2766,-0.0069,0.0014,,,0.9466,21.8947,18.4,moving
2026-09-21T12:53:52.559+09:00,TEST_0007_TEST_P01,TEST_P01,PULL_TEST,,675.6754150390625,60.286746978759766,486.95556640625,178.5836181640625,-89.75212097167969,-179.9475860595703,-0.8834,-2.6551,0.6799,0.9251,-0.0229,0.004,1.0194,0.0871,2.3981,0.2863,-0.0071,0.0014,-0.6859,-2.6755,-0.8145,0.9251,-0.0229,0.004,-2.394,0.1142,1.0271,0.2863,-0.0071,0.0014,,,1.0194,22.4264,18.4,moving
2026-09-21T12:53:52.615+09:00,TEST_0007_TEST_P01,TEST_P01,PULL_TEST,,675.1080322265625,60.31794738769531,486.921875,178.58648681640625,-89.7548828125,-179.94393920898438,-0.8834,-2.6551,0.6799,0.9251,-0.0229,0.004,1.0194,0.0871,2.3981,0.2863,-0.0071,0.0014,-0.6859,-2.6755,-0.8145,0.9251,-0.0229,0.004,-2.394,0.1142,1.0271,0.2863,-0.0071,0.0014,,,1.0194,22.9938,18.4,moving
2026-09-21T12:53:52.672+09:00,TEST_0007_TEST_P01,TEST_P01,PULL_TEST,,674.53466796875,60.321353912353516,486.8634948730469,178.5869140625,-89.75990295410156,-179.9488525390625,-0.9086,-2.6232,0.9165,0.9394,-0.0232,0.004,0.9942,0.119,2.6347,0.3006,-0.0074,0.0014,-0.9225,-2.6439,-0.8397,0.9394,-0.0232,0.004,-2.6307,0.1459,1.0019,0.3006,-0.0074,0.0014,,,0.9942,23.5671,18.4,moving
2026-09-21T12:53:52.728+09:00,TEST_0007_TEST_P01,TEST_P01,PULL_TEST,,674.0270385742188,60.30568313598633,486.86224365234375,178.58538818359375,-89.75989532470703,-179.95228576660156,-0.9086,-2.6232,0.9165,0.9394,-0.0232,0.004,0.9942,0.119,2.6347,0.3006,-0.0074,0.0014,-0.9225,-2.6439,-0.8397,0.9394,-0.0232,0.004,-2.6307,0.1459,1.0019,0.3006,-0.0074,0.0014,,,0.9942,24.0748,18.4,moving
2026-09-21T12:53:52.784+09:00,TEST_0007_TEST_P01,TEST_P01,PULL_TEST,,673.59228515625,60.29007339477539,486.93133544921875,178.5838623046875,-89.75464630126953,-179.95021057128906,-1.2544,-2.5704,0.8714,0.944,-0.0233,0.004,0.6483,0.1718,2.5895,0.3051,-0.0076,0.0013,-0.8785,-2.5999,-1.1869,0.944,-0.0233,0.004,-2.5867,0.1899,0.6548,0.3051,-0.0076,0.0013,,,0.6483,24.5095,18.4,moving
2026-09-21T12:54:05.214+09:00,TEST_0007_TEST_P01,TEST_P01,RELEASE,RETURN_SOFT_GRIP_COMMAND,673.102783203125,60.36170196533203,486.8887634277344,178.58815002441406,-89.76288604736328,-179.94984436035156,-2.3665,-2.4044,0.9193,0.7232,-0.0178,0.003,0.0,0.0,0.0,0.0,0.0,0.0,-0.931,-2.4612,-2.3027,0.7232,-0.0178,0.003,0.0,0.0,0.0,0.0,0.0,0.0,,,,,18.4,moving
2026-09-21T12:54:05.406+09:00,TEST_0007_TEST_P01,TEST_P01,RELEASE,RETURN_SOFT_GRIP_OPEN_REACHED,673.102783203125,60.36170196533203,486.8887634277344,178.58815002441406,-89.76288604736328,-179.94984436035156,-2.3871,-2.3869,0.9394,0.7268,-0.0179,0.003,0.0,0.0,0.0,0.0,0.0,0.0,-0.9511,-2.4442,-2.3236,0.7268,-0.0179,0.003,0.0,0.0,0.0,0.0,0.0,0.0,,,,,22.8,holding
