timestamp,trial_id,inspection_point_id,state,grip_event,tcp_x,tcp_y,tcp_z,tcp_rx,tcp_ry,tcp_rz,base_fx,base_fy,base_fz,base_tx,base_ty,base_tz,base_dfx,base_dfy,base_dfz,base_dtx,base_dty,base_dtz,tool_fx,tool_fy,tool_fz,tool_tx,tool_ty,tool_tz,tool_dfx,tool_dfy,tool_dfz,tool_dtx,tool_dty,tool_dtz,entry_force_n,entry_depth_mm,pull_force_n,pull_displacement_mm,gripper_width,gripper_state
2026-09-21T12:16:59.972+09:00,TEST_0001_TEST_P01,TEST_P01,SOFT_GRIP_ENTRY,SOFT_GRIP_COMMAND,673.2550659179688,60.52482604980469,486.6947937011719,178.59796142578125,-89.77848052978516,-179.94236755371094,-3.2593,-2.7095,0.9829,0.2399,-0.0059,0.0009,0.0412,0.0238,0.0026,0.0339,-0.0008,0.0001,-0.998,-2.7875,-3.1882,0.2399,-0.0059,0.0009,-0.0024,0.0248,0.0406,0.0339,-0.0008,0.0001,,,,,109.2,moving
2026-09-21T12:17:04.837+09:00,TEST_0001_TEST_P01,TEST_P01,SOFT_GRIP_ENTRY,ENTRY_MOTION_START_WIDTH_REACHED,673.0978393554688,60.381561279296875,486.8197021484375,178.58973693847656,-89.76860046386719,-179.9510498046875,-2.9708,-2.4459,-0.9015,0.4209,-0.0104,0.0017,0.3297,0.2874,-1.8818,0.2149,-0.0053,0.0009,0.8876,-2.5191,-2.9133,0.4209,-0.0104,0.0017,1.8832,0.2932,0.3155,0.2149,-0.0053,0.0009,,,,,19.8,moving
2026-09-21T12:17:04.868+09:00,TEST_0001_TEST_P01,TEST_P01,SOFT_GRIP_ENTRY,,673.0984497070312,60.38166809082031,486.81854248046875,178.58975219726562,-89.7686996459961,-179.95106506347656,-2.9708,-2.4459,-0.9015,0.4209,-0.0104,0.0017,0.3297,0.2874,-1.8818,0.2149,-0.0053,0.0009,0.8876,-2.5191,-2.9133,0.4209,-0.0104,0.0017,1.8832,0.2932,0.3155,0.2149,-0.0053,0.0009,0.3297,-0.1618,,,19.6,moving
2026-09-21T12:17:04.924+09:00,TEST_0001_TEST_P01,TEST_P01,SOFT_GRIP_ENTRY,,673.1015014648438,60.382877349853516,486.8121337890625,178.58985900878906,-89.76927947998047,-179.951171875,-2.9708,-2.4459,-0.9015,0.4209,-0.0104,0.0017,0.3297,0.2874,-1.8818,0.2149,-0.0053,0.0009,1.7946,-2.6382,-2.4411,0.3994,-0.0098,0.0016,2.7902,0.1741,0.7877,0.1934,-0.0048,0.0008,0.3297,-0.1588,,,19.3,moving
2026-09-21T12:17:04.979+09:00,TEST_0001_TEST_P01,TEST_P01,SOFT_GRIP_ENTRY,,673.1484375,60.3922004699707,486.7248840332031,178.58999633789062,-89.77647399902344,-179.95310974121094,-2.498,-2.576,-1.8067,0.3994,-0.0098,0.0016,0.8025,0.1573,-2.787,0.1934,-0.0048,0.0008,1.7946,-2.6382,-2.4411,0.3994,-0.0098,0.0016,2.7902,0.1741,0.7877,0.1934,-0.0048,0.0008,0.8025,-0.1118,,,19.1,moving
2026-09-21T12:17:05.036+09:00,TEST_0001_TEST_P01,TEST_P01,SOFT_GRIP_ENTRY,,673.2952880859375,60.429931640625,486.4862060546875,178.5926513671875,-89.79576873779297,-179.96705627441406,-4.2413,-3.0226,-1.7592,0.4475,-0.011,0.0017,-0.9408,-0.2893,-2.7395,0.2415,-0.006,0.0009,1.742,-3.127,-4.1722,0.4475,-0.011,0.0017,2.7376,-0.3147,-0.9434,0.2415,-0.006,0.0009,0.9408,0.035,,,18.8,moving
2026-09-21T12:17:05.092+09:00,TEST_0001_TEST_P01,TEST_P01,SOFT_GRIP_ENTRY,,673.5861206054688,60.45777893066406,486.2774963378906,178.59573364257812,-89.8141860961914,-179.9782257080078,-4.2413,-3.0226,-1.7592,0.4475,-0.011,0.0017,-0.9408,-0.2893,-2.7395,0.2415,-0.006,0.0009,1.742,-3.127,-4.1722,0.4475,-0.011,0.0017,2.7376,-0.3147,-0.9434,0.2415,-0.006,0.0009,0.9408,0.3259,,,18.8,moving
2026-09-21T12:17:05.150+09:00,TEST_0001_TEST_P01,TEST_P01,SOFT_GRIP_ENTRY,,674.0977172851562,60.47027587890625,486.3666076660156,178.59640502929688,-89.8080825805664,-179.97219848632812,-5.8856,-3.0238,-1.2271,0.4431,-0.0109,0.0015,-2.5851,-0.2905,-2.2074,0.2371,-0.0058,0.0007,1.2068,-3.1675,-5.8138,0.4431,-0.0109,0.0015,2.2024,-0.3553,-2.5849,0.2371,-0.0058,0.0007,2.5851,0.8375,,,18.6,moving
2026-09-21T12:17:05.206+09:00,TEST_0001_TEST_P01,TEST_P01,SOFT_GRIP_ENTRY,,674.669677734375,60.48530960083008,486.3348388671875,178.59725952148438,-89.8119125366211,-179.96531677246094,-5.8856,-3.0238,-1.2271,0.4431,-0.0109,0.0015,-2.5851,-0.2905,-2.2074,0.2371,-0.0058,0.0007,1.2068,-3.1675,-5.8138,0.4431,-0.0109,0.0015,2.2024,-0.3553,-2.5849,0.2371,-0.0058,0.0007,2.5851,1.4094,,,18.6,moving
2026-09-21T12:17:05.262+09:00,TEST_0001_TEST_P01,TEST_P01,SOFT_GRIP_ENTRY,,675.2448120117188,60.5045051574707,486.31756591796875,178.59857177734375,-89.8143310546875,-179.96360778808594,-6.0916,-2.8337,-1.378,0.3998,-0.0098,0.0013,-2.7911,-0.1003,-2.3583,0.1938,-0.0048,0.0005,1.3562,-2.9827,-6.0249,0.3998,-0.0098,0.0013,2.3519,-0.1704,-2.7961,0.1938,-0.0048,0.0005,2.7911,1.9846,,,18.6,moving
2026-09-21T12:17:05.318+09:00,TEST_0001_TEST_P01,TEST_P01,SOFT_GRIP_ENTRY,,675.834716796875,60.535797119140625,486.379638671875,178.60147094726562,-89.80976104736328,-179.95849609375,-6.0916,-2.8337,-1.378,0.3998,-0.0098,0.0013,-2.7911,-0.1003,-2.3583,0.1938,-0.0048,0.0005,1.3562,-2.9827,-6.0249,0.3998,-0.0098,0.0013,2.3519,-0.1704,-2.7961,0.1938,-0.0048,0.0005,2.7911,2.5745,,,18.6,moving
2026-09-21T12:17:05.376+09:00,TEST_0001_TEST_P01,TEST_P01,SOFT_GRIP_ENTRY,,676.4498901367188,60.54460906982422,486.38458251953125,178.60195922851562,-89.80982208251953,-179.95733642578125,-5.861,-2.2975,-1.914,0.4026,-0.0098,0.0013,-2.5605,0.4358,-2.8943,0.1966,-0.0048,0.0005,1.8928,-2.4413,-5.8095,0.4026,-0.0098,0.0013,2.8885,0.371,-2.5807,0.1966,-0.0048,0.0005,2.5605,3.1896,,,18.8,moving
2026-09-21T12:17:05.432+09:00,TEST_0001_TEST_P01,TEST_P01,SOFT_GRIP_ENTRY,,677.0259399414062,60.5125846862793,486.3582458496094,178.59922790527344,-89.812255859375,-179.96327209472656,-5.6252,-1.1138,-3.285,0.3987,-0.0097,0.0013,-2.3247,1.6196,-4.2653,0.1927,-0.0047,0.0005,3.2659,-1.253,-5.607,0.3987,-0.0097,0.0013,4.2616,1.5592,-2.3782,0.1927,-0.0047,0.0005,2.3247,3.7657,,,18.8,moving
2026-09-21T12:17:05.489+09:00,TEST_0001_TEST_P01,TEST_P01,SOFT_GRIP_ENTRY,,677.5944213867188,60.495201110839844,486.450927734375,178.59793090820312,-89.80438995361328,-179.96018981933594,-5.6252,-1.1138,-3.285,0.3987,-0.0097,0.0013,-2.3247,1.6196,-4.2653,0.1927,-0.0047,0.0005,3.2659,-1.253,-5.607,0.3987,-0.0097,0.0013,4.2616,1.5592,-2.3782,0.1927,-0.0047,0.0005,2.3247,4.3342,,,18.8,moving
2026-09-21T12:17:05.545+09:00,TEST_0001_TEST_P01,TEST_P01,SOFT_GRIP_ENTRY,,678.1707763671875,60.5042839050293,486.4656982421875,178.59835815429688,-89.80333709716797,-179.95790100097656,-5.7548,-0.7748,-3.9205,0.381,-0.0093,0.0013,-2.4543,1.9585,-4.9008,0.175,-0.0043,0.0005,3.9,-0.9183,-5.7477,0.381,-0.0093,0.0013,4.8956,1.894,-2.5188,0.175,-0.0043,0.0005,2.4543,4.9105,,,18.8,moving
2026-09-21T12:17:05.602+09:00,TEST_0001_TEST_P01,TEST_P01,SOFT_GRIP_ENTRY,,678.7388916015625,60.503028869628906,486.524169921875,178.5979461669922,-89.79842376708984,-179.95872497558594,-5.7548,-0.7748,-3.9205,0.381,-0.0093,0.0013,-2.4543,1.9585,-4.9008,0.175,-0.0043,0.0005,3.9,-0.9183,-5.7477,0.381,-0.0093,0.0013,4.8956,1.894,-2.5188,0.175,-0.0043,0.0005,2.4543,5.4786,,,18.8,moving
2026-09-21T12:17:05.658+09:00,TEST_0001_TEST_P01,TEST_P01,SOFT_GRIP_ENTRY,,679.2916870117188,60.461795806884766,486.62762451171875,178.59446716308594,-89.78952026367188,-179.9530029296875,-6.4473,-0.8187,-4.6002,0.3768,-0.0092,0.0013,-3.1468,1.9146,-5.5805,0.1708,-0.0042,0.0005,4.5763,-0.9798,-6.4419,0.3768,-0.0092,0.0013,5.5719,1.8325,-3.2131,0.1708,-0.0042,0.0005,3.1468,6.0314,,,18.8,moving
2026-09-21T12:17:05.714+09:00,TEST_0001_TEST_P01,TEST_P01,SOFT_GRIP_ENTRY,,679.8591918945312,60.43110656738281,486.7122802734375,178.5916748046875,-89.78247833251953,-179.95054626464844,-6.4473,-0.8187,-4.6002,0.3768,-0.0092,0.0013,-3.1468,1.9146,-5.5805,0.1708,-0.0042,0.0005,4.5763,-0.9798,-6.4419,0.3768,-0.0092,0.0013,5.5719,1.8325,-3.2131,0.1708,-0.0042,0.0005,3.1468,6.5989,,,18.8,moving
2026-09-21T12:17:05.768+09:00,TEST_0001_TEST_P01,TEST_P01,SOFT_GRIP_ENTRY,,680.4044189453125,60.43341827392578,486.82171630859375,178.59169006347656,-89.7733154296875,-179.95187377929688,-6.6995,-1.1679,-4.6754,0.3725,-0.0091,0.0014,-3.399,1.5654,-5.6558,0.1665,-0.0041,0.0006,4.6489,-1.3362,-6.6865,0.3725,-0.0091,0.0014,5.6445,1.4761,-3.4577,0.1665,-0.0041,0.0006,3.399,7.1442,,,18.8,moving
2026-09-21T12:17:05.825+09:00,TEST_0001_TEST_P01,TEST_P01,SOFT_GRIP_ENTRY,,680.9403076171875,60.45893096923828,486.7727355957031,178.59423828125,-89.77703857421875,-179.95013427734375,-7.3129,-1.4529,-4.3567,0.3803,-0.0093,0.0015,-4.0124,1.2804,-5.337,0.1743,-0.0043,0.0007,4.3269,-1.6357,-7.2919,0.3803,-0.0093,0.0015,5.3226,1.1766,-4.0631,0.1743,-0.0043,0.0007,4.0124,7.6801,,,18.8,moving
2026-09-21T12:17:05.881+09:00,TEST_0001_TEST_P01,TEST_P01,SOFT_GRIP_ENTRY,,681.509765625,60.48053741455078,486.7906799316406,178.5959930419922,-89.77586364746094,-179.9509735107422,-7.3129,-1.4529,-4.3567,0.3803,-0.0093,0.0015,-4.0124,1.2804,-5.337,0.1743,-0.0043,0.0007,4.3269,-1.6357,-7.2919,0.3803,-0.0093,0.0015,5.3226,1.1766,-4.0631,0.1743,-0.0043,0.0007,4.0124,8.2495,,,18.8,moving
2026-09-21T12:17:05.936+09:00,TEST_0001_TEST_P01,TEST_P01,SOFT_GRIP_ENTRY,,682.0687255859375,60.474517822265625,486.8815002441406,178.5955810546875,-89.76856231689453,-179.95266723632812,-8.1715,-1.6579,-4.1628,0.39,-0.0096,0.0015,-4.871,1.0754,-5.1431,0.184,-0.0045,0.0007,4.1286,-1.861,-8.145,0.39,-0.0096,0.0015,5.1242,0.9512,-4.9162,0.184,-0.0045,0.0007,4.871,8.8085,,,18.8,moving
2026-09-21T12:17:05.993+09:00,TEST_0001_TEST_P01,TEST_P01,SOFT_GRIP_ENTRY,,682.642822265625,60.4414176940918,486.9349060058594,178.59310913085938,-89.76410675048828,-179.94989013671875,-8.1715,-1.6579,-4.1628,0.39,-0.0096,0.0015,-4.871,1.0754,-5.1431,0.184,-0.0045,0.0007,4.1286,-1.861,-8.145,0.39,-0.0096,0.0015,5.1242,0.9512,-4.9162,0.184,-0.0045,0.0007,4.871,9.3826,,,18.8,moving
2026-09-21T12:17:06.049+09:00,TEST_0001_TEST_P01,TEST_P01,SOFT_GRIP_ENTRY,,683.211181640625,60.42074203491211,486.907958984375,178.5911865234375,-89.76627349853516,-179.94911193847656,-8.5517,-1.967,-4.0959,0.3891,-0.0096,0.0016,-5.2512,0.7663,-5.0762,0.1831,-0.0045,0.0008,4.0593,-2.1802,-8.5174,0.3891,-0.0096,0.0016,5.0549,0.6321,-5.2886,0.1831,-0.0045,0.0008,5.2512,9.9509,,,18.8,moving
2026-09-21T12:17:06.105+09:00,TEST_0001_TEST_P01,TEST_P01,SOFT_GRIP_ENTRY,,683.769775390625,60.442527770996094,486.8235778808594,178.5929718017578,-89.7732925415039,-179.9552001953125,-8.5517,-1.967,-4.0959,0.3891,-0.0096,0.0016,-5.2512,0.7663,-5.0762,0.1831,-0.0045,0.0008,4.0593,-2.1802,-8.5174,0.3891,-0.0096,0.0016,5.0549,0.6321,-5.2886,0.1831,-0.0045,0.0008,5.2512,10.5095,,,18.8,moving
2026-09-21T12:17:06.161+09:00,TEST_0001_TEST_P01,TEST_P01,SOFT_GRIP_ENTRY,,684.3411865234375,60.45332717895508,486.8251647949219,178.59390258789062,-89.77306365966797,-179.95359802246094,-10.0451,-2.1384,-3.6831,0.3942,-0.0097,0.0016,-6.7446,0.5949,-4.6634,0.1882,-0.0046,0.0008,3.6418,-2.3872,-10.004,0.3942,-0.0097,0.0016,4.6375,0.4251,-6.7752,0.1882,-0.0046,0.0008,6.7446,11.0809,,,18.9,moving
2026-09-21T12:17:06.217+09:00,TEST_0001_TEST_P01,TEST_P01,SOFT_GRIP_ENTRY,,684.9063720703125,60.438720703125,486.9139099121094,178.59242248535156,-89.76579284667969,-179.9480743408203,-10.0451,-2.1384,-3.6831,0.3942,-0.0097,0.0016,-6.7446,0.5949,-4.6634,0.1882,-0.0046,0.0008,3.6418,-2.3872,-10.004,0.3942,-0.0097,0.0016,4.6375,0.4251,-6.7752,0.1882,-0.0046,0.0008,6.7446,11.6461,,,18.9,moving
2026-09-21T12:17:06.273+09:00,TEST_0001_TEST_P01,TEST_P01,SOFT_GRIP_ENTRY,,685.46630859375,60.40031814575195,486.810791015625,178.58900451660156,-89.7740478515625,-179.95225524902344,-11.1135,-2.5733,-4.0099,0.3847,-0.0094,0.0016,-7.813,0.16,-4.9902,0.1787,-0.0044,0.0008,3.9623,-2.8492,-11.0632,0.3847,-0.0094,0.0016,4.958,-0.0369,-7.8344,0.1787,-0.0044,0.0008,7.813,12.2061,,,18.9,moving
2026-09-21T12:17:06.329+09:00,TEST_0001_TEST_P01,TEST_P01,SOFT_GRIP_ENTRY,,686.0094604492188,60.379920959472656,486.8453369140625,178.58786010742188,-89.77096557617188,-179.9496307373047,-11.6952,-2.427,-3.5133,0.3908,-0.0096,0.0016,-8.3947,0.3063,-4.4936,0.1848,-0.0046,0.0008,3.4644,-2.7176,-11.6458,0.3908,-0.0096,0.0016,4.46,0.0947,-8.417,0.1848,-0.0046,0.0008,8.3947,12.7492,,,18.9,moving
2026-09-21T12:17:06.385+09:00,TEST_0001_TEST_P01,TEST_P01,SOFT_GRIP_ENTRY,,686.57421875,60.38609313964844,486.87750244140625,178.5883026123047,-89.76836395263672,-179.94558715820312,-11.6952,-2.427,-3.5133,0.3908,-0.0096,0.0016,-8.3947,0.3063,-4.4936,0.1848,-0.0046,0.0008,3.4644,-2.7176,-11.6458,0.3908,-0.0096,0.0016,4.46,0.0947,-8.417,0.1848,-0.0046,0.0008,8.3947,13.314,,,18.9,moving
2026-09-21T12:17:06.441+09:00,TEST_0001_TEST_P01,TEST_P01,SOFT_GRIP_ENTRY,,687.1513061523438,60.40653991699219,486.9096374511719,178.58970642089844,-89.76591491699219,-179.94776916503906,-12.9798,-2.4131,-3.9279,0.3896,-0.0096,0.0016,-9.6793,0.3203,-4.9082,0.1836,-0.0046,0.0008,3.8724,-2.7356,-12.9325,0.3896,-0.0096,0.0016,4.868,0.0767,-9.7036,0.1836,-0.0046,0.0008,9.6793,13.8911,,,18.9,moving
2026-09-21T12:17:06.497+09:00,TEST_0001_TEST_P01,TEST_P01,SOFT_GRIP_ENTRY,,687.7059326171875,60.40826416015625,486.9012451171875,178.5900115966797,-89.7663803100586,-179.95162963867188,-12.9798,-2.4131,-3.9279,0.3896,-0.0096,0.0016,-9.6793,0.3203,-4.9082,0.1836,-0.0046,0.0008,3.8724,-2.7356,-12.9325,0.3896,-0.0096,0.0016,4.868,0.0767,-9.7036,0.1836,-0.0046,0.0008,9.6793,14.4457,,,18.9,moving
2026-09-21T12:17:06.553+09:00,TEST_0001_TEST_P01,TEST_P01,SOFT_GRIP_ENTRY,,688.24365234375,60.382652282714844,486.8626708984375,178.5883331298828,-89.76952362060547,-179.95005798339844,-13.2519,-2.3063,-3.7959,0.3978,-0.0098,0.0016,-9.9514,0.4271,-4.7762,0.1918,-0.0048,0.0008,3.7405,-2.6348,-13.2063,0.3978,-0.0098,0.0016,4.7361,0.1774,-9.9775,0.1918,-0.0048,0.0008,9.9514,14.9834,,,18.9,moving
2026-09-21T12:17:06.608+09:00,TEST_0001_TEST_P01,TEST_P01,SOFT_GRIP_ENTRY,,688.803466796875,60.37028503417969,486.8696594238281,178.58724975585938,-89.76934051513672,-179.94879150390625,-13.2519,-2.3063,-3.7959,0.3978,-0.0098,0.0016,-9.9514,0.4271,-4.7762,0.1918,-0.0048,0.0008,3.7405,-2.6348,-13.2063,0.3978,-0.0098,0.0016,4.7361,0.1774,-9.9775,0.1918,-0.0048,0.0008,9.9514,15.5432,,,19.1,moving
2026-09-21T12:17:06.665+09:00,TEST_0001_TEST_P01,TEST_P01,SOFT_GRIP_ENTRY,,689.3821411132812,60.38974380493164,486.8949279785156,178.58895874023438,-89.7672119140625,-179.953369140625,-14.529,-2.2769,-3.9452,0.3953,-0.0097,0.0016,-11.2285,0.4564,-4.9256,0.1893,-0.0047,0.0008,3.8847,-2.6379,-14.4842,0.3953,-0.0097,0.0016,4.8803,0.1744,-11.2554,0.1893,-0.0047,0.0008,11.2285,16.1219,,,19.1,moving
2026-09-21T12:17:06.720+09:00,TEST_0001_TEST_P01,TEST_P01,SOFT_GRIP_ENTRY,,689.9182739257812,60.42319869995117,486.8439025878906,178.59188842773438,-89.7711181640625,-179.9530487060547,-14.529,-2.2769,-3.9452,0.3953,-0.0097,0.0016,-11.2285,0.4564,-4.9256,0.1893,-0.0047,0.0008,3.8847,-2.6379,-14.4842,0.3953,-0.0097,0.0016,4.8803,0.1744,-11.2554,0.1893,-0.0047,0.0008,11.2285,16.658,,,19.1,moving
2026-09-21T12:17:06.776+09:00,TEST_0001_TEST_P01,TEST_P01,SOFT_GRIP_ENTRY,,690.4701538085938,60.444419860839844,486.8339538574219,178.59368896484375,-89.77196502685547,-179.949951171875,-14.8029,-2.177,-4.098,0.3932,-0.0097,0.0016,-11.5024,0.5564,-5.0783,0.1872,-0.0046,0.0008,4.0368,-2.5434,-14.7613,0.3932,-0.0097,0.0016,5.0325,0.2689,-11.5324,0.1872,-0.0046,0.0008,11.5024,17.2099,,,19.1,moving
2026-09-21T12:17:06.832+09:00,TEST_0001_TEST_P01,TEST_P01,SOFT_GRIP_ENTRY,,691.0383911132812,60.43587112426758,486.8291015625,178.5927734375,-89.77230834960938,-179.95181274414062,-14.8993,-2.1088,-4.1754,0.3917,-0.0096,0.0016,-11.5988,0.6246,-5.1557,0.1857,-0.0046,0.0008,4.1142,-2.4774,-14.8595,0.3917,-0.0096,0.0016,5.1098,0.3349,-11.6307,0.1857,-0.0046,0.0008,11.5988,17.7781,,,19.1,moving
2026-09-21T12:17:06.889+09:00,TEST_0001_TEST_P01,TEST_P01,SOFT_GRIP_ENTRY,,691.6075439453125,60.3941764831543,486.87347412109375,178.58934020996094,-89.76834869384766,-179.9542999267578,-14.8993,-2.1088,-4.1754,0.3917,-0.0096,0.0016,-11.5988,0.6246,-5.1557,0.1857,-0.0046,0.0008,4.1142,-2.4774,-14.8595,0.3917,-0.0096,0.0016,5.1098,0.3349,-11.6307,0.1857,-0.0046,0.0008,11.5988,18.3473,,,19.1,moving
2026-09-21T12:17:06.944+09:00,TEST_0001_TEST_P01,TEST_P01,SOFT_GRIP_ENTRY,,692.1724853515625,60.37543869018555,486.884521484375,178.587646484375,-89.76732635498047,-179.94908142089844,-15.2778,-2.0981,-4.295,0.3859,-0.0095,0.0016,-11.9773,0.6353,-5.2753,0.1799,-0.0045,0.0008,4.2311,-2.4775,-15.2388,0.3859,-0.0095,0.0016,5.2267,0.3348,-12.01,0.1799,-0.0045,0.0008,11.9773,18.9122,,,19.1,moving
2026-09-21T12:17:07.000+09:00,TEST_0001_TEST_P01,TEST_P01,SOFT_GRIP_ENTRY,,692.7227783203125,60.38588333129883,486.87103271484375,178.58827209472656,-89.76848602294922,-179.94725036621094,-15.2778,-2.0981,-4.295,0.3859,-0.0095,0.0016,-11.9773,0.6353,-5.2753,0.1799,-0.0045,0.0008,4.2311,-2.4775,-15.2388,0.3859,-0.0095,0.0016,5.2267,0.3348,-12.01,0.1799,-0.0045,0.0008,11.9773,19.4625,,,19.1,moving
2026-09-21T12:17:07.056+09:00,TEST_0001_TEST_P01,TEST_P01,SOFT_GRIP_ENTRY,,693.2744140625,60.40919876098633,486.9098815917969,178.59046936035156,-89.76541900634766,-179.9508514404297,-15.5229,-2.1677,-4.3126,0.3808,-0.0094,0.0015,-12.2224,0.5657,-5.2929,0.1748,-0.0043,0.0007,4.2471,-2.5531,-15.4823,0.3808,-0.0094,0.0015,5.2427,0.2592,-12.2535,0.1748,-0.0043,0.0007,12.2224,20.0142,,,19.1,moving
2026-09-21T12:17:07.111+09:00,TEST_0001_TEST_P01,TEST_P01,SOFT_GRIP_ENTRY,,693.8216552734375,60.424530029296875,486.85955810546875,178.59201049804688,-89.76934814453125,-179.95278930664062,-15.5229,-2.1677,-4.3126,0.3808,-0.0094,0.0015,-12.2224,0.5657,-5.2929,0.1748,-0.0043,0.0007,4.2471,-2.5531,-15.4823,0.3808,-0.0094,0.0015,5.2427,0.2592,-12.2535,0.1748,-0.0043,0.0007,12.2224,20.5614,,,19.1,moving
2026-09-21T12:17:07.167+09:00,TEST_0001_TEST_P01,TEST_P01,SOFT_GRIP_ENTRY,,694.4066162109375,60.40678024291992,486.82415771484375,178.59031677246094,-89.77222442626953,-179.9507598876953,-15.8972,-2.1999,-4.1077,0.3865,-0.0095,0.0016,-12.5967,0.5334,-5.088,0.1805,-0.0045,0.0008,4.0425,-2.5932,-15.8545,0.3865,-0.0095,0.0016,5.0381,0.219,-12.6257,0.1805,-0.0045,0.0008,12.5967,21.1464,,,19.1,moving
2026-09-21T12:17:07.225+09:00,TEST_0001_TEST_P01,TEST_P01,SOFT_GRIP_ENTRY,,694.990234375,60.3852424621582,486.87109375,178.58851623535156,-89.76860809326172,-179.9488525390625,-15.8972,-2.1999,-4.1077,0.3865,-0.0095,0.0016,-12.5967,0.5334,-5.088,0.1805,-0.0045,0.0008,3.8375,-2.8191,-16.5892,0.3828,-0.0094,0.0015,4.8331,-0.0068,-13.3604,0.1768,-0.0044,0.0007,12.5967,21.73,,,19.1,moving
2026-09-21T12:17:07.280+09:00,TEST_0001_TEST_P01,TEST_P01,SOFT_GRIP_ENTRY,,695.5530395507812,60.387779235839844,486.8655090332031,178.58865356445312,-89.76881408691406,-179.95346069335938,-16.6379,-2.4066,-3.9069,0.3828,-0.0094,0.0015,-13.3374,0.3268,-4.8873,0.1768,-0.0044,0.0007,3.8375,-2.8191,-16.5892,0.3828,-0.0094,0.0015,4.8331,-0.0068,-13.3604,0.1768,-0.0044,0.0007,13.3374,22.2928,,,19.1,moving
2026-09-21T12:17:07.339+09:00,TEST_0001_TEST_P01,TEST_P01,SOFT_GRIP_ENTRY,,696.1286010742188,60.41618347167969,486.8428039550781,178.5911407470703,-89.77057647705078,-179.95516967773438,-16.9108,-2.4972,-3.8984,0.3903,-0.0096,0.0016,-13.6103,0.2361,-4.8787,0.1843,-0.0046,0.0008,3.8288,-2.9153,-16.8598,0.3903,-0.0096,0.0016,4.8244,-0.1031,-13.6309,0.1843,-0.0046,0.0008,13.6103,22.8683,,,19.1,moving
2026-09-21T12:17:07.394+09:00,TEST_0001_TEST_P01,TEST_P01,SOFT_GRIP_ENTRY,,696.6824951171875,60.43715286254883,486.7534484863281,178.59292602539062,-89.77802276611328,-179.95266723632812,-16.9108,-2.4972,-3.8984,0.3903,-0.0096,0.0016,-13.6103,0.2361,-4.8787,0.1843,-0.0046,0.0008,3.8288,-2.9153,-16.8598,0.3903,-0.0096,0.0016,4.8244,-0.1031,-13.6309,0.1843,-0.0046,0.0008,13.6103,23.4222,,,19.1,moving
2026-09-21T12:17:07.451+09:00,TEST_0001_TEST_P01,TEST_P01,SOFT_GRIP_ENTRY,,697.233642578125,60.44117736816406,486.64801025390625,178.59324645996094,-89.78691101074219,-179.95118713378906,-17.5712,-2.4777,-4.4782,0.3946,-0.0097,0.0015,-14.2707,0.2557,-5.4585,0.1886,-0.0047,0.0007,4.4099,-2.9119,-17.5218,0.3946,-0.0097,0.0015,5.4055,-0.0996,-14.293,0.1886,-0.0047,0.0007,14.2707,23.9734,,,19.1,moving
2026-09-21T12:17:08.508+09:00,TEST_0001_TEST_P01,TEST_P01,SOFT_GRIP_ENTRY,SOFT_GRIP_STABILIZATION_END,698.18798828125,60.35214614868164,486.6860046386719,178.5862274169922,-89.77967834472656,-179.9495391845703,-4.0342,-1.4267,-5.1557,0.4467,-0.011,0.0017,0.0,0.0,0.0,0.0,0.0,0.0,5.139,-1.5303,-4.0175,0.4467,-0.011,0.0017,0.0,0.0,0.0,0.0,0.0,0.0,,,,,19.1,moving
2026-09-21T12:17:08.565+09:00,TEST_0001_TEST_P01,TEST_P01,HARD_GRIP,HARD_GRIP_COMMAND,698.1843872070312,60.35197448730469,486.6950378417969,178.58619689941406,-89.77891540527344,-179.94955444335938,-3.2202,-1.3542,-5.5165,0.4614,-0.0114,0.0018,0.0,0.0,0.0,0.0,0.0,0.0,5.503,-1.4381,-3.207,0.4614,-0.0114,0.0018,0.0,0.0,0.0,0.0,0.0,0.0,,,,,19.1,moving
2026-09-21T12:17:09.569+09:00,TEST_0001_TEST_P01,TEST_P01,HARD_GRIP,HARD_GRIP_STABILIZATION_END,698.097412109375,60.35810852050781,486.87554931640625,178.58755493164062,-89.7642593383789,-179.95001220703125,-1.0622,-1.676,-5.8627,0.5527,-0.0136,0.0023,0.0,0.0,0.0,0.0,0.0,0.0,5.857,-1.7068,-1.0446,0.5527,-0.0136,0.0023,0.0,0.0,0.0,0.0,0.0,0.0,,,,,18.8,moving
2026-09-21T12:17:09.605+09:00,TEST_0001_TEST_P01,TEST_P01,PULL_TEST,,698.0967407226562,60.35921096801758,486.8767395019531,178.58766174316406,-89.76416015625,-179.9499969482422,-1.0622,-1.676,-5.8627,0.5527,-0.0136,0.0023,0.0,0.0,0.0,0.0,0.0,0.0,5.857,-1.7068,-1.0446,0.5527,-0.0136,0.0023,0.0,0.0,0.0,0.0,0.0,0.0,,,0.0,0.0007,18.8,moving
2026-09-21T12:17:09.661+09:00,TEST_0001_TEST_P01,TEST_P01,PULL_TEST,,698.0916748046875,60.36079025268555,486.886474609375,178.5878448486328,-89.76338195800781,-179.9499969482422,-1.0416,-1.6486,-5.7608,0.5557,-0.0137,0.0023,0.0206,0.0274,0.1019,0.0031,-0.0001,0.0,5.7552,-1.6788,-1.0244,0.5557,-0.0137,0.0023,-0.1018,0.028,0.0203,0.0031,-0.0001,0.0,,,0.0206,0.0057,18.8,moving
2026-09-21T12:17:09.717+09:00,TEST_0001_TEST_P01,TEST_P01,PULL_TEST,,698.031982421875,60.364017486572266,487.0007629394531,178.5888214111328,-89.75419616699219,-179.94805908203125,-1.0416,-1.6486,-5.7608,0.5557,-0.0137,0.0023,0.0206,0.0274,0.1019,0.0031,-0.0001,0.0,5.7552,-1.6788,-1.0244,0.5557,-0.0137,0.0023,-0.1018,0.028,0.0203,0.0031,-0.0001,0.0,,,0.0206,0.0654,18.8,moving
2026-09-21T12:17:09.773+09:00,TEST_0001_TEST_P01,TEST_P01,PULL_TEST,,697.8746948242188,60.35850143432617,487.27764892578125,178.5880584716797,-89.73137664794922,-179.93844604492188,-0.8187,-1.5375,-5.8652,0.5526,-0.0136,0.0023,0.2434,0.1385,-0.0025,-0.0001,0.0,0.0,5.8603,-1.5626,-0.8061,0.5526,-0.0136,0.0023,0.0033,0.1442,0.2386,-0.0001,0.0,0.0,,,0.2434,0.2227,18.8,moving
2026-09-21T12:17:09.830+09:00,TEST_0001_TEST_P01,TEST_P01,PULL_TEST,,697.5346069335938,60.33901596069336,487.6763000488281,178.5857391357422,-89.6973648071289,-179.93212890625,-0.0525,-1.5237,-4.5758,0.5352,-0.0132,0.0026,1.0097,0.1523,1.2869,-0.0174,0.0004,0.0003,4.5739,-1.5299,-0.0388,0.5352,-0.0132,0.0026,-1.2831,0.1768,1.0058,-0.0174,0.0004,0.0003,,,1.0097,0.5628,18.8,moving
2026-09-21T12:17:09.888+09:00,TEST_0001_TEST_P01,TEST_P01,PULL_TEST,,697.0448608398438,60.32319641113281,487.8800354003906,178.58477783203125,-89.6800537109375,-179.9290008544922,-0.0525,-1.5237,-4.5758,0.5352,-0.0132,0.0026,1.0097,0.1523,1.2869,-0.0174,0.0004,0.0003,4.5739,-1.5299,-0.0388,0.5352,-0.0132,0.0026,-1.2831,0.1768,1.0058,-0.0174,0.0004,0.0003,,,1.0097,1.0526,18.8,moving
2026-09-21T12:17:09.944+09:00,TEST_0001_TEST_P01,TEST_P01,PULL_TEST,,696.475341796875,60.325443267822266,487.7717590332031,178.585205078125,-89.68821716308594,-179.92855834960938,0.3012,-1.581,-2.9762,0.588,-0.0145,0.0032,1.3633,0.095,2.8866,0.0353,-0.0009,0.0009,2.976,-1.5768,0.3238,0.588,-0.0145,0.0032,-2.881,0.13,1.3684,0.0353,-0.0009,0.0009,,,1.3633,1.6221,18.8,moving
2026-09-21T12:17:10.000+09:00,TEST_0001_TEST_P01,TEST_P01,PULL_TEST,,695.9061279296875,60.328208923339844,487.6333312988281,178.58563232421875,-89.69883728027344,-179.9342498779297,0.3012,-1.581,-2.9762,0.588,-0.0145,0.0032,1.3633,0.095,2.8866,0.0353,-0.0009,0.0009,2.976,-1.5768,0.3238,0.588,-0.0145,0.0032,-2.881,0.13,1.3684,0.0353,-0.0009,0.0009,,,1.3633,2.1913,18.8,moving
2026-09-21T12:17:10.056+09:00,TEST_0001_TEST_P01,TEST_P01,PULL_TEST,,695.3311157226562,60.30953598022461,487.56182861328125,178.58425903320312,-89.70438385009766,-179.9391632080078,-0.0982,-1.8769,-2.0763,0.6713,-0.0166,0.0036,0.964,-0.2009,3.7864,0.1187,-0.0029,0.0013,2.074,-1.881,-0.0627,0.6713,-0.0166,0.0036,-3.7831,-0.1743,0.9819,0.1187,-0.0029,0.0013,,,0.964,2.7663,18.6,moving
2026-09-21T12:17:10.113+09:00,TEST_0001_TEST_P01,TEST_P01,PULL_TEST,,694.755859375,60.28761291503906,487.4432067871094,178.58236694335938,-89.71390533447266,-179.93896484375,-0.0982,-1.8769,-2.0763,0.6713,-0.0166,0.0036,0.964,-0.2009,3.7864,0.1187,-0.0029,0.0013,2.074,-1.881,-0.0627,0.6713,-0.0166,0.0036,-3.7831,-0.1743,0.9819,0.1187,-0.0029,0.0013,,,0.964,3.3416,18.6,moving
2026-09-21T12:17:10.169+09:00,TEST_0001_TEST_P01,TEST_P01,PULL_TEST,,694.1864013671875,60.279640197753906,487.3369445800781,178.5816650390625,-89.72246551513672,-179.936767578125,-0.1001,-1.8911,-1.8067,0.7478,-0.0185,0.0038,0.9621,-0.2151,4.0561,0.1951,-0.0049,0.0016,1.8043,-1.8949,-0.0622,0.7478,-0.0185,0.0038,-4.0527,-0.1882,0.9824,0.1951,-0.0049,0.0016,,,0.9621,3.911,18.6,moving
2026-09-21T12:17:10.227+09:00,TEST_0001_TEST_P01,TEST_P01,PULL_TEST,,693.5868530273438,60.298179626464844,487.2581787109375,178.5838165283203,-89.72882843017578,-179.93807983398438,0.7383,-2.1429,-1.2281,0.7778,-0.0192,0.0038,1.8005,-0.4669,4.6346,0.2251,-0.0056,0.0015,1.2296,-2.1253,0.7852,0.7778,-0.0192,0.0038,-4.6274,-0.4185,1.8298,0.2251,-0.0056,0.0015,,,1.8005,4.5106,18.6,moving
2026-09-21T12:17:10.283+09:00,TEST_0001_TEST_P01,TEST_P01,PULL_TEST,,693.0113525390625,60.33368682861328,487.25958251953125,178.58692932128906,-89.72889709472656,-179.94180297851562,0.7383,-2.1429,-1.2281,0.7778,-0.0192,0.0038,1.8005,-0.4669,4.6346,0.2251,-0.0056,0.0015,1.2296,-2.1253,0.7852,0.7778,-0.0192,0.0038,-4.6274,-0.4185,1.8298,0.2251,-0.0056,0.0015,,,1.8005,5.0861,18.6,moving
2026-09-21T12:17:10.338+09:00,TEST_0001_TEST_P01,TEST_P01,PULL_TEST,,692.4679565429688,60.33003616333008,487.1727294921875,178.58645629882812,-89.73605346679688,-179.94322204589844,0.4473,-2.1563,-1.2769,0.8031,-0.0198,0.0038,1.5094,-0.4803,4.5859,0.2504,-0.0062,0.0015,1.2771,-2.1459,0.4944,0.8031,-0.0198,0.0038,-4.5799,-0.4391,1.5391,0.2504,-0.0062,0.0015,,,1.5094,5.6295,18.6,moving
2026-09-21T12:17:10.396+09:00,TEST_0001_TEST_P01,TEST_P01,PULL_TEST,,691.8778686523438,60.305686950683594,487.0825500488281,178.58485412597656,-89.74363708496094,-179.9417724609375,0.4473,-2.1563,-1.2769,0.8031,-0.0198,0.0038,1.5094,-0.4803,4.5859,0.2504,-0.0062,0.0015,1.2771,-2.1459,0.4944,0.8031,-0.0198,0.0038,-4.5799,-0.4391,1.5391,0.2504,-0.0062,0.0015,,,1.5094,6.2195,18.6,moving
2026-09-21T12:17:10.452+09:00,TEST_0001_TEST_P01,TEST_P01,PULL_TEST,,691.3245849609375,60.30149841308594,487.00018310546875,178.5847930908203,-89.75025939941406,-179.94618225097656,1.8025,-2.2361,-0.8688,0.8163,-0.0202,0.0037,2.8647,-0.5601,4.9939,0.2636,-0.0065,0.0014,0.8748,-2.1917,1.8533,0.8163,-0.0202,0.0037,-4.9822,-0.4849,2.898,0.2636,-0.0065,0.0014,,,2.8647,6.7728,18.6,moving
2026-09-21T12:17:10.508+09:00,TEST_0001_TEST_P01,TEST_P01,PULL_TEST,,690.7787475585938,60.31632995605469,486.92626953125,178.5855255126953,-89.75605773925781,-179.95083618164062,1.8025,-2.2361,-0.8688,0.8163,-0.0202,0.0037,2.8647,-0.5601,4.9939,0.2636,-0.0065,0.0014,0.8748,-2.1917,1.8533,0.8163,-0.0202,0.0037,-4.9822,-0.4849,2.898,0.2636,-0.0065,0.0014,,,2.8647,7.3187,18.6,moving
2026-09-21T12:17:10.565+09:00,TEST_0001_TEST_P01,TEST_P01,PULL_TEST,,690.2074584960938,60.345542907714844,486.88958740234375,178.5878143310547,-89.75904846191406,-179.95030212402344,2.0408,-2.2174,-0.8463,0.8364,-0.0207,0.0036,3.103,-0.5414,5.0164,0.2837,-0.007,0.0014,0.8534,-2.1671,2.0913,0.8364,-0.0207,0.0036,-5.0036,-0.4603,3.1359,0.2837,-0.007,0.0014,,,3.103,7.89,18.6,moving
2026-09-21T12:17:10.622+09:00,TEST_0001_TEST_P01,TEST_P01,PULL_TEST,,689.6307983398438,60.356929779052734,486.8379211425781,178.5888671875,-89.76304626464844,-179.94760131835938,2.0408,-2.2174,-0.8463,0.8364,-0.0207,0.0036,3.103,-0.5414,5.0164,0.2837,-0.007,0.0014,0.8534,-2.1671,2.0913,0.8364,-0.0207,0.0036,-5.0036,-0.4603,3.1359,0.2837,-0.007,0.0014,,,3.103,8.4666,18.6,moving
2026-09-21T12:17:10.680+09:00,TEST_0001_TEST_P01,TEST_P01,PULL_TEST,,689.066162109375,60.338890075683594,486.856201171875,178.58717346191406,-89.76136779785156,-179.95059204101562,3.8332,-2.4254,-0.8396,0.8482,-0.0209,0.0036,4.8954,-0.7494,5.0231,0.2956,-0.0073,0.0013,0.8536,-2.3311,3.8883,0.8482,-0.0209,0.0036,-5.0034,-0.6243,4.9329,0.2956,-0.0073,0.0013,,,4.8954,9.0312,18.6,moving
2026-09-21T12:17:10.738+09:00,TEST_0001_TEST_P01,TEST_P01,PULL_TEST,,688.4837036132812,60.306304931640625,486.8201904296875,178.58419799804688,-89.76416015625,-179.95245361328125,4.5174,-2.519,-0.9058,0.8535,-0.0211,0.0036,5.5796,-0.843,4.957,0.3009,-0.0074,0.0013,0.9226,-2.4075,4.5745,0.8535,-0.0211,0.0036,-4.9344,-0.7007,5.6191,0.3009,-0.0074,0.0013,,,5.5796,9.6137,18.6,moving
2026-09-21T12:17:10.795+09:00,TEST_0001_TEST_P01,TEST_P01,PULL_TEST,,687.8905639648438,60.29249954223633,486.8241271972656,178.5834197998047,-89.7638931274414,-179.9485321044922,4.5174,-2.519,-0.9058,0.8535,-0.0211,0.0036,5.5796,-0.843,4.957,0.3009,-0.0074,0.0013,0.9226,-2.4075,4.5745,0.8535,-0.0211,0.0036,-4.9344,-0.7007,5.6191,0.3009,-0.0074,0.0013,,,5.5796,10.2068,18.6,moving
2026-09-21T12:17:10.853+09:00,TEST_0001_TEST_P01,TEST_P01,PULL_TEST,,687.3239135742188,60.31660461425781,486.8546142578125,178.58551025390625,-89.7612533569336,-179.9477081298828,4.2226,-2.7809,-0.4247,0.8545,-0.0211,0.0036,5.2848,-1.1049,5.438,0.3018,-0.0075,0.0013,0.4403,-2.6761,4.2883,0.8545,-0.0211,0.0036,-5.4167,-0.9693,5.3329,0.3018,-0.0075,0.0013,,,5.2848,10.7735,18.6,moving
2026-09-21T12:17:10.909+09:00,TEST_0001_TEST_P01,TEST_P01,PULL_TEST,,686.7635498046875,60.345802307128906,486.8927917480469,178.58790588378906,-89.75821685791016,-179.94955444335938,4.2226,-2.7809,-0.4247,0.8545,-0.0211,0.0036,5.2848,-1.1049,5.438,0.3018,-0.0075,0.0013,0.4403,-2.6761,4.2883,0.8545,-0.0211,0.0036,-5.4167,-0.9693,5.3329,0.3018,-0.0075,0.0013,,,5.2848,11.3339,18.6,moving
2026-09-21T12:17:10.965+09:00,TEST_0001_TEST_P01,TEST_P01,PULL_TEST,,686.1801147460938,60.34061050415039,486.8613586425781,178.58795166015625,-89.76106262207031,-179.9468994140625,4.3815,-2.8067,-0.2137,0.8577,-0.0212,0.0036,5.4437,-1.1307,5.649,0.3051,-0.0075,0.0013,0.2299,-2.6981,4.4483,0.8577,-0.0212,0.0036,-5.6271,-0.9913,5.493,0.3051,-0.0075,0.0013,,,5.4437,11.9173,18.6,moving
2026-09-21T12:17:11.022+09:00,TEST_0001_TEST_P01,TEST_P01,PULL_TEST,,685.5904541015625,60.32832717895508,486.828369140625,178.5874481201172,-89.76359558105469,-179.94485473632812,4.3815,-2.8067,-0.2137,0.8577,-0.0212,0.0036,5.4437,-1.1307,5.649,0.3051,-0.0075,0.0013,0.2299,-2.6981,4.4483,0.8577,-0.0212,0.0036,-5.6271,-0.9913,5.493,0.3051,-0.0075,0.0013,,,5.4437,12.507,18.6,moving
2026-09-21T12:17:11.078+09:00,TEST_0001_TEST_P01,TEST_P01,PULL_TEST,,685.0283203125,60.32816696166992,486.82220458984375,178.58749389648438,-89.76407623291016,-179.9505157470703,4.192,-2.7263,-0.3676,0.86,-0.0212,0.0036,5.2542,-1.0503,5.4951,0.3074,-0.0076,0.0013,0.3826,-2.6225,4.2564,0.86,-0.0212,0.0036,-5.4744,-0.9157,5.3011,0.3074,-0.0076,0.0013,,,5.2542,13.0691,18.6,moving
2026-09-21T12:17:11.136+09:00,TEST_0001_TEST_P01,TEST_P01,PULL_TEST,,684.4627685546875,60.35205078125,486.9192810058594,178.58924865722656,-89.75619506835938,-179.95155334472656,3.9249,-2.8071,-0.6207,0.8569,-0.0211,0.0036,4.9871,-1.1311,5.242,0.3043,-0.0075,0.0013,0.6355,-2.7101,3.9901,0.8569,-0.0211,0.0036,-5.2215,-1.0033,5.0348,0.3043,-0.0075,0.0013,,,4.9871,13.6346,18.6,moving
2026-09-21T12:17:11.191+09:00,TEST_0001_TEST_P01,TEST_P01,PULL_TEST,,683.8984375,60.38055419921875,486.87939453125,178.5915069580078,-89.7591323852539,-179.95053100585938,3.9249,-2.8071,-0.6207,0.8569,-0.0211,0.0036,4.9871,-1.1311,5.242,0.3043,-0.0075,0.0013,0.6355,-2.7101,3.9901,0.8569,-0.0211,0.0036,-5.2215,-1.0033,5.0348,0.3043,-0.0075,0.0013,,,4.9871,14.199,18.6,moving
2026-09-21T12:17:11.248+09:00,TEST_0001_TEST_P01,TEST_P01,PULL_TEST,,683.3311157226562,60.37733840942383,486.8510437011719,178.5912322998047,-89.76126861572266,-179.9530029296875,4.637,-2.7703,-0.6882,0.8586,-0.0211,0.0036,5.6992,-1.0943,5.1745,0.306,-0.0075,0.0013,0.7054,-2.6561,4.7008,0.8586,-0.0211,0.0036,-5.1516,-0.9494,5.7455,0.306,-0.0075,0.0013,,,5.6992,14.7663,18.6,moving
2026-09-21T12:17:11.304+09:00,TEST_0001_TEST_P01,TEST_P01,PULL_TEST,,682.7710571289062,60.352508544921875,486.8817138671875,178.589111328125,-89.75875091552734,-179.9532928466797,4.637,-2.7703,-0.6882,0.8586,-0.0211,0.0036,5.6992,-1.0943,5.1745,0.306,-0.0075,0.0013,0.7054,-2.6561,4.7008,0.8586,-0.0211,0.0036,-5.1516,-0.9494,5.7455,0.306,-0.0075,0.0013,,,5.6992,15.3264,18.6,moving
2026-09-21T12:17:11.360+09:00,TEST_0001_TEST_P01,TEST_P01,PULL_TEST,,682.2039184570312,60.3319206237793,486.9311828613281,178.587646484375,-89.75450897216797,-179.9481964111328,4.8713,-2.7371,-0.8134,0.8587,-0.0211,0.0036,5.9334,-1.0612,5.0494,0.3061,-0.0075,0.0013,0.8322,-2.617,4.9337,0.8587,-0.0211,0.0036,-5.0248,-0.9102,5.9783,0.3061,-0.0075,0.0013,,,5.9334,15.8935,18.6,moving
2026-09-21T12:17:11.416+09:00,TEST_0001_TEST_P01,TEST_P01,PULL_TEST,,681.65087890625,60.336891174316406,486.8979187011719,178.58798217773438,-89.75719451904297,-179.94581604003906,4.8713,-2.7371,-0.8134,0.8587,-0.0211,0.0036,5.9334,-1.0612,5.0494,0.3061,-0.0075,0.0013,0.8322,-2.617,4.9337,0.8587,-0.0211,0.0036,-5.0248,-0.9102,5.9783,0.3061,-0.0075,0.0013,,,5.9334,16.4465,18.6,moving
2026-09-21T12:17:11.471+09:00,TEST_0001_TEST_P01,TEST_P01,PULL_TEST,,681.1136474609375,60.36035919189453,486.8070373535156,178.5896759033203,-89.7648696899414,-179.9506072998047,5.111,-2.7665,-0.8332,0.8585,-0.0212,0.0036,6.1732,-1.0905,5.0295,0.3059,-0.0075,0.0014,0.8526,-2.6405,5.174,0.8585,-0.0212,0.0036,-5.0044,-0.9337,6.2187,0.3059,-0.0075,0.0014,,,6.1732,16.9838,18.6,moving
2026-09-21T12:17:11.528+09:00,TEST_0001_TEST_P01,TEST_P01,PULL_TEST,,680.533447265625,60.35851287841797,486.83447265625,178.58987426757812,-89.76258850097656,-179.9494171142578,5.2909,-2.7579,-0.4565,0.866,-0.0213,0.0036,6.3531,-1.0819,5.4062,0.3134,-0.0077,0.0013,0.4763,-2.6273,5.3553,0.866,-0.0213,0.0036,-5.3807,-0.9205,6.3999,0.3134,-0.0077,0.0013,,,6.3531,17.564,18.6,moving
2026-09-21T12:17:11.585+09:00,TEST_0001_TEST_P01,TEST_P01,PULL_TEST,,679.9697875976562,60.329368591308594,486.9357604980469,178.5875701904297,-89.75421905517578,-179.94728088378906,5.2909,-2.7579,-0.4565,0.866,-0.0213,0.0036,6.3531,-1.0819,5.4062,0.3134,-0.0077,0.0013,0.4763,-2.6273,5.3553,0.866,-0.0213,0.0036,-5.3807,-0.9205,6.3999,0.3134,-0.0077,0.0013,,,6.3531,18.1276,18.6,moving
2026-09-21T12:17:11.641+09:00,TEST_0001_TEST_P01,TEST_P01,PULL_TEST,,679.415771484375,60.294151306152344,486.9163513183594,178.58460998535156,-89.75598907470703,-179.94923400878906,4.417,-2.8035,0.2522,0.8694,-0.0214,0.0037,5.4792,-1.1275,6.1149,0.3168,-0.0078,0.0014,-0.2353,-2.6933,4.486,0.8694,-0.0214,0.0037,-6.0923,-0.9866,5.5306,0.3168,-0.0078,0.0014,,,5.4792,18.6816,18.2,moving
2026-09-21T12:17:11.697+09:00,TEST_0001_TEST_P01,TEST_P01,PULL_TEST,,678.8475952148438,60.274723052978516,486.89678955078125,178.583251953125,-89.75750732421875,-179.9480438232422,4.417,-2.8035,0.2522,0.8694,-0.0214,0.0037,5.4792,-1.1275,6.1149,0.3168,-0.0078,0.0014,-0.2353,-2.6933,4.486,0.8694,-0.0214,0.0037,-6.0923,-0.9866,5.5306,0.3168,-0.0078,0.0014,,,5.4792,19.2498,18.2,moving
2026-09-21T12:17:11.754+09:00,TEST_0001_TEST_P01,TEST_P01,PULL_TEST,,678.2730712890625,60.286827087402344,486.8885192871094,178.5843048095703,-89.75808715820312,-179.9461212158203,4.4812,-2.7705,0.7182,0.8709,-0.0215,0.0037,5.5434,-1.0945,6.581,0.3182,-0.0079,0.0014,-0.7014,-2.6582,4.5513,0.8709,-0.0215,0.0037,-6.5584,-0.9514,5.596,0.3182,-0.0079,0.0014,,,5.5434,19.8243,18.1,moving
2026-09-21T12:17:11.809+09:00,TEST_0001_TEST_P01,TEST_P01,PULL_TEST,,677.7409057617188,60.315162658691406,486.8372497558594,178.58615112304688,-89.76224517822266,-179.9515838623047,4.4812,-2.7705,0.7182,0.8709,-0.0215,0.0037,5.5434,-1.0945,6.581,0.3182,-0.0079,0.0014,-0.7014,-2.6582,4.5513,0.8709,-0.0215,0.0037,-6.5584,-0.9514,5.596,0.3182,-0.0079,0.0014,,,5.5434,20.3565,18.1,moving
2026-09-21T12:17:11.865+09:00,TEST_0001_TEST_P01,TEST_P01,PULL_TEST,,677.1773681640625,60.31243896484375,486.8572692871094,178.5859832763672,-89.7602310180664,-179.95150756835938,4.1264,-2.6407,0.5518,0.8737,-0.0216,0.0037,5.1886,-0.9647,6.4145,0.3211,-0.0079,0.0014,-0.5367,-2.5377,4.1926,0.8737,-0.0216,0.0037,-6.3937,-0.8309,5.2372,0.3211,-0.0079,0.0014,,,5.1886,20.92,18.1,moving
2026-09-21T12:17:11.922+09:00,TEST_0001_TEST_P01,TEST_P01,PULL_TEST,,676.61279296875,60.29477310180664,486.82183837890625,178.58450317382812,-89.76310729980469,-179.95059204101562,4.1264,-2.6407,0.5518,0.8737,-0.0216,0.0037,5.1886,-0.9647,6.4145,0.3211,-0.0079,0.0014,-0.5367,-2.5377,4.1926,0.8737,-0.0216,0.0037,-6.3937,-0.8309,5.2372,0.3211,-0.0079,0.0014,,,5.1886,21.4846,18.1,moving
2026-09-21T12:17:11.978+09:00,TEST_0001_TEST_P01,TEST_P01,PULL_TEST,,676.060791015625,60.296451568603516,486.7791748046875,178.584228515625,-89.76683807373047,-179.95249938964844,3.9858,-2.6635,0.6314,0.8742,-0.0216,0.0036,5.048,-0.9875,6.4941,0.3215,-0.008,0.0014,-0.6169,-2.5637,4.053,0.8742,-0.0216,0.0036,-6.4739,-0.8569,5.0976,0.3215,-0.008,0.0014,,,5.048,22.0366,18.1,moving
2026-09-21T12:17:12.035+09:00,TEST_0001_TEST_P01,TEST_P01,PULL_TEST,,675.5026245117188,60.32341384887695,486.7804260253906,178.58656311035156,-89.76644897460938,-179.94886779785156,4.3721,-2.6109,0.3344,0.8801,-0.0217,0.0036,5.4343,-0.9349,6.1971,0.3274,-0.0081,0.0013,-0.3185,-2.5019,4.4365,0.8801,-0.0217,0.0036,-6.1755,-0.7951,5.4812,0.3274,-0.0081,0.0013,,,5.4343,22.5948,18.1,moving
2026-09-21T12:17:12.091+09:00,TEST_0001_TEST_P01,TEST_P01,PULL_TEST,,674.9270629882812,60.34514236450195,486.78375244140625,178.58859252929688,-89.7662353515625,-179.94740295410156,4.3721,-2.6109,0.3344,0.8801,-0.0217,0.0036,5.4343,-0.9349,6.1971,0.3274,-0.0081,0.0013,-0.3185,-2.5019,4.4365,0.8801,-0.0217,0.0036,-6.1755,-0.7951,5.4812,0.3274,-0.0081,0.0013,,,5.4343,23.1703,18.1,moving
2026-09-21T12:17:12.148+09:00,TEST_0001_TEST_P01,TEST_P01,PULL_TEST,,674.370849609375,60.33144760131836,486.7676696777344,178.5873260498047,-89.76779174804688,-179.95191955566406,4.5263,-2.594,0.3264,0.8895,-0.0219,0.0036,5.5885,-0.918,6.1891,0.3368,-0.0083,0.0014,-0.31,-2.4814,4.5902,0.8895,-0.0219,0.0036,-6.167,-0.7746,5.6348,0.3368,-0.0083,0.0014,,,5.5885,23.7266,18.1,moving
2026-09-21T12:17:12.203+09:00,TEST_0001_TEST_P01,TEST_P01,PULL_TEST,,673.8258056640625,60.3098258972168,486.74725341796875,178.58566284179688,-89.7693099975586,-179.95301818847656,4.5263,-2.594,0.3264,0.8895,-0.0219,0.0036,5.5885,-0.918,6.1891,0.3368,-0.0083,0.0014,-0.31,-2.4814,4.5902,0.8895,-0.0219,0.0036,-6.167,-0.7746,5.6348,0.3368,-0.0083,0.0014,,,5.5885,24.2716,18.1,moving
2026-09-21T12:17:12.259+09:00,TEST_0001_TEST_P01,TEST_P01,PULL_TEST,,673.2567749023438,60.294715881347656,486.77203369140625,178.5847625732422,-89.767333984375,-179.95440673828125,4.6501,-2.6355,-0.0056,0.881,-0.0217,0.0036,5.7123,-0.9595,5.8571,0.3283,-0.0081,0.0013,0.0228,-2.5199,4.7137,0.881,-0.0217,0.0036,-5.8342,-0.8131,5.7584,0.3283,-0.0081,0.0013,,,5.7123,24.8406,18.1,moving
2026-09-21T12:17:12.314+09:00,TEST_0001_TEST_P01,TEST_P01,PULL_TEST,,672.6925659179688,60.31132888793945,486.78271484375,178.58631896972656,-89.76631164550781,-179.95277404785156,4.6501,-2.6355,-0.0056,0.881,-0.0217,0.0036,5.7123,-0.9595,5.8571,0.3283,-0.0081,0.0013,0.0228,-2.5199,4.7137,0.881,-0.0217,0.0036,-5.8342,-0.8131,5.7584,0.3283,-0.0081,0.0013,,,5.7123,25.4048,18.1,moving
2026-09-21T12:17:12.370+09:00,TEST_0001_TEST_P01,TEST_P01,PULL_TEST,,672.1452026367188,60.339900970458984,486.7203369140625,178.588623046875,-89.77142333984375,-179.94810485839844,5.1007,-2.6544,-0.1087,0.8669,-0.0214,0.0035,6.1629,-0.9784,5.7541,0.3142,-0.0078,0.0013,0.1274,-2.5279,5.1641,0.8669,-0.0214,0.0035,-5.7296,-0.8211,6.2088,0.3142,-0.0078,0.0013,,,6.1629,25.9522,18.1,moving
2026-09-21T12:17:12.426+09:00,TEST_0001_TEST_P01,TEST_P01,PULL_TEST,,671.5619506835938,60.3323974609375,486.78082275390625,178.58807373046875,-89.76642608642578,-179.95053100585938,5.3084,-2.6603,-0.3326,0.8523,-0.021,0.0034,6.3706,-0.9843,5.5302,0.2996,-0.0074,0.0012,0.3523,-2.529,5.371,0.8523,-0.021,0.0034,-5.5047,-0.8222,6.4156,0.2996,-0.0074,0.0012,,,6.3706,26.5355,18.1,moving
2026-09-21T12:17:12.480+09:00,TEST_0001_TEST_P01,TEST_P01,PULL_TEST,,671.0082397460938,60.311378479003906,486.8453369140625,178.58651733398438,-89.76080322265625,-179.95132446289062,5.3084,-2.6603,-0.3326,0.8523,-0.021,0.0034,6.3706,-0.9843,5.5302,0.2996,-0.0074,0.0012,0.3523,-2.529,5.371,0.8523,-0.021,0.0034,-5.5047,-0.8222,6.4156,0.2996,-0.0074,0.0012,,,6.3706,27.0892,18.1,moving
2026-09-21T12:17:12.537+09:00,TEST_0001_TEST_P01,TEST_P01,PULL_TEST,,670.4701538085938,60.294063568115234,486.7841796875,178.58462524414062,-89.76590728759766,-179.9491729736328,5.3755,-2.7041,-0.4549,0.8471,-0.0209,0.0035,6.4377,-1.0281,5.4078,0.2944,-0.0073,0.0012,0.4749,-2.5709,5.4388,0.8471,-0.0209,0.0035,-5.3821,-0.8641,6.4834,0.2944,-0.0073,0.0012,,,6.4377,27.6273,18.1,moving
2026-09-21T12:17:12.591+09:00,TEST_0001_TEST_P01,TEST_P01,PULL_TEST,,669.9125366210938,60.30522537231445,486.7953186035156,178.58584594726562,-89.7651138305664,-179.9523468017578,5.3755,-2.7041,-0.4549,0.8471,-0.0209,0.0035,6.4377,-1.0281,5.4078,0.2944,-0.0073,0.0012,0.4749,-2.5709,5.4388,0.8471,-0.0209,0.0035,-5.3821,-0.8641,6.4834,0.2944,-0.0073,0.0012,,,6.4377,28.1849,18.1,moving
2026-09-21T12:17:12.646+09:00,TEST_0001_TEST_P01,TEST_P01,PULL_TEST,,669.3546752929688,60.336647033691406,486.822021484375,178.58863830566406,-89.76268768310547,-179.94874572753906,5.8729,-2.6851,-0.6891,0.843,-0.0208,0.0035,6.9351,-1.0091,5.1736,0.2903,-0.0072,0.0012,0.7115,-2.5402,5.9344,0.843,-0.0208,0.0035,-5.1455,-0.8334,6.979,0.2903,-0.0072,0.0012,,,6.9351,28.7427,18.1,moving
2026-09-21T12:17:12.701+09:00,TEST_0001_TEST_P01,TEST_P01,PULL_TEST,,668.8280639648438,60.34386444091797,486.82928466796875,178.5889129638672,-89.7623062133789,-179.95230102539062,5.8729,-2.6851,-0.6891,0.843,-0.0208,0.0035,6.9351,-1.0091,5.1736,0.2903,-0.0072,0.0012,0.7115,-2.5402,5.9344,0.843,-0.0208,0.0035,-5.1455,-0.8334,6.979,0.2903,-0.0072,0.0012,,,6.9351,29.2693,18.1,moving
2026-09-21T12:17:12.757+09:00,TEST_0001_TEST_P01,TEST_P01,PULL_TEST,,668.2803955078125,60.33327102661133,486.823974609375,178.5883026123047,-89.76264953613281,-179.95452880859375,6.1968,-2.6493,-0.6292,0.8454,-0.0208,0.0035,7.259,-0.9733,5.2335,0.2928,-0.0072,0.0012,0.6529,-2.4963,6.2576,0.8454,-0.0208,0.0035,-5.2041,-0.7896,7.3022,0.2928,-0.0072,0.0012,,,7.259,29.817,18.1,moving
2026-09-21T12:17:12.811+09:00,TEST_0001_TEST_P01,TEST_P01,PULL_TEST,,667.7188110351562,60.32692337036133,486.7580871582031,178.58798217773438,-89.76824951171875,-179.95132446289062,6.1968,-2.6493,-0.6292,0.8454,-0.0208,0.0035,7.259,-0.9733,5.2335,0.2928,-0.0072,0.0012,0.6529,-2.4963,6.2576,0.8454,-0.0208,0.0035,-5.2041,-0.7896,7.3022,0.2928,-0.0072,0.0012,,,7.259,30.3786,18.1,moving
2026-09-21T12:17:12.867+09:00,TEST_0001_TEST_P01,TEST_P01,PULL_TEST,,667.1785278320312,60.355552673339844,486.73297119140625,178.5902862548828,-89.77032470703125,-179.95362854003906,6.0574,-2.7339,-0.9387,0.8358,-0.0206,0.0034,7.1196,-1.0579,4.9241,0.2831,-0.007,0.0012,0.9614,-2.5847,6.119,0.8358,-0.0206,0.0034,-4.8956,-0.8779,7.1637,0.2831,-0.007,0.0012,,,7.1196,30.9189,18.1,moving
2026-09-21T12:17:12.921+09:00,TEST_0001_TEST_P01,TEST_P01,PULL_TEST,,666.6276245117188,60.384822845458984,486.8835754394531,178.5927734375,-89.75767517089844,-179.94577026367188,6.0574,-2.7339,-0.9387,0.8358,-0.0206,0.0034,7.1196,-1.0579,4.9241,0.2831,-0.007,0.0012,0.9614,-2.5847,6.119,0.8358,-0.0206,0.0034,-4.8956,-0.8779,7.1637,0.2831,-0.007,0.0012,,,7.1196,31.4698,17.9,moving
2026-09-21T12:17:12.977+09:00,TEST_0001_TEST_P01,TEST_P01,PULL_TEST,,666.0193481445312,60.36838912963867,486.9970703125,178.5917510986328,-89.74781036376953,-179.9440460205078,5.9506,-2.7843,-0.9147,0.8338,-0.0205,0.0034,7.0128,-1.1083,4.948,0.2811,-0.0069,0.0012,0.9376,-2.6382,6.0132,0.8338,-0.0205,0.0034,-4.9194,-0.9314,7.0579,0.2811,-0.0069,0.0012,,,7.0128,32.0781,16.1,moving
2026-09-21T12:17:13.032+09:00,TEST_0001_TEST_P01,TEST_P01,PULL_TEST,,665.4454345703125,60.345272064208984,486.9496154785156,178.59017944335938,-89.7514419555664,-179.95098876953125,0.6211,-2.6781,0.9312,0.8552,-0.021,0.0037,1.6833,-1.0021,6.794,0.3025,-0.0074,0.0015,-0.9305,-2.6612,0.6909,0.8552,-0.021,0.0037,-6.7876,-0.9545,1.7355,0.3025,-0.0074,0.0015,,,1.6833,32.652,13.9,moving
2026-09-21T12:17:13.089+09:00,TEST_0001_TEST_P01,TEST_P01,PULL_TEST,,664.902099609375,60.32912826538086,486.947509765625,178.58847045898438,-89.75163269042969,-179.95126342773438,0.6211,-2.6781,0.9312,0.8552,-0.021,0.0037,1.6833,-1.0021,6.794,0.3025,-0.0074,0.0015,-0.9305,-2.6612,0.6909,0.8552,-0.021,0.0037,-6.7876,-0.9545,1.7355,0.3025,-0.0074,0.0015,,,1.6833,33.1953,12.4,moving
2026-09-21T12:17:13.143+09:00,TEST_0001_TEST_P01,TEST_P01,PULL_TEST,,664.3480224609375,60.33715057373047,486.9986572265625,178.5891876220703,-89.74725341796875,-179.95323181152344,-0.5315,-2.6262,0.9886,0.8558,-0.0211,0.0037,0.5307,-0.9502,6.8513,0.3031,-0.0074,0.0014,-0.9928,-2.6376,-0.4623,0.8558,-0.0211,0.0037,-6.8498,-0.9309,0.5823,0.3031,-0.0074,0.0014,,,0.5307,33.7494,10.9,moving
2026-09-21T12:17:13.199+09:00,TEST_0001_TEST_P01,TEST_P01,PULL_TEST,,663.7819213867188,60.346073150634766,486.9676513671875,178.5898895263672,-89.74980926513672,-179.94451904296875,-0.5315,-2.6262,0.9886,0.8558,-0.0211,0.0037,0.5307,-0.9502,6.8513,0.3031,-0.0074,0.0014,-0.9928,-2.6376,-0.4623,0.8558,-0.0211,0.0037,-6.8498,-0.9309,0.5823,0.3031,-0.0074,0.0014,,,0.5307,34.3155,10.0,moving
2026-09-21T12:17:13.255+09:00,TEST_0001_TEST_P01,TEST_P01,PULL_TEST,,663.2470703125,60.32420349121094,486.8913269042969,178.58779907226562,-89.75627899169922,-179.94679260253906,-0.6615,-2.5747,0.953,0.8576,-0.0211,0.0037,0.4007,-0.8987,6.8158,0.3049,-0.0075,0.0015,-0.9581,-2.5893,-0.5938,0.8576,-0.0211,0.0037,-6.8152,-0.8825,0.4508,0.3049,-0.0075,0.0015,,,0.4007,34.8503,10.0,moving
2026-09-21T12:17:13.310+09:00,TEST_0001_TEST_P01,TEST_P01,PULL_TEST,,662.7119750976562,60.29341506958008,486.8750915527344,178.58534240722656,-89.7574234008789,-179.9499969482422,-0.6615,-2.5747,0.953,0.8576,-0.0211,0.0037,0.4007,-0.8987,6.8158,0.3049,-0.0075,0.0015,-0.9581,-2.5893,-0.5938,0.8576,-0.0211,0.0037,-6.8152,-0.8825,0.4508,0.3049,-0.0075,0.0015,,,0.4007,35.3854,10.0,moving
2026-09-21T12:17:13.365+09:00,TEST_0001_TEST_P01,TEST_P01,PULL_TEST,,662.1686401367188,60.26791000366211,486.94964599609375,178.58299255371094,-89.75152587890625,-179.9463348388672,-0.469,-2.538,1.0979,0.8582,-0.0212,0.0037,0.5932,-0.862,6.9606,0.3056,-0.0075,0.0014,-1.1019,-2.5478,-0.4015,0.8582,-0.0212,0.0037,-6.9589,-0.841,0.6432,0.3056,-0.0075,0.0014,,,0.5932,35.9288,10.0,moving
2026-09-21T12:17:13.421+09:00,TEST_0001_TEST_P01,TEST_P01,PULL_TEST,,661.6052856445312,60.27931213378906,486.9175720214844,178.58436584472656,-89.75397491455078,-179.95263671875,-0.469,-2.538,1.0979,0.8582,-0.0212,0.0037,0.5932,-0.862,6.9606,0.3056,-0.0075,0.0014,-1.1019,-2.5478,-0.4015,0.8582,-0.0212,0.0037,-6.9589,-0.841,0.6432,0.3056,-0.0075,0.0014,,,0.5932,36.4921,10.0,moving
2026-09-21T12:17:13.478+09:00,TEST_0001_TEST_P01,TEST_P01,PULL_TEST,,661.0333251953125,60.303688049316406,486.85687255859375,178.5865020751953,-89.75923156738281,-179.94662475585938,-0.7419,-2.572,1.2343,0.8576,-0.0212,0.0037,0.3203,-0.896,7.0971,0.3049,-0.0076,0.0014,-1.2394,-2.5885,-0.6728,0.8576,-0.0212,0.0037,-7.0964,-0.8817,0.3718,0.3049,-0.0076,0.0014,,,0.3203,37.0641,10.0,moving
2026-09-21T12:17:13.535+09:00,TEST_0001_TEST_P01,TEST_P01,PULL_TEST,,660.46728515625,60.300636291503906,486.9017028808594,178.58639526367188,-89.75556182861328,-179.95010375976562,-0.5487,-2.5452,0.9234,0.8558,-0.0211,0.0036,0.5134,-0.8692,6.7861,0.3032,-0.0075,0.0014,-0.9277,-2.5571,-0.4819,0.8558,-0.0211,0.0036,-6.7847,-0.8503,0.5628,0.3032,-0.0075,0.0014,,,0.5134,37.6301,10.0,moving
2026-09-21T12:17:13.592+09:00,TEST_0001_TEST_P01,TEST_P01,PULL_TEST,,659.9036865234375,60.28342819213867,486.9167175292969,178.58494567871094,-89.75447845458984,-179.94509887695312,-0.5487,-2.5452,0.9234,0.8558,-0.0211,0.0036,0.5134,-0.8692,6.7861,0.3032,-0.0075,0.0014,-0.9277,-2.5571,-0.4819,0.8558,-0.0211,0.0036,-6.7847,-0.8503,0.5628,0.3032,-0.0075,0.0014,,,0.5134,38.1937,10.0,moving
2026-09-21T12:17:13.650+09:00,TEST_0001_TEST_P01,TEST_P01,PULL_TEST,,659.343505859375,60.28398513793945,486.8547058105469,178.58477783203125,-89.75945281982422,-179.94857788085938,-0.5991,-2.5309,1.1565,0.8549,-0.0211,0.0037,0.4631,-0.8549,7.0192,0.3023,-0.0075,0.0014,-1.1612,-2.5438,-0.5314,0.8549,-0.0211,0.0037,-7.0182,-0.837,0.5132,0.3023,-0.0075,0.0014,,,0.4631,38.7539,10.0,moving
2026-09-21T12:17:13.706+09:00,TEST_0001_TEST_P01,TEST_P01,PULL_TEST,,658.7725830078125,60.310813903808594,486.8417663574219,178.587158203125,-89.76019287109375,-179.94522094726562,-0.5991,-2.5309,1.1565,0.8549,-0.0211,0.0037,0.4631,-0.8549,7.0192,0.3023,-0.0075,0.0014,-1.1612,-2.5438,-0.5314,0.8549,-0.0211,0.0037,-7.0182,-0.837,0.5132,0.3023,-0.0075,0.0014,,,0.4631,39.3248,10.0,moving
2026-09-21T12:17:13.762+09:00,TEST_0001_TEST_P01,TEST_P01,PULL_TEST,,658.2061157226562,60.32095718383789,486.8113708496094,178.5877685546875,-89.7628402709961,-179.947998046875,-0.5533,-2.5161,1.209,0.8587,-0.0212,0.0036,0.5088,-0.8401,7.0717,0.306,-0.0076,0.0013,-1.2135,-2.5278,-0.4861,0.8587,-0.0212,0.0036,-7.0705,-0.821,0.5585,0.306,-0.0076,0.0013,,,0.5088,39.8913,10.0,moving
2026-09-21T12:17:13.818+09:00,TEST_0001_TEST_P01,TEST_P01,PULL_TEST,,657.65966796875,60.29763412475586,486.85382080078125,178.58563232421875,-89.7591323852539,-179.95236206054688,-0.5533,-2.5161,1.209,0.8587,-0.0212,0.0036,0.5088,-0.8401,7.0717,0.306,-0.0076,0.0013,-1.2135,-2.5278,-0.4861,0.8587,-0.0212,0.0036,-7.0705,-0.821,0.5585,0.306,-0.0076,0.0013,,,0.5088,40.4377,10.0,moving
2026-09-21T12:17:13.875+09:00,TEST_0001_TEST_P01,TEST_P01,PULL_TEST,,657.0885620117188,60.268741607666016,486.8697509765625,178.58319091796875,-89.75787353515625,-179.95262145996094,-0.5353,-2.4975,0.9681,0.8625,-0.0213,0.0036,0.5269,-0.8215,6.8308,0.3098,-0.0077,0.0013,-0.9722,-2.5091,-0.4694,0.8625,-0.0213,0.0036,-6.8292,-0.8023,0.5753,0.3098,-0.0077,0.0013,,,0.5269,41.0089,10.0,moving
2026-09-21T12:17:13.930+09:00,TEST_0001_TEST_P01,TEST_P01,PULL_TEST,,656.52685546875,60.27260971069336,486.82550048828125,178.58355712890625,-89.76118469238281,-179.95245361328125,-0.5033,-2.5302,1.0826,0.8636,-0.0213,0.0036,0.5589,-0.8542,6.9453,0.3109,-0.0077,0.0014,-1.0864,-2.541,-0.4361,0.8636,-0.0213,0.0036,-6.9435,-0.8342,0.6086,0.3109,-0.0077,0.0014,,,0.5589,41.5706,10.0,moving
2026-09-21T12:17:13.988+09:00,TEST_0001_TEST_P01,TEST_P01,PULL_TEST,,655.9729614257812,60.30606460571289,486.8113708496094,178.58602905273438,-89.76270294189453,-179.9466094970703,-0.5033,-2.5302,1.0826,0.8636,-0.0213,0.0036,0.5589,-0.8542,6.9453,0.3109,-0.0077,0.0014,-1.0864,-2.541,-0.4361,0.8636,-0.0213,0.0036,-6.9435,-0.8342,0.6086,0.3109,-0.0077,0.0014,,,0.5589,42.1245,10.0,moving
2026-09-21T12:17:14.044+09:00,TEST_0001_TEST_P01,TEST_P01,PULL_TEST,,655.4010620117188,60.31089782714844,486.85205078125,178.5870361328125,-89.75919342041016,-179.95118713378906,-0.3499,-2.4708,1.0961,0.8673,-0.0214,0.0036,0.7123,-0.7948,6.9588,0.3146,-0.0078,0.0013,-1.0994,-2.4777,-0.2843,0.8673,-0.0214,0.0036,-6.9564,-0.771,0.7603,0.3146,-0.0078,0.0013,,,0.7123,42.6964,10.0,moving
2026-09-21T12:17:14.100+09:00,TEST_0001_TEST_P01,TEST_P01,PULL_TEST,,654.8289184570312,60.28486251831055,486.8758850097656,178.58486938476562,-89.75735473632812,-179.9475555419922,-0.3499,-2.4708,1.0961,0.8673,-0.0214,0.0036,0.7123,-0.7948,6.9588,0.3146,-0.0078,0.0013,-1.0994,-2.4777,-0.2843,0.8673,-0.0214,0.0036,-6.9564,-0.771,0.7603,0.3146,-0.0078,0.0013,,,0.7123,43.2685,10.0,moving
2026-09-21T12:17:14.155+09:00,TEST_0001_TEST_P01,TEST_P01,PULL_TEST,,654.3016967773438,60.278194427490234,486.8211975097656,178.5843048095703,-89.761962890625,-179.95252990722656,-0.4441,-2.4752,1.2216,0.8706,-0.0215,0.0037,0.6181,-0.7992,7.0843,0.318,-0.0079,0.0014,-1.2253,-2.4844,-0.3777,0.8706,-0.0215,0.0037,-7.0823,-0.7776,0.6669,0.318,-0.0079,0.0014,,,0.6181,43.7957,10.0,moving
2026-09-21T12:17:14.210+09:00,TEST_0001_TEST_P01,TEST_P01,PULL_TEST,,653.74951171875,60.293033599853516,486.74700927734375,178.58547973632812,-89.76825714111328,-179.94679260253906,-0.4441,-2.4752,1.2216,0.8706,-0.0215,0.0037,0.6181,-0.7992,7.0843,0.318,-0.0079,0.0014,-1.2253,-2.4844,-0.3777,0.8706,-0.0215,0.0037,-7.0823,-0.7776,0.6669,0.318,-0.0079,0.0014,,,0.6181,44.3479,10.0,moving
2026-09-21T12:17:14.266+09:00,TEST_0001_TEST_P01,TEST_P01,PULL_TEST,,653.1867065429688,60.32221221923828,486.7691650390625,178.58843994140625,-89.76602935791016,-179.95449829101562,-0.4521,-2.5528,1.0063,0.861,-0.0213,0.0035,0.6101,-0.8768,6.8691,0.3083,-0.0076,0.0013,-1.0102,-2.5623,-0.3849,0.861,-0.0213,0.0035,-6.8672,-0.8555,0.6598,0.3083,-0.0076,0.0013,,,0.6101,44.9107,10.0,moving
2026-09-21T12:17:14.321+09:00,TEST_0001_TEST_P01,TEST_P01,PULL_TEST,,652.6491088867188,60.31472396850586,486.87823486328125,178.58724975585938,-89.75729370117188,-179.94680786132812,-0.4521,-2.5528,1.0063,0.861,-0.0213,0.0035,0.6101,-0.8768,6.8691,0.3083,-0.0076,0.0013,-1.0102,-2.5623,-0.3849,0.861,-0.0213,0.0035,-6.8672,-0.8555,0.6598,0.3083,-0.0076,0.0013,,,0.6101,45.4483,10.0,moving
2026-09-21T12:17:14.377+09:00,TEST_0001_TEST_P01,TEST_P01,PULL_TEST,,652.095458984375,60.30841064453125,486.7969055175781,178.58668518066406,-89.76367950439453,-179.95359802246094,-0.5757,-2.4836,1.0364,0.8672,-0.0214,0.0036,0.4865,-0.8076,6.8992,0.3146,-0.0078,0.0013,-1.0409,-2.4961,-0.5099,0.8672,-0.0214,0.0036,-6.8979,-0.7893,0.5347,0.3146,-0.0078,0.0013,,,0.4865,46.002,10.0,moving
2026-09-21T12:17:14.432+09:00,TEST_0001_TEST_P01,TEST_P01,PULL_TEST,,651.5068969726562,60.31696319580078,486.76824951171875,178.5875244140625,-89.76585388183594,-179.94525146484375,-0.1466,-2.5002,1.1414,0.8679,-0.0214,0.0036,0.9156,-0.8242,7.0042,0.3152,-0.0078,0.0013,-1.1441,-2.5019,-0.0802,0.8679,-0.0214,0.0036,-7.0011,-0.7952,0.9644,0.3152,-0.0078,0.0013,,,0.9156,46.5905,10.0,moving
2026-09-21T12:17:14.489+09:00,TEST_0001_TEST_P01,TEST_P01,PULL_TEST,,650.9247436523438,60.35224151611328,486.83087158203125,178.5909881591797,-89.7603988647461,-179.95144653320312,-0.1466,-2.5002,1.1414,0.8679,-0.0214,0.0036,0.9156,-0.8242,7.0042,0.3152,-0.0078,0.0013,-1.1441,-2.5019,-0.0802,0.8679,-0.0214,0.0036,-7.0011,-0.7952,0.9644,0.3152,-0.0078,0.0013,,,0.9156,47.1727,10.0,moving
2026-09-21T12:17:14.546+09:00,TEST_0001_TEST_P01,TEST_P01,PULL_TEST,,650.388916015625,60.35114288330078,486.8367004394531,178.5904083251953,-89.76005554199219,-179.95135498046875,-0.798,-2.4745,1.1726,0.8763,-0.0216,0.0036,0.2642,-0.7985,7.0353,0.3236,-0.0079,0.0014,-1.1777,-2.4924,-0.732,0.8763,-0.0216,0.0036,-7.0348,-0.7856,0.3126,0.3236,-0.0079,0.0014,,,0.2642,47.7085,10.0,moving
2026-09-21T12:17:14.602+09:00,TEST_0001_TEST_P01,TEST_P01,PULL_TEST,,649.80908203125,60.322532653808594,486.8305969238281,178.58859252929688,-89.76033782958984,-179.95458984375,-0.798,-2.4745,1.1726,0.8763,-0.0216,0.0036,0.2642,-0.7985,7.0353,0.3236,-0.0079,0.0014,-1.1777,-2.4924,-0.732,0.8763,-0.0216,0.0036,-7.0348,-0.7856,0.3126,0.3236,-0.0079,0.0014,,,0.2642,48.2883,10.0,moving
2026-09-21T12:17:14.658+09:00,TEST_0001_TEST_P01,TEST_P01,PULL_TEST,,649.2388916015625,60.30813217163086,486.8469543457031,178.58749389648438,-89.75907135009766,-179.94505310058594,-0.4477,-2.5371,0.9209,0.8822,-0.0217,0.0037,0.6145,-0.8611,6.7837,0.3295,-0.0081,0.0014,-0.9248,-2.5466,-0.3812,0.8822,-0.0217,0.0037,-6.7818,-0.8398,0.6635,0.3295,-0.0081,0.0014,,,0.6145,48.8585,10.0,moving
2026-09-21T12:17:14.714+09:00,TEST_0001_TEST_P01,TEST_P01,PULL_TEST,,648.7765502929688,60.33759307861328,486.8323059082031,178.58950805664062,-89.7605972290039,-179.953369140625,-0.4477,-2.5371,0.9209,0.8822,-0.0217,0.0037,0.6145,-0.8611,6.7837,0.3295,-0.0081,0.0014,-0.9248,-2.5466,-0.3812,0.8822,-0.0217,0.0037,-6.7818,-0.8398,0.6635,0.3295,-0.0081,0.0014,,,0.6145,49.3209,10.0,moving
2026-09-21T12:17:33.428+09:00,TEST_0001_TEST_P01,TEST_P01,RELEASE,RETURN_SOFT_GRIP_COMMAND,648.0985717773438,60.353641510009766,486.874755859375,178.5875244140625,-89.76383209228516,-179.94998168945312,-2.1728,-2.534,1.0298,0.7606,-0.0188,0.0031,0.0,0.0,0.0,0.0,0.0,0.0,-1.0407,-2.5859,-2.1054,0.7606,-0.0188,0.0031,0.0,0.0,0.0,0.0,0.0,0.0,,,,,10.0,moving
2026-09-21T12:17:33.766+09:00,TEST_0001_TEST_P01,TEST_P01,RELEASE,RETURN_SOFT_GRIP_OPEN_REACHED,648.0985717773438,60.353641510009766,486.874755859375,178.5875244140625,-89.76383209228516,-179.94998168945312,-2.1726,-2.5066,1.0095,0.7606,-0.0188,0.0031,0.0,0.0,0.0,0.0,0.0,0.0,-1.0204,-2.5585,-2.1059,0.7606,-0.0188,0.0031,0.0,0.0,0.0,0.0,0.0,0.0,,,,,20.9,holding
2026-09-21T12:17:40.743+09:00,TEST_0002_TEST_P01,TEST_P01,SOFT_GRIP_ENTRY,SOFT_GRIP_COMMAND,673.2687377929688,60.51618957519531,486.669677734375,178.59677124023438,-89.78041076660156,-179.94268798828125,-3.085,-2.6789,0.8168,0.2146,-0.0053,0.0008,0.0,0.0,0.0,0.0,0.0,0.0,-0.8311,-2.7529,-3.0154,0.2146,-0.0053,0.0008,0.0,0.0,0.0,0.0,0.0,0.0,,,,,75.0,moving
2026-09-21T12:17:47.194+09:00,TEST_0002_TEST_P01,TEST_P01,SOFT_GRIP_ENTRY,ENTRY_MOTION_START_WIDTH_REACHED,673.10205078125,60.383487701416016,486.8542175292969,178.58984375,-89.76578521728516,-179.9503173828125,-2.3254,-2.2446,0.9817,0.4646,-0.0114,0.0019,0.7596,0.4343,0.1649,0.25,-0.0062,0.0011,-0.993,-2.3003,-2.2654,0.4646,-0.0114,0.0019,-0.1619,0.4525,0.7499,0.25,-0.0062,0.0011,,,,,19.9,moving
2026-09-21T12:17:47.226+09:00,TEST_0002_TEST_P01,TEST_P01,SOFT_GRIP_ENTRY,,673.10205078125,60.383487701416016,486.8542175292969,178.58984375,-89.76578521728516,-179.9503173828125,-2.3752,-2.2553,0.9268,0.4628,-0.0114,0.0019,0.7098,0.4237,0.11,0.2482,-0.0061,0.0011,-0.9383,-2.3122,-2.3152,0.4628,-0.0114,0.0019,-0.1072,0.4406,0.7002,0.2482,-0.0061,0.0011,0.7098,-0.1673,,,19.3,moving
2026-09-21T12:17:47.282+09:00,TEST_0002_TEST_P01,TEST_P01,SOFT_GRIP_ENTRY,,673.1038208007812,60.383968353271484,486.850830078125,178.58985900878906,-89.76604461669922,-179.9505157470703,-2.3752,-2.2553,0.9268,0.4628,-0.0114,0.0019,0.7098,0.4237,0.11,0.2482,-0.0061,0.0011,-0.9383,-2.3122,-2.3152,0.4628,-0.0114,0.0019,-0.1072,0.4406,0.7002,0.2482,-0.0061,0.0011,0.7098,-0.1655,,,18.4,moving
2026-09-21T12:17:47.339+09:00,TEST_0002_TEST_P01,TEST_P01,SOFT_GRIP_ENTRY,,673.1531982421875,60.39453125,486.758544921875,178.5901336669922,-89.77368927001953,-179.9528350830078,-2.5499,-2.3014,0.7863,0.4584,-0.0113,0.0019,0.5352,0.3776,-0.0305,0.2438,-0.006,0.001,-0.7982,-2.3627,-2.4893,0.4584,-0.0113,0.0019,0.0329,0.3901,0.5261,0.2438,-0.006,0.001,0.5352,-0.1161,,,18.4,moving
2026-09-21T12:17:47.396+09:00,TEST_0002_TEST_P01,TEST_P01,SOFT_GRIP_ENTRY,,673.303955078125,60.439151763916016,486.514892578125,178.5933380126953,-89.79337310791016,-179.96759033203125,-2.5499,-2.3014,0.7863,0.4584,-0.0113,0.0019,0.5352,0.3776,-0.0305,0.2438,-0.006,0.001,-0.7982,-2.3627,-2.4893,0.4584,-0.0113,0.0019,0.0329,0.3901,0.5261,0.2438,-0.006,0.001,0.5352,0.0346,,,18.2,moving
2026-09-21T12:17:47.452+09:00,TEST_0002_TEST_P01,TEST_P01,SOFT_GRIP_ENTRY,,673.6002197265625,60.48526382446289,486.3096923828125,178.59805297851562,-89.8116683959961,-179.97987365722656,-4.3059,-2.4,1.1548,0.519,-0.0127,0.0019,-1.2208,0.279,0.338,0.3045,-0.0075,0.0011,-1.1702,-2.5042,-4.2418,0.519,-0.0127,0.0019,-0.3391,0.2486,-1.2265,0.3045,-0.0075,0.0011,1.2208,0.3309,,,18.2,moving
2026-09-21T12:17:47.507+09:00,TEST_0002_TEST_P01,TEST_P01,SOFT_GRIP_ENTRY,,674.099853515625,60.50196838378906,486.4034118652344,178.59886169433594,-89.80502319335938,-179.97396850585938,-4.3059,-2.4,1.1548,0.519,-0.0127,0.0019,-1.2208,0.279,0.338,0.3045,-0.0075,0.0011,-1.1702,-2.5042,-4.2418,0.519,-0.0127,0.0019,-0.3391,0.2486,-1.2265,0.3045,-0.0075,0.0011,1.2208,0.8305,,,18.2,moving
2026-09-21T12:17:47.563+09:00,TEST_0002_TEST_P01,TEST_P01,SOFT_GRIP_ENTRY,,674.6669311523438,60.50574493408203,486.40277099609375,178.5987548828125,-89.80626678466797,-179.96493530273438,-5.0541,-2.2798,1.1717,0.4387,-0.0107,0.0015,-1.9691,0.3991,0.3549,0.2241,-0.0055,0.0007,-1.1897,-2.4022,-4.9929,0.4387,-0.0107,0.0015,-0.3586,0.3507,-1.9775,0.2241,-0.0055,0.0007,1.9691,1.3976,,,18.2,moving
2026-09-21T12:17:47.618+09:00,TEST_0002_TEST_P01,TEST_P01,SOFT_GRIP_ENTRY,,675.2207641601562,60.51616668701172,486.41748046875,178.5995330810547,-89.80604553222656,-179.9628448486328,-5.0541,-2.2798,1.1717,0.4387,-0.0107,0.0015,-1.9691,0.3991,0.3549,0.2241,-0.0055,0.0007,-1.1897,-2.4022,-4.9929,0.4387,-0.0107,0.0015,-0.3586,0.3507,-1.9775,0.2241,-0.0055,0.0007,1.9691,1.9514,,,18.2,moving
2026-09-21T12:17:47.674+09:00,TEST_0002_TEST_P01,TEST_P01,SOFT_GRIP_ENTRY,,675.806640625,60.53389358520508,486.5079650878906,178.60104370117188,-89.79890441894531,-179.9575958251953,-5.1952,-2.2557,1.287,0.4239,-0.0104,0.0014,-2.1102,0.4232,0.4702,0.2094,-0.0051,0.0006,-1.3061,-2.3811,-5.1341,0.4239,-0.0104,0.0014,-0.475,0.3717,-2.1188,0.2094,-0.0051,0.0006,2.1102,2.5373,,,18.2,moving
2026-09-21T12:17:47.729+09:00,TEST_0002_TEST_P01,TEST_P01,SOFT_GRIP_ENTRY,,676.3971557617188,60.52162551879883,486.5599060058594,178.599609375,-89.79487609863281,-179.95468139648438,-5.0458,-2.2393,1.053,0.4215,-0.0103,0.0015,-1.9608,0.4396,0.2362,0.2069,-0.005,0.0007,-1.0728,-2.3611,-4.9858,0.4215,-0.0103,0.0015,-0.2417,0.3918,-1.9704,0.2069,-0.005,0.0007,1.9608,3.1278,,,18.2,moving
2026-09-21T12:17:47.785+09:00,TEST_0002_TEST_P01,TEST_P01,SOFT_GRIP_ENTRY,,676.956298828125,60.479087829589844,486.5794982910156,178.59622192382812,-89.7936782836914,-179.9593963623047,-5.0458,-2.2393,1.053,0.4215,-0.0103,0.0015,-1.9608,0.4396,0.2362,0.2069,-0.005,0.0007,-1.0728,-2.3611,-4.9858,0.4215,-0.0103,0.0015,-0.2417,0.3918,-1.9704,0.2069,-0.005,0.0007,1.9608,3.687,,,18.2,moving
2026-09-21T12:17:47.840+09:00,TEST_0002_TEST_P01,TEST_P01,SOFT_GRIP_ENTRY,,677.5004272460938,60.4632453918457,486.669677734375,178.59530639648438,-89.78623962402344,-179.9569854736328,-5.7669,-2.0498,1.1706,0.4213,-0.0103,0.0015,-2.6819,0.6291,0.3539,0.2068,-0.0051,0.0007,-1.1932,-2.1897,-5.7106,0.4213,-0.0103,0.0015,-0.3621,0.5631,-2.6952,0.2068,-0.0051,0.0007,2.6819,4.2311,,,18.2,moving
2026-09-21T12:17:47.895+09:00,TEST_0002_TEST_P01,TEST_P01,SOFT_GRIP_ENTRY,,678.0706787109375,60.4784049987793,486.6799621582031,178.59622192382812,-89.78544616699219,-179.9546356201172,-5.7669,-2.0498,1.1706,0.4213,-0.0103,0.0015,-2.6819,0.6291,0.3539,0.2068,-0.0051,0.0007,-1.1932,-2.1897,-5.7106,0.4213,-0.0103,0.0015,-0.3621,0.5631,-2.6952,0.2068,-0.0051,0.0007,2.6819,4.8013,,,18.2,moving
2026-09-21T12:17:47.951+09:00,TEST_0002_TEST_P01,TEST_P01,SOFT_GRIP_ENTRY,,678.6382446289062,60.484130859375,486.70697021484375,178.59629821777344,-89.78326416015625,-179.95616149902344,-6.5057,-2.0276,0.9268,0.4067,-0.01,0.0015,-3.4206,0.6514,0.1101,0.1921,-0.0047,0.0007,-0.9531,-2.1856,-6.4505,0.4067,-0.01,0.0015,-0.122,0.5673,-3.4351,0.1921,-0.0047,0.0007,3.4206,5.3689,,,18.2,moving
2026-09-21T12:17:48.006+09:00,TEST_0002_TEST_P01,TEST_P01,SOFT_GRIP_ENTRY,,679.18115234375,60.4608268737793,486.78106689453125,178.59439086914062,-89.77682495117188,-179.9515380859375,-6.5057,-2.0276,0.9268,0.4067,-0.01,0.0015,-3.4206,0.6514,0.1101,0.1921,-0.0047,0.0007,-0.9531,-2.1856,-6.4505,0.4067,-0.01,0.0015,-0.122,0.5673,-3.4351,0.1921,-0.0047,0.0007,3.4206,5.9118,,,18.2,moving
2026-09-21T12:17:48.061+09:00,TEST_0002_TEST_P01,TEST_P01,SOFT_GRIP_ENTRY,,679.7406005859375,60.433780670166016,486.834716796875,178.59193420410156,-89.7723159790039,-179.94786071777344,-6.4787,-1.9535,1.0292,0.4076,-0.01,0.0016,-3.3937,0.7255,0.2125,0.193,-0.0047,0.0007,-1.0559,-2.111,-6.4248,0.4076,-0.01,0.0016,-0.2248,0.6418,-3.4094,0.193,-0.0047,0.0007,3.3937,6.4713,,,18.2,moving
2026-09-21T12:17:48.117+09:00,TEST_0002_TEST_P01,TEST_P01,SOFT_GRIP_ENTRY,,680.2915649414062,60.43738555908203,486.9012756347656,178.5920867919922,-89.76689147949219,-179.95016479492188,-6.4787,-1.9535,1.0292,0.4076,-0.01,0.0016,-3.3937,0.7255,0.2125,0.193,-0.0047,0.0007,-1.0559,-2.111,-6.4248,0.4076,-0.01,0.0016,-0.2248,0.6418,-3.4094,0.193,-0.0047,0.0007,3.3937,7.0222,,,18.2,moving
2026-09-21T12:17:48.172+09:00,TEST_0002_TEST_P01,TEST_P01,SOFT_GRIP_ENTRY,,680.831298828125,60.46562957763672,486.8410339355469,178.59487915039062,-89.77159118652344,-179.94935607910156,-7.3284,-1.9198,0.9312,0.4081,-0.01,0.0016,-4.2433,0.7591,0.1145,0.1936,-0.0048,0.0008,-0.9629,-2.0984,-7.2751,0.4081,-0.01,0.0016,-0.1318,0.6544,-4.2598,0.1936,-0.0048,0.0008,4.2433,7.562,,,18.2,moving
2026-09-21T12:17:48.227+09:00,TEST_0002_TEST_P01,TEST_P01,SOFT_GRIP_ENTRY,,681.3916015625,60.49443435668945,486.827880859375,178.5972900390625,-89.7729263305664,-179.94940185546875,-8.1245,-1.94,0.8824,0.4102,-0.0101,0.0016,-5.0395,0.7389,0.0657,0.1957,-0.0048,0.0008,-0.9163,-2.1375,-8.0711,0.4102,-0.0101,0.0016,-0.0852,0.6153,-5.0557,0.1957,-0.0048,0.0008,5.0395,8.1223,,,18.2,moving
2026-09-21T12:17:48.283+09:00,TEST_0002_TEST_P01,TEST_P01,SOFT_GRIP_ENTRY,,681.95947265625,60.49800491333008,486.8692321777344,178.59738159179688,-89.76976013183594,-179.95223999023438,-8.1245,-1.94,0.8824,0.4102,-0.0101,0.0016,-5.0395,0.7389,0.0657,0.1957,-0.0048,0.0008,-0.9163,-2.1375,-8.0711,0.4102,-0.0101,0.0016,-0.0852,0.6153,-5.0557,0.1957,-0.0048,0.0008,5.0395,8.6901,,,18.4,moving
2026-09-21T12:17:48.338+09:00,TEST_0002_TEST_P01,TEST_P01,SOFT_GRIP_ENTRY,,682.515625,60.4687385559082,486.89324951171875,178.59536743164062,-89.76762390136719,-179.95071411132812,-8.5206,-1.8582,0.7933,0.4213,-0.0103,0.0017,-5.4356,0.8207,-0.0234,0.2067,-0.0051,0.0009,-0.8291,-2.0657,-8.4693,0.4213,-0.0103,0.0017,0.002,0.6871,-5.4539,0.2067,-0.0051,0.0009,5.4356,9.2463,,,18.4,moving
2026-09-21T12:17:48.394+09:00,TEST_0002_TEST_P01,TEST_P01,SOFT_GRIP_ENTRY,,683.0790405273438,60.44239807128906,486.8825988769531,178.59324645996094,-89.7684555053711,-179.9490509033203,-8.5206,-1.8582,0.7933,0.4213,-0.0103,0.0017,-5.4356,0.8207,-0.0234,0.2067,-0.0051,0.0009,-0.8291,-2.0657,-8.4693,0.4213,-0.0103,0.0017,0.002,0.6871,-5.4539,0.2067,-0.0051,0.0009,5.4356,9.8097,,,18.4,moving
2026-09-21T12:17:48.451+09:00,TEST_0002_TEST_P01,TEST_P01,SOFT_GRIP_ENTRY,,683.6586303710938,60.448829650878906,486.8226623535156,178.59332275390625,-89.77350616455078,-179.95445251464844,-8.896,-1.9829,0.8294,0.4173,-0.0102,0.0017,-5.811,0.6961,0.0126,0.2028,-0.005,0.0009,-0.8672,-2.2,-8.8412,0.4173,-0.0102,0.0017,-0.0361,0.5529,-5.8258,0.2028,-0.005,0.0009,5.811,10.3893,,,18.4,moving
2026-09-21T12:17:48.507+09:00,TEST_0002_TEST_P01,TEST_P01,SOFT_GRIP_ENTRY,,684.2330932617188,60.465736389160156,486.8497619628906,178.59478759765625,-89.7711181640625,-179.95419311523438,-8.896,-1.9829,0.8294,0.4173,-0.0102,0.0017,-5.811,0.6961,0.0126,0.2028,-0.005,0.0009,-0.8672,-2.2,-8.8412,0.4173,-0.0102,0.0017,-0.0361,0.5529,-5.8258,0.2028,-0.005,0.0009,5.811,10.9637,,,18.4,moving
2026-09-21T12:17:48.564+09:00,TEST_0002_TEST_P01,TEST_P01,SOFT_GRIP_ENTRY,,684.8045043945312,60.462074279785156,486.9288635253906,178.59434509277344,-89.76461029052734,-179.94834899902344,-9.0518,-1.9573,1.0939,0.4158,-0.0102,0.0017,-5.9668,0.7217,0.2771,0.2012,-0.0049,0.0008,-1.1317,-2.1777,-8.9966,0.4158,-0.0102,0.0017,-0.3006,0.5752,-5.9813,0.2012,-0.0049,0.0008,5.9668,11.5352,,,18.4,moving
2026-09-21T12:17:48.619+09:00,TEST_0002_TEST_P01,TEST_P01,SOFT_GRIP_ENTRY,,685.352294921875,60.42024230957031,486.8326721191406,178.590576171875,-89.77234649658203,-179.95127868652344,-9.0518,-1.9573,1.0939,0.4158,-0.0102,0.0017,-5.9668,0.7217,0.2771,0.2012,-0.0049,0.0008,-1.1317,-2.1777,-8.9966,0.4158,-0.0102,0.0017,-0.3006,0.5752,-5.9813,0.2012,-0.0049,0.0008,5.9668,12.0829,,,18.4,moving
2026-09-21T12:17:48.677+09:00,TEST_0002_TEST_P01,TEST_P01,SOFT_GRIP_ENTRY,,685.9155883789062,60.384437561035156,486.8446350097656,178.58799743652344,-89.7710952758789,-179.95077514648438,-9.6553,-1.9066,1.2955,0.4211,-0.0103,0.0017,-6.5703,0.7723,0.4787,0.2065,-0.0051,0.0009,-1.3354,-2.1425,-9.6003,0.4211,-0.0103,0.0017,-0.5043,0.6104,-6.5849,0.2065,-0.0051,0.0009,6.5703,12.6462,,,18.4,moving
2026-09-21T12:17:48.732+09:00,TEST_0002_TEST_P01,TEST_P01,SOFT_GRIP_ENTRY,,686.4788208007812,60.38496398925781,486.8948669433594,178.58804321289062,-89.7669677734375,-179.9458465576172,-9.7606,-1.9978,1.028,0.4125,-0.0102,0.0017,-6.6756,0.6811,0.2112,0.1979,-0.0049,0.0008,-1.0697,-2.2367,-9.7041,0.4125,-0.0102,0.0017,-0.2386,0.5161,-6.6888,0.1979,-0.0049,0.0008,6.6756,13.2095,,,18.4,moving
2026-09-21T12:17:48.787+09:00,TEST_0002_TEST_P01,TEST_P01,SOFT_GRIP_ENTRY,,687.0470581054688,60.400672912597656,486.8515625,178.58909606933594,-89.77079772949219,-179.94691467285156,-9.7606,-1.9978,1.028,0.4125,-0.0102,0.0017,-6.6756,0.6811,0.2112,0.1979,-0.0049,0.0008,-1.0697,-2.2367,-9.7041,0.4125,-0.0102,0.0017,-0.2386,0.5161,-6.6888,0.1979,-0.0049,0.0008,6.6756,13.7777,,,18.4,moving
2026-09-21T12:17:48.842+09:00,TEST_0002_TEST_P01,TEST_P01,SOFT_GRIP_ENTRY,,687.5972290039062,60.406776428222656,486.7912902832031,178.58963012695312,-89.7755126953125,-179.9537353515625,-9.6078,-1.9998,0.2111,0.4114,-0.0101,0.0016,-6.5228,0.6791,-0.6057,0.1968,-0.0049,0.0008,-0.2501,-2.2355,-9.5548,0.4114,-0.0101,0.0016,0.5809,0.5174,-6.5395,0.1968,-0.0049,0.0008,6.5228,14.3279,,,18.4,moving
2026-09-21T12:17:48.898+09:00,TEST_0002_TEST_P01,TEST_P01,SOFT_GRIP_ENTRY,,688.1407470703125,60.38349533081055,486.79888916015625,178.58807373046875,-89.77474975585938,-179.95184326171875,-9.6078,-1.9998,0.2111,0.4114,-0.0101,0.0016,-6.5228,0.6791,-0.6057,0.1968,-0.0049,0.0008,-0.2501,-2.2355,-9.5548,0.4114,-0.0101,0.0016,0.5809,0.5174,-6.5395,0.1968,-0.0049,0.0008,6.5228,14.8714,,,18.4,moving
2026-09-21T12:17:48.953+09:00,TEST_0002_TEST_P01,TEST_P01,SOFT_GRIP_ENTRY,,688.6953735351562,60.36155319213867,486.8559875488281,178.58612060546875,-89.77027893066406,-179.9484405517578,-9.512,-2.0202,0.1523,0.4082,-0.0101,0.0016,-6.427,0.6588,-0.6645,0.1937,-0.0048,0.0008,-0.192,-2.2539,-9.4586,0.4082,-0.0101,0.0016,0.6391,0.4989,-6.4433,0.1937,-0.0048,0.0008,6.427,15.426,,,18.4,moving
2026-09-21T12:17:49.009+09:00,TEST_0002_TEST_P01,TEST_P01,SOFT_GRIP_ENTRY,,689.2596435546875,60.37725067138672,486.9028625488281,178.58738708496094,-89.76655578613281,-179.95242309570312,-9.512,-2.0202,0.1523,0.4082,-0.0101,0.0016,-6.427,0.6588,-0.6645,0.1937,-0.0048,0.0008,-0.192,-2.2539,-9.4586,0.4082,-0.0101,0.0016,0.6391,0.4989,-6.4433,0.1937,-0.0048,0.0008,6.427,15.9903,,,18.4,moving
2026-09-21T12:17:49.064+09:00,TEST_0002_TEST_P01,TEST_P01,SOFT_GRIP_ENTRY,,689.7979736328125,60.406494140625,486.82940673828125,178.59017944335938,-89.77227783203125,-179.95436096191406,-9.504,-2.2234,0.1981,0.4075,-0.01,0.0016,-6.4189,0.4555,-0.6187,0.1929,-0.0048,0.0008,-0.2383,-2.4567,-9.4454,0.4075,-0.01,0.0016,0.5928,0.2961,-6.4301,0.1929,-0.0048,0.0008,6.4189,16.5286,,,18.4,moving
2026-09-21T12:17:49.119+09:00,TEST_0002_TEST_P01,TEST_P01,SOFT_GRIP_ENTRY,,690.328857421875,60.42937088012695,486.83428955078125,178.5923309326172,-89.77190399169922,-179.9506072998047,-9.504,-2.2234,0.1981,0.4075,-0.01,0.0016,-6.4189,0.4555,-0.6187,0.1929,-0.0048,0.0008,-0.2383,-2.4567,-9.4454,0.4075,-0.01,0.0016,0.5928,0.2961,-6.4301,0.1929,-0.0048,0.0008,6.4189,17.0595,,,18.4,moving
2026-09-21T12:17:49.175+09:00,TEST_0002_TEST_P01,TEST_P01,SOFT_GRIP_ENTRY,,690.9041748046875,60.43105697631836,486.8631286621094,178.59219360351562,-89.76956176757812,-179.94998168945312,-9.2528,-2.2993,0.2964,0.4051,-0.01,0.0016,-6.1677,0.3797,-0.5204,0.1905,-0.0047,0.0008,-0.3352,-2.5256,-9.1922,0.4051,-0.01,0.0016,0.4959,0.2273,-6.1769,0.1905,-0.0047,0.0008,6.1677,17.6348,,,18.4,moving
2026-09-21T12:17:49.230+09:00,TEST_0002_TEST_P01,TEST_P01,SOFT_GRIP_ENTRY,,691.4550170898438,60.39964294433594,486.9051818847656,178.5896453857422,-89.76595306396484,-179.9534454345703,-8.5879,-2.3508,0.0462,0.4041,-0.0099,0.0016,-5.5029,0.3281,-0.7706,0.1895,-0.0047,0.0008,-0.0832,-2.5614,-8.5272,0.4041,-0.0099,0.0016,0.7479,0.1915,-5.5118,0.1895,-0.0047,0.0008,5.5029,18.1857,,,18.4,moving
2026-09-21T12:17:49.287+09:00,TEST_0002_TEST_P01,TEST_P01,SOFT_GRIP_ENTRY,,692.0060424804688,60.37205123901367,486.90692138671875,178.58724975585938,-89.76543426513672,-179.94972229003906,-8.5879,-2.3508,0.0462,0.4041,-0.0099,0.0016,-5.5029,0.3281,-0.7706,0.1895,-0.0047,0.0008,-0.0832,-2.5614,-8.5272,0.4041,-0.0099,0.0016,0.7479,0.1915,-5.5118,0.1895,-0.0047,0.0008,5.5029,18.7367,,,18.4,moving
2026-09-21T12:17:49.343+09:00,TEST_0002_TEST_P01,TEST_P01,SOFT_GRIP_ENTRY,,692.576416015625,60.3805046081543,486.8549499511719,178.5878143310547,-89.76976776123047,-179.94712829589844,-8.6304,-2.3636,0.0483,0.3972,-0.0098,0.0016,-5.5454,0.3153,-0.7685,0.1826,-0.0045,0.0008,-0.0851,-2.5756,-8.5692,0.3972,-0.0098,0.0016,0.746,0.1773,-5.5539,0.1826,-0.0045,0.0008,5.5454,19.3071,,,18.4,moving
2026-09-21T12:17:49.398+09:00,TEST_0002_TEST_P01,TEST_P01,SOFT_GRIP_ENTRY,,693.1278076171875,60.40634536743164,486.9107360839844,178.59010314941406,-89.76544952392578,-179.9488525390625,-8.6304,-2.3636,0.0483,0.3972,-0.0098,0.0016,-5.5454,0.3153,-0.7685,0.1826,-0.0045,0.0008,-0.0851,-2.5756,-8.5692,0.3972,-0.0098,0.0016,0.746,0.1773,-5.5539,0.1826,-0.0045,0.0008,5.5454,19.8585,,,18.4,moving
2026-09-21T12:17:49.453+09:00,TEST_0002_TEST_P01,TEST_P01,SOFT_GRIP_ENTRY,,693.6812744140625,60.42658996582031,486.9139099121094,178.5919647216797,-89.7649917602539,-179.9524383544922,-8.4938,-2.4718,-0.0398,0.3985,-0.0098,0.0016,-5.4088,0.2072,-0.8566,0.1839,-0.0046,0.0008,0.0029,-2.6799,-8.4306,0.3985,-0.0098,0.0016,0.834,0.073,-5.4152,0.1839,-0.0046,0.0008,5.4088,20.4119,,,18.4,moving
2026-09-21T12:17:49.508+09:00,TEST_0002_TEST_P01,TEST_P01,SOFT_GRIP_ENTRY,,694.2377319335938,60.416481018066406,486.8841552734375,178.59097290039062,-89.76722717285156,-179.94993591308594,-8.4938,-2.4718,-0.0398,0.3985,-0.0098,0.0016,-5.4088,0.2072,-0.8566,0.1839,-0.0046,0.0008,0.0029,-2.6799,-8.4306,0.3985,-0.0098,0.0016,0.834,0.073,-5.4152,0.1839,-0.0046,0.0008,5.4088,20.9684,,,18.4,moving
2026-09-21T12:17:49.563+09:00,TEST_0002_TEST_P01,TEST_P01,SOFT_GRIP_ENTRY,,694.8109741210938,60.394813537597656,486.8757019042969,178.58888244628906,-89.76793670654297,-179.94839477539062,-8.7396,-2.6893,0.4286,0.3961,-0.0097,0.0016,-5.6546,-0.0104,-0.3882,0.1815,-0.0045,0.0008,-0.4662,-2.9031,-8.669,0.3961,-0.0097,0.0016,0.3648,-0.1502,-5.6537,0.1815,-0.0045,0.0008,5.6546,21.5416,,,18.4,moving
2026-09-21T12:17:49.619+09:00,TEST_0002_TEST_P01,TEST_P01,SOFT_GRIP_ENTRY,,695.35400390625,60.38874816894531,486.8999328613281,178.58865356445312,-89.76604461669922,-179.95120239257812,-8.7396,-2.6893,0.4286,0.3961,-0.0097,0.0016,-5.6546,-0.0104,-0.3882,0.1815,-0.0045,0.0008,-0.4662,-2.9031,-8.669,0.3961,-0.0097,0.0016,0.3648,-0.1502,-5.6537,0.1815,-0.0045,0.0008,5.6546,22.0847,,,18.4,moving
2026-09-21T12:17:49.675+09:00,TEST_0002_TEST_P01,TEST_P01,SOFT_GRIP_ENTRY,,695.9144897460938,60.4071159362793,486.9565124511719,178.5901641845703,-89.76118469238281,-179.95301818847656,-9.0226,-2.7088,0.9791,0.4039,-0.0099,0.0016,-5.9375,-0.0299,0.1623,0.1893,-0.0047,0.0008,-1.0183,-2.9294,-8.949,0.4039,-0.0099,0.0016,-0.1872,-0.1765,-5.9337,0.1893,-0.0047,0.0008,5.9375,22.6451,,,18.4,moving
2026-09-21T12:17:49.730+09:00,TEST_0002_TEST_P01,TEST_P01,SOFT_GRIP_ENTRY,,696.4761352539062,60.42857360839844,486.94586181640625,178.59178161621094,-89.76194763183594,-179.95016479492188,-9.1103,-2.9277,1.5952,0.4129,-0.0102,0.0017,-6.0252,-0.2488,0.7784,0.1983,-0.0049,0.0009,-1.6357,-3.1494,-9.0288,0.4129,-0.0102,0.0017,-0.8046,-0.3965,-6.0135,0.1983,-0.0049,0.0009,6.0252,23.2068,,,18.4,moving
2026-09-21T12:17:49.787+09:00,TEST_0002_TEST_P01,TEST_P01,SOFT_GRIP_ENTRY,,697.0236206054688,60.436527252197266,486.9122314453125,178.59242248535156,-89.7647933959961,-179.9473876953125,-9.1103,-2.9277,1.5952,0.4129,-0.0102,0.0017,-6.0252,-0.2488,0.7784,0.1983,-0.0049,0.0009,-1.6357,-3.1494,-9.0288,0.4129,-0.0102,0.0017,-0.8046,-0.3965,-6.0135,0.1983,-0.0049,0.0009,6.0252,23.7543,,,18.4,moving
2026-09-21T12:17:49.843+09:00,TEST_0002_TEST_P01,TEST_P01,SOFT_GRIP_ENTRY,,697.4954833984375,60.415977478027344,486.91302490234375,178.5909423828125,-89.76451110839844,-179.94822692871094,-8.6471,-2.822,1.9244,0.4238,-0.0104,0.0017,-5.562,-0.1431,1.1076,0.2092,-0.0052,0.0009,-1.9622,-3.0319,-8.5672,0.4238,-0.0104,0.0017,-1.1311,-0.279,-5.5518,0.2092,-0.0052,0.0009,5.562,24.2261,,,18.4,moving
2026-09-21T12:17:50.901+09:00,TEST_0002_TEST_P01,TEST_P01,SOFT_GRIP_ENTRY,SOFT_GRIP_STABILIZATION_END,698.1685791015625,60.34123992919922,486.801513671875,178.58570861816406,-89.77042388916016,-179.94740295410156,-4.324,-2.5297,-0.723,0.4657,-0.0115,0.0019,0.0,0.0,0.0,0.0,0.0,0.0,0.7035,-2.6363,-4.2631,0.4657,-0.0115,0.0019,0.0,0.0,0.0,0.0,0.0,0.0,,,,,18.4,moving
2026-09-21T12:17:50.966+09:00,TEST_0002_TEST_P01,TEST_P01,HARD_GRIP,HARD_GRIP_COMMAND,698.167724609375,60.3427619934082,486.8031005859375,178.5857696533203,-89.77025604248047,-179.94752502441406,-2.6599,-2.5857,-1.2444,0.4905,-0.0121,0.002,0.0,0.0,0.0,0.0,0.0,0.0,1.2315,-2.6517,-2.6002,0.4905,-0.0121,0.002,0.0,0.0,0.0,0.0,0.0,0.0,,,,,18.4,moving
2026-09-21T12:17:51.970+09:00,TEST_0002_TEST_P01,TEST_P01,HARD_GRIP,HARD_GRIP_STABILIZATION_END,698.1338500976562,60.38081359863281,486.85858154296875,178.58895874023438,-89.7656021118164,-179.95025634765625,-0.7043,-2.3839,-1.5189,0.5632,-0.0139,0.0023,0.0,0.0,0.0,0.0,0.0,0.0,1.5142,-2.4018,-0.6516,0.5632,-0.0139,0.0023,0.0,0.0,0.0,0.0,0.0,0.0,,,,,18.4,moving
2026-09-21T12:17:52.005+09:00,TEST_0002_TEST_P01,TEST_P01,PULL_TEST,,698.132568359375,60.38180923461914,486.8609924316406,178.58905029296875,-89.7654037475586,-179.95037841796875,-0.7043,-2.3839,-1.5189,0.5632,-0.0139,0.0023,0.0,0.0,0.0,0.0,0.0,0.0,1.5142,-2.4018,-0.6516,0.5632,-0.0139,0.0023,0.0,0.0,0.0,0.0,0.0,0.0,,,0.0,0.0013,18.4,moving
2026-09-21T12:17:52.060+09:00,TEST_0002_TEST_P01,TEST_P01,PULL_TEST,,698.1243286132812,60.384063720703125,486.87530517578125,178.58934020996094,-89.7642593383789,-179.9501495361328,-0.3101,-2.3893,-1.6481,0.5619,-0.0138,0.0023,0.3942,-0.0055,-0.1292,-0.0013,0.0,0.0,1.645,-2.3977,-0.2579,0.5619,-0.0138,0.0023,0.1308,0.0041,0.3937,-0.0013,0.0,0.0,,,0.3942,0.0095,18.4,moving
2026-09-21T12:17:52.116+09:00,TEST_0002_TEST_P01,TEST_P01,PULL_TEST,,698.0629272460938,60.38559341430664,486.970703125,178.59005737304688,-89.75653076171875,-179.9482421875,-0.3101,-2.3893,-1.6481,0.5619,-0.0138,0.0023,0.3942,-0.0055,-0.1292,-0.0013,0.0,0.0,1.645,-2.3977,-0.2579,0.5619,-0.0138,0.0023,0.1308,0.0041,0.3937,-0.0013,0.0,0.0,,,0.3942,0.0709,18.4,moving
2026-09-21T12:17:52.173+09:00,TEST_0002_TEST_P01,TEST_P01,PULL_TEST,,697.8828735351562,60.38236999511719,487.0736999511719,178.58982849121094,-89.74798583984375,-179.94186401367188,0.4697,-2.3661,-1.9382,0.5562,-0.0137,0.0023,1.174,0.0177,-0.4193,-0.007,0.0002,0.0,1.9383,-2.3556,0.5195,0.5562,-0.0137,0.0023,0.4241,0.0462,1.1711,-0.007,0.0002,0.0,,,1.174,0.251,18.4,moving
2026-09-21T12:17:52.229+09:00,TEST_0002_TEST_P01,TEST_P01,PULL_TEST,,697.5820922851562,60.37525939941406,487.16363525390625,178.58851623535156,-89.7396011352539,-179.94039916992188,1.6249,-2.4817,-2.2726,0.5368,-0.0132,0.0024,2.3292,-0.0978,-0.7537,-0.0264,0.0007,0.0001,2.2777,-2.4433,1.6753,0.5368,-0.0132,0.0024,0.7635,-0.0415,2.3268,-0.0264,0.0007,0.0001,,,2.3292,0.5518,18.4,moving
2026-09-21T12:17:52.285+09:00,TEST_0002_TEST_P01,TEST_P01,PULL_TEST,,697.0881958007812,60.36030197143555,487.1563720703125,178.5878448486328,-89.73951721191406,-179.93991088867188,1.6249,-2.4817,-2.2726,0.5368,-0.0132,0.0024,2.3292,-0.0978,-0.7537,-0.0264,0.0007,0.0001,2.2777,-2.4433,1.6753,0.5368,-0.0132,0.0024,0.7635,-0.0415,2.3268,-0.0264,0.0007,0.0001,,,2.3292,1.0457,18.4,moving
2026-09-21T12:17:52.341+09:00,TEST_0002_TEST_P01,TEST_P01,PULL_TEST,,696.5145263671875,60.36071014404297,487.113525390625,178.58828735351562,-89.7423324584961,-179.93991088867188,1.7594,-2.5803,-2.4142,0.5838,-0.0144,0.0027,2.4637,-0.1964,-0.8953,0.0206,-0.0005,0.0004,2.4198,-2.5388,1.8114,0.5838,-0.0144,0.0027,0.9056,-0.137,2.463,0.0206,-0.0005,0.0004,,,2.4637,1.6193,18.4,moving
2026-09-21T12:17:52.397+09:00,TEST_0002_TEST_P01,TEST_P01,PULL_TEST,,695.9515380859375,60.3593635559082,487.081787109375,178.58815002441406,-89.7442626953125,-179.9424285888672,1.7594,-2.5803,-2.4142,0.5838,-0.0144,0.0027,2.4637,-0.1964,-0.8953,0.0206,-0.0005,0.0004,2.4198,-2.5388,1.8114,0.5838,-0.0144,0.0027,0.9056,-0.137,2.463,0.0206,-0.0005,0.0004,,,2.4637,2.1823,18.4,moving
2026-09-21T12:17:52.454+09:00,TEST_0002_TEST_P01,TEST_P01,PULL_TEST,,695.3790283203125,60.33295440673828,487.1024169921875,178.58602905273438,-89.74212646484375,-179.9463348388672,1.7077,-2.6652,-2.1313,0.6685,-0.0165,0.003,2.412,-0.2813,-0.6123,0.1053,-0.0026,0.0007,2.1366,-2.6243,1.7635,0.6685,-0.0165,0.003,0.6224,-0.2225,2.415,0.1053,-0.0026,0.0007,,,2.412,2.7548,18.4,moving
2026-09-21T12:17:52.509+09:00,TEST_0002_TEST_P01,TEST_P01,PULL_TEST,,694.7883911132812,60.306068420410156,487.0732116699219,178.58395385742188,-89.7443618774414,-179.9447021484375,1.7077,-2.6652,-2.1313,0.6685,-0.0165,0.003,2.412,-0.2813,-0.6123,0.1053,-0.0026,0.0007,2.1366,-2.6243,1.7635,0.6685,-0.0165,0.003,0.6224,-0.2225,2.415,0.1053,-0.0026,0.0007,,,2.412,3.3455,18.4,moving
2026-09-21T12:17:52.566+09:00,TEST_0002_TEST_P01,TEST_P01,PULL_TEST,,694.2212524414062,60.301998138427734,486.9898986816406,178.58363342285156,-89.75105285644531,-179.94256591796875,1.9946,-2.5576,-2.1623,0.7382,-0.0182,0.0033,2.6989,-0.1737,-0.6434,0.175,-0.0044,0.001,2.169,-2.5097,2.0476,0.7382,-0.0182,0.0033,0.6548,-0.1078,2.6992,0.175,-0.0044,0.001,,,2.6989,3.9126,18.4,moving
2026-09-21T12:17:52.621+09:00,TEST_0002_TEST_P01,TEST_P01,PULL_TEST,,693.6385498046875,60.32383728027344,486.97900390625,178.5858612060547,-89.75179290771484,-179.94189453125,1.9946,-2.5576,-2.1623,0.7382,-0.0182,0.0033,2.6989,-0.1737,-0.6434,0.175,-0.0044,0.001,2.169,-2.5097,2.0476,0.7382,-0.0182,0.0033,0.6548,-0.1078,2.6992,0.175,-0.0044,0.001,,,2.6989,4.4953,18.4,moving
2026-09-21T12:17:52.677+09:00,TEST_0002_TEST_P01,TEST_P01,PULL_TEST,,693.0543823242188,60.34949493408203,487.0841369628906,178.58839416503906,-89.74337768554688,-179.94451904296875,1.9831,-2.5462,-1.7328,0.7671,-0.019,0.0033,2.6874,-0.1624,-0.2139,0.2038,-0.0051,0.001,1.7391,-2.4983,2.0378,0.7671,-0.019,0.0033,0.2249,-0.0965,2.6894,0.2038,-0.0051,0.001,,,2.6874,5.0795,18.4,moving
2026-09-21T12:17:52.734+09:00,TEST_0002_TEST_P01,TEST_P01,PULL_TEST,,692.5051879882812,60.34113311767578,487.01483154296875,178.58761596679688,-89.74923706054688,-179.94595336914062,1.8798,-2.581,-1.891,0.7913,-0.0195,0.0035,2.5841,-0.1971,-0.3721,0.228,-0.0056,0.0012,1.8971,-2.5357,1.9346,0.7913,-0.0195,0.0035,0.383,-0.1339,2.5861,0.228,-0.0056,0.0012,,,2.5841,5.6287,18.4,moving
2026-09-21T12:17:52.791+09:00,TEST_0002_TEST_P01,TEST_P01,PULL_TEST,,691.9336547851562,60.316959381103516,486.92523193359375,178.58547973632812,-89.75648498535156,-179.94482421875,1.8798,-2.581,-1.891,0.7913,-0.0195,0.0035,2.5841,-0.1971,-0.3721,0.228,-0.0056,0.0012,1.8971,-2.5357,1.9346,0.7913,-0.0195,0.0035,0.383,-0.1339,2.5861,0.228,-0.0056,0.0012,,,2.5841,6.2002,18.4,moving
2026-09-21T12:17:52.849+09:00,TEST_0002_TEST_P01,TEST_P01,PULL_TEST,,691.3496704101562,60.30992126464844,486.92742919921875,178.58563232421875,-89.75634002685547,-179.94712829589844,2.8982,-2.4983,-1.6642,0.8065,-0.0199,0.0035,3.6025,-0.1144,-0.1453,0.2433,-0.006,0.0012,1.6744,-2.4276,2.9519,0.8065,-0.0199,0.0035,0.1602,-0.0258,3.6035,0.2433,-0.006,0.0012,,,3.6025,6.7842,18.4,moving
2026-09-21T12:17:52.905+09:00,TEST_0002_TEST_P01,TEST_P01,PULL_TEST,,690.7874145507812,60.326171875,486.887939453125,178.58665466308594,-89.75940704345703,-179.9519805908203,2.8982,-2.4983,-1.6642,0.8065,-0.0199,0.0035,3.6025,-0.1144,-0.1453,0.2433,-0.006,0.0012,1.6744,-2.4276,2.9519,0.8065,-0.0199,0.0035,0.1602,-0.0258,3.6035,0.2433,-0.006,0.0012,,,3.6025,7.3464,18.4,moving
2026-09-21T12:17:52.960+09:00,TEST_0002_TEST_P01,TEST_P01,PULL_TEST,,690.2446899414062,60.357872009277344,486.85595703125,178.58883666992188,-89.76185607910156,-179.95120239257812,2.7782,-2.4203,-1.5309,0.8266,-0.0204,0.0035,3.4825,-0.0364,-0.012,0.2634,-0.0065,0.0012,1.5409,-2.3523,2.8305,0.8266,-0.0204,0.0035,0.0267,0.0495,3.4821,0.2634,-0.0065,0.0012,,,3.4825,7.8892,18.4,moving
2026-09-21T12:17:53.015+09:00,TEST_0002_TEST_P01,TEST_P01,PULL_TEST,,689.676513671875,60.370094299316406,486.8517150878906,178.58999633789062,-89.76190185546875,-179.947998046875,2.7782,-2.4203,-1.5309,0.8266,-0.0204,0.0035,3.4825,-0.0364,-0.012,0.2634,-0.0065,0.0012,1.5409,-2.3523,2.8305,0.8266,-0.0204,0.0035,0.0267,0.0495,3.4821,0.2634,-0.0065,0.0012,,,3.4825,8.4573,18.4,moving
2026-09-21T12:17:53.070+09:00,TEST_0002_TEST_P01,TEST_P01,PULL_TEST,,689.1346435546875,60.35451889038086,486.86474609375,178.5886993408203,-89.76075744628906,-179.94952392578125,3.376,-2.4405,-1.4863,0.8426,-0.0208,0.0035,4.0803,-0.0566,0.0326,0.2794,-0.0069,0.0012,1.4984,-2.3581,3.4288,0.8426,-0.0208,0.0035,-0.0158,0.0438,4.0804,0.2794,-0.0069,0.0012,,,4.0803,8.9992,18.4,moving
2026-09-21T12:17:53.128+09:00,TEST_0002_TEST_P01,TEST_P01,PULL_TEST,,688.5909423828125,60.32918930053711,486.7937927246094,178.58615112304688,-89.76654815673828,-179.9529266357422,3.7756,-2.3449,-1.5349,0.8558,-0.0211,0.0036,4.4799,0.0389,-0.016,0.2926,-0.0072,0.0013,1.5487,-2.2523,3.826,0.8558,-0.0211,0.0036,0.0345,0.1495,4.4776,0.2926,-0.0072,0.0013,,,4.4799,9.5429,18.4,moving
2026-09-21T12:17:53.183+09:00,TEST_0002_TEST_P01,TEST_P01,PULL_TEST,,688.0084838867188,60.31207275390625,486.7938537597656,178.58502197265625,-89.76663970947266,-179.94935607910156,3.7756,-2.3449,-1.5349,0.8558,-0.0211,0.0036,4.4799,0.0389,-0.016,0.2926,-0.0072,0.0013,1.5487,-2.2523,3.826,0.8558,-0.0211,0.0036,0.0345,0.1495,4.4776,0.2926,-0.0072,0.0013,,,4.4799,10.1254,18.4,moving
2026-09-21T12:17:53.239+09:00,TEST_0002_TEST_P01,TEST_P01,PULL_TEST,,687.4501953125,60.33008575439453,486.83624267578125,178.58677673339844,-89.76305389404297,-179.9470977783203,3.7354,-2.4124,-1.6277,0.8545,-0.0211,0.0035,4.4397,-0.0285,-0.1088,0.2913,-0.0072,0.0012,1.6412,-2.321,3.787,0.8545,-0.0211,0.0035,0.1271,0.0808,4.4386,0.2913,-0.0072,0.0012,,,4.4397,10.6837,18.4,moving
2026-09-21T12:17:53.295+09:00,TEST_0002_TEST_P01,TEST_P01,PULL_TEST,,686.9147338867188,60.35823440551758,486.8430480957031,178.58877563476562,-89.76241302490234,-179.94961547851562,3.7354,-2.4124,-1.6277,0.8545,-0.0211,0.0035,4.4397,-0.0285,-0.1088,0.2913,-0.0072,0.0012,1.6412,-2.321,3.787,0.8545,-0.0211,0.0035,0.1271,0.0808,4.4386,0.2913,-0.0072,0.0012,,,4.4397,11.2191,18.4,moving
2026-09-21T12:17:53.353+09:00,TEST_0002_TEST_P01,TEST_P01,PULL_TEST,,686.3180541992188,60.356388092041016,486.81536865234375,178.5889129638672,-89.76492309570312,-179.94784545898438,4.4531,-2.4174,-1.8496,0.8595,-0.0212,0.0035,5.1574,-0.0335,-0.3307,0.2963,-0.0073,0.0012,1.866,-2.3086,4.5036,0.8595,-0.0212,0.0035,0.3518,0.0932,5.1552,0.2963,-0.0073,0.0012,,,5.1574,11.8158,18.4,moving
2026-09-21T12:17:53.410+09:00,TEST_0002_TEST_P01,TEST_P01,PULL_TEST,,685.720458984375,60.3430061340332,486.794189453125,178.58856201171875,-89.76658630371094,-179.94558715820312,4.4531,-2.4174,-1.8496,0.8595,-0.0212,0.0035,5.1574,-0.0335,-0.3307,0.2963,-0.0073,0.0012,1.866,-2.3086,4.5036,0.8595,-0.0212,0.0035,0.3518,0.0932,5.1552,0.2963,-0.0073,0.0012,,,5.1574,12.4134,18.4,moving
2026-09-21T12:17:53.466+09:00,TEST_0002_TEST_P01,TEST_P01,PULL_TEST,,685.1682739257812,60.33930206298828,486.779541015625,178.58811950683594,-89.76759338378906,-179.94947814941406,4.5132,-2.4261,-2.1483,0.8566,-0.0211,0.0035,5.2175,-0.0423,-0.6294,0.2933,-0.0072,0.0012,2.1647,-2.3163,4.5628,0.8566,-0.0211,0.0035,0.6505,0.0855,5.2144,0.2933,-0.0072,0.0012,,,5.2175,12.9656,18.4,moving
2026-09-21T12:17:53.523+09:00,TEST_0002_TEST_P01,TEST_P01,PULL_TEST,,684.6068115234375,60.35665512084961,486.8846740722656,178.58924865722656,-89.75908660888672,-179.95156860351562,4.5132,-2.4261,-2.1483,0.8566,-0.0211,0.0035,5.2175,-0.0423,-0.6294,0.2933,-0.0072,0.0012,2.1647,-2.3163,4.5628,0.8566,-0.0211,0.0035,0.6505,0.0855,5.2144,0.2933,-0.0072,0.0012,,,5.2175,13.527,18.4,moving
2026-09-21T12:17:53.578+09:00,TEST_0002_TEST_P01,TEST_P01,PULL_TEST,,684.0333251953125,60.38479232788086,486.8460388183594,178.59149169921875,-89.7619400024414,-179.95156860351562,4.6287,-2.512,-2.3045,0.8576,-0.0211,0.0035,5.333,-0.1281,-0.7855,0.2944,-0.0073,0.0012,2.3222,-2.3993,4.6794,0.8576,-0.0211,0.0035,0.808,0.0025,5.331,0.2944,-0.0073,0.0012,,,5.333,14.1005,18.4,moving
2026-09-21T12:17:53.634+09:00,TEST_0002_TEST_P01,TEST_P01,PULL_TEST,,683.4758911132812,60.39027404785156,486.7838439941406,178.59197998046875,-89.76676940917969,-179.95428466796875,5.0555,-2.5408,-2.5129,0.8584,-0.0211,0.0035,5.7598,-0.1569,-0.9939,0.2952,-0.0072,0.0013,2.5317,-2.4179,5.1061,0.8584,-0.0211,0.0035,1.0175,-0.0161,5.7577,0.2952,-0.0072,0.0013,,,5.7598,14.658,18.4,moving
2026-09-21T12:17:53.691+09:00,TEST_0002_TEST_P01,TEST_P01,PULL_TEST,,682.923583984375,60.367889404296875,486.8227844238281,178.59002685546875,-89.76371765136719,-179.95458984375,5.0555,-2.5408,-2.5129,0.8584,-0.0211,0.0035,5.7598,-0.1569,-0.9939,0.2952,-0.0072,0.0013,2.5317,-2.4179,5.1061,0.8584,-0.0211,0.0035,1.0175,-0.0161,5.7577,0.2952,-0.0072,0.0013,,,5.7598,15.2103,18.4,moving
2026-09-21T12:17:53.747+09:00,TEST_0002_TEST_P01,TEST_P01,PULL_TEST,,682.3511962890625,60.34465026855469,486.9237060546875,178.58836364746094,-89.75534057617188,-179.94863891601562,5.411,-2.5927,-2.702,0.8545,-0.021,0.0036,6.1153,-0.2088,-1.1831,0.2913,-0.0072,0.0013,2.7231,-2.4609,5.4617,0.8545,-0.021,0.0036,1.2089,-0.0591,6.1133,0.2913,-0.0072,0.0013,,,6.1153,15.7827,18.4,moving
2026-09-21T12:17:53.802+09:00,TEST_0002_TEST_P01,TEST_P01,PULL_TEST,,681.7848510742188,60.34584426879883,486.8994445800781,178.5885467529297,-89.75708770751953,-179.94537353515625,5.411,-2.5927,-2.702,0.8545,-0.021,0.0036,6.1153,-0.2088,-1.1831,0.2913,-0.0072,0.0013,2.7231,-2.4609,5.4617,0.8545,-0.021,0.0036,1.2089,-0.0591,6.1133,0.2913,-0.0072,0.0013,,,6.1153,16.349,18.4,moving
2026-09-21T12:17:53.858+09:00,TEST_0002_TEST_P01,TEST_P01,PULL_TEST,,681.2427368164062,60.36915969848633,486.8161926269531,178.59036254882812,-89.76419067382812,-179.94960021972656,5.3403,-2.6189,-2.6099,0.8544,-0.021,0.0036,6.0445,-0.235,-1.091,0.2912,-0.0072,0.0013,2.6304,-2.4891,5.392,0.8544,-0.021,0.0036,1.1162,-0.0873,6.0436,0.2912,-0.0072,0.0013,,,6.0445,16.8911,18.4,moving
2026-09-21T12:17:53.914+09:00,TEST_0002_TEST_P01,TEST_P01,PULL_TEST,,680.67626953125,60.377235412597656,486.8132629394531,178.59130859375,-89.76451110839844,-179.95053100585938,5.3403,-2.6189,-2.6099,0.8544,-0.021,0.0036,6.0445,-0.235,-1.091,0.2912,-0.0072,0.0013,2.6304,-2.4891,5.392,0.8544,-0.021,0.0036,1.1162,-0.0873,6.0436,0.2912,-0.0072,0.0013,,,6.0445,17.4576,18.4,moving
2026-09-21T12:17:53.970+09:00,TEST_0002_TEST_P01,TEST_P01,PULL_TEST,,680.1336059570312,60.355926513671875,486.9062194824219,178.58970642089844,-89.75691223144531,-179.94729614257812,5.9423,-2.524,-2.4381,0.8667,-0.0213,0.0036,6.6466,-0.1401,-0.9191,0.3035,-0.0074,0.0013,2.4607,-2.3793,5.9924,0.8667,-0.0213,0.0036,0.9465,0.0226,6.644,0.3035,-0.0074,0.0013,,,6.6466,18.0002,18.4,moving
2026-09-21T12:17:54.028+09:00,TEST_0002_TEST_P01,TEST_P01,PULL_TEST,,679.5617065429688,60.32009506225586,486.878173828125,178.58641052246094,-89.75917053222656,-179.94992065429688,5.6976,-2.4116,-2.4725,0.8688,-0.0214,0.0036,6.4019,-0.0277,-0.9536,0.3056,-0.0075,0.0013,2.4947,-2.2725,5.7449,0.8688,-0.0214,0.0036,0.9805,0.1293,6.3965,0.3056,-0.0075,0.0013,,,6.4019,18.5721,18.4,moving
2026-09-21T12:17:54.084+09:00,TEST_0002_TEST_P01,TEST_P01,PULL_TEST,,678.9917602539062,60.2928581237793,486.8382263183594,178.5843963623047,-89.76241302490234,-179.94996643066406,5.6976,-2.4116,-2.4725,0.8688,-0.0214,0.0036,6.4019,-0.0277,-0.9536,0.3056,-0.0075,0.0013,2.4947,-2.2725,5.7449,0.8688,-0.0214,0.0036,0.9805,0.1293,6.3965,0.3056,-0.0075,0.0013,,,6.4019,19.1421,18.4,moving
2026-09-21T12:17:54.139+09:00,TEST_0002_TEST_P01,TEST_P01,PULL_TEST,,678.4283447265625,60.299217224121094,486.8357849121094,178.58505249023438,-89.7624740600586,-179.94717407226562,6.167,-2.4505,-2.0867,0.8695,-0.0215,0.0036,6.8713,-0.0666,-0.5678,0.3063,-0.0076,0.0013,2.1105,-2.2994,6.2169,0.8695,-0.0215,0.0036,0.5963,0.1024,6.8685,0.3063,-0.0076,0.0013,,,6.8713,19.7055,18.4,moving
2026-09-21T12:17:54.195+09:00,TEST_0002_TEST_P01,TEST_P01,PULL_TEST,,677.8908081054688,60.32804870605469,486.8409118652344,178.58682250976562,-89.76200866699219,-179.9518585205078,6.167,-2.4505,-2.0867,0.8695,-0.0215,0.0036,6.8713,-0.0666,-0.5678,0.3063,-0.0076,0.0013,2.1105,-2.2994,6.2169,0.8695,-0.0215,0.0036,0.5963,0.1024,6.8685,0.3063,-0.0076,0.0013,,,6.8713,20.243,18.4,moving
2026-09-21T12:17:54.250+09:00,TEST_0002_TEST_P01,TEST_P01,PULL_TEST,,677.3407592773438,60.32716369628906,486.8292541503906,178.58665466308594,-89.7626953125,-179.9527587890625,6.3853,-2.323,-2.1439,0.8722,-0.0215,0.0036,7.0896,0.0609,-0.625,0.309,-0.0076,0.0013,2.1685,-2.1666,6.4318,0.8722,-0.0215,0.0036,0.6543,0.2352,7.0834,0.309,-0.0076,0.0013,,,7.0896,20.7931,18.4,moving
2026-09-21T12:17:54.305+09:00,TEST_0002_TEST_P01,TEST_P01,PULL_TEST,,676.7786254882812,60.31072235107422,486.7889099121094,178.58551025390625,-89.76577758789062,-179.95071411132812,6.3853,-2.323,-2.1439,0.8722,-0.0215,0.0036,7.0896,0.0609,-0.625,0.309,-0.0076,0.0013,2.1685,-2.1666,6.4318,0.8722,-0.0215,0.0036,0.6543,0.2352,7.0834,0.309,-0.0076,0.0013,,,7.0896,21.3552,18.4,moving
2026-09-21T12:17:54.360+09:00,TEST_0002_TEST_P01,TEST_P01,PULL_TEST,,676.1762084960938,60.294620513916016,486.98321533203125,178.584228515625,-89.74933624267578,-179.94981384277344,5.565,-2.5184,-2.1669,0.8671,-0.0214,0.0036,6.2693,-0.1345,-0.648,0.3039,-0.0075,0.0013,2.1883,-2.3821,5.6165,0.8671,-0.0214,0.0036,0.6741,0.0198,6.2681,0.3039,-0.0075,0.0013,,,6.2693,21.9576,18.4,moving
2026-09-21T12:17:54.415+09:00,TEST_0002_TEST_P01,TEST_P01,PULL_TEST,,675.6268920898438,60.31223678588867,487.1096496582031,178.58604431152344,-89.73906707763672,-179.94546508789062,5.565,-2.5184,-2.1669,0.8671,-0.0214,0.0036,6.2693,-0.1345,-0.648,0.3039,-0.0075,0.0013,2.1883,-2.3821,5.6165,0.8671,-0.0214,0.0036,0.6741,0.0198,6.2681,0.3039,-0.0075,0.0013,,,6.2693,22.507,18.4,moving
2026-09-21T12:17:54.470+09:00,TEST_0002_TEST_P01,TEST_P01,PULL_TEST,,675.0623168945312,60.34623718261719,487.05914306640625,178.58920288085938,-89.74331665039062,-179.94119262695312,0.2261,-2.6105,0.422,0.8919,-0.022,0.004,0.9304,-0.2266,1.9409,0.3287,-0.0082,0.0017,-0.4231,-2.6037,0.2924,0.8919,-0.022,0.004,-1.9373,-0.2019,0.9439,0.3287,-0.0082,0.0017,,,0.9304,23.0715,18.4,moving
2026-09-21T12:17:54.527+09:00,TEST_0002_TEST_P01,TEST_P01,PULL_TEST,,674.5090942382812,60.33928298950195,486.9759826660156,178.58859252929688,-89.75037384033203,-179.94667053222656,-0.4862,-2.5551,0.925,0.908,-0.0224,0.004,0.2181,-0.1713,2.4439,0.3448,-0.0085,0.0017,-0.9292,-2.5655,-0.4191,0.908,-0.0224,0.004,-2.4434,-0.1637,0.2324,0.3448,-0.0085,0.0017,,,0.2181,23.6248,18.4,moving
2026-09-21T12:17:54.583+09:00,TEST_0002_TEST_P01,TEST_P01,PULL_TEST,,673.9794921875,60.319618225097656,486.958740234375,178.58676147460938,-89.75165557861328,-179.9503936767578,-0.4862,-2.5551,0.925,0.908,-0.0224,0.004,0.2181,-0.1713,2.4439,0.3448,-0.0085,0.0017,-0.9292,-2.5655,-0.4191,0.908,-0.0224,0.004,-2.4434,-0.1637,0.2324,0.3448,-0.0085,0.0017,,,0.2181,24.1544,18.4,moving
2026-09-21T12:17:54.638+09:00,TEST_0002_TEST_P01,TEST_P01,PULL_TEST,,673.4346313476562,60.29916763305664,486.96844482421875,178.58522033691406,-89.75112915039062,-179.94993591308594,-0.5945,-2.5558,0.8843,0.9003,-0.0222,0.0039,0.1098,-0.1719,2.4032,0.3371,-0.0083,0.0016,-0.8889,-2.5689,-0.5274,0.9003,-0.0222,0.0039,-2.4031,-0.1671,0.1242,0.3371,-0.0083,0.0016,,,0.1098,24.6992,18.4,moving
2026-09-21T12:17:54.695+09:00,TEST_0002_TEST_P01,TEST_P01,PULL_TEST,,672.867431640625,60.306114196777344,486.9424743652344,178.58590698242188,-89.75323486328125,-179.95101928710938,-0.5945,-2.5558,0.8843,0.9003,-0.0222,0.0039,0.1098,-0.1719,2.4032,0.3371,-0.0083,0.0016,-0.8889,-2.5689,-0.5274,0.9003,-0.0222,0.0039,-2.4031,-0.1671,0.1242,0.3371,-0.0083,0.0016,,,0.1098,25.2664,18.4,moving
2026-09-21T12:17:54.751+09:00,TEST_0002_TEST_P01,TEST_P01,PULL_TEST,,672.3099975585938,60.339054107666016,486.85931396484375,178.5887451171875,-89.75989532470703,-179.9471435546875,-0.4228,-2.5961,0.8267,0.8839,-0.0218,0.0038,0.2815,-0.2122,2.3456,0.3206,-0.0079,0.0015,-0.8305,-2.605,-0.3551,0.8839,-0.0218,0.0038,-2.3447,-0.2032,0.2964,0.3206,-0.0079,0.0015,,,0.2815,25.8239,18.4,moving
2026-09-21T12:17:54.807+09:00,TEST_0002_TEST_P01,TEST_P01,PULL_TEST,,671.7574462890625,60.343868255615234,486.81536865234375,178.58871459960938,-89.76349639892578,-179.94932556152344,-0.4228,-2.5961,0.8267,0.8839,-0.0218,0.0038,0.2815,-0.2122,2.3456,0.3206,-0.0079,0.0015,-0.8305,-2.605,-0.3551,0.8839,-0.0218,0.0038,-2.3447,-0.2032,0.2964,0.3206,-0.0079,0.0015,,,0.2815,26.3764,18.4,moving
2026-09-21T12:17:54.862+09:00,TEST_0002_TEST_P01,TEST_P01,PULL_TEST,,671.1943359375,60.32260513305664,486.94708251953125,178.58697509765625,-89.75247955322266,-179.9497528076172,-0.4627,-2.6,0.9253,0.8745,-0.0215,0.0036,0.2416,-0.2161,2.4442,0.3113,-0.0077,0.0013,-0.9293,-2.6098,-0.3946,0.8745,-0.0215,0.0036,-2.4435,-0.208,0.2569,0.3113,-0.0077,0.0013,,,0.2416,26.9395,18.4,moving
2026-09-21T12:17:54.919+09:00,TEST_0002_TEST_P01,TEST_P01,PULL_TEST,,670.6322021484375,60.298709869384766,486.8939514160156,178.5850067138672,-89.75672912597656,-179.947265625,-0.4627,-2.6,0.9253,0.8745,-0.0215,0.0036,0.2416,-0.2161,2.4442,0.3113,-0.0077,0.0013,-0.9293,-2.6098,-0.3946,0.8745,-0.0215,0.0036,-2.4435,-0.208,0.2569,0.3113,-0.0077,0.0013,,,0.2416,27.5016,18.4,moving
2026-09-21T12:17:54.977+09:00,TEST_0002_TEST_P01,TEST_P01,PULL_TEST,,670.0693359375,60.306034088134766,486.799560546875,178.58538818359375,-89.76470947265625,-179.95220947265625,-0.9883,-2.6533,1.0161,0.8654,-0.0214,0.0037,-0.284,-0.2694,2.535,0.3022,-0.0075,0.0014,-1.0224,-2.6759,-0.9181,0.8654,-0.0214,0.0037,-2.5366,-0.2741,-0.2666,0.3022,-0.0075,0.0014,,,0.284,28.0645,18.4,moving
2026-09-21T12:17:55.034+09:00,TEST_0002_TEST_P01,TEST_P01,PULL_TEST,,669.4938354492188,60.338924407958984,486.8544616699219,178.5884552001953,-89.75994110107422,-179.95005798339844,-0.3608,-2.6826,0.7404,0.859,-0.0212,0.0036,0.3435,-0.2988,2.2594,0.2958,-0.0073,0.0013,-0.744,-2.6901,-0.2915,0.859,-0.0212,0.0036,-2.2582,-0.2883,0.3601,0.2958,-0.0073,0.0013,,,0.3435,28.64,18.4,moving
2026-09-21T12:17:55.091+09:00,TEST_0002_TEST_P01,TEST_P01,PULL_TEST,,668.9302978515625,60.354530334472656,486.90362548828125,178.58969116210938,-89.75617218017578,-179.9496612548828,-0.3608,-2.6826,0.7404,0.859,-0.0212,0.0036,0.3435,-0.2988,2.2594,0.2958,-0.0073,0.0013,-0.744,-2.6901,-0.2915,0.859,-0.0212,0.0036,-2.2582,-0.2883,0.3601,0.2958,-0.0073,0.0013,,,0.3435,29.2036,18.4,moving
2026-09-21T12:17:55.149+09:00,TEST_0002_TEST_P01,TEST_P01,PULL_TEST,,668.3626708984375,60.34561538696289,486.8480529785156,178.5889434814453,-89.76068878173828,-179.9537353515625,-0.6757,-2.5837,1.1096,0.8609,-0.0212,0.0036,0.0286,-0.1998,2.6285,0.2977,-0.0073,0.0013,-1.1143,-2.5987,-0.6073,0.8609,-0.0212,0.0036,-2.6285,-0.1969,0.0443,0.2977,-0.0073,0.0013,,,0.0286,29.7712,18.4,moving
2026-09-21T12:17:55.206+09:00,TEST_0002_TEST_P01,TEST_P01,PULL_TEST,,667.7770385742188,60.340423583984375,486.8129577636719,178.58876037597656,-89.76361846923828,-179.9495849609375,-0.6757,-2.5837,1.1096,0.8609,-0.0212,0.0036,0.0286,-0.1998,2.6285,0.2977,-0.0073,0.0013,-1.1143,-2.5987,-0.6073,0.8609,-0.0212,0.0036,-2.6285,-0.1969,0.0443,0.2977,-0.0073,0.0013,,,0.0286,30.3568,18.4,moving
2026-09-21T12:17:55.262+09:00,TEST_0002_TEST_P01,TEST_P01,PULL_TEST,,667.2138671875,60.36668014526367,486.7967834472656,178.59117126464844,-89.76505279541016,-179.95187377929688,-0.7485,-2.6115,0.9112,0.8556,-0.0211,0.0036,-0.0442,-0.2277,2.4301,0.2924,-0.0072,0.0013,-0.9163,-2.6284,-0.6802,0.8556,-0.0211,0.0036,-2.4305,-0.2266,-0.0286,0.2924,-0.0072,0.0013,,,0.0442,30.92,18.4,moving
2026-09-21T12:17:55.317+09:00,TEST_0002_TEST_P01,TEST_P01,PULL_TEST,,666.680419921875,60.40641784667969,486.87493896484375,178.59420776367188,-89.758544921875,-179.94589233398438,-0.7485,-2.6115,0.9112,0.8556,-0.0211,0.0036,-0.0442,-0.2277,2.4301,0.2924,-0.0072,0.0013,-0.9163,-2.6284,-0.6802,0.8556,-0.0211,0.0036,-2.4305,-0.2266,-0.0286,0.2924,-0.0072,0.0013,,,0.0442,31.4534,18.4,moving
2026-09-21T12:17:55.372+09:00,TEST_0002_TEST_P01,TEST_P01,PULL_TEST,,666.1100463867188,60.390625,486.8647766113281,178.5928955078125,-89.75927734375,-179.94468688964844,-0.4366,-2.6013,0.7622,0.8521,-0.0209,0.0036,0.2677,-0.2174,2.2811,0.2889,-0.0071,0.0013,-0.7663,-2.6105,-0.3695,0.8521,-0.0209,0.0036,-2.2805,-0.2086,0.2821,0.2889,-0.0071,0.0013,,,0.2677,32.0238,18.4,moving
2026-09-21T12:17:55.427+09:00,TEST_0002_TEST_P01,TEST_P01,PULL_TEST,,665.5538330078125,60.365264892578125,486.80218505859375,178.59088134765625,-89.76394653320312,-179.95309448242188,-0.6568,-2.5662,1.0751,0.8544,-0.021,0.0036,0.0475,-0.1823,2.594,0.2912,-0.0071,0.0013,-1.0797,-2.5807,-0.589,0.8544,-0.021,0.0036,-2.5939,-0.1789,0.0626,0.2912,-0.0071,0.0013,,,0.0475,32.58,18.4,moving
2026-09-21T12:17:55.483+09:00,TEST_0002_TEST_P01,TEST_P01,PULL_TEST,,665.0206909179688,60.35026550292969,486.78521728515625,178.58892822265625,-89.76526641845703,-179.95338439941406,-0.6568,-2.5662,1.0751,0.8544,-0.021,0.0036,0.0475,-0.1823,2.594,0.2912,-0.0071,0.0013,-1.0797,-2.5807,-0.589,0.8544,-0.021,0.0036,-2.5939,-0.1789,0.0626,0.2912,-0.0071,0.0013,,,0.0475,33.1132,18.4,moving
2026-09-21T12:17:55.539+09:00,TEST_0002_TEST_P01,TEST_P01,PULL_TEST,,664.449951171875,60.3593864440918,486.84771728515625,178.58995056152344,-89.76007843017578,-179.95529174804688,-0.6279,-2.6328,0.8491,0.8524,-0.021,0.0035,0.0764,-0.249,2.368,0.2892,-0.0071,0.0012,-0.8535,-2.6468,-0.5594,0.8524,-0.021,0.0035,-2.3677,-0.245,0.0922,0.2892,-0.0071,0.0012,,,0.0764,33.6839,18.4,moving
2026-09-21T12:17:55.595+09:00,TEST_0002_TEST_P01,TEST_P01,PULL_TEST,,663.8568115234375,60.36570739746094,486.8794250488281,178.59075927734375,-89.75724792480469,-179.94607543945312,-0.6279,-2.6328,0.8491,0.8524,-0.021,0.0035,0.0764,-0.249,2.368,0.2892,-0.0071,0.0012,-0.8535,-2.6468,-0.5594,0.8524,-0.021,0.0035,-2.3677,-0.245,0.0922,0.2892,-0.0071,0.0012,,,0.0764,34.277,18.4,moving
2026-09-21T12:17:55.650+09:00,TEST_0002_TEST_P01,TEST_P01,PULL_TEST,,663.31884765625,60.34589767456055,486.8162536621094,178.58901977539062,-89.7627182006836,-179.94793701171875,-0.709,-2.5876,0.8704,0.8505,-0.0209,0.0036,-0.0047,-0.2037,2.3894,0.2873,-0.0071,0.0013,-0.8756,-2.6034,-0.6415,0.8505,-0.0209,0.0036,-2.3898,-0.2016,0.0101,0.2873,-0.0071,0.0013,,,0.0047,34.815,18.4,moving
2026-09-21T12:17:55.705+09:00,TEST_0002_TEST_P01,TEST_P01,PULL_TEST,,662.7841186523438,60.31489181518555,486.7984619140625,178.58641052246094,-89.763916015625,-179.95164489746094,-0.709,-2.5876,0.8704,0.8505,-0.0209,0.0036,-0.0047,-0.2037,2.3894,0.2873,-0.0071,0.0013,-0.8756,-2.6034,-0.6415,0.8505,-0.0209,0.0036,-2.3898,-0.2016,0.0101,0.2873,-0.0071,0.0013,,,0.0047,35.3497,18.4,moving
2026-09-21T12:17:55.761+09:00,TEST_0002_TEST_P01,TEST_P01,PULL_TEST,,662.2183837890625,60.289306640625,486.8955383300781,178.5841522216797,-89.75603485107422,-179.94717407226562,-0.5463,-2.5863,0.9536,0.8513,-0.021,0.0035,0.158,-0.2024,2.4725,0.2881,-0.0071,0.0012,-0.9579,-2.5982,-0.4783,0.8513,-0.021,0.0035,-2.4721,-0.1963,0.1732,0.2881,-0.0071,0.0012,,,0.158,35.9155,18.4,moving
2026-09-21T12:17:55.816+09:00,TEST_0002_TEST_P01,TEST_P01,PULL_TEST,,661.6664428710938,60.30178451538086,486.8652648925781,178.58555603027344,-89.75836944580078,-179.95298767089844,-0.5463,-2.5863,0.9536,0.8513,-0.021,0.0035,0.158,-0.2024,2.4725,0.2881,-0.0071,0.0012,-0.9579,-2.5982,-0.4783,0.8513,-0.021,0.0035,-2.4721,-0.1963,0.1732,0.2881,-0.0071,0.0012,,,0.158,36.4674,18.4,moving
2026-09-21T12:17:55.872+09:00,TEST_0002_TEST_P01,TEST_P01,PULL_TEST,,661.1045532226562,60.3278923034668,486.8138732910156,178.5879669189453,-89.7627944946289,-179.94796752929688,-0.8265,-2.5829,1.1295,0.8557,-0.0211,0.0036,-0.1222,-0.199,2.6484,0.2925,-0.0073,0.0013,-1.1348,-2.6016,-0.7578,0.8557,-0.0211,0.0036,-2.649,-0.1997,-0.1062,0.2925,-0.0073,0.0013,,,0.1222,37.0293,18.4,moving
2026-09-21T12:17:55.927+09:00,TEST_0002_TEST_P01,TEST_P01,PULL_TEST,,660.5411987304688,60.32242202758789,486.8796081542969,178.5879669189453,-89.75758361816406,-179.94998168945312,-0.5974,-2.5643,0.8266,0.8537,-0.021,0.0036,0.1069,-0.1805,2.3455,0.2905,-0.0072,0.0013,-0.8311,-2.5776,-0.5305,0.8537,-0.021,0.0036,-2.3453,-0.1757,0.1211,0.2905,-0.0072,0.0013,,,0.1069,37.5927,18.4,moving
2026-09-21T12:17:55.982+09:00,TEST_0002_TEST_P01,TEST_P01,PULL_TEST,,659.9903564453125,60.30229568481445,486.9109802246094,178.58628845214844,-89.7547836303711,-179.94688415527344,-0.5974,-2.5643,0.8266,0.8537,-0.021,0.0036,0.1069,-0.1805,2.3455,0.2905,-0.0072,0.0013,-0.8311,-2.5776,-0.5305,0.8537,-0.021,0.0036,-2.3453,-0.1757,0.1211,0.2905,-0.0072,0.0013,,,0.1069,38.1435,18.4,moving
2026-09-21T12:17:56.039+09:00,TEST_0002_TEST_P01,TEST_P01,PULL_TEST,,659.4382934570312,60.299835205078125,486.8589782714844,178.58563232421875,-89.75911712646484,-179.94784545898438,-0.6846,-2.5712,1.0654,0.8523,-0.021,0.0036,0.0197,-0.1874,2.5843,0.2891,-0.0072,0.0013,-1.0705,-2.5863,-0.6164,0.8523,-0.021,0.0036,-2.5846,-0.1845,0.0352,0.2891,-0.0072,0.0013,,,0.0197,38.6956,18.4,moving
2026-09-21T12:17:56.094+09:00,TEST_0002_TEST_P01,TEST_P01,PULL_TEST,,658.8804931640625,60.32414245605469,486.8630065917969,178.5878448486328,-89.75843811035156,-179.9460906982422,-0.6846,-2.5712,1.0654,0.8523,-0.021,0.0036,0.0197,-0.1874,2.5843,0.2891,-0.0072,0.0013,-1.0705,-2.5863,-0.6164,0.8523,-0.021,0.0036,-2.5846,-0.1845,0.0352,0.2891,-0.0072,0.0013,,,0.0197,39.2534,18.4,moving
2026-09-21T12:17:56.151+09:00,TEST_0002_TEST_P01,TEST_P01,PULL_TEST,,658.309814453125,60.337100982666016,486.8176574707031,178.58877563476562,-89.76241302490234,-179.9457244873047,-0.6344,-2.5696,1.1117,0.8539,-0.0211,0.0036,0.0699,-0.1857,2.6306,0.2907,-0.0072,0.0013,-1.1166,-2.5834,-0.5663,0.8539,-0.0211,0.0036,-2.6308,-0.1815,0.0852,0.2907,-0.0072,0.0013,,,0.0699,39.824,18.4,moving
2026-09-21T12:17:56.206+09:00,TEST_0002_TEST_P01,TEST_P01,PULL_TEST,,657.7718505859375,60.31315994262695,486.8279724121094,178.58653259277344,-89.76114654541016,-179.95301818847656,-0.6344,-2.5696,1.1117,0.8539,-0.0211,0.0036,0.0699,-0.1857,2.6306,0.2907,-0.0072,0.0013,-1.1166,-2.5834,-0.5663,0.8539,-0.0211,0.0036,-2.6308,-0.1815,0.0852,0.2907,-0.0072,0.0013,,,0.0699,40.362,18.4,moving
2026-09-21T12:17:56.262+09:00,TEST_0002_TEST_P01,TEST_P01,PULL_TEST,,657.2265625,60.28419494628906,486.8974609375,178.58392333984375,-89.75553894042969,-179.95068359375,-0.5214,-2.5624,0.8663,0.8588,-0.0212,0.0036,0.1829,-0.1785,2.3852,0.2956,-0.0073,0.0013,-0.8704,-2.5737,-0.4543,0.8588,-0.0212,0.0036,-2.3846,-0.1719,0.1972,0.2956,-0.0073,0.0013,,,0.1829,40.9073,18.4,moving
2026-09-21T12:17:56.317+09:00,TEST_0002_TEST_P01,TEST_P01,PULL_TEST,,656.66552734375,60.284889221191406,486.84002685546875,178.58412170410156,-89.75992584228516,-179.95428466796875,-0.5214,-2.5624,0.8663,0.8588,-0.0212,0.0036,0.1829,-0.1785,2.3852,0.2956,-0.0073,0.0013,-0.8704,-2.5737,-0.4543,0.8588,-0.0212,0.0036,-2.3846,-0.1719,0.1972,0.2956,-0.0073,0.0013,,,0.1829,41.4683,18.4,moving
2026-09-21T12:17:56.375+09:00,TEST_0002_TEST_P01,TEST_P01,PULL_TEST,,656.1095581054688,60.31698989868164,486.77337646484375,178.58651733398438,-89.76588439941406,-179.94569396972656,-0.5822,-2.57,0.9849,0.8616,-0.0213,0.0036,0.1221,-0.1861,2.5038,0.2984,-0.0074,0.0013,-0.9891,-2.5828,-0.5144,0.8616,-0.0213,0.0036,-2.5033,-0.181,0.1372,0.2984,-0.0074,0.0013,,,0.1221,42.0243,18.4,moving
2026-09-21T12:17:56.431+09:00,TEST_0002_TEST_P01,TEST_P01,PULL_TEST,,655.5443115234375,60.327152252197266,486.8108825683594,178.58779907226562,-89.76250457763672,-179.95257568359375,-0.3078,-2.508,0.9715,0.8693,-0.0214,0.0036,0.3965,-0.1241,2.4904,0.3061,-0.0076,0.0013,-0.9746,-2.514,-0.2418,0.8693,-0.0214,0.0036,-2.4888,-0.1122,0.4097,0.3061,-0.0076,0.0013,,,0.3965,42.5895,18.4,moving
2026-09-21T12:17:56.487+09:00,TEST_0002_TEST_P01,TEST_P01,PULL_TEST,,654.9781494140625,60.30462646484375,486.86895751953125,178.58583068847656,-89.7579116821289,-179.9468536376953,-0.3078,-2.508,0.9715,0.8693,-0.0214,0.0036,0.3965,-0.1241,2.4904,0.3061,-0.0076,0.0013,-0.9746,-2.514,-0.2418,0.8693,-0.0214,0.0036,-2.4888,-0.1122,0.4097,0.3061,-0.0076,0.0013,,,0.3965,43.1557,18.4,moving
2026-09-21T12:17:56.542+09:00,TEST_0002_TEST_P01,TEST_P01,PULL_TEST,,654.4456787109375,60.29199981689453,486.79522705078125,178.58480834960938,-89.76410675048828,-179.9532012939453,-0.4052,-2.5081,1.1615,0.8689,-0.0214,0.0036,0.2991,-0.1242,2.6804,0.3057,-0.0076,0.0013,-1.165,-2.5164,-0.3383,0.8689,-0.0214,0.0036,-2.6792,-0.1145,0.3133,0.3057,-0.0076,0.0013,,,0.2991,43.6882,18.4,moving
2026-09-21T12:17:56.598+09:00,TEST_0002_TEST_P01,TEST_P01,PULL_TEST,,653.8770751953125,60.305885314941406,486.7337341308594,178.5861358642578,-89.769287109375,-179.94737243652344,-0.4052,-2.5081,1.1615,0.8689,-0.0214,0.0036,0.2991,-0.1242,2.6804,0.3057,-0.0076,0.0013,-1.165,-2.5164,-0.3383,0.8689,-0.0214,0.0036,-2.6792,-0.1145,0.3133,0.3057,-0.0076,0.0013,,,0.2991,44.2568,18.4,moving
2026-09-21T12:17:56.653+09:00,TEST_0002_TEST_P01,TEST_P01,PULL_TEST,,653.306884765625,60.33549880981445,486.7538757324219,178.589111328125,-89.76725769042969,-179.9539337158203,-0.3538,-2.5877,0.9571,0.8642,-0.0213,0.0035,0.3505,-0.2038,2.476,0.301,-0.0075,0.0012,-0.9606,-2.5948,-0.286,0.8642,-0.0213,0.0035,-2.4748,-0.1929,0.3656,0.301,-0.0075,0.0012,,,0.3505,44.827,18.4,moving
2026-09-21T12:17:56.709+09:00,TEST_0002_TEST_P01,TEST_P01,PULL_TEST,,652.771484375,60.332427978515625,486.8675537109375,178.58840942382812,-89.75810241699219,-179.94749450683594,-0.3538,-2.5877,0.9571,0.8642,-0.0213,0.0035,0.3505,-0.2038,2.476,0.301,-0.0075,0.0012,-0.9606,-2.5948,-0.286,0.8642,-0.0213,0.0035,-2.4748,-0.1929,0.3656,0.301,-0.0075,0.0012,,,0.3505,45.3624,18.4,moving
2026-09-21T12:17:56.765+09:00,TEST_0002_TEST_P01,TEST_P01,PULL_TEST,,652.2142333984375,60.32529067993164,486.8079833984375,178.5878143310547,-89.76283264160156,-179.9525604248047,-0.4265,-2.5406,0.9655,0.8684,-0.0214,0.0036,0.2778,-0.1567,2.4844,0.3052,-0.0075,0.0013,-0.9694,-2.5494,-0.3597,0.8684,-0.0214,0.0036,-2.4836,-0.1476,0.2919,0.3052,-0.0075,0.0013,,,0.2778,45.9196,18.4,moving
2026-09-21T12:17:56.822+09:00,TEST_0002_TEST_P01,TEST_P01,PULL_TEST,,651.6246337890625,60.334510803222656,486.7541198730469,178.58860778808594,-89.76699829101562,-179.9464569091797,-0.4265,-2.5406,0.9655,0.8684,-0.0214,0.0036,0.2778,-0.1567,2.4844,0.3052,-0.0075,0.0013,-0.9694,-2.5494,-0.3597,0.8684,-0.0214,0.0036,-2.4836,-0.1476,0.2919,0.3052,-0.0075,0.0013,,,0.2778,46.5092,18.4,moving
2026-09-21T12:17:56.877+09:00,TEST_0002_TEST_P01,TEST_P01,PULL_TEST,,651.0595092773438,60.372379302978516,486.807861328125,178.5919189453125,-89.76237487792969,-179.949462890625,-0.2003,-2.5611,1.1122,0.8643,-0.0213,0.0036,0.504,-0.1773,2.6311,0.3011,-0.0074,0.0013,-1.1152,-2.5643,-0.1327,0.8643,-0.0213,0.0036,-2.6294,-0.1624,0.5189,0.3011,-0.0074,0.0013,,,0.504,47.0743,18.4,moving
2026-09-21T12:17:56.934+09:00,TEST_0002_TEST_P01,TEST_P01,PULL_TEST,,650.5045166015625,60.375335693359375,486.82928466796875,178.59217834472656,-89.7606430053711,-179.95095825195312,-0.6151,-2.5426,1.0367,0.8661,-0.0213,0.0036,0.0892,-0.1588,2.5556,0.3029,-0.0074,0.0013,-1.0411,-2.5561,-0.5482,0.8661,-0.0213,0.0036,-2.5553,-0.1543,0.1034,0.3029,-0.0074,0.0013,,,0.0892,47.6293,18.4,moving
2026-09-21T12:17:56.990+09:00,TEST_0002_TEST_P01,TEST_P01,PULL_TEST,,649.935302734375,60.35052490234375,486.8161926269531,178.59036254882812,-89.76141357421875,-179.95510864257812,-0.6151,-2.5426,1.0367,0.8661,-0.0213,0.0036,0.0892,-0.1588,2.5556,0.3029,-0.0074,0.0013,-1.0411,-2.5561,-0.5482,0.8661,-0.0213,0.0036,-2.5553,-0.1543,0.1034,0.3029,-0.0074,0.0013,,,0.0892,48.1985,18.4,moving
2026-09-21T12:17:57.046+09:00,TEST_0002_TEST_P01,TEST_P01,PULL_TEST,,649.3734130859375,60.336341857910156,486.8399353027344,178.58920288085938,-89.75963592529297,-179.94601440429688,-0.4991,-2.5712,0.8619,0.8766,-0.0216,0.0036,0.2052,-0.1874,2.3808,0.3134,-0.0077,0.0013,-0.8659,-2.582,-0.432,0.8766,-0.0216,0.0036,-2.3801,-0.1802,0.2195,0.3134,-0.0077,0.0013,,,0.2052,48.7604,18.4,moving
2026-09-21T12:17:57.101+09:00,TEST_0002_TEST_P01,TEST_P01,PULL_TEST,,648.8814697265625,60.359771728515625,486.8127136230469,178.5908660888672,-89.76205444335938,-179.9523468017578,-0.4991,-2.5712,0.8619,0.8766,-0.0216,0.0036,0.2052,-0.1874,2.3808,0.3134,-0.0077,0.0013,-0.8659,-2.582,-0.432,0.8766,-0.0216,0.0036,-2.3801,-0.1802,0.2195,0.3134,-0.0077,0.0013,,,0.2052,49.2524,18.4,moving
2026-09-21T12:18:12.501+09:00,TEST_0002_TEST_P01,TEST_P01,RELEASE,RETURN_SOFT_GRIP_COMMAND,648.1342163085938,60.37718963623047,486.8527526855469,178.58901977539062,-89.76559448242188,-179.950439453125,-2.1733,-2.563,0.9462,0.7674,-0.0189,0.0031,0.0,0.0,0.0,0.0,0.0,0.0,-0.9571,-2.6149,-2.1057,0.7674,-0.0189,0.0031,0.0,0.0,0.0,0.0,0.0,0.0,,,,,18.4,moving
