timestamp,trial_id,inspection_point_id,state,grip_event,tcp_x,tcp_y,tcp_z,tcp_rx,tcp_ry,tcp_rz,base_fx,base_fy,base_fz,base_tx,base_ty,base_tz,base_dfx,base_dfy,base_dfz,base_dtx,base_dty,base_dtz,tool_fx,tool_fy,tool_fz,tool_tx,tool_ty,tool_tz,tool_dfx,tool_dfy,tool_dfz,tool_dtx,tool_dty,tool_dtz,entry_force_n,entry_depth_mm,pull_force_n,pull_displacement_mm,gripper_width,gripper_state
2026-09-21T12:02:08.691+09:00,TEST_0001_TEST_P01,TEST_P01,SOFT_GRIP_ENTRY,SOFT_GRIP_COMMAND,673.25341796875,60.53263473510742,486.675048828125,178.5986328125,-89.78012084960938,-179.94285583496094,-2.9808,-2.6177,1.0356,0.2322,-0.0057,0.0009,0.0448,0.0221,0.0582,0.0378,-0.0009,0.0001,-1.0494,-2.6888,-2.9119,0.2322,-0.0057,0.0009,-0.058,0.0233,0.0445,0.0378,-0.0009,0.0001,,,,,109.2,moving
2026-09-21T12:02:12.956+09:00,TEST_0001_TEST_P01,TEST_P01,SOFT_GRIP_ENTRY,ENTRY_MOTION_START_WIDTH_REACHED,673.0950317382812,60.37749099731445,486.88177490234375,178.58944702148438,-89.76350402832031,-179.94998168945312,-2.2715,-2.1927,0.9353,0.4648,-0.0114,0.0019,0.7541,0.4471,-0.0421,0.2704,-0.0067,0.0012,-0.9464,-2.2471,-2.213,0.4648,-0.0114,0.0019,0.045,0.4649,0.7434,0.2704,-0.0067,0.0012,,,,,19.6,moving
2026-09-21T12:02:12.988+09:00,TEST_0001_TEST_P01,TEST_P01,SOFT_GRIP_ENTRY,,673.0956420898438,60.377601623535156,486.880615234375,178.58944702148438,-89.76359558105469,-179.9499969482422,-2.2715,-2.1927,0.9353,0.4648,-0.0114,0.0019,0.7541,0.4471,-0.0421,0.2704,-0.0067,0.0012,-0.9464,-2.2471,-2.213,0.4648,-0.0114,0.0019,0.045,0.4649,0.7434,0.2704,-0.0067,0.0012,0.7541,-0.1624,,,19.1,moving
2026-09-21T12:02:13.046+09:00,TEST_0001_TEST_P01,TEST_P01,SOFT_GRIP_ENTRY,,673.0968627929688,60.37782669067383,486.8782043457031,178.58944702148438,-89.76380157470703,-179.95004272460938,-2.2715,-2.1927,0.9353,0.4648,-0.0114,0.0019,0.7541,0.4471,-0.0421,0.2704,-0.0067,0.0012,-1.0555,-2.2602,-2.4524,0.4673,-0.0115,0.0019,-0.064,0.4518,0.504,0.2729,-0.0068,0.0012,0.7541,-0.1611,,,17.7,holding
2026-09-21T12:02:13.102+09:00,TEST_0001_TEST_P01,TEST_P01,SOFT_GRIP_ENTRY,,673.1319580078125,60.38591003417969,486.81396484375,178.58973693847656,-89.76909637451172,-179.9520263671875,-2.5116,-2.2,1.0434,0.4673,-0.0115,0.0019,0.514,0.4398,0.066,0.2729,-0.0068,0.0012,-1.0555,-2.2602,-2.4524,0.4673,-0.0115,0.0019,-0.064,0.4518,0.504,0.2729,-0.0068,0.0012,0.514,-0.126,,,17.7,holding
2026-09-21T12:02:13.157+09:00,TEST_0001_TEST_P01,TEST_P01,SOFT_GRIP_ENTRY,,673.2671508789062,60.42559051513672,486.5937194824219,178.59255981445312,-89.78668212890625,-179.9658203125,-3.5557,-2.2894,1.3211,0.5116,-0.0126,0.002,-0.5301,0.3504,0.3437,0.3172,-0.0078,0.0013,-1.3359,-2.3752,-3.4933,0.5116,-0.0126,0.002,-0.3445,0.3368,-0.5369,0.3172,-0.0078,0.0013,0.5301,0.0092,,,17.7,holding
2026-09-21T12:02:13.212+09:00,TEST_0001_TEST_P01,TEST_P01,SOFT_GRIP_ENTRY,,673.5536499023438,60.477664947509766,486.3612060546875,178.59767150878906,-89.80703735351562,-179.97755432128906,-3.5557,-2.2894,1.3211,0.5116,-0.0126,0.002,-0.5301,0.3504,0.3437,0.3172,-0.0078,0.0013,-1.3359,-2.3752,-3.4933,0.5116,-0.0126,0.002,-0.3445,0.3368,-0.5369,0.3172,-0.0078,0.0013,0.5301,0.2957,,,17.7,holding
2026-09-21T12:02:13.269+09:00,TEST_0001_TEST_P01,TEST_P01,SOFT_GRIP_ENTRY,,674.0602416992188,60.5004997253418,486.4771728515625,178.59922790527344,-89.79878997802734,-179.97048950195312,-5.3996,-2.3019,1.1509,0.4561,-0.0112,0.0016,-2.3739,0.3379,0.1735,0.2617,-0.0064,0.0009,-1.1702,-2.4327,-5.3377,0.4561,-0.0112,0.0016,-0.1788,0.2793,-2.3813,0.2617,-0.0064,0.0009,2.3739,0.8022,,,17.7,holding
2026-09-21T12:02:13.324+09:00,TEST_0001_TEST_P01,TEST_P01,SOFT_GRIP_ENTRY,,674.6312255859375,60.504302978515625,486.50048828125,178.59889221191406,-89.79804229736328,-179.9621124267578,-5.3996,-2.3019,1.1509,0.4561,-0.0112,0.0016,-2.3739,0.3379,0.1735,0.2617,-0.0064,0.0009,-1.1702,-2.4327,-5.3377,0.4561,-0.0112,0.0016,-0.1788,0.2793,-2.3813,0.2617,-0.0064,0.0009,2.3739,1.3732,,,17.7,holding
2026-09-21T12:02:13.379+09:00,TEST_0001_TEST_P01,TEST_P01,SOFT_GRIP_ENTRY,,675.1979370117188,60.513702392578125,486.4841613769531,178.59939575195312,-89.80037689208984,-179.96144104003906,-5.1619,-2.2743,1.3104,0.4071,-0.01,0.0014,-2.1363,0.3656,0.333,0.2127,-0.0052,0.0007,-1.33,-2.3989,-5.1001,0.4071,-0.01,0.0014,-0.3386,0.3131,-2.1437,0.2127,-0.0052,0.0007,2.1363,1.9399,,,17.7,holding
2026-09-21T12:02:13.434+09:00,TEST_0001_TEST_P01,TEST_P01,SOFT_GRIP_ENTRY,,675.7735595703125,60.529109954833984,486.5609130859375,178.60072326660156,-89.7944107055664,-179.95645141601562,-5.1619,-2.2743,1.3104,0.4071,-0.01,0.0014,-2.1363,0.3656,0.333,0.2127,-0.0052,0.0007,-1.33,-2.3989,-5.1001,0.4071,-0.01,0.0014,-0.3386,0.3131,-2.1437,0.2127,-0.0052,0.0007,2.1363,2.5156,,,17.7,holding
2026-09-21T12:02:13.489+09:00,TEST_0001_TEST_P01,TEST_P01,SOFT_GRIP_ENTRY,,676.3681640625,60.51968765258789,486.61834716796875,178.5996551513672,-89.79006958007812,-179.953125,-5.5768,-2.1615,1.5014,0.4139,-0.0101,0.0015,-2.5511,0.4783,0.524,0.2195,-0.0054,0.0007,-1.5232,-2.2958,-5.5168,0.4139,-0.0101,0.0015,-0.5318,0.4162,-2.5605,0.2195,-0.0054,0.0007,2.5511,3.1102,,,17.7,holding
2026-09-21T12:02:13.544+09:00,TEST_0001_TEST_P01,TEST_P01,SOFT_GRIP_ENTRY,,676.9270629882812,60.47263717651367,486.6200256347656,178.5955810546875,-89.79022216796875,-179.9587860107422,-5.5768,-2.1615,1.5014,0.4139,-0.0101,0.0015,-2.5511,0.4783,0.524,0.2195,-0.0054,0.0007,-1.5232,-2.2958,-5.5168,0.4139,-0.0101,0.0015,-0.5318,0.4162,-2.5605,0.2195,-0.0054,0.0007,2.5511,3.6691,,,17.7,holding
2026-09-21T12:02:13.600+09:00,TEST_0001_TEST_P01,TEST_P01,SOFT_GRIP_ENTRY,,677.4808349609375,60.45161437988281,486.6750793457031,178.59422302246094,-89.78565216064453,-179.95724487304688,-5.3101,-2.0941,1.4741,0.4123,-0.0101,0.0015,-2.2845,0.5457,0.4967,0.2179,-0.0053,0.0008,-1.4949,-2.2225,-5.2518,0.4123,-0.0101,0.0015,-0.5035,0.4895,-2.2954,0.2179,-0.0053,0.0008,2.2845,4.2228,,,17.7,holding
2026-09-21T12:02:13.656+09:00,TEST_0001_TEST_P01,TEST_P01,SOFT_GRIP_ENTRY,,678.06103515625,60.46242141723633,486.6953430175781,178.59483337402344,-89.78406524658203,-179.95425415039062,-5.8835,-1.9549,1.8005,0.4057,-0.0099,0.0015,-2.8579,0.6849,0.8231,0.2113,-0.0052,0.0008,-1.8242,-2.0971,-5.827,0.4057,-0.0099,0.0015,-0.8327,0.6149,-2.8706,0.2113,-0.0052,0.0008,2.8579,4.803,,,17.7,holding
2026-09-21T12:02:13.712+09:00,TEST_0001_TEST_P01,TEST_P01,SOFT_GRIP_ENTRY,,678.629638671875,60.463951110839844,486.7685546875,178.59466552734375,-89.77816772460938,-179.95558166503906,-5.8835,-1.9549,1.8005,0.4057,-0.0099,0.0015,-2.8579,0.6849,0.8231,0.2113,-0.0052,0.0008,-1.8242,-2.0971,-5.827,0.4057,-0.0099,0.0015,-0.8327,0.6149,-2.8706,0.2113,-0.0052,0.0008,2.8579,5.3716,,,17.7,holding
2026-09-21T12:02:13.767+09:00,TEST_0001_TEST_P01,TEST_P01,SOFT_GRIP_ENTRY,,679.1736450195312,60.437530517578125,486.845947265625,178.5924072265625,-89.77143859863281,-179.95046997070312,-6.2429,-1.9767,1.7098,0.4038,-0.0099,0.0016,-3.2173,0.6631,0.7324,0.2094,-0.0052,0.0008,-1.7362,-2.1279,-6.1857,0.4038,-0.0099,0.0016,-0.7448,0.5841,-3.2293,0.2094,-0.0052,0.0008,3.2173,5.9156,,,17.7,holding
2026-09-21T12:02:13.823+09:00,TEST_0001_TEST_P01,TEST_P01,SOFT_GRIP_ENTRY,,679.7406616210938,60.41264724731445,486.8963623046875,178.59019470214844,-89.76722717285156,-179.94696044921875,-6.2429,-1.9767,1.7098,0.4038,-0.0099,0.0016,-3.2173,0.6631,0.7324,0.2094,-0.0052,0.0008,-1.7362,-2.1279,-6.1857,0.4038,-0.0099,0.0016,-0.7448,0.5841,-3.2293,0.2094,-0.0052,0.0008,3.2173,6.4827,,,17.7,holding
2026-09-21T12:02:13.878+09:00,TEST_0001_TEST_P01,TEST_P01,SOFT_GRIP_ENTRY,,680.28857421875,60.4200553894043,486.9465026855469,178.59078979492188,-89.76319122314453,-179.94984436035156,-6.2188,-1.9335,1.7457,0.4052,-0.01,0.0016,-3.1931,0.7064,0.7683,0.2108,-0.0052,0.0009,-1.7725,-2.0843,-6.1622,0.4052,-0.01,0.0016,-0.7811,0.6277,-3.2058,0.2108,-0.0052,0.0009,3.1931,7.0306,,,17.9,holding
2026-09-21T12:02:13.933+09:00,TEST_0001_TEST_P01,TEST_P01,SOFT_GRIP_ENTRY,,680.8225708007812,60.44948196411133,486.88006591796875,178.59364318847656,-89.76841735839844,-179.94900512695312,-6.2188,-1.9335,1.7457,0.4052,-0.01,0.0016,-3.1931,0.7064,0.7683,0.2108,-0.0052,0.0009,-1.7725,-2.0843,-6.1622,0.4052,-0.01,0.0016,-0.7811,0.6277,-3.2058,0.2108,-0.0052,0.0009,3.1931,7.5646,,,17.9,holding
2026-09-21T12:02:13.989+09:00,TEST_0001_TEST_P01,TEST_P01,SOFT_GRIP_ENTRY,,681.3907470703125,60.475528717041016,486.8507080078125,178.59564208984375,-89.77090454101562,-179.94976806640625,-6.8414,-1.9124,1.897,0.4128,-0.0101,0.0017,-3.8158,0.7274,0.9196,0.2184,-0.0054,0.0009,-1.9262,-2.0779,-6.7847,0.4128,-0.0101,0.0017,-0.9347,0.6341,-3.8284,0.2184,-0.0054,0.0009,3.8158,8.1328,,,17.9,holding
2026-09-21T12:02:14.046+09:00,TEST_0001_TEST_P01,TEST_P01,SOFT_GRIP_ENTRY,,681.9749755859375,60.4759635925293,486.8849792480469,178.5955810546875,-89.768310546875,-179.95252990722656,-6.8414,-1.9124,1.897,0.4128,-0.0101,0.0017,-3.8158,0.7274,0.9196,0.2184,-0.0054,0.0009,-1.9262,-2.0779,-6.7847,0.4128,-0.0101,0.0017,-0.9347,0.6341,-3.8284,0.2184,-0.0054,0.0009,3.8158,8.717,,,17.9,holding
2026-09-21T12:02:14.102+09:00,TEST_0001_TEST_P01,TEST_P01,SOFT_GRIP_ENTRY,,682.5327758789062,60.44438171386719,486.923095703125,178.5934295654297,-89.76515197753906,-179.9503173828125,-7.1467,-1.9606,1.8856,0.4229,-0.0104,0.0017,-4.1211,0.6793,0.9082,0.2285,-0.0056,0.001,-1.916,-2.1335,-7.0888,0.4229,-0.0104,0.0017,-0.9246,0.5785,-4.1325,0.2285,-0.0056,0.001,4.1211,9.2748,,,17.9,holding
2026-09-21T12:02:14.160+09:00,TEST_0001_TEST_P01,TEST_P01,SOFT_GRIP_ENTRY,,683.1170654296875,60.426246643066406,486.9302978515625,178.5918731689453,-89.76454162597656,-179.9475860595703,-7.3695,-1.9837,2.064,0.4242,-0.0104,0.0017,-4.3439,0.6561,1.0866,0.2298,-0.0057,0.001,-2.0962,-2.1623,-7.31,0.4242,-0.0104,0.0017,-1.1048,0.5497,-4.3536,0.2298,-0.0057,0.001,4.3439,9.8591,,,17.9,holding
2026-09-21T12:02:14.216+09:00,TEST_0001_TEST_P01,TEST_P01,SOFT_GRIP_ENTRY,,683.6970825195312,60.42787551879883,486.8302001953125,178.59156799316406,-89.77276611328125,-179.954833984375,-7.3695,-1.9837,2.064,0.4242,-0.0104,0.0017,-4.3439,0.6561,1.0866,0.2298,-0.0057,0.001,-2.0962,-2.1623,-7.31,0.4242,-0.0104,0.0017,-1.1048,0.5497,-4.3536,0.2298,-0.0057,0.001,4.3439,10.4391,,,17.9,holding
2026-09-21T12:02:14.272+09:00,TEST_0001_TEST_P01,TEST_P01,SOFT_GRIP_ENTRY,,684.25830078125,60.445823669433594,486.87896728515625,178.59317016601562,-89.76862335205078,-179.95289611816406,-7.547,-2.4751,2.0471,0.4249,-0.0104,0.0017,-4.5213,0.1647,1.0698,0.2305,-0.0057,0.001,-2.0792,-2.6581,-7.4756,0.4249,-0.0104,0.0017,-1.0878,0.054,-4.5192,0.2305,-0.0057,0.001,4.5213,11.0003,,,17.9,holding
2026-09-21T12:02:14.328+09:00,TEST_0001_TEST_P01,TEST_P01,SOFT_GRIP_ENTRY,,684.8262939453125,60.43684387207031,486.9403076171875,178.59214782714844,-89.7635726928711,-179.9482879638672,-7.547,-2.4751,2.0471,0.4249,-0.0104,0.0017,-4.5213,0.1647,1.0698,0.2305,-0.0057,0.001,-2.0792,-2.6581,-7.4756,0.4249,-0.0104,0.0017,-1.0878,0.054,-4.5192,0.2305,-0.0057,0.001,4.5213,11.5683,,,17.9,holding
2026-09-21T12:02:14.384+09:00,TEST_0001_TEST_P01,TEST_P01,SOFT_GRIP_ENTRY,,685.3843383789062,60.40036392211914,486.8394470214844,178.5889892578125,-89.77178955078125,-179.95167541503906,-7.3762,-2.8202,2.0388,0.4214,-0.0104,0.0017,-4.3506,-0.1804,1.0614,0.227,-0.0056,0.001,-2.0713,-2.9989,-7.2962,0.4214,-0.0104,0.0017,-1.0799,-0.2868,-4.3399,0.227,-0.0056,0.001,4.3506,12.1263,,,18.1,holding
2026-09-21T12:02:14.439+09:00,TEST_0001_TEST_P01,TEST_P01,SOFT_GRIP_ENTRY,,685.9217529296875,60.37635803222656,486.8482666015625,178.58738708496094,-89.77073669433594,-179.9503936767578,-7.3762,-2.8202,2.0388,0.4214,-0.0104,0.0017,-4.3506,-0.1804,1.0614,0.227,-0.0056,0.001,-2.0713,-2.9989,-7.2962,0.4214,-0.0104,0.0017,-1.0799,-0.2868,-4.3399,0.227,-0.0056,0.001,4.3506,12.6638,,,18.1,holding
2026-09-21T12:02:14.494+09:00,TEST_0001_TEST_P01,TEST_P01,SOFT_GRIP_ENTRY,,686.4708251953125,60.382835388183594,486.9092102050781,178.58792114257812,-89.76563262939453,-179.9462127685547,-7.6042,-2.8327,2.3758,0.42,-0.0103,0.0017,-4.5786,-0.1928,1.3984,0.2256,-0.0056,0.0009,-2.4085,-3.0171,-7.5226,0.42,-0.0103,0.0017,-1.4171,-0.3051,-4.5662,0.2256,-0.0056,0.0009,4.5786,13.2128,,,18.1,holding
2026-09-21T12:02:14.549+09:00,TEST_0001_TEST_P01,TEST_P01,SOFT_GRIP_ENTRY,,687.0343627929688,60.4000244140625,486.9400634765625,178.5890350341797,-89.76329040527344,-179.94622802734375,-7.9472,-2.8509,2.3319,0.4184,-0.0103,0.0017,-4.9216,-0.211,1.3545,0.224,-0.0056,0.001,-2.3673,-3.0434,-7.8649,0.4184,-0.0103,0.0017,-1.3758,-0.3314,-4.9085,0.224,-0.0056,0.001,4.9216,13.7764,,,18.1,holding
2026-09-21T12:02:14.604+09:00,TEST_0001_TEST_P01,TEST_P01,SOFT_GRIP_ENTRY,,687.58544921875,60.410457611083984,486.94036865234375,178.59007263183594,-89.76321411132812,-179.95098876953125,-7.9472,-2.8509,2.3319,0.4184,-0.0103,0.0017,-4.9216,-0.211,1.3545,0.224,-0.0056,0.001,-2.3673,-3.0434,-7.8649,0.4184,-0.0103,0.0017,-1.3758,-0.3314,-4.9085,0.224,-0.0056,0.001,4.9216,14.3275,,,18.1,holding
2026-09-21T12:02:14.660+09:00,TEST_0001_TEST_P01,TEST_P01,SOFT_GRIP_ENTRY,,688.127685546875,60.39151382446289,486.9198913574219,178.58897399902344,-89.7647705078125,-179.9499969482422,-7.3608,-2.9978,2.4614,0.4211,-0.0104,0.0017,-4.3352,-0.358,1.484,0.2267,-0.0056,0.001,-2.494,-3.176,-7.2746,0.4211,-0.0104,0.0017,-1.5026,-0.4639,-4.3182,0.2267,-0.0056,0.001,4.3352,14.8697,,,18.1,holding
2026-09-21T12:02:14.716+09:00,TEST_0001_TEST_P01,TEST_P01,SOFT_GRIP_ENTRY,,688.6939697265625,60.37921142578125,486.9455871582031,178.58779907226562,-89.762939453125,-179.9470977783203,-7.3608,-2.9978,2.4614,0.4211,-0.0104,0.0017,-4.3352,-0.358,1.484,0.2267,-0.0056,0.001,-2.494,-3.176,-7.2746,0.4211,-0.0104,0.0017,-1.5026,-0.4639,-4.3182,0.2267,-0.0056,0.001,4.3352,15.436,,,18.1,holding
2026-09-21T12:02:14.772+09:00,TEST_0001_TEST_P01,TEST_P01,SOFT_GRIP_ENTRY,,689.2678833007812,60.395694732666016,486.99725341796875,178.58912658691406,-89.75878143310547,-179.9509735107422,-8.1156,-2.8095,2.6144,0.4205,-0.0104,0.0017,-5.09,-0.1697,1.637,0.2261,-0.0056,0.001,-2.6506,-3.0063,-8.033,0.4205,-0.0104,0.0017,-1.6591,-0.2942,-5.0766,0.2261,-0.0056,0.001,5.09,16.0099,,,18.1,holding
2026-09-21T12:02:14.828+09:00,TEST_0001_TEST_P01,TEST_P01,SOFT_GRIP_ENTRY,,689.799072265625,60.42900848388672,486.9416198730469,178.59239196777344,-89.76311492919922,-179.95291137695312,-8.1156,-2.8095,2.6144,0.4205,-0.0104,0.0017,-5.09,-0.1697,1.637,0.2261,-0.0056,0.001,-2.6506,-3.0063,-8.033,0.4205,-0.0104,0.0017,-1.6591,-0.2942,-5.0766,0.2261,-0.0056,0.001,5.09,16.5411,,,18.1,holding
2026-09-21T12:02:14.884+09:00,TEST_0001_TEST_P01,TEST_P01,SOFT_GRIP_ENTRY,,690.3417358398438,60.455169677734375,486.89508056640625,178.5947723388672,-89.76692962646484,-179.94967651367188,-8.7957,-2.5801,2.7433,0.4208,-0.0103,0.0017,-5.77,0.0597,1.7659,0.2264,-0.0056,0.001,-2.7817,-2.7929,-8.7183,0.4208,-0.0103,0.0017,-1.7903,-0.0809,-5.7619,0.2264,-0.0056,0.001,5.77,17.0837,,,18.1,holding
2026-09-21T12:02:14.941+09:00,TEST_0001_TEST_P01,TEST_P01,SOFT_GRIP_ENTRY,,690.9033203125,60.45867919921875,486.9327087402344,178.5948944091797,-89.76383209228516,-179.94906616210938,-8.7957,-2.5801,2.7433,0.4208,-0.0103,0.0017,-5.77,0.0597,1.7659,0.2264,-0.0056,0.001,-2.7817,-2.7929,-8.7183,0.4208,-0.0103,0.0017,-1.7903,-0.0809,-5.7619,0.2264,-0.0056,0.001,5.77,17.6453,,,18.1,holding
2026-09-21T12:02:14.997+09:00,TEST_0001_TEST_P01,TEST_P01,SOFT_GRIP_ENTRY,,691.4783935546875,60.41768264770508,486.9979553222656,178.59140014648438,-89.75820922851562,-179.9519805908203,-9.3168,-2.404,2.9272,0.4239,-0.0104,0.0018,-6.2911,0.2358,1.9498,0.2294,-0.0056,0.001,-2.9676,-2.6292,-9.2429,0.4239,-0.0104,0.0018,-1.9762,0.0829,-6.2865,0.2294,-0.0056,0.001,6.2911,18.2204,,,18.1,holding
2026-09-21T12:02:15.053+09:00,TEST_0001_TEST_P01,TEST_P01,SOFT_GRIP_ENTRY,,692.042724609375,60.385833740234375,487.00604248046875,178.58865356445312,-89.75730895996094,-179.94798278808594,-9.6902,-2.4695,2.9497,0.4176,-0.0103,0.0018,-6.6646,0.1703,1.9723,0.2232,-0.0055,0.001,-2.9929,-2.7047,-9.6139,0.4176,-0.0103,0.0018,-2.0014,0.0074,-6.6575,0.2232,-0.0055,0.001,6.6646,18.7847,,,18.1,holding
2026-09-21T12:02:15.110+09:00,TEST_0001_TEST_P01,TEST_P01,SOFT_GRIP_ENTRY,,692.6022338867188,60.38741683959961,486.9544982910156,178.58868408203125,-89.76165008544922,-179.94569396972656,-9.6902,-2.4695,2.9497,0.4176,-0.0103,0.0018,-6.6646,0.1703,1.9723,0.2232,-0.0055,0.001,-2.9929,-2.7047,-9.6139,0.4176,-0.0103,0.0018,-2.0014,0.0074,-6.6575,0.2232,-0.0055,0.001,6.6646,19.3442,,,18.1,holding
2026-09-21T12:02:15.166+09:00,TEST_0001_TEST_P01,TEST_P01,SOFT_GRIP_ENTRY,,693.17041015625,60.409297943115234,487.0101623535156,178.590576171875,-89.75725555419922,-179.9476776123047,-9.506,-2.6166,2.9349,0.4157,-0.0102,0.0017,-6.4804,0.0232,1.9575,0.2213,-0.0055,0.001,-2.9774,-2.847,-9.4263,0.4157,-0.0102,0.0017,-1.986,-0.1349,-6.4699,0.2213,-0.0055,0.001,6.4804,19.9124,,,18.1,holding
2026-09-21T12:02:15.223+09:00,TEST_0001_TEST_P01,TEST_P01,SOFT_GRIP_ENTRY,,693.7431030273438,60.43061828613281,486.9670715332031,178.5926055908203,-89.7606201171875,-179.95152282714844,-9.506,-2.6166,2.9349,0.4157,-0.0102,0.0017,-6.4804,0.0232,1.9575,0.2213,-0.0055,0.001,-2.9774,-2.847,-9.4263,0.4157,-0.0102,0.0017,-1.986,-0.1349,-6.4699,0.2213,-0.0055,0.001,6.4804,20.4851,,,18.1,holding
2026-09-21T12:02:15.279+09:00,TEST_0001_TEST_P01,TEST_P01,SOFT_GRIP_ENTRY,,694.3206176757812,60.4252815246582,486.90673828125,178.59205627441406,-89.7655258178711,-179.949462890625,-9.6307,-2.5003,3.159,0.4247,-0.0104,0.0018,-6.605,0.1395,2.1816,0.2303,-0.0057,0.001,-3.2006,-2.7334,-9.5533,0.4247,-0.0104,0.0018,-2.2091,-0.0213,-6.5969,0.2303,-0.0057,0.001,6.605,21.0626,,,18.1,holding
2026-09-21T12:02:15.334+09:00,TEST_0001_TEST_P01,TEST_P01,SOFT_GRIP_ENTRY,,694.8914794921875,60.40110397338867,486.88409423828125,178.58982849121094,-89.7674789428711,-179.9484405517578,-9.6307,-2.5003,3.159,0.4247,-0.0104,0.0018,-6.605,0.1395,2.1816,0.2303,-0.0057,0.001,-3.2006,-2.7334,-9.5533,0.4247,-0.0104,0.0018,-2.2091,-0.0213,-6.5969,0.2303,-0.0057,0.001,6.605,21.6335,,,18.1,holding
2026-09-21T12:02:15.389+09:00,TEST_0001_TEST_P01,TEST_P01,SOFT_GRIP_ENTRY,,695.4609375,60.391544342041016,486.8680419921875,178.58888244628906,-89.76864624023438,-179.95277404785156,-8.945,-2.3512,3.2233,0.424,-0.0104,0.0017,-5.9193,0.2886,2.2459,0.2296,-0.0057,0.001,-3.2617,-2.5678,-8.8712,0.424,-0.0104,0.0017,-2.2702,0.1443,-5.9148,0.2296,-0.0057,0.001,5.9193,22.2029,,,18.1,holding
2026-09-21T12:02:15.446+09:00,TEST_0001_TEST_P01,TEST_P01,SOFT_GRIP_ENTRY,,696.0177001953125,60.41364288330078,486.9244079589844,178.59083557128906,-89.76384735107422,-179.9548797607422,-8.945,-2.3512,3.2233,0.424,-0.0104,0.0017,-5.9193,0.2886,2.2459,0.2296,-0.0057,0.001,-3.6233,-2.5205,-8.2508,0.4354,-0.0107,0.0018,-2.6319,0.1915,-5.2944,0.241,-0.006,0.001,5.9193,22.7597,,,18.1,holding
2026-09-21T12:02:15.501+09:00,TEST_0001_TEST_P01,TEST_P01,SOFT_GRIP_ENTRY,,696.5704956054688,60.43064498901367,486.8935852050781,178.59194946289062,-89.7662124633789,-179.9512176513672,-8.3252,-2.3193,3.5873,0.4354,-0.0107,0.0018,-5.2996,0.3205,2.6099,0.241,-0.006,0.001,-3.6233,-2.5205,-8.2508,0.4354,-0.0107,0.0018,-2.6319,0.1915,-5.2944,0.241,-0.006,0.001,5.2996,23.3125,,,18.1,holding
2026-09-21T12:02:15.557+09:00,TEST_0001_TEST_P01,TEST_P01,SOFT_GRIP_ENTRY,,697.106689453125,60.42300033569336,486.9068603515625,178.5912322998047,-89.76516723632812,-179.94772338867188,-7.918,-2.3676,3.7814,0.444,-0.0109,0.0018,-4.8924,0.2722,2.804,0.2496,-0.0062,0.0011,-3.8156,-2.5581,-7.8419,0.444,-0.0109,0.0018,-2.8242,0.154,-4.8855,0.2496,-0.0062,0.0011,4.8924,23.8487,,,18.1,holding
2026-09-21T12:02:15.612+09:00,TEST_0001_TEST_P01,TEST_P01,SOFT_GRIP_ENTRY,,697.5484619140625,60.39518356323242,486.9391174316406,178.58950805664062,-89.7624740600586,-179.94895935058594,-7.918,-2.3676,3.7814,0.444,-0.0109,0.0018,-4.8924,0.2722,2.804,0.2496,-0.0062,0.0011,-3.8156,-2.5581,-7.8419,0.444,-0.0109,0.0018,-2.8242,0.154,-4.8855,0.2496,-0.0062,0.0011,4.8924,24.2905,,,18.1,holding
2026-09-21T12:02:16.668+09:00,TEST_0001_TEST_P01,TEST_P01,SOFT_GRIP_ENTRY,SOFT_GRIP_STABILIZATION_END,698.1622314453125,60.33538055419922,486.7994689941406,178.585205078125,-89.7704849243164,-179.94715881347656,-5.6541,-2.7359,2.9019,0.5084,-0.0126,0.002,0.0,0.0,0.0,0.0,0.0,0.0,-2.9269,-2.872,-5.5732,0.5084,-0.0126,0.002,0.0,0.0,0.0,0.0,0.0,0.0,,,,,18.1,holding
2026-09-21T12:02:16.726+09:00,TEST_0001_TEST_P01,TEST_P01,HARD_GRIP,HARD_GRIP_COMMAND,698.1549682617188,60.3352165222168,486.8137512207031,178.5852813720703,-89.76935577392578,-179.94708251953125,-5.6541,-2.7359,2.9019,0.5084,-0.0126,0.002,0.0,0.0,0.0,0.0,0.0,0.0,-2.9269,-2.872,-5.5732,0.5084,-0.0126,0.002,0.0,0.0,0.0,0.0,0.0,0.0,,,,,18.1,holding
2026-09-21T12:02:17.730+09:00,TEST_0001_TEST_P01,TEST_P01,HARD_GRIP,HARD_GRIP_STABILIZATION_END,698.1004638671875,60.36427307128906,486.916259765625,178.5880889892578,-89.7609634399414,-179.94979858398438,-4.4412,-3.4805,1.0911,0.5436,-0.0134,0.0023,0.0,0.0,0.0,0.0,0.0,0.0,-1.1124,-3.5879,-4.3495,0.5436,-0.0134,0.0023,0.0,0.0,0.0,0.0,0.0,0.0,,,,,17.4,moving
2026-09-21T12:02:17.764+09:00,TEST_0001_TEST_P01,TEST_P01,PULL_TEST,,698.100341796875,60.365474700927734,486.916259765625,178.5881805419922,-89.7609634399414,-179.94979858398438,-4.4525,-3.4256,0.9931,0.5389,-0.0133,0.0022,-0.0113,0.0549,-0.098,-0.0047,0.0001,-0.0,-1.0144,-3.5333,-4.3625,0.5389,-0.0133,0.0022,0.098,0.0546,-0.0131,-0.0047,0.0001,-0.0,,,0.0113,0.0001,17.4,moving
2026-09-21T12:02:17.818+09:00,TEST_0001_TEST_P01,TEST_P01,PULL_TEST,,698.0975952148438,60.3674430847168,486.91973876953125,178.58837890625,-89.76068115234375,-179.94973754882812,-4.4525,-3.4256,0.9931,0.5389,-0.0133,0.0022,-0.0113,0.0549,-0.098,-0.0047,0.0001,-0.0,-1.0144,-3.5333,-4.3625,0.5389,-0.0133,0.0022,0.098,0.0546,-0.0131,-0.0047,0.0001,-0.0,,,0.0113,0.0029,17.4,moving
2026-09-21T12:02:17.873+09:00,TEST_0001_TEST_P01,TEST_P01,PULL_TEST,,698.0488891601562,60.37025451660156,487.0041809082031,178.58917236328125,-89.75389862060547,-179.94813537597656,-4.1618,-3.4158,0.9462,0.541,-0.0133,0.0023,0.2794,0.0647,-0.145,-0.0026,0.0001,-0.0,-0.9664,-3.5164,-4.0724,0.541,-0.0133,0.0023,0.146,0.0715,0.2771,-0.0026,0.0001,-0.0,,,0.2794,0.0516,17.4,moving
2026-09-21T12:02:17.929+09:00,TEST_0001_TEST_P01,TEST_P01,PULL_TEST,,697.891845703125,60.370819091796875,487.16717529296875,178.589599609375,-89.74081420898438,-179.94024658203125,-4.1618,-3.4158,0.9462,0.541,-0.0133,0.0023,0.2794,0.0647,-0.145,-0.0026,0.0001,-0.0,-0.9664,-3.5164,-4.0724,0.541,-0.0133,0.0023,0.146,0.0715,0.2771,-0.0026,0.0001,-0.0,,,0.2794,0.2086,17.4,moving
2026-09-21T12:02:17.983+09:00,TEST_0001_TEST_P01,TEST_P01,PULL_TEST,,697.607666015625,60.362728118896484,487.26593017578125,178.58807373046875,-89.73167419433594,-179.93817138671875,-2.6778,-3.5016,0.2764,0.5255,-0.0129,0.0023,1.7634,-0.0212,-0.8148,-0.0181,0.0005,0.0001,-0.292,-3.5662,-2.5895,0.5255,-0.0129,0.0023,0.8204,0.0217,1.76,-0.0181,0.0005,0.0001,,,1.7634,0.4928,17.4,moving
2026-09-21T12:02:18.038+09:00,TEST_0001_TEST_P01,TEST_P01,PULL_TEST,,697.1448364257812,60.3504638671875,487.3230895996094,178.58738708496094,-89.72624969482422,-179.93675231933594,-2.6778,-3.5016,0.2764,0.5255,-0.0129,0.0023,1.7634,-0.0212,-0.8148,-0.0181,0.0005,0.0001,-0.292,-3.5662,-2.5895,0.5255,-0.0129,0.0023,0.8204,0.0217,1.76,-0.0181,0.0005,0.0001,,,1.7634,0.9556,17.4,moving
2026-09-21T12:02:18.094+09:00,TEST_0001_TEST_P01,TEST_P01,PULL_TEST,,696.5953979492188,60.35385513305664,487.2585754394531,178.58786010742188,-89.73078155517578,-179.936767578125,-1.7116,-3.5681,-0.5289,0.5498,-0.0136,0.0026,2.7296,-0.0876,-1.6201,0.0062,-0.0002,0.0003,0.5173,-3.6098,-1.6256,0.5498,-0.0136,0.0026,1.6297,-0.0219,2.7239,0.0062,-0.0002,0.0003,,,2.7296,1.5051,17.4,moving
2026-09-21T12:02:18.150+09:00,TEST_0001_TEST_P01,TEST_P01,PULL_TEST,,696.0332641601562,60.359317779541016,487.1876220703125,178.58819580078125,-89.73575592041016,-179.9393310546875,-2.2672,-3.5262,-0.3616,0.6344,-0.0156,0.0029,2.174,-0.0457,-1.4527,0.0909,-0.0022,0.0007,0.3477,-3.5814,-2.1813,0.6344,-0.0156,0.0029,1.4602,0.0066,2.1682,0.0909,-0.0022,0.0007,,,2.174,2.0672,17.4,moving
2026-09-21T12:02:18.206+09:00,TEST_0001_TEST_P01,TEST_P01,PULL_TEST,,695.4470825195312,60.339256286621094,487.185302734375,178.58689880371094,-89.73551177978516,-179.94403076171875,-2.2672,-3.5262,-0.3616,0.6344,-0.0156,0.0029,2.174,-0.0457,-1.4527,0.0909,-0.0022,0.0007,0.3477,-3.5814,-2.1813,0.6344,-0.0156,0.0029,1.4602,0.0066,2.1682,0.0909,-0.0022,0.0007,,,2.174,2.6534,17.4,moving
2026-09-21T12:02:18.261+09:00,TEST_0001_TEST_P01,TEST_P01,PULL_TEST,,694.8790283203125,60.31550979614258,487.1235046386719,178.58493041992188,-89.74031829833984,-179.9443817138672,-2.0297,-3.4442,-0.2622,0.7211,-0.0178,0.0033,2.4115,0.0363,-1.3533,0.1776,-0.0044,0.001,0.25,-3.4935,-1.9452,0.7211,-0.0178,0.0033,1.3624,0.0944,2.4043,0.1776,-0.0044,0.001,,,2.4115,3.2214,17.4,moving
2026-09-21T12:02:18.317+09:00,TEST_0001_TEST_P01,TEST_P01,PULL_TEST,,694.3152465820312,60.30876159667969,487.0500183105469,178.58436584472656,-89.74629211425781,-179.94207763671875,-2.0297,-3.4442,-0.2622,0.7211,-0.0178,0.0033,2.4115,0.0363,-1.3533,0.1776,-0.0044,0.001,0.25,-3.4935,-1.9452,0.7211,-0.0178,0.0033,1.3624,0.0944,2.4043,0.1776,-0.0044,0.001,,,2.4115,3.7852,17.4,moving
2026-09-21T12:02:18.374+09:00,TEST_0001_TEST_P01,TEST_P01,PULL_TEST,,693.7185668945312,60.325199127197266,487.03131103515625,178.58616638183594,-89.74766540527344,-179.940673828125,-1.4808,-3.4087,-0.1914,0.7692,-0.019,0.0034,2.9604,0.0718,-1.2825,0.2256,-0.0056,0.0012,0.1817,-3.4445,-1.397,0.7692,-0.019,0.0034,1.2941,0.1435,2.9525,0.2256,-0.0056,0.0012,,,2.9604,4.3819,17.4,moving
2026-09-21T12:02:18.431+09:00,TEST_0001_TEST_P01,TEST_P01,PULL_TEST,,693.1414794921875,60.354286193847656,487.1037292480469,178.58863830566406,-89.74172973632812,-179.94371032714844,-1.4808,-3.4087,-0.1914,0.7692,-0.019,0.0034,2.9604,0.0718,-1.2825,0.2256,-0.0056,0.0012,0.1817,-3.4445,-1.397,0.7692,-0.019,0.0034,1.2941,0.1435,2.9525,0.2256,-0.0056,0.0012,,,2.9604,4.959,17.4,moving
2026-09-21T12:02:18.486+09:00,TEST_0001_TEST_P01,TEST_P01,PULL_TEST,,692.5905151367188,60.349727630615234,487.0359191894531,178.58811950683594,-89.7474365234375,-179.9454345703125,-0.7495,-3.5357,-0.4088,0.7899,-0.0195,0.0035,3.6916,-0.0552,-1.5,0.2463,-0.0061,0.0013,0.4024,-3.5535,-0.664,0.7899,-0.0195,0.0035,1.5148,0.0345,3.6854,0.2463,-0.0061,0.0013,,,3.6916,5.5099,17.4,moving
2026-09-21T12:02:18.542+09:00,TEST_0001_TEST_P01,TEST_P01,PULL_TEST,,692.0361938476562,60.32188034057617,486.93597412109375,178.5859375,-89.75566101074219,-179.94454956054688,-0.7495,-3.5357,-0.4088,0.7899,-0.0195,0.0035,3.6916,-0.0552,-1.5,0.2463,-0.0061,0.0013,0.4024,-3.5535,-0.664,0.7899,-0.0195,0.0035,1.5148,0.0345,3.6854,0.2463,-0.0061,0.0013,,,3.6916,6.0643,17.4,moving
2026-09-21T12:02:18.599+09:00,TEST_0001_TEST_P01,TEST_P01,PULL_TEST,,691.4559936523438,60.30518341064453,486.91888427734375,178.58506774902344,-89.75694274902344,-179.94630432128906,-0.0495,-3.5505,-0.408,0.8098,-0.02,0.0035,4.3917,-0.07,-1.4992,0.2662,-0.0066,0.0013,0.4047,-3.551,0.0364,0.8098,-0.02,0.0035,1.5172,0.0369,4.3858,0.2662,-0.0066,0.0013,,,4.3917,6.6445,17.4,moving
2026-09-21T12:02:18.655+09:00,TEST_0001_TEST_P01,TEST_P01,PULL_TEST,,690.9137573242188,60.31146240234375,486.88128662109375,178.58529663085938,-89.75996398925781,-179.95106506347656,1.2262,-3.6228,-0.4778,0.8242,-0.0204,0.0035,5.6674,-0.1423,-1.569,0.2806,-0.007,0.0013,0.4803,-3.5918,1.3133,0.8242,-0.0204,0.0035,1.5927,-0.0039,5.6628,0.2806,-0.007,0.0013,,,5.6674,7.1867,17.4,moving
2026-09-21T12:02:18.710+09:00,TEST_0001_TEST_P01,TEST_P01,PULL_TEST,,690.3514404296875,60.33501434326172,486.85418701171875,178.58697509765625,-89.76205444335938,-179.9517059326172,1.2262,-3.6228,-0.4778,0.8242,-0.0204,0.0035,5.6674,-0.1423,-1.569,0.2806,-0.007,0.0013,0.4803,-3.5918,1.3133,0.8242,-0.0204,0.0035,1.5927,-0.0039,5.6628,0.2806,-0.007,0.0013,,,5.6674,7.749,17.4,moving
2026-09-21T12:02:18.765+09:00,TEST_0001_TEST_P01,TEST_P01,PULL_TEST,,689.7837524414062,60.350101470947266,486.83544921875,178.58828735351562,-89.76327514648438,-179.9483184814453,2.2823,-3.7638,-0.2999,0.8401,-0.0207,0.0035,6.7234,-0.2833,-1.391,0.2965,-0.0073,0.0012,0.3064,-3.7067,2.3731,0.8401,-0.0207,0.0035,1.4188,-0.1188,6.7225,0.2965,-0.0073,0.0012,,,6.7234,8.3167,17.4,moving
2026-09-21T12:02:18.821+09:00,TEST_0001_TEST_P01,TEST_P01,PULL_TEST,,689.2401123046875,60.335845947265625,486.8565979003906,178.5870361328125,-89.7613296508789,-179.94883728027344,2.2823,-3.7638,-0.2999,0.8401,-0.0207,0.0035,6.7234,-0.2833,-1.391,0.2965,-0.0073,0.0012,0.3064,-3.7067,2.3731,0.8401,-0.0207,0.0035,1.4188,-0.1188,6.7225,0.2965,-0.0073,0.0012,,,6.7234,8.8604,17.4,moving
2026-09-21T12:02:18.877+09:00,TEST_0001_TEST_P01,TEST_P01,PULL_TEST,,688.702880859375,60.31206512451172,486.85052490234375,178.5847625732422,-89.76187896728516,-179.95172119140625,3.4817,-3.8784,-0.538,0.8509,-0.021,0.0035,7.9228,-0.3979,-1.6291,0.3073,-0.0076,0.0013,0.5498,-3.7918,3.574,0.8509,-0.021,0.0035,1.6622,-0.2039,7.9235,0.3073,-0.0076,0.0013,,,7.9228,9.3976,17.4,moving
2026-09-21T12:02:18.932+09:00,TEST_0001_TEST_P01,TEST_P01,PULL_TEST,,688.12744140625,60.28706359863281,486.8504943847656,178.58291625976562,-89.7619400024414,-179.9496307373047,3.4817,-3.8784,-0.538,0.8509,-0.021,0.0035,7.9228,-0.3979,-1.6291,0.3073,-0.0076,0.0013,0.5498,-3.7918,3.574,0.8509,-0.021,0.0035,1.6622,-0.2039,7.9235,0.3073,-0.0076,0.0013,,,7.9228,9.973,17.4,moving
2026-09-21T12:02:18.988+09:00,TEST_0001_TEST_P01,TEST_P01,PULL_TEST,,687.5805053710938,60.29569625854492,486.85968017578125,178.58367919921875,-89.76102447509766,-179.9468994140625,4.8596,-3.876,-0.5438,0.8573,-0.0212,0.0036,9.3008,-0.3955,-1.635,0.3138,-0.0078,0.0013,0.5608,-3.7552,4.9517,0.8573,-0.0212,0.0036,1.6733,-0.1673,9.3012,0.3138,-0.0078,0.0013,,,9.3008,10.52,17.4,moving
2026-09-21T12:02:19.044+09:00,TEST_0001_TEST_P01,TEST_P01,PULL_TEST,,687.0346069335938,60.32744598388672,486.820068359375,178.58627319335938,-89.7642593383789,-179.95074462890625,4.8596,-3.876,-0.5438,0.8573,-0.0212,0.0036,9.3008,-0.3955,-1.635,0.3138,-0.0078,0.0013,0.5608,-3.7552,4.9517,0.8573,-0.0212,0.0036,1.6733,-0.1673,9.3012,0.3138,-0.0078,0.0013,,,9.3008,11.0659,17.4,moving
2026-09-21T12:02:19.100+09:00,TEST_0001_TEST_P01,TEST_P01,PULL_TEST,,686.4620971679688,60.33188247680664,486.790283203125,178.5867462158203,-89.76685333251953,-179.95001220703125,5.0948,-4.0046,-0.7128,0.8589,-0.0212,0.0035,9.536,-0.5241,-1.8039,0.3154,-0.0078,0.0013,0.7308,-3.8783,5.1891,0.8589,-0.0212,0.0035,1.8433,-0.2903,9.5386,0.3154,-0.0078,0.0013,,,9.536,11.6384,17.4,moving
2026-09-21T12:02:19.155+09:00,TEST_0001_TEST_P01,TEST_P01,PULL_TEST,,685.8966674804688,60.31764602661133,486.7901306152344,178.5861358642578,-89.7669677734375,-179.94664001464844,6.2568,-4.1038,-1.0348,0.8594,-0.0212,0.0035,10.698,-0.6233,-2.1259,0.3159,-0.0078,0.0013,1.0571,-3.9492,6.3519,0.8594,-0.0212,0.0035,2.1695,-0.3613,10.7013,0.3159,-0.0078,0.0013,,,10.698,12.2038,17.4,moving
2026-09-21T12:02:19.211+09:00,TEST_0001_TEST_P01,TEST_P01,PULL_TEST,,685.3339233398438,60.306358337402344,486.7833251953125,178.5853271484375,-89.76732635498047,-179.94757080078125,6.2568,-4.1038,-1.0348,0.8594,-0.0212,0.0035,10.698,-0.6233,-2.1259,0.3159,-0.0078,0.0013,1.0571,-3.9492,6.3519,0.8594,-0.0212,0.0035,2.1695,-0.3613,10.7013,0.3159,-0.0078,0.0013,,,10.698,12.7665,17.4,moving
2026-09-21T12:02:19.267+09:00,TEST_0001_TEST_P01,TEST_P01,PULL_TEST,,684.7781982421875,60.316017150878906,486.8553771972656,178.58592224121094,-89.76145935058594,-179.95166015625,6.539,-4.0627,-1.1156,0.8591,-0.0212,0.0035,10.9802,-0.5822,-2.2068,0.3156,-0.0078,0.0012,1.1394,-3.901,6.6327,0.8591,-0.0212,0.0035,2.2519,-0.3131,10.9821,0.3156,-0.0078,0.0012,,,10.9802,13.3223,17.4,moving
2026-09-21T12:02:19.324+09:00,TEST_0001_TEST_P01,TEST_P01,PULL_TEST,,684.1935424804688,60.34989929199219,486.8650817871094,178.58871459960938,-89.76056671142578,-179.9517822265625,6.539,-4.0627,-1.1156,0.8591,-0.0212,0.0035,10.9802,-0.5822,-2.2068,0.3156,-0.0078,0.0012,1.1394,-3.901,6.6327,0.8591,-0.0212,0.0035,2.2519,-0.3131,10.9821,0.3156,-0.0078,0.0012,,,10.9802,13.9069,17.4,moving
2026-09-21T12:02:19.381+09:00,TEST_0001_TEST_P01,TEST_P01,PULL_TEST,,683.6055908203125,60.375370025634766,486.85162353515625,178.59107971191406,-89.76128387451172,-179.95162963867188,6.8167,-4.0691,-1.489,0.8596,-0.0212,0.0036,11.2579,-0.5886,-2.5801,0.3161,-0.0078,0.0013,1.5149,-3.9014,6.9084,0.8596,-0.0212,0.0036,2.6273,-0.3135,11.2579,0.3161,-0.0078,0.0013,,,11.2579,14.4949,17.4,moving
2026-09-21T12:02:19.437+09:00,TEST_0001_TEST_P01,TEST_P01,PULL_TEST,,683.0514526367188,60.36038589477539,486.92108154296875,178.58969116210938,-89.75558471679688,-179.95379638671875,6.8167,-4.0691,-1.489,0.8596,-0.0212,0.0036,11.2579,-0.5886,-2.5801,0.3161,-0.0078,0.0013,1.5149,-3.9014,6.9084,0.8596,-0.0212,0.0036,2.6273,-0.3135,11.2579,0.3161,-0.0078,0.0013,,,11.2579,15.049,17.4,moving
2026-09-21T12:02:19.492+09:00,TEST_0001_TEST_P01,TEST_P01,PULL_TEST,,682.42333984375,60.35398483276367,487.1298522949219,178.58993530273438,-89.73821258544922,-179.94728088378906,6.9293,-3.7795,-1.2918,0.866,-0.0213,0.0037,11.3704,-0.299,-2.383,0.3224,-0.0079,0.0014,1.3189,-3.6088,7.0146,0.866,-0.0213,0.0037,2.4313,-0.0209,11.3641,0.3224,-0.0079,0.0014,,,11.3704,15.6771,17.4,moving
2026-09-21T12:02:19.549+09:00,TEST_0001_TEST_P01,TEST_P01,PULL_TEST,,681.8241577148438,60.35369110107422,487.1687927246094,178.59075927734375,-89.73490142822266,-179.94129943847656,-0.2584,-2.7926,0.8545,0.8745,-0.0215,0.004,4.1827,0.6878,-0.2366,0.3309,-0.0081,0.0017,-0.8582,-2.7973,-0.1857,0.8745,-0.0215,0.004,0.2542,0.7906,4.1637,0.3309,-0.0081,0.0017,,,4.1827,16.2763,17.4,moving
2026-09-21T12:02:19.605+09:00,TEST_0001_TEST_P01,TEST_P01,PULL_TEST,,681.2845458984375,60.37275695800781,487.0655517578125,178.5919647216797,-89.74354553222656,-179.9454345703125,-0.2584,-2.7926,0.8545,0.8745,-0.0215,0.004,4.1827,0.6878,-0.2366,0.3309,-0.0081,0.0017,-0.8582,-2.7973,-0.1857,0.8745,-0.0215,0.004,0.2542,0.7906,4.1637,0.3309,-0.0081,0.0017,,,4.1827,16.8159,17.4,moving
2026-09-21T12:02:19.661+09:00,TEST_0001_TEST_P01,TEST_P01,PULL_TEST,,680.7412719726562,60.37941360473633,487.001953125,178.59237670898438,-89.74894714355469,-179.94723510742188,-1.1295,-2.6125,0.9255,0.8765,-0.0215,0.0039,3.3117,0.868,-0.1657,0.3329,-0.0081,0.0017,-0.9326,-2.6386,-1.0609,0.8765,-0.0215,0.0039,0.1798,0.9493,3.2886,0.3329,-0.0081,0.0017,,,3.3117,17.3592,17.4,moving
2026-09-21T12:02:19.716+09:00,TEST_0001_TEST_P01,TEST_P01,PULL_TEST,,680.2145385742188,60.362396240234375,487.0677185058594,178.59112548828125,-89.7435531616211,-179.9450225830078,-1.1295,-2.6125,0.9255,0.8765,-0.0215,0.0039,3.3117,0.868,-0.1657,0.3329,-0.0081,0.0017,-0.9326,-2.6386,-1.0609,0.8765,-0.0215,0.0039,0.1798,0.9493,3.2886,0.3329,-0.0081,0.0017,,,3.3117,17.8859,17.4,moving
2026-09-21T12:02:19.772+09:00,TEST_0001_TEST_P01,TEST_P01,PULL_TEST,,679.679443359375,60.326900482177734,487.0395812988281,178.58782958984375,-89.74597930908203,-179.94638061523438,-0.7661,-2.5734,0.8668,0.8786,-0.0216,0.0039,3.6751,0.907,-0.2243,0.335,-0.0082,0.0016,-0.8724,-2.5907,-0.6986,0.8786,-0.0216,0.0039,0.24,0.9972,3.6509,0.335,-0.0082,0.0016,,,3.6751,18.421,17.4,moving
2026-09-21T12:02:19.827+09:00,TEST_0001_TEST_P01,TEST_P01,PULL_TEST,,679.1338500976562,60.29472351074219,486.9419250488281,178.58494567871094,-89.75399017333984,-179.94876098632812,-0.7661,-2.5734,0.8668,0.8786,-0.0216,0.0039,3.6751,0.907,-0.2243,0.335,-0.0082,0.0016,-0.8724,-2.5907,-0.6986,0.8786,-0.0216,0.0039,0.24,0.9972,3.6509,0.335,-0.0082,0.0016,,,3.6751,18.9666,17.4,moving
2026-09-21T12:02:19.882+09:00,TEST_0001_TEST_P01,TEST_P01,PULL_TEST,,678.5934448242188,60.29252624511719,486.91729736328125,178.58477783203125,-89.75574493408203,-179.9471893310547,-0.751,-2.5486,1.0323,0.8848,-0.0218,0.0039,3.6902,0.9319,-0.0588,0.3412,-0.0084,0.0016,-1.0376,-2.5654,-0.6834,0.8848,-0.0218,0.0039,0.0749,1.0225,3.6661,0.3412,-0.0084,0.0016,,,3.6902,19.507,17.4,moving
2026-09-21T12:02:19.937+09:00,TEST_0001_TEST_P01,TEST_P01,PULL_TEST,,678.05419921875,60.315093994140625,486.9080505371094,178.58624267578125,-89.756591796875,-179.94912719726562,-0.751,-2.5486,1.0323,0.8848,-0.0218,0.0039,3.6902,0.9319,-0.0588,0.3412,-0.0084,0.0016,-1.0376,-2.5654,-0.6834,0.8848,-0.0218,0.0039,0.0749,1.0225,3.6661,0.3412,-0.0084,0.0016,,,3.6902,20.0463,17.4,moving
2026-09-21T12:02:19.992+09:00,TEST_0001_TEST_P01,TEST_P01,PULL_TEST,,677.507080078125,60.33259201049805,486.8418273925781,178.58755493164062,-89.76189422607422,-179.952880859375,-0.907,-2.61,0.9074,0.882,-0.0218,0.0038,3.5342,0.8705,-0.1837,0.3384,-0.0084,0.0015,-0.9133,-2.6308,-0.8384,0.882,-0.0218,0.0038,0.1992,0.9571,3.511,0.3384,-0.0084,0.0015,,,3.5342,20.5934,17.4,moving
2026-09-21T12:02:20.049+09:00,TEST_0001_TEST_P01,TEST_P01,PULL_TEST,,676.931640625,60.320472717285156,486.8199768066406,178.58682250976562,-89.76327514648438,-179.95127868652344,-0.4374,-2.5695,0.8893,0.8905,-0.022,0.0037,4.0038,0.911,-0.2018,0.3469,-0.0086,0.0015,-0.8931,-2.5787,-0.3702,0.8905,-0.022,0.0037,0.2194,1.0092,3.9793,0.3469,-0.0086,0.0015,,,4.0038,21.1688,17.4,moving
2026-09-21T12:02:20.104+09:00,TEST_0001_TEST_P01,TEST_P01,PULL_TEST,,676.3861083984375,60.3062744140625,486.82415771484375,178.58547973632812,-89.76312255859375,-179.9516143798828,-0.4374,-2.5695,0.8893,0.8905,-0.022,0.0037,4.0038,0.911,-0.2018,0.3469,-0.0086,0.0015,-0.8931,-2.5787,-0.3702,0.8905,-0.022,0.0037,0.2194,1.0092,3.9793,0.3469,-0.0086,0.0015,,,4.0038,21.7144,17.4,moving
2026-09-21T12:02:20.160+09:00,TEST_0001_TEST_P01,TEST_P01,PULL_TEST,,675.8394165039062,60.31521224975586,486.8868103027344,178.5857696533203,-89.75790405273438,-179.949951171875,-0.9874,-2.5859,0.9697,0.9035,-0.0223,0.0038,3.4538,0.8946,-0.1214,0.3599,-0.0089,0.0015,-0.9758,-2.6086,-0.9192,0.9035,-0.0223,0.0038,0.1366,0.9793,3.4303,0.3599,-0.0089,0.0015,,,3.4538,22.261,17.4,moving
2026-09-21T12:02:20.216+09:00,TEST_0001_TEST_P01,TEST_P01,PULL_TEST,,675.2706909179688,60.347530364990234,486.8888244628906,178.58885192871094,-89.75760650634766,-179.94403076171875,-0.9874,-2.5859,0.9697,0.9035,-0.0223,0.0038,3.4538,0.8946,-0.1214,0.3599,-0.0089,0.0015,-0.9758,-2.6086,-0.9192,0.9035,-0.0223,0.0038,0.1366,0.9793,3.4303,0.3599,-0.0089,0.0015,,,3.4538,22.8298,17.4,moving
2026-09-21T12:02:20.272+09:00,TEST_0001_TEST_P01,TEST_P01,PULL_TEST,,674.696533203125,60.35266876220703,486.8654479980469,178.58949279785156,-89.75957489013672,-179.94821166992188,-0.8242,-2.5964,0.8268,0.9062,-0.0223,0.0038,3.617,0.8841,-0.2644,0.3626,-0.0089,0.0016,-0.8324,-2.6152,-0.7565,0.9062,-0.0223,0.0038,0.28,0.9728,3.5929,0.3626,-0.0089,0.0016,,,3.617,23.4039,17.4,moving
2026-09-21T12:02:20.328+09:00,TEST_0001_TEST_P01,TEST_P01,PULL_TEST,,674.1608276367188,60.33134460449219,486.8648681640625,178.58753967285156,-89.75968933105469,-179.9522705078125,-0.8242,-2.5964,0.8268,0.9062,-0.0223,0.0038,3.617,0.8841,-0.2644,0.3626,-0.0089,0.0016,-0.8324,-2.6152,-0.7565,0.9062,-0.0223,0.0038,0.28,0.9728,3.5929,0.3626,-0.0089,0.0016,,,3.617,23.9396,17.4,moving
2026-09-21T12:02:20.383+09:00,TEST_0001_TEST_P01,TEST_P01,PULL_TEST,,673.6057739257812,60.30662536621094,486.8804016113281,178.58567810058594,-89.75833892822266,-179.95083618164062,-0.7732,-2.5644,0.9496,0.9047,-0.0223,0.0038,3.668,0.9161,-0.1415,0.3611,-0.0089,0.0015,-0.9547,-2.5819,-0.7058,0.9047,-0.0223,0.0038,0.1577,1.006,3.6437,0.3611,-0.0089,0.0015,,,3.668,24.4947,17.4,moving
2026-09-21T12:02:20.439+09:00,TEST_0001_TEST_P01,TEST_P01,PULL_TEST,,673.0318603515625,60.3003044128418,486.87225341796875,178.58563232421875,-89.75910949707031,-179.95335388183594,-0.7732,-2.5644,0.9496,0.9047,-0.0223,0.0038,3.668,0.9161,-0.1415,0.3611,-0.0089,0.0015,-0.9547,-2.5819,-0.7058,0.9047,-0.0223,0.0038,0.1577,1.006,3.6437,0.3611,-0.0089,0.0015,,,3.668,25.0686,17.4,moving
2026-09-21T12:02:20.495+09:00,TEST_0001_TEST_P01,TEST_P01,PULL_TEST,,672.4804077148438,60.32782745361328,486.80682373046875,178.58786010742188,-89.7641830444336,-179.9509735107422,-1.141,-2.6437,1.0265,0.8852,-0.0219,0.0037,3.3001,0.8368,-0.0646,0.3416,-0.0084,0.0015,-1.0332,-2.6702,-1.0711,0.8852,-0.0219,0.0037,0.0792,0.9177,3.2784,0.3416,-0.0084,0.0015,,,3.3001,25.6201,17.4,moving
2026-09-21T12:02:20.551+09:00,TEST_0001_TEST_P01,TEST_P01,PULL_TEST,,671.9159545898438,60.342933654785156,486.7833557128906,178.58880615234375,-89.76615142822266,-179.94850158691406,-0.8674,-2.6636,0.7596,0.8676,-0.0214,0.0036,3.5737,0.8169,-0.3316,0.3241,-0.008,0.0013,-0.7653,-2.6834,-0.7985,0.8676,-0.0214,0.0036,0.3472,0.9045,3.551,0.3241,-0.008,0.0013,,,3.5737,26.1845,17.4,moving
2026-09-21T12:02:20.607+09:00,TEST_0001_TEST_P01,TEST_P01,PULL_TEST,,671.3456420898438,60.323150634765625,486.93792724609375,178.5873260498047,-89.75333404541016,-179.94912719726562,-0.8674,-2.6636,0.7596,0.8676,-0.0214,0.0036,3.5737,0.8169,-0.3316,0.3241,-0.008,0.0013,-0.7653,-2.6834,-0.7985,0.8676,-0.0214,0.0036,0.3472,0.9045,3.551,0.3241,-0.008,0.0013,,,3.5737,26.7548,17.4,moving
2026-09-21T12:02:20.663+09:00,TEST_0001_TEST_P01,TEST_P01,PULL_TEST,,670.7841186523438,60.29853057861328,486.93359375,178.5854034423828,-89.75343322753906,-179.94801330566406,-0.8838,-2.6114,1.0062,0.8695,-0.0214,0.0037,3.5574,0.8691,-0.085,0.326,-0.008,0.0015,-1.0121,-2.6315,-0.8147,0.8695,-0.0214,0.0037,0.1003,0.9564,3.5348,0.326,-0.008,0.0015,,,3.5574,27.3163,17.4,moving
2026-09-21T12:02:20.719+09:00,TEST_0001_TEST_P01,TEST_P01,PULL_TEST,,670.2445678710938,60.28779983520508,486.8402099609375,178.58419799804688,-89.76139831542969,-179.95037841796875,-0.8838,-2.6114,1.0062,0.8695,-0.0214,0.0037,3.5574,0.8691,-0.085,0.326,-0.008,0.0015,-1.0121,-2.6315,-0.8147,0.8695,-0.0214,0.0037,0.1003,0.9564,3.5348,0.326,-0.008,0.0015,,,3.5574,27.8559,17.4,moving
2026-09-21T12:02:20.774+09:00,TEST_0001_TEST_P01,TEST_P01,PULL_TEST,,669.6765747070312,60.30659103393555,486.9095764160156,178.58604431152344,-89.7555160522461,-179.9506378173828,-0.9643,-2.6648,0.9235,0.8651,-0.0214,0.0037,3.4769,0.8157,-0.1677,0.3215,-0.008,0.0014,-0.9295,-2.687,-0.8943,0.8651,-0.0214,0.0037,0.1829,0.9009,3.4552,0.3215,-0.008,0.0014,,,3.4769,28.4239,17.4,moving
2026-09-21T12:02:20.829+09:00,TEST_0001_TEST_P01,TEST_P01,PULL_TEST,,669.1246337890625,60.33253860473633,486.9359436035156,178.58834838867188,-89.75353240966797,-179.94630432128906,-0.9643,-2.6648,0.9235,0.8651,-0.0214,0.0037,3.4769,0.8157,-0.1677,0.3215,-0.008,0.0014,-0.9295,-2.687,-0.8943,0.8651,-0.0214,0.0037,0.1829,0.9009,3.4552,0.3215,-0.008,0.0014,,,3.4769,28.9758,17.4,moving
2026-09-21T12:02:20.884+09:00,TEST_0001_TEST_P01,TEST_P01,PULL_TEST,,668.5820922851562,60.325279235839844,486.8833312988281,178.5876007080078,-89.75784301757812,-179.95236206054688,-1.0089,-2.6319,0.783,0.8608,-0.0212,0.0037,3.4323,0.8486,-0.3081,0.3172,-0.0078,0.0014,-0.7894,-2.6552,-0.9404,0.8608,-0.0212,0.0037,0.323,0.9327,3.4091,0.3172,-0.0078,0.0014,,,3.4323,29.5184,17.4,moving
2026-09-21T12:02:20.940+09:00,TEST_0001_TEST_P01,TEST_P01,PULL_TEST,,668.0289916992188,60.31340026855469,486.8864440917969,178.58694458007812,-89.7574691772461,-179.95132446289062,-1.0089,-2.6319,0.783,0.8608,-0.0212,0.0037,3.4323,0.8486,-0.3081,0.3172,-0.0078,0.0014,-0.7894,-2.6552,-0.9404,0.8608,-0.0212,0.0037,0.323,0.9327,3.4091,0.3172,-0.0078,0.0014,,,3.4323,30.0715,17.4,moving
2026-09-21T12:02:20.996+09:00,TEST_0001_TEST_P01,TEST_P01,PULL_TEST,,667.4662475585938,60.32046890258789,486.8542175292969,178.58766174316406,-89.76044464111328,-179.9505157470703,-0.5975,-2.6057,0.9165,0.8638,-0.0213,0.0037,3.8437,0.8748,-0.1746,0.3202,-0.0079,0.0014,-0.921,-2.6188,-0.5292,0.8638,-0.0213,0.0037,0.1914,0.9691,3.8203,0.3202,-0.0079,0.0014,,,3.8437,30.6342,17.4,moving
2026-09-21T12:02:21.052+09:00,TEST_0001_TEST_P01,TEST_P01,PULL_TEST,,666.9261474609375,60.35895919799805,486.8791809082031,178.5906524658203,-89.7582015991211,-179.95004272460938,-1.1301,-2.6367,0.9497,0.8647,-0.0213,0.0036,3.3111,0.8438,-0.1415,0.3211,-0.0079,0.0013,-0.9564,-2.6629,-1.0609,0.8647,-0.0213,0.0036,0.156,0.9251,3.2886,0.3211,-0.0079,0.0013,,,3.3111,31.1743,17.4,moving
2026-09-21T12:02:21.108+09:00,TEST_0001_TEST_P01,TEST_P01,PULL_TEST,,666.3560791015625,60.37406921386719,486.96295166015625,178.59207153320312,-89.75120544433594,-179.9424591064453,-1.1301,-2.6367,0.9497,0.8647,-0.0213,0.0036,3.3111,0.8438,-0.1415,0.3211,-0.0079,0.0013,-0.9564,-2.6629,-1.0609,0.8647,-0.0213,0.0036,0.156,0.9251,3.2886,0.3211,-0.0079,0.0013,,,3.3111,31.7444,17.4,moving
2026-09-21T12:02:21.163+09:00,TEST_0001_TEST_P01,TEST_P01,PULL_TEST,,665.7946166992188,60.349002838134766,486.9261169433594,178.5897216796875,-89.75404357910156,-179.9484100341797,-0.8513,-2.5864,0.9282,0.8622,-0.0212,0.0037,3.5899,0.8941,-0.1629,0.3186,-0.0078,0.0014,-0.9341,-2.6057,-0.7834,0.8622,-0.0212,0.0037,0.1784,0.9822,3.5661,0.3186,-0.0078,0.0014,,,3.5899,32.3058,17.4,moving
2026-09-21T12:02:21.219+09:00,TEST_0001_TEST_P01,TEST_P01,PULL_TEST,,665.271728515625,60.329681396484375,486.8385314941406,178.5876922607422,-89.76100158691406,-179.95310974121094,-0.8513,-2.5864,0.9282,0.8622,-0.0212,0.0037,3.5899,0.8941,-0.1629,0.3186,-0.0078,0.0014,-0.9341,-2.6057,-0.7834,0.8622,-0.0212,0.0037,0.1784,0.9822,3.5661,0.3186,-0.0078,0.0014,,,3.5899,32.8287,17.4,moving
2026-09-21T12:02:21.275+09:00,TEST_0001_TEST_P01,TEST_P01,PULL_TEST,,664.703369140625,60.31873321533203,486.8455505371094,178.58668518066406,-89.7603988647461,-179.95413208007812,-0.6345,-2.5795,0.9434,0.8598,-0.0212,0.0036,3.8066,0.901,-0.1477,0.3163,-0.0078,0.0014,-0.948,-2.5935,-0.5668,0.8598,-0.0212,0.0036,0.1645,0.9944,3.7827,0.3163,-0.0078,0.0014,,,3.8066,33.3971,17.4,moving
2026-09-21T12:02:21.331+09:00,TEST_0001_TEST_P01,TEST_P01,PULL_TEST,,664.1184692382812,60.33955001831055,486.8881530761719,178.58888244628906,-89.75658416748047,-179.9514923095703,-0.6345,-2.5795,0.9434,0.8598,-0.0212,0.0036,3.8066,0.901,-0.1477,0.3163,-0.0078,0.0014,-0.948,-2.5935,-0.5668,0.8598,-0.0212,0.0036,0.1645,0.9944,3.7827,0.3163,-0.0078,0.0014,,,3.8066,33.982,17.4,moving
2026-09-21T12:02:21.388+09:00,TEST_0001_TEST_P01,TEST_P01,PULL_TEST,,663.54833984375,60.33561325073242,486.8804931640625,178.5883331298828,-89.75735473632812,-179.94476318359375,-0.8585,-2.5568,1.1427,0.8609,-0.0212,0.0037,3.5827,0.9237,0.0516,0.3173,-0.0078,0.0014,-1.1484,-2.5761,-0.7904,0.8609,-0.0212,0.0037,-0.036,1.0118,3.5591,0.3173,-0.0078,0.0014,,,3.5827,34.5521,17.4,moving
2026-09-21T12:02:21.445+09:00,TEST_0001_TEST_P01,TEST_P01,PULL_TEST,,662.9854736328125,60.31159591674805,486.83001708984375,178.5865020751953,-89.76146697998047,-179.9508514404297,-0.8585,-2.5568,1.1427,0.8609,-0.0212,0.0037,3.5827,0.9237,0.0516,0.3173,-0.0078,0.0014,-1.1484,-2.5761,-0.7904,0.8609,-0.0212,0.0037,-0.036,1.0118,3.5591,0.3173,-0.0078,0.0014,,,3.5827,35.115,17.4,moving
2026-09-21T12:02:21.500+09:00,TEST_0001_TEST_P01,TEST_P01,PULL_TEST,,662.4190063476562,60.279090881347656,486.8763427734375,178.5838623046875,-89.75762939453125,-179.9469451904297,-0.8216,-2.5689,0.9369,0.8604,-0.0212,0.0036,3.6195,0.9116,-0.1543,0.3168,-0.0078,0.0014,-0.9422,-2.5875,-0.7541,0.8604,-0.0212,0.0036,0.1702,1.0004,3.5953,0.3168,-0.0078,0.0014,,,3.6195,35.6815,17.4,moving
2026-09-21T12:02:21.555+09:00,TEST_0001_TEST_P01,TEST_P01,PULL_TEST,,661.867431640625,60.27785110473633,486.9693603515625,178.58396911621094,-89.7499771118164,-179.95001220703125,-0.6934,-2.6358,0.979,0.8549,-0.0211,0.0037,3.7478,0.8447,-0.1121,0.3113,-0.0077,0.0014,-0.9841,-2.6512,-0.6237,0.8549,-0.0211,0.0037,0.1283,0.9367,3.7257,0.3113,-0.0077,0.0014,,,3.7478,36.233,17.4,moving
2026-09-21T12:02:21.611+09:00,TEST_0001_TEST_P01,TEST_P01,PULL_TEST,,661.308349609375,60.30592727661133,486.92919921875,178.5865936279297,-89.75335693359375,-179.94773864746094,-0.6934,-2.6358,0.979,0.8549,-0.0211,0.0037,3.7478,0.8447,-0.1121,0.3113,-0.0077,0.0014,-0.9841,-2.6512,-0.6237,0.8549,-0.0211,0.0037,0.1283,0.9367,3.7257,0.3113,-0.0077,0.0014,,,3.7478,36.7921,17.4,moving
2026-09-21T12:02:21.667+09:00,TEST_0001_TEST_P01,TEST_P01,PULL_TEST,,660.7389526367188,60.315547943115234,486.92608642578125,178.58775329589844,-89.75382995605469,-179.9474639892578,-0.6329,-2.6245,1.1533,0.8527,-0.021,0.0037,3.8082,0.856,0.0622,0.3092,-0.0076,0.0014,-1.1582,-2.6382,-0.5631,0.8527,-0.021,0.0037,-0.0457,0.9497,3.7863,0.3092,-0.0076,0.0014,,,3.8082,37.3615,17.4,moving
2026-09-21T12:02:21.722+09:00,TEST_0001_TEST_P01,TEST_P01,PULL_TEST,,660.1747436523438,60.30375289916992,486.9684753417969,178.58702087402344,-89.74992370605469,-179.94932556152344,-0.6329,-2.6245,1.1533,0.8527,-0.021,0.0037,3.8082,0.856,0.0622,0.3092,-0.0076,0.0014,-1.1582,-2.6382,-0.5631,0.8527,-0.021,0.0037,-0.0457,0.9497,3.7863,0.3092,-0.0076,0.0014,,,3.8082,37.9257,17.4,moving
2026-09-21T12:02:21.778+09:00,TEST_0001_TEST_P01,TEST_P01,PULL_TEST,,659.6477661132812,60.29578399658203,486.96051025390625,178.58580017089844,-89.75086975097656,-179.94444274902344,-0.7006,-2.5983,1.07,0.8523,-0.021,0.0037,3.7406,0.8821,-0.0211,0.3087,-0.0076,0.0014,-1.0752,-2.6138,-0.6316,0.8523,-0.021,0.0037,0.0372,0.9741,3.7179,0.3087,-0.0076,0.0014,,,3.7406,38.4527,17.4,moving
2026-09-21T12:02:21.834+09:00,TEST_0001_TEST_P01,TEST_P01,PULL_TEST,,659.0902709960938,60.31373596191406,486.90496826171875,178.58737182617188,-89.75507354736328,-179.94805908203125,-0.7006,-2.5983,1.07,0.8523,-0.021,0.0037,3.7406,0.8821,-0.0211,0.3087,-0.0076,0.0014,-1.0752,-2.6138,-0.6316,0.8523,-0.021,0.0037,0.0372,0.9741,3.7179,0.3087,-0.0076,0.0014,,,3.7406,39.0102,17.2,holding
2026-09-21T12:02:21.890+09:00,TEST_0001_TEST_P01,TEST_P01,PULL_TEST,,658.5172729492188,60.33926010131836,486.8555908203125,178.5895233154297,-89.75911712646484,-179.94256591796875,-0.3251,-2.6242,0.9742,0.8579,-0.0212,0.0037,4.1161,0.8563,-0.1169,0.3143,-0.0078,0.0014,-0.9778,-2.6305,-0.2562,0.8579,-0.0212,0.0037,0.1347,0.9574,4.0933,0.3143,-0.0078,0.0014,,,4.1161,39.5832,17.2,holding
2026-09-21T12:02:21.946+09:00,TEST_0001_TEST_P01,TEST_P01,PULL_TEST,,657.9681396484375,60.329315185546875,486.8403015136719,178.5885467529297,-89.76018524169922,-179.9518280029297,-0.4396,-2.541,1.0316,0.8656,-0.0213,0.0036,4.0016,0.9395,-0.0595,0.3221,-0.0079,0.0014,-1.0353,-2.5502,-0.3726,0.8656,-0.0213,0.0036,0.0771,1.0377,3.9769,0.3221,-0.0079,0.0014,,,4.0016,40.1323,17.2,holding
2026-09-21T12:02:22.002+09:00,TEST_0001_TEST_P01,TEST_P01,PULL_TEST,,657.4303588867188,60.30076217651367,486.92950439453125,178.58563232421875,-89.7529067993164,-179.94932556152344,-0.4396,-2.541,1.0316,0.8656,-0.0213,0.0036,4.0016,0.9395,-0.0595,0.3221,-0.0079,0.0014,-1.0353,-2.5502,-0.3726,0.8656,-0.0213,0.0036,0.0771,1.0377,3.9769,0.3221,-0.0079,0.0014,,,4.0016,40.6701,17.2,holding
2026-09-21T12:02:22.058+09:00,TEST_0001_TEST_P01,TEST_P01,PULL_TEST,,656.8502807617188,60.2853889465332,486.8946533203125,178.58465576171875,-89.75557708740234,-179.9548797607422,-0.0944,-2.5438,1.1806,0.8651,-0.0214,0.0037,4.3468,0.9367,0.0895,0.3215,-0.008,0.0014,-1.1828,-2.5444,-0.0265,0.8651,-0.0214,0.0037,-0.0704,1.0435,4.323,0.3215,-0.008,0.0014,,,4.3468,41.2502,17.2,holding
2026-09-21T12:02:22.114+09:00,TEST_0001_TEST_P01,TEST_P01,PULL_TEST,,656.2906494140625,60.3064079284668,486.831787109375,178.5863494873047,-89.7608413696289,-179.94752502441406,-0.0944,-2.5438,1.1806,0.8651,-0.0214,0.0037,4.3468,0.9367,0.0895,0.3215,-0.008,0.0014,-1.1828,-2.5444,-0.0265,0.8651,-0.0214,0.0037,-0.0704,1.0435,4.323,0.3215,-0.008,0.0014,,,4.3468,41.8098,17.2,holding
2026-09-21T12:02:22.171+09:00,TEST_0001_TEST_P01,TEST_P01,PULL_TEST,,655.733642578125,60.32831954956055,486.8741455078125,178.58816528320312,-89.7574462890625,-179.94949340820312,-0.4389,-2.6084,1.0319,0.8627,-0.0213,0.0036,4.0022,0.8721,-0.0592,0.3191,-0.0079,0.0014,-1.036,-2.6174,-0.3701,0.8627,-0.0213,0.0036,0.0764,0.9705,3.9793,0.3191,-0.0079,0.0014,,,4.0022,42.3668,17.2,holding
2026-09-21T12:02:22.227+09:00,TEST_0001_TEST_P01,TEST_P01,PULL_TEST,,655.17919921875,60.30766296386719,486.9107360839844,178.58660888671875,-89.75446319580078,-179.94766235351562,-0.4389,-2.6084,1.0319,0.8627,-0.0213,0.0036,4.0022,0.8721,-0.0592,0.3191,-0.0079,0.0014,-1.036,-2.6174,-0.3701,0.8627,-0.0213,0.0036,0.0764,0.9705,3.9793,0.3191,-0.0079,0.0014,,,4.0022,42.9213,17.2,holding
2026-09-21T12:02:22.282+09:00,TEST_0001_TEST_P01,TEST_P01,PULL_TEST,,654.6195678710938,60.282554626464844,486.85284423828125,178.58470153808594,-89.75940704345703,-179.9504852294922,-0.2863,-2.5615,0.9986,0.8693,-0.0214,0.0037,4.1549,0.919,-0.0926,0.3257,-0.008,0.0014,-1.0019,-2.5668,-0.2187,0.8693,-0.0214,0.0037,0.1105,1.0211,4.1308,0.3257,-0.008,0.0014,,,4.1549,43.4809,17.2,holding
2026-09-21T12:02:22.338+09:00,TEST_0001_TEST_P01,TEST_P01,PULL_TEST,,654.08154296875,60.27885437011719,486.80108642578125,178.5843505859375,-89.76364135742188,-179.94979858398438,-0.2863,-2.5615,0.9986,0.8693,-0.0214,0.0037,4.1549,0.919,-0.0926,0.3257,-0.008,0.0014,-1.0019,-2.5668,-0.2187,0.8693,-0.0214,0.0037,0.1105,1.0211,4.1308,0.3257,-0.008,0.0014,,,4.1549,44.0189,17.2,holding
2026-09-21T12:02:22.393+09:00,TEST_0001_TEST_P01,TEST_P01,PULL_TEST,,653.5115966796875,60.30241775512695,486.7919616699219,178.5865478515625,-89.76449584960938,-179.94967651367188,0.0232,-2.5401,1.1589,0.8753,-0.0216,0.0037,4.4643,0.9404,0.0678,0.3317,-0.0082,0.0014,-1.1609,-2.5377,0.0906,0.8753,-0.0216,0.0037,-0.0484,1.0502,4.4401,0.3317,-0.0082,0.0014,,,4.4643,44.5889,17.2,holding
2026-09-21T12:02:22.450+09:00,TEST_0001_TEST_P01,TEST_P01,PULL_TEST,,652.9429931640625,60.312255859375,486.8847351074219,178.5875701904297,-89.75664520263672,-179.95005798339844,-0.459,-2.5206,1.0877,0.8827,-0.0218,0.0037,3.9821,0.9599,-0.0034,0.3391,-0.0084,0.0014,-1.0915,-2.5302,-0.3922,0.8827,-0.0218,0.0037,0.0209,1.0577,3.9573,0.3391,-0.0084,0.0014,,,3.9821,45.1575,17.2,holding
2026-09-21T12:02:22.506+09:00,TEST_0001_TEST_P01,TEST_P01,PULL_TEST,,652.3951416015625,60.299842834472656,486.9255676269531,178.5861053466797,-89.75336456298828,-179.9487762451172,-0.459,-2.5206,1.0877,0.8827,-0.0218,0.0037,3.9821,0.9599,-0.0034,0.3391,-0.0084,0.0014,-1.0915,-2.5302,-0.3922,0.8827,-0.0218,0.0037,0.0209,1.0577,3.9573,0.3391,-0.0084,0.0014,,,3.9821,45.7053,17.2,holding
2026-09-21T12:02:22.561+09:00,TEST_0001_TEST_P01,TEST_P01,PULL_TEST,,651.8372802734375,60.29556655883789,486.884033203125,178.58554077148438,-89.7563705444336,-179.94924926757812,-0.3388,-2.5359,1.0356,0.8859,-0.0219,0.0038,4.1023,0.9446,-0.0555,0.3424,-0.0085,0.0015,-1.0389,-2.5426,-0.2717,0.8859,-0.0219,0.0038,0.0735,1.0453,4.0777,0.3424,-0.0085,0.0015,,,4.1023,46.2632,17.2,holding
2026-09-21T12:02:22.616+09:00,TEST_0001_TEST_P01,TEST_P01,PULL_TEST,,651.2696533203125,60.32047653198242,486.87213134765625,178.58786010742188,-89.75739288330078,-179.94468688964844,-0.3388,-2.5359,1.0356,0.8859,-0.0219,0.0038,4.1023,0.9446,-0.0555,0.3424,-0.0085,0.0015,-1.0389,-2.5426,-0.2717,0.8859,-0.0219,0.0038,0.0735,1.0453,4.0777,0.3424,-0.0085,0.0015,,,4.1023,46.8308,17.2,holding
2026-09-21T12:02:22.671+09:00,TEST_0001_TEST_P01,TEST_P01,PULL_TEST,,650.7158203125,60.345794677734375,486.8669738769531,178.5902557373047,-89.75746154785156,-179.9527130126953,-0.1053,-2.5518,1.0723,0.8881,-0.0219,0.0038,4.3359,0.9287,-0.0188,0.3445,-0.0085,0.0015,-1.0747,-2.5527,-0.0379,0.8881,-0.0219,0.0038,0.0377,1.0352,4.3116,0.3445,-0.0085,0.0015,,,4.3359,47.3846,17.2,holding
2026-09-21T12:02:22.726+09:00,TEST_0001_TEST_P01,TEST_P01,PULL_TEST,,650.178466796875,60.33218765258789,486.8788146972656,178.5888671875,-89.75652313232422,-179.9527587890625,-0.1053,-2.5518,1.0723,0.8881,-0.0219,0.0038,4.3359,0.9287,-0.0188,0.3445,-0.0085,0.0015,-1.0747,-2.5527,-0.0379,0.8881,-0.0219,0.0038,0.0377,1.0352,4.3116,0.3445,-0.0085,0.0015,,,4.3359,47.922,17.2,holding
2026-09-21T12:02:22.781+09:00,TEST_0001_TEST_P01,TEST_P01,PULL_TEST,,649.6109619140625,60.307254791259766,486.88726806640625,178.5872039794922,-89.75576782226562,-179.9496612548828,-0.1515,-2.5205,1.2855,0.8993,-0.0222,0.0038,4.2896,0.96,0.1944,0.3558,-0.0087,0.0016,-1.2879,-2.5225,-0.0839,0.8993,-0.0222,0.0038,-0.1755,1.0654,4.2655,0.3558,-0.0087,0.0016,,,4.2896,48.4895,17.2,holding
2026-09-21T12:02:22.837+09:00,TEST_0001_TEST_P01,TEST_P01,PULL_TEST,,649.0723876953125,60.3093376159668,486.84332275390625,178.58740234375,-89.75950622558594,-179.9469757080078,-0.1515,-2.5205,1.2855,0.8993,-0.0222,0.0038,4.2896,0.96,0.1944,0.3558,-0.0087,0.0016,-1.2879,-2.5225,-0.0839,0.8993,-0.0222,0.0038,-0.1755,1.0654,4.2655,0.3558,-0.0087,0.0016,,,4.2896,49.0281,17.2,holding
2026-09-21T12:02:22.892+09:00,TEST_0001_TEST_P01,TEST_P01,PULL_TEST,,648.6361694335938,60.342735290527344,486.83526611328125,178.58982849121094,-89.7606201171875,-179.95379638671875,-0.6513,-2.5596,1.1543,0.8955,-0.0221,0.0038,3.7898,0.9209,0.0632,0.3519,-0.0087,0.0015,-1.159,-2.5739,-0.5832,0.8955,-0.0221,0.0038,-0.0466,1.0141,3.7662,0.3519,-0.0087,0.0015,,,3.7898,49.4643,17.2,holding
2026-09-21T12:02:42.787+09:00,TEST_0001_TEST_P01,TEST_P01,RELEASE,RETURN_SOFT_GRIP_COMMAND,648.1014404296875,60.35940933227539,486.913818359375,178.58804321289062,-89.76068878173828,-179.94970703125,-1.9452,-2.4941,1.0491,0.7534,-0.0186,0.0031,0.0,0.0,0.0,0.0,0.0,0.0,-1.0592,-2.5403,-1.8787,0.7534,-0.0186,0.0031,0.0,0.0,0.0,0.0,0.0,0.0,,,,,17.2,moving
2026-09-21T12:03:12.563+09:00,TEST_0002_TEST_P01,TEST_P01,SOFT_GRIP_ENTRY,SOFT_GRIP_COMMAND,673.2657470703125,60.53553771972656,486.6800537109375,178.59841918945312,-89.77957153320312,-179.94207763671875,-3.3123,-2.7025,0.8919,0.212,-0.0052,0.0008,0.0,0.0,0.0,0.0,0.0,0.0,-0.9071,-2.7818,-3.2417,0.212,-0.0052,0.0008,0.0,0.0,0.0,0.0,0.0,0.0,,,,,74.5,moving
2026-09-21T12:03:19.334+09:00,TEST_0002_TEST_P01,TEST_P01,SOFT_GRIP_ENTRY,ENTRY_MOTION_START_WIDTH_REACHED,673.1007690429688,60.3857536315918,486.8581237792969,178.59005737304688,-89.76544189453125,-179.9503936767578,-2.3344,-2.2727,1.0513,0.4489,-0.011,0.0018,0.9779,0.4298,0.1595,0.2369,-0.0059,0.001,-1.0627,-2.3285,-2.2734,0.4489,-0.011,0.0018,-0.1555,0.4533,0.9683,0.2369,-0.0059,0.001,,,,,19.6,moving
2026-09-21T12:03:19.365+09:00,TEST_0002_TEST_P01,TEST_P01,SOFT_GRIP_ENTRY,,673.1007690429688,60.3856086730957,486.8579406738281,178.5900421142578,-89.76547241210938,-179.9502410888672,-2.3463,-2.2648,1.0466,0.4488,-0.011,0.0018,0.9659,0.4377,0.1548,0.2368,-0.0059,0.001,-1.058,-2.3209,-2.2856,0.4488,-0.011,0.0018,-0.1509,0.4609,0.9561,0.2368,-0.0059,0.001,0.9659,-0.1656,,,18.9,moving
2026-09-21T12:03:19.420+09:00,TEST_0002_TEST_P01,TEST_P01,SOFT_GRIP_ENTRY,,673.1013793945312,60.385868072509766,486.85687255859375,178.59005737304688,-89.76554870605469,-179.95040893554688,-2.3463,-2.2648,1.0466,0.4488,-0.011,0.0018,0.9659,0.4377,0.1548,0.2368,-0.0059,0.001,-1.058,-2.3209,-2.2856,0.4488,-0.011,0.0018,-0.1509,0.4609,0.9561,0.2368,-0.0059,0.001,0.9659,-0.165,,,18.2,moving
2026-09-21T12:03:19.475+09:00,TEST_0002_TEST_P01,TEST_P01,SOFT_GRIP_ENTRY,,673.1411743164062,60.39439392089844,486.7828674316406,178.5902862548828,-89.77169799804688,-179.95196533203125,-2.5606,-2.1967,1.4104,0.4627,-0.0114,0.0019,0.7516,0.5058,0.5186,0.2508,-0.0062,0.0011,-1.4226,-2.2578,-2.5,0.4627,-0.0114,0.0019,-0.5154,0.524,0.7417,0.2508,-0.0062,0.0011,0.7516,-0.1252,,,18.2,moving
2026-09-21T12:03:19.530+09:00,TEST_0002_TEST_P01,TEST_P01,SOFT_GRIP_ENTRY,,673.2775268554688,60.43240737915039,486.5689697265625,178.59278869628906,-89.78873443603516,-179.9653778076172,-2.5606,-2.1967,1.4104,0.4627,-0.0114,0.0019,0.7516,0.5058,0.5186,0.2508,-0.0062,0.0011,-1.4226,-2.2578,-2.5,0.4627,-0.0114,0.0019,-0.5154,0.524,0.7417,0.2508,-0.0062,0.0011,0.7516,0.0112,,,18.2,moving
2026-09-21T12:03:19.586+09:00,TEST_0002_TEST_P01,TEST_P01,SOFT_GRIP_ENTRY,,673.5545654296875,60.50352096557617,486.382568359375,178.599365234375,-89.80522918701172,-179.97607421875,-4.2484,-2.2585,1.8,0.5128,-0.0126,0.002,-0.9361,0.444,0.9082,0.3008,-0.0074,0.0012,-1.8163,-2.361,-4.1852,0.5128,-0.0126,0.002,-0.9092,0.4208,-0.9435,0.3008,-0.0074,0.0012,0.9361,0.2882,,,18.1,moving
2026-09-21T12:03:19.641+09:00,TEST_0002_TEST_P01,TEST_P01,SOFT_GRIP_ENTRY,,674.02783203125,60.541778564453125,486.5083312988281,178.6024169921875,-89.79622650146484,-179.97006225585938,-4.2484,-2.2585,1.8,0.5128,-0.0126,0.002,-0.9361,0.444,0.9082,0.3008,-0.0074,0.0012,-1.8163,-2.361,-4.1852,0.5128,-0.0126,0.002,-0.9092,0.4208,-0.9435,0.3008,-0.0074,0.0012,0.9361,0.7615,,,18.1,moving
2026-09-21T12:03:19.695+09:00,TEST_0002_TEST_P01,TEST_P01,SOFT_GRIP_ENTRY,,674.5850219726562,60.54454803466797,486.51885986328125,178.6021270751953,-89.7964859008789,-179.9622039794922,-5.849,-2.2896,1.9248,0.4565,-0.0112,0.0016,-2.5367,0.4129,1.0329,0.2446,-0.006,0.0008,-1.9466,-2.4306,-5.7845,0.4565,-0.0112,0.0016,-1.0395,0.3512,-2.5428,0.2446,-0.006,0.0008,2.5367,1.3187,,,18.1,moving
2026-09-21T12:03:19.751+09:00,TEST_0002_TEST_P01,TEST_P01,SOFT_GRIP_ENTRY,,675.1438598632812,60.54560089111328,486.4941711425781,178.60195922851562,-89.79949188232422,-179.9611053466797,-5.4302,-2.1241,2.157,0.4296,-0.0105,0.0015,-2.1179,0.5784,1.2651,0.2176,-0.0053,0.0007,-2.1773,-2.2545,-5.3692,0.4296,-0.0105,0.0015,-1.2702,0.5274,-2.1275,0.2176,-0.0053,0.0007,2.1179,1.8775,,,18.1,moving
2026-09-21T12:03:19.808+09:00,TEST_0002_TEST_P01,TEST_P01,SOFT_GRIP_ENTRY,,675.7367553710938,60.55730056762695,486.57305908203125,178.60304260253906,-89.79345703125,-179.9558868408203,-5.4302,-2.1241,2.157,0.4296,-0.0105,0.0015,-2.1179,0.5784,1.2651,0.2176,-0.0053,0.0007,-2.1773,-2.2545,-5.3692,0.4296,-0.0105,0.0015,-1.2702,0.5274,-2.1275,0.2176,-0.0053,0.0007,2.1179,2.4704,,,18.1,moving
2026-09-21T12:03:19.864+09:00,TEST_0002_TEST_P01,TEST_P01,SOFT_GRIP_ENTRY,,676.3357543945312,60.55207824707031,486.644287109375,178.6023406982422,-89.78789520263672,-179.9524688720703,-6.1158,-2.0244,2.1928,0.4347,-0.0106,0.0016,-2.8035,0.6781,1.301,0.2227,-0.0054,0.0008,-2.2172,-2.171,-6.0564,0.4347,-0.0106,0.0016,-1.3101,0.6108,-2.8147,0.2227,-0.0054,0.0008,2.8035,3.0694,,,18.1,moving
2026-09-21T12:03:19.921+09:00,TEST_0002_TEST_P01,TEST_P01,SOFT_GRIP_ENTRY,,676.9121704101562,60.50239944458008,486.6425476074219,178.5982208251953,-89.78843688964844,-179.95811462402344,-6.1158,-2.0244,2.1928,0.4347,-0.0106,0.0016,-2.8035,0.6781,1.301,0.2227,-0.0054,0.0008,-2.2172,-2.171,-6.0564,0.4347,-0.0106,0.0016,-1.3101,0.6108,-2.8147,0.2227,-0.0054,0.0008,2.8035,3.6458,,,18.1,moving
2026-09-21T12:03:19.976+09:00,TEST_0002_TEST_P01,TEST_P01,SOFT_GRIP_ENTRY,,677.4705200195312,60.47078323364258,486.6841735839844,178.5958251953125,-89.78494262695312,-179.95635986328125,-6.0589,-1.7783,2.4957,0.4375,-0.0107,0.0016,-2.7467,0.9242,1.6038,0.2256,-0.0055,0.0008,-2.5191,-1.9244,-6.0043,0.4375,-0.0107,0.0016,-1.612,0.8574,-2.7626,0.2256,-0.0055,0.0008,2.7467,4.2042,,,18.1,moving
2026-09-21T12:03:20.032+09:00,TEST_0002_TEST_P01,TEST_P01,SOFT_GRIP_ENTRY,,678.0382080078125,60.479164123535156,486.7218933105469,178.59629821777344,-89.78192901611328,-179.9536895751953,-6.0589,-1.7783,2.4957,0.4375,-0.0107,0.0016,-2.7467,0.9242,1.6038,0.2256,-0.0055,0.0008,-2.5191,-1.9244,-6.0043,0.4375,-0.0107,0.0016,-1.612,0.8574,-2.7626,0.2256,-0.0055,0.0008,2.7467,4.7719,,,18.1,moving
2026-09-21T12:03:20.088+09:00,TEST_0002_TEST_P01,TEST_P01,SOFT_GRIP_ENTRY,,678.6067504882812,60.48097610473633,486.7967529296875,178.59608459472656,-89.77587890625,-179.9547119140625,-6.9498,-1.6388,2.5168,0.4288,-0.0105,0.0016,-3.6376,1.0637,1.6249,0.2169,-0.0053,0.0008,-2.5447,-1.8065,-6.8979,0.4288,-0.0105,0.0016,-1.6376,0.9753,-3.6562,0.2169,-0.0053,0.0008,3.6376,5.3404,,,18.1,moving
2026-09-21T12:03:20.144+09:00,TEST_0002_TEST_P01,TEST_P01,SOFT_GRIP_ENTRY,,679.160888671875,60.45682144165039,486.849365234375,178.5941162109375,-89.77125549316406,-179.9498291015625,-7.0598,-1.5185,2.5941,0.4268,-0.0105,0.0017,-3.7476,1.1841,1.7023,0.2149,-0.0053,0.0009,-2.6236,-1.6889,-7.01,0.4268,-0.0105,0.0017,-1.7165,1.0929,-3.7683,0.2149,-0.0053,0.0009,3.7476,5.8945,,,18.1,moving
2026-09-21T12:03:20.201+09:00,TEST_0002_TEST_P01,TEST_P01,SOFT_GRIP_ENTRY,,679.7412109375,60.427391052246094,486.8754577636719,178.59144592285156,-89.76902770996094,-179.94671630859375,-7.0598,-1.5185,2.5941,0.4268,-0.0105,0.0017,-3.7476,1.1841,1.7023,0.2149,-0.0053,0.0009,-2.6236,-1.6889,-7.01,0.4268,-0.0105,0.0017,-1.7165,1.0929,-3.7683,0.2149,-0.0053,0.0009,3.7476,6.4749,,,18.1,moving
2026-09-21T12:03:20.258+09:00,TEST_0002_TEST_P01,TEST_P01,SOFT_GRIP_ENTRY,,680.3089599609375,60.430904388427734,486.9192810058594,178.59161376953125,-89.76541900634766,-179.9498291015625,-7.9274,-1.4868,2.4764,0.4307,-0.0106,0.0017,-4.6152,1.2157,1.5845,0.2188,-0.0054,0.0009,-2.5097,-1.679,-7.8784,0.4307,-0.0106,0.0017,-1.6026,1.1028,-4.6367,0.2188,-0.0054,0.0009,4.6152,7.0426,,,18.2,moving
2026-09-21T12:03:20.314+09:00,TEST_0002_TEST_P01,TEST_P01,SOFT_GRIP_ENTRY,,680.8507690429688,60.45659637451172,486.8301696777344,178.59422302246094,-89.77252960205078,-179.94903564453125,-7.9274,-1.4868,2.4764,0.4307,-0.0106,0.0017,-4.6152,1.2157,1.5845,0.2188,-0.0054,0.0009,-2.5097,-1.679,-7.8784,0.4307,-0.0106,0.0017,-1.6026,1.1028,-4.6367,0.2188,-0.0054,0.0009,4.6152,7.5844,,,18.2,moving
2026-09-21T12:03:20.370+09:00,TEST_0002_TEST_P01,TEST_P01,SOFT_GRIP_ENTRY,,681.4208984375,60.47821044921875,486.8191833496094,178.59584045410156,-89.77351379394531,-179.94964599609375,-8.254,-1.6258,2.1452,0.4305,-0.0106,0.0017,-4.9418,1.0767,1.2533,0.2185,-0.0054,0.0009,-2.1793,-1.8258,-8.2031,0.4305,-0.0106,0.0017,-1.2721,0.9561,-4.9614,0.2185,-0.0054,0.0009,4.9418,8.1545,,,18.2,moving
2026-09-21T12:03:20.426+09:00,TEST_0002_TEST_P01,TEST_P01,SOFT_GRIP_ENTRY,,681.995361328125,60.47328186035156,486.8678894042969,178.59535217285156,-89.76973724365234,-179.95248413085938,-8.254,-1.6258,2.1452,0.4305,-0.0106,0.0017,-4.9418,1.0767,1.2533,0.2185,-0.0054,0.0009,-2.1793,-1.8258,-8.2031,0.4305,-0.0106,0.0017,-1.2721,0.9561,-4.9614,0.2185,-0.0054,0.0009,4.9418,8.729,,,18.2,moving
2026-09-21T12:03:20.481+09:00,TEST_0002_TEST_P01,TEST_P01,SOFT_GRIP_ENTRY,,682.558837890625,60.44085693359375,486.90704345703125,178.59298706054688,-89.76644134521484,-179.95010375976562,-8.1255,-1.7782,2.4213,0.4398,-0.0108,0.0018,-4.8133,0.9243,1.5294,0.2278,-0.0056,0.0009,-2.4553,-1.9749,-8.0697,0.4398,-0.0108,0.0018,-1.5482,0.8069,-4.828,0.2278,-0.0056,0.0009,4.8133,9.2925,,,18.2,moving
2026-09-21T12:03:20.536+09:00,TEST_0002_TEST_P01,TEST_P01,SOFT_GRIP_ENTRY,,683.1184692382812,60.423954010009766,486.8795166015625,178.591552734375,-89.76873016357422,-179.94859313964844,-8.1255,-1.7782,2.4213,0.4398,-0.0108,0.0018,-4.8133,0.9243,1.5294,0.2278,-0.0056,0.0009,-2.4553,-1.9749,-8.0697,0.4398,-0.0108,0.0018,-1.5482,0.8069,-4.828,0.2278,-0.0056,0.0009,4.8133,9.8521,,,18.2,moving
2026-09-21T12:03:20.592+09:00,TEST_0002_TEST_P01,TEST_P01,SOFT_GRIP_ENTRY,,683.689208984375,60.43255615234375,486.7975158691406,178.5917510986328,-89.77545928955078,-179.95513916015625,-8.0256,-1.9105,2.2141,0.4345,-0.0107,0.0018,-4.7133,0.792,1.3223,0.2226,-0.0055,0.0009,-2.2482,-2.1052,-7.9672,0.4345,-0.0107,0.0018,-1.341,0.6766,-4.7255,0.2226,-0.0055,0.0009,4.7133,10.4229,,,18.2,moving
2026-09-21T12:03:20.647+09:00,TEST_0002_TEST_P01,TEST_P01,SOFT_GRIP_ENTRY,,684.2495727539062,60.449676513671875,486.825927734375,178.59335327148438,-89.7730484008789,-179.95382690429688,-6.9752,-2.1743,2.2722,0.4352,-0.0107,0.0017,-3.6629,0.5283,1.3803,0.2233,-0.0055,0.0009,-2.3014,-2.343,-6.9106,0.4352,-0.0107,0.0017,-1.3943,0.4388,-3.6689,0.2233,-0.0055,0.0009,3.6629,10.9832,,,18.2,moving
2026-09-21T12:03:20.702+09:00,TEST_0002_TEST_P01,TEST_P01,SOFT_GRIP_ENTRY,,684.8067016601562,60.450897216796875,486.88006591796875,178.5932159423828,-89.76858520507812,-179.9488983154297,-6.9752,-2.1743,2.2722,0.4352,-0.0107,0.0017,-3.6629,0.5283,1.3803,0.2233,-0.0055,0.0009,-2.3014,-2.343,-6.9106,0.4352,-0.0107,0.0017,-1.3943,0.4388,-3.6689,0.2233,-0.0055,0.0009,3.6629,11.5403,,,18.2,moving
2026-09-21T12:03:20.758+09:00,TEST_0002_TEST_P01,TEST_P01,SOFT_GRIP_ENTRY,,685.364990234375,60.41248321533203,486.79754638671875,178.58982849121094,-89.77526092529297,-179.95199584960938,-7.1672,-2.2335,2.4395,0.432,-0.0106,0.0017,-3.8549,0.4691,1.5476,0.22,-0.0054,0.0009,-2.4697,-2.4069,-7.1004,0.432,-0.0106,0.0017,-1.5626,0.3749,-3.8587,0.22,-0.0054,0.0009,3.8549,12.0986,,,18.2,moving
2026-09-21T12:03:20.814+09:00,TEST_0002_TEST_P01,TEST_P01,SOFT_GRIP_ENTRY,,685.8961181640625,60.386199951171875,486.822265625,178.58811950683594,-89.77291107177734,-179.9510498046875,-7.1672,-2.2335,2.4395,0.432,-0.0106,0.0017,-3.8549,0.4691,1.5476,0.22,-0.0054,0.0009,-2.4697,-2.4069,-7.1004,0.432,-0.0106,0.0017,-1.5626,0.3749,-3.8587,0.22,-0.0054,0.0009,3.8549,12.6298,,,18.2,moving
2026-09-21T12:03:20.870+09:00,TEST_0002_TEST_P01,TEST_P01,SOFT_GRIP_ENTRY,,686.4467163085938,60.39453125,486.92291259765625,178.5890350341797,-89.76461791992188,-179.94586181640625,-7.7077,-2.1185,2.6203,0.4272,-0.0105,0.0017,-4.3955,0.5841,1.7284,0.2153,-0.0053,0.0009,-2.6531,-2.3053,-7.6426,0.4272,-0.0105,0.0017,-1.7459,0.4765,-4.4009,0.2153,-0.0053,0.0009,4.3955,13.1804,,,18.2,moving
2026-09-21T12:03:20.926+09:00,TEST_0002_TEST_P01,TEST_P01,SOFT_GRIP_ENTRY,,687.0194091796875,60.41631317138672,486.9739685058594,178.5904541015625,-89.76055908203125,-179.94525146484375,-7.7077,-2.1185,2.6203,0.4272,-0.0105,0.0017,-4.3955,0.5841,1.7284,0.2153,-0.0053,0.0009,-2.6531,-2.3053,-7.6426,0.4272,-0.0105,0.0017,-1.7459,0.4765,-4.4009,0.2153,-0.0053,0.0009,4.3955,13.7531,,,18.2,moving
2026-09-21T12:03:20.982+09:00,TEST_0002_TEST_P01,TEST_P01,SOFT_GRIP_ENTRY,,687.5750122070312,60.43122863769531,486.9909973144531,178.591796875,-89.75898742675781,-179.94973754882812,-8.1165,-1.9147,2.877,0.4294,-0.0106,0.0018,-4.8043,0.7878,1.9851,0.2174,-0.0054,0.001,-2.9124,-2.1111,-8.0549,0.4294,-0.0106,0.0018,-2.0053,0.6707,-4.8132,0.2174,-0.0054,0.001,4.8043,14.3087,,,18.2,moving
2026-09-21T12:03:21.036+09:00,TEST_0002_TEST_P01,TEST_P01,SOFT_GRIP_ENTRY,,688.107421875,60.417598724365234,486.942626953125,178.59124755859375,-89.76297760009766,-179.94920349121094,-8.1165,-1.9147,2.877,0.4294,-0.0106,0.0018,-4.8043,0.7878,1.9851,0.2174,-0.0054,0.001,-2.9124,-2.1111,-8.0549,0.4294,-0.0106,0.0018,-2.0053,0.6707,-4.8132,0.2174,-0.0054,0.001,4.8043,14.8411,,,18.2,moving
2026-09-21T12:03:21.092+09:00,TEST_0002_TEST_P01,TEST_P01,SOFT_GRIP_ENTRY,,688.680908203125,60.39345932006836,486.8808898925781,178.58912658691406,-89.76840209960938,-179.94786071777344,-9.0122,-1.6827,3.3224,0.4347,-0.0107,0.0018,-5.6999,1.0199,2.4305,0.2227,-0.0055,0.001,-3.3612,-1.9007,-8.9543,0.4347,-0.0107,0.0018,-2.454,0.8811,-5.7126,0.2227,-0.0055,0.001,5.6999,15.4146,,,18.2,moving
2026-09-21T12:03:21.148+09:00,TEST_0002_TEST_P01,TEST_P01,SOFT_GRIP_ENTRY,,689.2452392578125,60.40303421020508,486.88885498046875,178.58987426757812,-89.76788330078125,-179.95204162597656,-10.5016,-1.9063,1.9968,0.4278,-0.0105,0.0017,-7.1893,0.7962,1.105,0.2159,-0.0053,0.0009,-2.0409,-2.1625,-10.4433,0.4278,-0.0105,0.0017,-1.1338,0.6193,-7.2016,0.2159,-0.0053,0.0009,7.1893,15.9789,,,18.2,moving
2026-09-21T12:03:21.205+09:00,TEST_0002_TEST_P01,TEST_P01,SOFT_GRIP_ENTRY,,689.8004150390625,60.41975402832031,486.8656921386719,178.5911865234375,-89.76910400390625,-179.95391845703125,-10.5016,-1.9063,1.9968,0.4278,-0.0105,0.0017,-7.1893,0.7962,1.105,0.2159,-0.0053,0.0009,-2.0409,-2.1625,-10.4433,0.4278,-0.0105,0.0017,-1.1338,0.6193,-7.2016,0.2159,-0.0053,0.0009,7.1893,16.5341,,,18.2,moving
2026-09-21T12:03:21.261+09:00,TEST_0002_TEST_P01,TEST_P01,SOFT_GRIP_ENTRY,,690.3426513671875,60.429569244384766,486.8373107910156,178.59228515625,-89.77149200439453,-179.95082092285156,-9.2085,-2.315,2.5146,0.4291,-0.0106,0.0017,-5.8963,0.3875,1.6227,0.2171,-0.0054,0.0009,-2.5536,-2.5384,-9.1387,0.4291,-0.0106,0.0017,-1.6465,0.2434,-5.897,0.2171,-0.0054,0.0009,5.8963,17.0763,,,18.2,moving
2026-09-21T12:03:21.317+09:00,TEST_0002_TEST_P01,TEST_P01,SOFT_GRIP_ENTRY,,690.9176635742188,60.44193649291992,486.834716796875,178.59323120117188,-89.77195739746094,-179.95037841796875,-9.2085,-2.315,2.5146,0.4291,-0.0106,0.0017,-5.8963,0.3875,1.6227,0.2171,-0.0054,0.0009,-2.5536,-2.5384,-9.1387,0.4291,-0.0106,0.0017,-1.6465,0.2434,-5.897,0.2171,-0.0054,0.0009,5.8963,17.6513,,,18.2,moving
2026-09-21T12:03:21.373+09:00,TEST_0002_TEST_P01,TEST_P01,SOFT_GRIP_ENTRY,,691.4708251953125,60.406715393066406,486.9358825683594,178.5902862548828,-89.7633285522461,-179.95274353027344,-9.9772,-2.2746,2.2315,0.4298,-0.0106,0.0017,-6.665,0.4279,1.3396,0.2179,-0.0054,0.0009,-2.2735,-2.5172,-9.9093,0.4298,-0.0106,0.0017,-1.3663,0.2646,-6.6676,0.2179,-0.0054,0.0009,6.665,18.2045,,,18.2,moving
2026-09-21T12:03:21.429+09:00,TEST_0002_TEST_P01,TEST_P01,SOFT_GRIP_ENTRY,,692.0333862304688,60.37150192260742,486.9632568359375,178.58721923828125,-89.76079559326172,-179.94859313964844,-9.9772,-2.2746,2.2315,0.4298,-0.0106,0.0017,-6.665,0.4279,1.3396,0.2179,-0.0054,0.0009,-2.2735,-2.5172,-9.9093,0.4298,-0.0106,0.0017,-1.3663,0.2646,-6.6676,0.2179,-0.0054,0.0009,6.665,18.767,,,18.2,moving
2026-09-21T12:03:21.484+09:00,TEST_0002_TEST_P01,TEST_P01,SOFT_GRIP_ENTRY,,692.5973510742188,60.38859558105469,486.8683166503906,178.58859252929688,-89.76876831054688,-179.94639587402344,-8.7329,-2.6133,2.2326,0.4197,-0.0103,0.0017,-5.4207,0.0893,1.3407,0.2077,-0.0052,0.0009,-2.271,-2.8257,-8.6565,0.4197,-0.0103,0.0017,-1.3639,-0.0439,-5.4148,0.2077,-0.0052,0.0009,5.4207,19.331,,,18.2,moving
2026-09-21T12:03:21.539+09:00,TEST_0002_TEST_P01,TEST_P01,SOFT_GRIP_ENTRY,,693.1423950195312,60.41556167602539,486.90380859375,178.59092712402344,-89.76602935791016,-179.94876098632812,-8.7329,-2.6133,2.2326,0.4197,-0.0103,0.0017,-5.4207,0.0893,1.3407,0.2077,-0.0052,0.0009,-2.271,-2.8257,-8.6565,0.4197,-0.0103,0.0017,-1.3639,-0.0439,-5.4148,0.2077,-0.0052,0.0009,5.4207,19.876,,,18.2,moving
2026-09-21T12:03:21.595+09:00,TEST_0002_TEST_P01,TEST_P01,SOFT_GRIP_ENTRY,,693.69580078125,60.43229293823242,486.927734375,178.592529296875,-89.76385498046875,-179.9518585205078,-8.9578,-2.3606,1.9489,0.4161,-0.0102,0.0017,-5.6456,0.3419,1.057,0.2041,-0.0051,0.0009,-1.9875,-2.5784,-8.889,0.4161,-0.0102,0.0017,-1.0804,0.2034,-5.6473,0.2041,-0.0051,0.0009,5.6456,20.4294,,,18.2,moving
2026-09-21T12:03:21.650+09:00,TEST_0002_TEST_P01,TEST_P01,SOFT_GRIP_ENTRY,,694.265380859375,60.42622756958008,486.8269348144531,178.5918426513672,-89.77204895019531,-179.9506378173828,-8.0903,-2.4894,2.2825,0.4172,-0.0103,0.0017,-4.7781,0.2131,1.3906,0.2053,-0.0051,0.0009,-2.3167,-2.6855,-8.0175,0.4172,-0.0103,0.0017,-1.4096,0.0963,-4.7758,0.2053,-0.0051,0.0009,4.7781,20.999,,,18.2,moving
2026-09-21T12:03:21.707+09:00,TEST_0002_TEST_P01,TEST_P01,SOFT_GRIP_ENTRY,,694.8486328125,60.406829833984375,486.764404296875,178.59019470214844,-89.77731323242188,-179.95034790039062,-8.0903,-2.4894,2.2825,0.4172,-0.0103,0.0017,-4.7781,0.2131,1.3906,0.2053,-0.0051,0.0009,-2.3167,-2.6855,-8.0175,0.4172,-0.0103,0.0017,-1.4096,0.0963,-4.7758,0.2053,-0.0051,0.0009,4.7781,21.5823,,,18.2,moving
2026-09-21T12:03:21.762+09:00,TEST_0002_TEST_P01,TEST_P01,SOFT_GRIP_ENTRY,,695.4122314453125,60.39821243286133,486.8150939941406,178.58935546875,-89.7729721069336,-179.95301818847656,-7.8957,-2.3507,1.9666,0.4149,-0.0102,0.0016,-4.5834,0.3518,1.0747,0.203,-0.005,0.0008,-1.9996,-2.5427,-7.8276,0.4149,-0.0102,0.0016,-1.0925,0.2392,-4.5859,0.203,-0.005,0.0008,4.5834,22.1459,,,18.2,moving
2026-09-21T12:03:21.818+09:00,TEST_0002_TEST_P01,TEST_P01,SOFT_GRIP_ENTRY,,695.9817504882812,60.41316223144531,486.85491943359375,178.590576171875,-89.76958465576172,-179.95582580566406,-7.8957,-2.3507,1.9666,0.4149,-0.0102,0.0016,-4.5834,0.3518,1.0747,0.203,-0.005,0.0008,-1.9996,-2.5427,-7.8276,0.4149,-0.0102,0.0016,-1.0925,0.2392,-4.5859,0.203,-0.005,0.0008,4.5834,22.7154,,,18.2,moving
2026-09-21T12:03:21.874+09:00,TEST_0002_TEST_P01,TEST_P01,SOFT_GRIP_ENTRY,,696.5307006835938,60.43779373168945,486.8231201171875,178.59255981445312,-89.77216339111328,-179.95199584960938,-7.7845,-2.5773,2.3315,0.4239,-0.0104,0.0017,-4.4722,0.1252,1.4396,0.2119,-0.0052,0.0009,-2.3647,-2.766,-7.7093,0.4239,-0.0104,0.0017,-1.4575,0.0158,-4.4676,0.2119,-0.0052,0.0009,4.4722,23.2643,,,18.2,moving
2026-09-21T12:03:21.929+09:00,TEST_0002_TEST_P01,TEST_P01,SOFT_GRIP_ENTRY,,697.0576171875,60.438446044921875,486.8227844238281,178.59254455566406,-89.77214050292969,-179.94874572753906,-7.7845,-2.5773,2.3315,0.4239,-0.0104,0.0017,-4.4722,0.1252,1.4396,0.2119,-0.0052,0.0009,-2.3647,-2.766,-7.7093,0.4239,-0.0104,0.0017,-1.4575,0.0158,-4.4676,0.2119,-0.0052,0.0009,4.4722,23.7913,,,18.2,moving
2026-09-21T12:03:21.985+09:00,TEST_0002_TEST_P01,TEST_P01,SOFT_GRIP_ENTRY,,697.5134887695312,60.400089263916016,486.89642333984375,178.58969116210938,-89.76575469970703,-179.94888305664062,-7.8044,-2.6078,2.2435,0.435,-0.0107,0.0017,-4.4922,0.0947,1.3516,0.2231,-0.0055,0.0009,-2.2771,-2.7967,-7.7289,0.435,-0.0107,0.0017,-1.3699,-0.0149,-4.4872,0.2231,-0.0055,0.0009,4.4922,24.2471,,,18.2,moving
2026-09-21T12:03:23.042+09:00,TEST_0002_TEST_P01,TEST_P01,SOFT_GRIP_ENTRY,SOFT_GRIP_STABILIZATION_END,698.1578369140625,60.354148864746094,486.81658935546875,178.5867919921875,-89.76909637451172,-179.947021484375,-7.2156,-1.5796,3.7659,0.5032,-0.0124,0.002,0.0,0.0,0.0,0.0,0.0,0.0,-3.7963,-1.7535,-7.1592,0.5032,-0.0124,0.002,0.0,0.0,0.0,0.0,0.0,0.0,,,,,18.2,moving
2026-09-21T12:03:23.105+09:00,TEST_0002_TEST_P01,TEST_P01,HARD_GRIP,HARD_GRIP_COMMAND,698.1566162109375,60.35316467285156,486.81939697265625,178.58665466308594,-89.76882934570312,-179.9471435546875,-7.2886,-1.4419,3.5287,0.5258,-0.013,0.0021,0.0,0.0,0.0,0.0,0.0,0.0,-3.5594,-1.6179,-7.2365,0.5258,-0.013,0.0021,0.0,0.0,0.0,0.0,0.0,0.0,,,,,18.2,moving
2026-09-21T12:03:24.108+09:00,TEST_0002_TEST_P01,TEST_P01,HARD_GRIP,HARD_GRIP_STABILIZATION_END,698.1231079101562,60.36248016357422,486.8818054199219,178.58755493164062,-89.76367950439453,-179.95005798339844,-4.2691,-3.0343,2.2364,0.6014,-0.0148,0.0025,0.0,0.0,0.0,0.0,0.0,0.0,-2.2563,-3.1367,-4.1837,0.6014,-0.0148,0.0025,0.0,0.0,0.0,0.0,0.0,0.0,,,,,18.2,moving
2026-09-21T12:03:24.144+09:00,TEST_0002_TEST_P01,TEST_P01,PULL_TEST,,698.1212158203125,60.36337661743164,486.8854064941406,178.58766174316406,-89.76338958740234,-179.9499969482422,-4.6377,-2.8279,1.8639,0.5968,-0.0147,0.0025,-0.3686,0.2064,-0.3725,-0.0046,0.0001,-0.0,-1.8853,-2.9397,-4.5589,0.5968,-0.0147,0.0025,0.371,0.197,-0.3752,-0.0046,0.0001,-0.0,,,0.3686,0.0019,18.2,moving
2026-09-21T12:03:24.199+09:00,TEST_0002_TEST_P01,TEST_P01,PULL_TEST,,698.1113891601562,60.364139556884766,486.9047546386719,178.5878448486328,-89.76183319091797,-179.94984436035156,-4.6377,-2.8279,1.8639,0.5968,-0.0147,0.0025,-0.3686,0.2064,-0.3725,-0.0046,0.0001,-0.0,-1.8853,-2.9397,-4.5589,0.5968,-0.0147,0.0025,0.371,0.197,-0.3752,-0.0046,0.0001,-0.0,,,0.3686,0.0117,18.2,moving
2026-09-21T12:03:24.254+09:00,TEST_0002_TEST_P01,TEST_P01,PULL_TEST,,698.0546264648438,60.36299514770508,486.9990539550781,178.5884246826172,-89.75428009033203,-179.94793701171875,-3.6889,-2.8447,2.1852,0.6067,-0.015,0.0025,0.5802,0.1896,-0.0511,0.0053,-0.0001,0.0001,-2.2032,-2.9327,-3.6083,0.6067,-0.015,0.0025,0.0531,0.204,0.5754,0.0053,-0.0001,0.0001,,,0.5802,0.0685,18.2,moving
2026-09-21T12:03:24.310+09:00,TEST_0002_TEST_P01,TEST_P01,PULL_TEST,,697.8907470703125,60.36431884765625,487.1292724609375,178.5890655517578,-89.74405670166016,-179.94056701660156,-3.6889,-2.8447,2.1852,0.6067,-0.015,0.0025,0.5802,0.1896,-0.0511,0.0053,-0.0001,0.0001,-2.2032,-2.9327,-3.6083,0.6067,-0.015,0.0025,0.0531,0.204,0.5754,0.0053,-0.0001,0.0001,,,0.5802,0.2324,18.2,moving
2026-09-21T12:03:24.365+09:00,TEST_0002_TEST_P01,TEST_P01,PULL_TEST,,697.6049194335938,60.35224533081055,487.2244873046875,178.58712768554688,-89.735107421875,-179.93960571289062,-2.3332,-2.8052,1.1868,0.5585,-0.0138,0.0025,1.9358,0.229,-1.0496,-0.0429,0.0011,-0.0,-1.2001,-2.8606,-2.258,0.5585,-0.0138,0.0025,1.0563,0.276,1.9257,-0.0429,0.0011,-0.0,,,1.9358,0.5182,18.2,moving
2026-09-21T12:03:24.420+09:00,TEST_0002_TEST_P01,TEST_P01,PULL_TEST,,697.1362915039062,60.33371353149414,487.2406311035156,178.5859832763672,-89.73309326171875,-179.9385528564453,-2.3332,-2.8052,1.1868,0.5585,-0.0138,0.0025,1.9358,0.229,-1.0496,-0.0429,0.0011,-0.0,-1.2001,-2.8606,-2.258,0.5585,-0.0138,0.0025,1.0563,0.276,1.9257,-0.0429,0.0011,-0.0,,,1.9358,0.9868,18.2,moving
2026-09-21T12:03:24.475+09:00,TEST_0002_TEST_P01,TEST_P01,PULL_TEST,,696.5764770507812,60.33885192871094,487.17291259765625,178.5867156982422,-89.73792266845703,-179.93862915039062,-1.5244,-2.9068,0.6679,0.5855,-0.0144,0.0027,2.7446,0.1275,-1.5684,-0.0159,0.0004,0.0002,-0.6777,-2.9428,-1.4491,0.5855,-0.0144,0.0027,1.5786,0.1938,2.7346,-0.0159,0.0004,0.0002,,,2.7446,1.5466,18.2,moving
2026-09-21T12:03:24.530+09:00,TEST_0002_TEST_P01,TEST_P01,PULL_TEST,,696.0123901367188,60.34989547729492,487.14971923828125,178.58763122558594,-89.73900604248047,-179.9405517578125,-1.5244,-2.9068,0.6679,0.5855,-0.0144,0.0027,2.7446,0.1275,-1.5684,-0.0159,0.0004,0.0002,-0.6777,-2.9428,-1.4491,0.5855,-0.0144,0.0027,1.5786,0.1938,2.7346,-0.0159,0.0004,0.0002,,,2.7446,2.1107,18.2,moving
2026-09-21T12:03:24.585+09:00,TEST_0002_TEST_P01,TEST_P01,PULL_TEST,,695.4483032226562,60.32989501953125,487.1579284667969,178.58602905273438,-89.73773956298828,-179.94508361816406,-1.9898,-2.8805,0.4893,0.6645,-0.0164,0.003,2.2793,0.1538,-1.747,0.0632,-0.0016,0.0006,-0.501,-2.9282,-1.9159,0.6645,-0.0164,0.003,1.7554,0.2085,2.2678,0.0632,-0.0016,0.0006,,,2.2793,2.6748,18.2,moving
2026-09-21T12:03:24.641+09:00,TEST_0002_TEST_P01,TEST_P01,PULL_TEST,,694.8826904296875,60.308921813964844,487.0914611816406,178.5843505859375,-89.7430419921875,-179.94534301757812,-1.9898,-2.8805,0.4893,0.6645,-0.0164,0.003,2.2793,0.1538,-1.747,0.0632,-0.0016,0.0006,-0.501,-2.9282,-1.9159,0.6645,-0.0164,0.003,1.7554,0.2085,2.2678,0.0632,-0.0016,0.0006,,,2.2793,3.2404,18.2,moving
2026-09-21T12:03:24.696+09:00,TEST_0002_TEST_P01,TEST_P01,PULL_TEST,,694.3048095703125,60.301979064941406,487.0216369628906,178.58383178710938,-89.7486572265625,-179.9419708251953,-1.94,-2.9445,0.9279,0.7476,-0.0185,0.0034,2.3291,0.0898,-1.3084,0.1463,-0.0036,0.0009,-0.9392,-2.9907,-1.8624,0.7476,-0.0185,0.0034,1.3172,0.146,2.3213,0.1463,-0.0036,0.0009,,,2.3291,3.8183,18.2,moving
2026-09-21T12:03:24.751+09:00,TEST_0002_TEST_P01,TEST_P01,PULL_TEST,,693.7344970703125,60.31832504272461,487.0124206542969,178.58538818359375,-89.74906158447266,-179.94142150878906,-2.0983,-3.0693,0.8502,0.783,-0.0194,0.0035,2.1707,-0.035,-1.3862,0.1817,-0.0045,0.001,-0.8622,-3.1193,-2.0182,0.783,-0.0194,0.0035,1.3942,0.0174,2.1655,0.1817,-0.0045,0.001,,,2.1707,4.3886,18.2,moving
2026-09-21T12:03:24.809+09:00,TEST_0002_TEST_P01,TEST_P01,PULL_TEST,,693.1514282226562,60.34766387939453,487.1039733886719,178.5880889892578,-89.74166870117188,-179.94427490234375,-2.0983,-3.0693,0.8502,0.783,-0.0194,0.0035,2.1707,-0.035,-1.3862,0.1817,-0.0045,0.001,-0.8622,-3.1193,-2.0182,0.783,-0.0194,0.0035,1.3942,0.0174,2.1655,0.1817,-0.0045,0.001,,,2.1707,4.9717,18.2,moving
2026-09-21T12:03:24.864+09:00,TEST_0002_TEST_P01,TEST_P01,PULL_TEST,,692.5855712890625,60.34110641479492,487.05145263671875,178.58755493164062,-89.74610137939453,-179.9459228515625,-1.6792,-3.2893,0.9806,0.8038,-0.0198,0.0036,2.5899,-0.255,-1.2557,0.2025,-0.005,0.0011,-0.9909,-3.3287,-1.5932,0.8038,-0.0198,0.0036,1.2655,-0.1921,2.5905,0.2025,-0.005,0.0011,,,2.5899,5.5375,18.2,moving
2026-09-21T12:03:24.921+09:00,TEST_0002_TEST_P01,TEST_P01,PULL_TEST,,692.0254516601562,60.31951904296875,486.9581604003906,178.58584594726562,-89.75379180908203,-179.94479370117188,-1.6792,-3.2893,0.9806,0.8038,-0.0198,0.0036,2.5899,-0.255,-1.2557,0.2025,-0.005,0.0011,-0.9909,-3.3287,-1.5932,0.8038,-0.0198,0.0036,1.2655,-0.1921,2.5905,0.2025,-0.005,0.0011,,,2.5899,6.0977,18.2,moving
2026-09-21T12:03:24.976+09:00,TEST_0002_TEST_P01,TEST_P01,PULL_TEST,,691.4662475585938,60.303897857666016,486.946044921875,178.58485412597656,-89.75464630126953,-179.94569396972656,-1.8299,-3.4008,1.0845,0.818,-0.0202,0.0036,2.4392,-0.3665,-1.1518,0.2166,-0.0054,0.0011,-1.0955,-3.4439,-1.7406,0.818,-0.0202,0.0036,1.1609,-0.3072,2.4431,0.2166,-0.0054,0.0011,,,2.4392,6.6569,18.2,moving
2026-09-21T12:03:25.032+09:00,TEST_0002_TEST_P01,TEST_P01,PULL_TEST,,690.9065551757812,60.306217193603516,486.9405212402344,178.58505249023438,-89.75503540039062,-179.9503936767578,-1.8299,-3.4008,1.0845,0.818,-0.0202,0.0036,2.4392,-0.3665,-1.1518,0.2166,-0.0054,0.0011,-1.0955,-3.4439,-1.7406,0.818,-0.0202,0.0036,1.1609,-0.3072,2.4431,0.2166,-0.0054,0.0011,,,2.4392,7.2166,18.2,moving
2026-09-21T12:03:25.087+09:00,TEST_0002_TEST_P01,TEST_P01,PULL_TEST,,690.3515014648438,60.33345031738281,486.9088439941406,178.5870361328125,-89.75748443603516,-179.95094299316406,-1.4411,-3.6203,1.2874,0.8376,-0.0207,0.0036,2.828,-0.586,-0.9489,0.2363,-0.0059,0.0011,-1.2963,-3.6536,-1.3458,0.8376,-0.0207,0.0036,0.9601,-0.517,2.8379,0.2363,-0.0059,0.0011,,,2.828,7.7716,18.2,moving
2026-09-21T12:03:25.145+09:00,TEST_0002_TEST_P01,TEST_P01,PULL_TEST,,689.7741088867188,60.354522705078125,486.8628234863281,178.5886688232422,-89.76092529296875,-179.94818115234375,-1.3609,-3.7269,1.3493,0.8524,-0.021,0.0036,2.9082,-0.6926,-0.8871,0.251,-0.0062,0.0011,-1.358,-3.7581,-1.263,0.8524,-0.021,0.0036,0.8983,-0.6214,2.9207,0.251,-0.0062,0.0011,,,2.9082,8.349,18.2,moving
2026-09-21T12:03:25.200+09:00,TEST_0002_TEST_P01,TEST_P01,PULL_TEST,,689.2100219726562,60.34398651123047,486.88751220703125,178.58802795410156,-89.75881958007812,-179.94863891601562,-1.3609,-3.7269,1.3493,0.8524,-0.021,0.0036,2.9082,-0.6926,-0.8871,0.251,-0.0062,0.0011,-1.358,-3.7581,-1.263,0.8524,-0.021,0.0036,0.8983,-0.6214,2.9207,0.251,-0.0062,0.0011,,,2.9082,8.9131,18.2,moving
2026-09-21T12:03:25.258+09:00,TEST_0002_TEST_P01,TEST_P01,PULL_TEST,,688.649169921875,60.318233489990234,486.85687255859375,178.5855712890625,-89.76132202148438,-179.95199584960938,-1.3114,-3.7015,1.3416,0.8642,-0.0213,0.0036,2.9577,-0.6672,-0.8947,0.2629,-0.0065,0.0012,-1.3499,-3.7316,-1.214,0.8642,-0.0213,0.0036,0.9064,-0.5949,2.9697,0.2629,-0.0065,0.0012,,,2.9577,9.4739,18.2,moving
2026-09-21T12:03:25.313+09:00,TEST_0002_TEST_P01,TEST_P01,PULL_TEST,,688.0932006835938,60.3043327331543,486.8528747558594,178.58453369140625,-89.7617416381836,-179.94935607910156,-1.3114,-3.7015,1.3416,0.8642,-0.0213,0.0036,2.9577,-0.6672,-0.8947,0.2629,-0.0065,0.0012,-1.3499,-3.7316,-1.214,0.8642,-0.0213,0.0036,0.9064,-0.5949,2.9697,0.2629,-0.0065,0.0012,,,2.9577,10.0299,18.2,moving
2026-09-21T12:03:25.369+09:00,TEST_0002_TEST_P01,TEST_P01,PULL_TEST,,687.5382690429688,60.317684173583984,486.87493896484375,178.585693359375,-89.75977325439453,-179.94686889648438,-1.0537,-3.5078,1.2955,0.8677,-0.0214,0.0036,3.2154,-0.4735,-0.9408,0.2664,-0.0066,0.0011,-1.3027,-3.5316,-0.9614,0.8677,-0.0214,0.0036,0.9537,-0.3949,3.2223,0.2664,-0.0066,0.0011,,,3.2154,10.5848,18.2,moving
2026-09-21T12:03:25.426+09:00,TEST_0002_TEST_P01,TEST_P01,PULL_TEST,,686.9884033203125,60.347618103027344,486.8547058105469,178.58810424804688,-89.76141357421875,-179.9503936767578,-1.0537,-3.5078,1.2955,0.8677,-0.0214,0.0036,3.2154,-0.4735,-0.9408,0.2664,-0.0066,0.0011,-1.3027,-3.5316,-0.9614,0.8677,-0.0214,0.0036,0.9537,-0.3949,3.2223,0.2664,-0.0066,0.0011,,,3.2154,11.1347,18.2,moving
2026-09-21T12:03:25.481+09:00,TEST_0002_TEST_P01,TEST_P01,PULL_TEST,,686.4183959960938,60.346534729003906,486.80364990234375,178.5882110595703,-89.7658462524414,-179.9494171142578,-0.6117,-3.5809,1.0649,0.866,-0.0214,0.0036,3.6574,-0.5466,-1.1715,0.2646,-0.0065,0.0011,-1.0702,-3.5939,-0.5188,0.866,-0.0214,0.0036,1.1861,-0.4572,3.6649,0.2646,-0.0065,0.0011,,,3.6574,11.7047,18.2,moving
2026-09-21T12:03:25.536+09:00,TEST_0002_TEST_P01,TEST_P01,PULL_TEST,,685.8607177734375,60.32177734375,486.7572937011719,178.58641052246094,-89.76950073242188,-179.94741821289062,-0.6117,-3.5809,1.0649,0.866,-0.0214,0.0036,3.6574,-0.5466,-1.1715,0.2646,-0.0065,0.0011,-1.0702,-3.5939,-0.5188,0.866,-0.0214,0.0036,1.1861,-0.4572,3.6649,0.2646,-0.0065,0.0011,,,3.6574,12.2624,18.2,moving
2026-09-21T12:03:25.593+09:00,TEST_0002_TEST_P01,TEST_P01,PULL_TEST,,685.2760620117188,60.31315612792969,486.78424072265625,178.58619689941406,-89.76727294921875,-179.94808959960938,-0.2685,-3.9405,0.4638,0.8627,-0.0213,0.0035,4.0005,-0.9062,-1.7725,0.2613,-0.0064,0.001,-0.4682,-3.9454,-0.1694,0.8627,-0.0213,0.0035,1.7881,-0.8088,4.0143,0.2613,-0.0064,0.001,,,4.0005,12.847,18.2,moving
2026-09-21T12:03:25.649+09:00,TEST_0002_TEST_P01,TEST_P01,PULL_TEST,,684.7506713867188,60.33146286010742,486.820556640625,178.58714294433594,-89.76435089111328,-179.95216369628906,0.1239,-3.7217,0.2182,0.8661,-0.0214,0.0035,4.393,-0.6874,-2.0182,0.2647,-0.0065,0.0011,-0.2204,-3.7173,0.2165,0.8661,-0.0214,0.0035,2.036,-0.5807,4.4002,0.2647,-0.0065,0.0011,,,4.393,13.3724,18.2,moving
2026-09-21T12:03:25.706+09:00,TEST_0002_TEST_P01,TEST_P01,PULL_TEST,,684.1510009765625,60.36200714111328,486.8202819824219,178.58970642089844,-89.76422882080078,-179.9520263671875,0.1239,-3.7217,0.2182,0.8661,-0.0214,0.0035,4.393,-0.6874,-2.0182,0.2647,-0.0065,0.0011,-0.2204,-3.7173,0.2165,0.8661,-0.0214,0.0035,2.036,-0.5807,4.4002,0.2647,-0.0065,0.0011,,,4.393,13.9721,18.2,moving
2026-09-21T12:03:25.763+09:00,TEST_0002_TEST_P01,TEST_P01,PULL_TEST,,683.570068359375,60.38417053222656,486.82720947265625,178.59173583984375,-89.76324462890625,-179.95242309570312,0.4333,-3.7294,-0.0729,0.8658,-0.0213,0.0036,4.7024,-0.6952,-2.3092,0.2644,-0.0065,0.0011,0.0719,-3.7177,0.5246,0.8658,-0.0213,0.0036,2.3283,-0.5811,4.7083,0.2644,-0.0065,0.0011,,,4.7024,14.553,18.2,moving
2026-09-21T12:03:25.821+09:00,TEST_0002_TEST_P01,TEST_P01,PULL_TEST,,683.0156860351562,60.370235443115234,486.8455505371094,178.59031677246094,-89.7618637084961,-179.9548797607422,0.4333,-3.7294,-0.0729,0.8658,-0.0213,0.0036,4.7024,-0.6952,-2.3092,0.2644,-0.0065,0.0011,0.0719,-3.7177,0.5246,0.8658,-0.0213,0.0036,2.3283,-0.5811,4.7083,0.2644,-0.0065,0.0011,,,4.7024,15.1074,18.2,moving
2026-09-21T12:03:25.876+09:00,TEST_0002_TEST_P01,TEST_P01,PULL_TEST,,682.4410400390625,60.34980773925781,486.93170166015625,178.58889770507812,-89.75475311279297,-179.9500732421875,0.4344,-3.3881,-0.1527,0.8713,-0.0214,0.0036,4.7034,-0.3538,-2.3891,0.2699,-0.0066,0.0011,0.1522,-3.3765,0.517,0.8713,-0.0214,0.0036,2.4085,-0.2398,4.7007,0.2699,-0.0066,0.0011,,,4.7034,15.6821,18.2,moving
2026-09-21T12:03:25.931+09:00,TEST_0002_TEST_P01,TEST_P01,PULL_TEST,,681.8724975585938,60.350337982177734,486.928466796875,178.5892333984375,-89.75467681884766,-179.94554138183594,0.4344,-3.3881,-0.1527,0.8713,-0.0214,0.0036,4.7034,-0.3538,-2.3891,0.2699,-0.0066,0.0011,0.1522,-3.3765,0.517,0.8713,-0.0214,0.0036,2.4085,-0.2398,4.7007,0.2699,-0.0066,0.0011,,,4.7034,16.2506,18.2,moving
2026-09-21T12:03:25.986+09:00,TEST_0002_TEST_P01,TEST_P01,PULL_TEST,,681.3345947265625,60.37248611450195,486.8374938964844,178.59080505371094,-89.76239776611328,-179.94931030273438,0.7008,-2.878,0.0615,0.8734,-0.0215,0.0037,4.9699,0.1563,-2.1749,0.272,-0.0067,0.0013,-0.0609,-2.8598,0.7717,0.8734,-0.0215,0.0037,2.1954,0.2768,4.9554,0.272,-0.0067,0.0013,,,4.9699,16.7885,18.2,moving
2026-09-21T12:03:26.045+09:00,TEST_0002_TEST_P01,TEST_P01,PULL_TEST,,680.7532348632812,60.38581848144531,486.8265686035156,178.59214782714844,-89.763427734375,-179.9505615234375,0.9366,-2.7361,0.2634,0.8793,-0.0216,0.0037,5.2057,0.2982,-1.973,0.2779,-0.0068,0.0012,-0.2616,-2.712,1.0046,0.8793,-0.0216,0.0037,1.9948,0.4246,5.1883,0.2779,-0.0068,0.0012,,,5.2057,17.3699,18.2,moving
2026-09-21T12:03:26.101+09:00,TEST_0002_TEST_P01,TEST_P01,PULL_TEST,,680.2050170898438,60.36294937133789,486.9402770996094,178.59031677246094,-89.75395965576172,-179.94700622558594,0.9366,-2.7361,0.2634,0.8793,-0.0216,0.0037,5.2057,0.2982,-1.973,0.2779,-0.0068,0.0012,-0.2616,-2.712,1.0046,0.8793,-0.0216,0.0037,1.9948,0.4246,5.1883,0.2779,-0.0068,0.0012,,,5.2057,17.9181,18.2,moving
2026-09-21T12:03:26.158+09:00,TEST_0002_TEST_P01,TEST_P01,PULL_TEST,,679.6546630859375,60.3272819519043,486.874267578125,178.587158203125,-89.75959014892578,-179.9491729736328,1.0089,-2.6351,0.1793,0.8829,-0.0217,0.0037,5.278,0.3992,-2.0571,0.2816,-0.0069,0.0012,-0.1771,-2.6092,1.0743,0.8829,-0.0217,0.0037,2.0792,0.5274,5.258,0.2816,-0.0069,0.0012,,,5.278,18.4684,18.2,moving
2026-09-21T12:03:26.213+09:00,TEST_0002_TEST_P01,TEST_P01,PULL_TEST,,679.090576171875,60.302738189697266,486.8163146972656,178.585205078125,-89.76428985595703,-179.9507293701172,1.0089,-2.6351,0.1793,0.8829,-0.0217,0.0037,5.278,0.3992,-2.0571,0.2816,-0.0069,0.0012,-0.1771,-2.6092,1.0743,0.8829,-0.0217,0.0037,2.0792,0.5274,5.258,0.2816,-0.0069,0.0012,,,5.278,19.0325,18.2,moving
2026-09-21T12:03:26.269+09:00,TEST_0002_TEST_P01,TEST_P01,PULL_TEST,,678.52978515625,60.306365966796875,486.823486328125,178.58572387695312,-89.76353454589844,-179.9481964111328,1.5736,-2.5344,0.0062,0.8863,-0.0219,0.0037,5.8426,0.4999,-2.2301,0.2849,-0.007,0.0012,-0.0017,-2.4948,1.6357,0.8863,-0.0219,0.0037,2.2547,0.6419,5.8194,0.2849,-0.007,0.0012,,,5.8426,19.5933,18.2,moving
2026-09-21T12:03:26.324+09:00,TEST_0002_TEST_P01,TEST_P01,PULL_TEST,,678.0000610351562,60.322471618652344,486.8063049316406,178.58642578125,-89.76490783691406,-179.95191955566406,1.5736,-2.5344,0.0062,0.8863,-0.0219,0.0037,5.8426,0.4999,-2.2301,0.2849,-0.007,0.0012,-0.0017,-2.4948,1.6357,0.8863,-0.0219,0.0037,2.2547,0.6419,5.8194,0.2849,-0.007,0.0012,,,5.8426,20.123,18.2,moving
2026-09-21T12:03:26.379+09:00,TEST_0002_TEST_P01,TEST_P01,PULL_TEST,,677.4537353515625,60.3282356262207,486.7728576660156,178.58663940429688,-89.76740264892578,-179.95423889160156,1.5211,-2.8017,-0.3288,0.8872,-0.0219,0.0036,5.7902,0.2326,-2.5651,0.2858,-0.0071,0.0012,0.333,-2.7636,1.5884,0.8872,-0.0219,0.0036,2.5893,0.3731,5.7721,0.2858,-0.0071,0.0012,,,5.7902,20.6694,18.2,moving
2026-09-21T12:03:26.434+09:00,TEST_0002_TEST_P01,TEST_P01,PULL_TEST,,676.8775024414062,60.322513580322266,486.7421569824219,178.58673095703125,-89.76966094970703,-179.95230102539062,1.5211,-2.8017,-0.3288,0.8872,-0.0219,0.0036,5.7902,0.2326,-2.5651,0.2858,-0.0071,0.0012,0.333,-2.7636,1.5884,0.8872,-0.0219,0.0036,2.5893,0.3731,5.7721,0.2858,-0.0071,0.0012,,,5.7902,21.2456,18.2,moving
2026-09-21T12:03:26.490+09:00,TEST_0002_TEST_P01,TEST_P01,PULL_TEST,,676.3355102539062,60.31509017944336,486.73004150390625,178.5858154296875,-89.77082061767578,-179.953369140625,1.7682,-2.6609,-0.2686,0.895,-0.0221,0.0036,6.0373,0.3734,-2.5049,0.2936,-0.0073,0.0012,0.2738,-2.6167,1.8322,0.895,-0.0221,0.0036,2.5301,0.52,6.0159,0.2936,-0.0073,0.0012,,,6.0373,21.7876,18.2,moving
2026-09-21T12:03:26.546+09:00,TEST_0002_TEST_P01,TEST_P01,PULL_TEST,,675.7871704101562,60.33199691772461,486.80474853515625,178.5869140625,-89.76460266113281,-179.95074462890625,1.8238,-2.5195,-0.5535,0.9012,-0.0222,0.0037,6.0929,0.5148,-2.7898,0.2998,-0.0074,0.0012,0.5591,-2.4743,1.8831,0.9012,-0.0222,0.0037,2.8154,0.6624,6.0668,0.2998,-0.0074,0.0012,,,6.0929,22.3359,18.2,moving
2026-09-21T12:03:26.601+09:00,TEST_0002_TEST_P01,TEST_P01,PULL_TEST,,675.2151489257812,60.3602294921875,486.79864501953125,178.58961486816406,-89.76496124267578,-179.94602966308594,1.8238,-2.5195,-0.5535,0.9012,-0.0222,0.0037,6.0929,0.5148,-2.7898,0.2998,-0.0074,0.0012,0.5591,-2.4743,1.8831,0.9012,-0.0222,0.0037,2.8154,0.6624,6.0668,0.2998,-0.0074,0.0012,,,6.0929,22.908,18.2,moving
2026-09-21T12:03:26.656+09:00,TEST_0002_TEST_P01,TEST_P01,PULL_TEST,,674.6525268554688,60.360206604003906,486.76800537109375,178.58984375,-89.76766204833984,-179.94985961914062,1.9552,-2.6365,-0.7191,0.9011,-0.0222,0.0037,6.2243,0.3978,-2.9555,0.2998,-0.0074,0.0012,0.7251,-2.5882,2.0165,0.9011,-0.0222,0.0037,2.9814,0.5485,6.2002,0.2998,-0.0074,0.0012,,,6.2243,23.4706,18.2,moving
2026-09-21T12:03:26.712+09:00,TEST_0002_TEST_P01,TEST_P01,PULL_TEST,,674.1275634765625,60.33683395385742,486.7732849121094,178.58773803710938,-89.76721954345703,-179.95379638671875,1.9552,-2.6365,-0.7191,0.9011,-0.0222,0.0037,6.2243,0.3978,-2.9555,0.2998,-0.0074,0.0012,0.7251,-2.5882,2.0165,0.9011,-0.0222,0.0037,2.9814,0.5485,6.2002,0.2998,-0.0074,0.0012,,,6.2243,23.9955,18.2,moving
2026-09-21T12:03:26.767+09:00,TEST_0002_TEST_P01,TEST_P01,PULL_TEST,,673.5655517578125,60.310237884521484,486.83782958984375,178.5857696533203,-89.76188659667969,-179.95213317871094,2.1866,-2.586,-1.0882,0.8951,-0.0221,0.0036,6.4556,0.4483,-3.3246,0.2938,-0.0072,0.0012,1.0953,-2.5322,2.2453,0.8951,-0.0221,0.0036,3.3516,0.6045,6.429,0.2938,-0.0072,0.0012,,,6.4556,24.5576,18.2,moving
2026-09-21T12:03:26.823+09:00,TEST_0002_TEST_P01,TEST_P01,PULL_TEST,,673.005126953125,60.3065185546875,486.802978515625,178.5856475830078,-89.76475524902344,-179.95437622070312,2.1866,-2.586,-1.0882,0.8951,-0.0221,0.0036,6.4556,0.4483,-3.3246,0.2938,-0.0072,0.0012,1.0953,-2.5322,2.2453,0.8951,-0.0221,0.0036,3.3516,0.6045,6.429,0.2938,-0.0072,0.0012,,,6.4556,25.118,18.2,moving
2026-09-21T12:03:26.878+09:00,TEST_0002_TEST_P01,TEST_P01,PULL_TEST,,672.4401245117188,60.33439636230469,486.7347412109375,178.58815002441406,-89.77008819580078,-179.95114135742188,2.7055,-2.6705,-1.1287,0.8771,-0.0216,0.0036,6.9746,0.3638,-3.3651,0.2757,-0.0068,0.0011,1.138,-2.6039,2.7659,0.8771,-0.0216,0.0036,3.3943,0.5328,6.9496,0.2757,-0.0068,0.0011,,,6.9746,25.683,18.2,moving
2026-09-21T12:03:26.934+09:00,TEST_0002_TEST_P01,TEST_P01,PULL_TEST,,671.8473510742188,60.348236083984375,486.8198547363281,178.58969116210938,-89.76313018798828,-179.94839477539062,2.7055,-2.6705,-1.1287,0.8771,-0.0216,0.0036,6.9746,0.3638,-3.3651,0.2757,-0.0068,0.0011,1.138,-2.6039,2.7659,0.8771,-0.0216,0.0036,3.3943,0.5328,6.9496,0.2757,-0.0068,0.0011,,,6.9746,26.2758,18.2,moving
2026-09-21T12:03:26.989+09:00,TEST_0002_TEST_P01,TEST_P01,PULL_TEST,,671.3190307617188,60.32505416870117,486.8855285644531,178.5872344970703,-89.75764465332031,-179.9510040283203,1.2667,-2.5331,-0.5913,0.8733,-0.0215,0.0036,5.5357,0.5012,-2.8277,0.272,-0.0067,0.0011,0.5946,-2.5017,1.3262,0.8733,-0.0215,0.0036,2.8509,0.635,5.5099,0.272,-0.0067,0.0011,,,5.5357,26.8041,18.2,moving
2026-09-21T12:03:27.046+09:00,TEST_0002_TEST_P01,TEST_P01,PULL_TEST,,670.7623291015625,60.304412841796875,486.83447265625,178.58554077148438,-89.76163482666016,-179.94937133789062,2.4573,-2.5698,-1.0947,0.8697,-0.0215,0.0036,6.7264,0.4645,-3.3311,0.2684,-0.0066,0.0012,1.103,-2.5094,2.5154,0.8697,-0.0215,0.0036,3.3594,0.6273,6.6991,0.2684,-0.0066,0.0012,,,6.7264,27.3608,18.2,moving
2026-09-21T12:03:27.101+09:00,TEST_0002_TEST_P01,TEST_P01,PULL_TEST,,670.21337890625,60.2949333190918,486.7741394042969,178.5845489501953,-89.76679992675781,-179.9520721435547,2.4573,-2.5698,-1.0947,0.8697,-0.0215,0.0036,6.7264,0.4645,-3.3311,0.2684,-0.0066,0.0012,1.103,-2.5094,2.5154,0.8697,-0.0215,0.0036,3.3594,0.6273,6.6991,0.2684,-0.0066,0.0012,,,6.7264,27.9097,18.2,moving
2026-09-21T12:03:27.156+09:00,TEST_0002_TEST_P01,TEST_P01,PULL_TEST,,669.673095703125,60.3159065246582,486.8021545410156,178.58641052246094,-89.7644271850586,-179.95213317871094,3.4777,-2.6048,-1.408,0.8692,-0.0215,0.0036,7.7468,0.4295,-3.6444,0.2679,-0.0066,0.0011,1.4206,-2.5194,3.5351,0.8692,-0.0215,0.0036,3.6769,0.6173,7.7188,0.2679,-0.0066,0.0011,,,7.7468,28.45,18.2,moving
2026-09-21T12:03:27.211+09:00,TEST_0002_TEST_P01,TEST_P01,PULL_TEST,,669.1336669921875,60.331783294677734,486.85382080078125,178.58750915527344,-89.76023864746094,-179.9485626220703,3.4777,-2.6048,-1.408,0.8692,-0.0215,0.0036,7.7468,0.4295,-3.6444,0.2679,-0.0066,0.0011,1.4206,-2.5194,3.5351,0.8692,-0.0215,0.0036,3.6769,0.6173,7.7188,0.2679,-0.0066,0.0011,,,7.7468,28.9894,18.2,moving
2026-09-21T12:03:27.267+09:00,TEST_0002_TEST_P01,TEST_P01,PULL_TEST,,668.5694580078125,60.32472229003906,486.7860412597656,178.58706665039062,-89.76590728759766,-179.95458984375,4.9507,-2.7078,-1.2736,0.8701,-0.0215,0.0036,9.2198,0.3264,-3.51,0.2688,-0.0066,0.0011,1.2924,-2.586,5.0106,0.8701,-0.0215,0.0036,3.5487,0.5506,9.1943,0.2688,-0.0066,0.0011,,,9.2198,29.5536,18.2,moving
2026-09-21T12:03:27.322+09:00,TEST_0002_TEST_P01,TEST_P01,PULL_TEST,,668.0172119140625,60.3033561706543,486.7585144042969,178.58547973632812,-89.7679672241211,-179.9529266357422,4.9507,-2.7078,-1.2736,0.8701,-0.0215,0.0036,9.2198,0.3264,-3.51,0.2688,-0.0066,0.0011,1.2924,-2.586,5.0106,0.8701,-0.0215,0.0036,3.5487,0.5506,9.1943,0.2688,-0.0066,0.0011,,,9.2198,30.1059,18.2,moving
2026-09-21T12:03:27.377+09:00,TEST_0002_TEST_P01,TEST_P01,PULL_TEST,,667.4686889648438,60.305477142333984,486.77044677734375,178.58570861816406,-89.76728820800781,-179.95236206054688,5.4427,-3.164,-1.9707,0.8617,-0.0213,0.0035,9.7117,-0.1297,-4.2071,0.2604,-0.0064,0.001,1.9902,-3.0303,5.5112,0.8617,-0.0213,0.0035,4.2465,0.1064,9.6949,0.2604,-0.0064,0.001,,,9.7117,30.6544,18.2,moving
2026-09-21T12:03:27.433+09:00,TEST_0002_TEST_P01,TEST_P01,PULL_TEST,,666.91552734375,60.35037612915039,486.8013000488281,178.589599609375,-89.76467895507812,-179.9507293701172,5.4427,-3.164,-1.9707,0.8617,-0.0213,0.0035,9.7117,-0.1297,-4.2071,0.2604,-0.0064,0.001,1.9902,-3.0303,5.5112,0.8617,-0.0213,0.0035,4.2465,0.1064,9.6949,0.2604,-0.0064,0.001,,,9.7117,31.2076,18.2,moving
2026-09-21T12:03:27.488+09:00,TEST_0002_TEST_P01,TEST_P01,PULL_TEST,,666.3661499023438,60.373958587646484,486.80511474609375,178.59152221679688,-89.76432800292969,-179.94483947753906,5.8367,-3.2017,-2.0659,0.8587,-0.0212,0.0035,10.1058,-0.1674,-4.3023,0.2573,-0.0063,0.001,2.0877,-3.059,5.9051,0.8587,-0.0212,0.0035,4.3441,0.0777,10.0888,0.2573,-0.0063,0.001,,,10.1058,31.757,18.2,moving
2026-09-21T12:03:27.546+09:00,TEST_0002_TEST_P01,TEST_P01,PULL_TEST,,665.794189453125,60.34918212890625,486.7929992675781,178.5890350341797,-89.764892578125,-179.95172119140625,6.8173,-3.1047,-2.4562,0.8533,-0.021,0.0035,11.0863,-0.0704,-4.6926,0.2519,-0.0062,0.001,2.482,-2.9381,6.8815,0.8533,-0.021,0.0035,4.7383,0.1986,11.0652,0.2519,-0.0062,0.001,,,11.0863,32.3289,18.2,moving
2026-09-21T12:03:27.601+09:00,TEST_0002_TEST_P01,TEST_P01,PULL_TEST,,665.2326049804688,60.3216552734375,486.84185791015625,178.58663940429688,-89.76048278808594,-179.95274353027344,6.8173,-3.1047,-2.4562,0.8533,-0.021,0.0035,11.0863,-0.0704,-4.6926,0.2519,-0.0062,0.001,2.482,-2.9381,6.8815,0.8533,-0.021,0.0035,4.7383,0.1986,11.0652,0.2519,-0.0062,0.001,,,11.0863,32.8905,18.2,moving
2026-09-21T12:03:27.657+09:00,TEST_0002_TEST_P01,TEST_P01,PULL_TEST,,664.6715698242188,60.325538635253906,486.8227844238281,178.58692932128906,-89.76221466064453,-179.9547882080078,6.7888,-3.3178,-1.7581,0.8417,-0.0208,0.0035,11.0578,-0.2835,-3.9944,0.2403,-0.0059,0.001,1.7839,-3.1508,6.8612,0.8417,-0.0208,0.0035,4.0402,-0.0141,11.045,0.2403,-0.0059,0.001,,,11.0578,33.4515,18.2,moving
2026-09-21T12:03:27.712+09:00,TEST_0002_TEST_P01,TEST_P01,PULL_TEST,,664.1055908203125,60.34326171875,486.8014221191406,178.5886993408203,-89.76368713378906,-179.9522247314453,6.7888,-3.3178,-1.7581,0.8417,-0.0208,0.0035,11.0578,-0.2835,-3.9944,0.2403,-0.0059,0.001,1.7839,-3.1508,6.8612,0.8417,-0.0208,0.0035,4.0402,-0.0141,11.045,0.2403,-0.0059,0.001,,,11.0578,34.0175,18.2,moving
2026-09-21T12:03:27.768+09:00,TEST_0002_TEST_P01,TEST_P01,PULL_TEST,,663.5354614257812,60.332279205322266,486.87701416015625,178.58766174316406,-89.75748443603516,-179.94491577148438,7.3026,-3.3677,-2.1775,0.8374,-0.0206,0.0035,11.5716,-0.3335,-4.4139,0.2361,-0.0058,0.001,2.2056,-3.1889,7.3741,0.8374,-0.0206,0.0035,4.4619,-0.0522,11.5578,0.2361,-0.0058,0.001,,,11.5716,34.5876,18.2,moving
2026-09-21T12:03:27.823+09:00,TEST_0002_TEST_P01,TEST_P01,PULL_TEST,,662.98583984375,60.30587387084961,486.8626708984375,178.58558654785156,-89.7584457397461,-179.950927734375,7.3026,-3.3677,-2.1775,0.8374,-0.0206,0.0035,11.5716,-0.3335,-4.4139,0.2361,-0.0058,0.001,2.2056,-3.1889,7.3741,0.8374,-0.0206,0.0035,4.4619,-0.0522,11.5578,0.2361,-0.0058,0.001,,,11.5716,35.1373,18.2,moving
2026-09-21T12:03:27.880+09:00,TEST_0002_TEST_P01,TEST_P01,PULL_TEST,,662.4004516601562,60.27034378051758,486.91741943359375,178.5828399658203,-89.75390625,-179.9462890625,6.9282,-3.3597,-1.1158,0.8481,-0.0209,0.0036,11.1972,-0.3254,-3.3521,0.2467,-0.0061,0.0011,1.1428,-3.1885,7.0042,0.8481,-0.0209,0.0036,3.3992,-0.0519,11.1879,0.2467,-0.0061,0.0011,,,11.1972,35.7227,18.2,moving
2026-09-21T12:03:27.937+09:00,TEST_0002_TEST_P01,TEST_P01,PULL_TEST,,661.8206787109375,60.2751350402832,487.0503845214844,178.5837860107422,-89.74287414550781,-179.9493865966797,6.9282,-3.3597,-1.1158,0.8481,-0.0209,0.0036,11.1972,-0.3254,-3.3521,0.2467,-0.0061,0.0011,1.1428,-3.1885,7.0042,0.8481,-0.0209,0.0036,3.3992,-0.0519,11.1879,0.2467,-0.0061,0.0011,,,11.1972,36.3024,18.1,moving
2026-09-21T12:03:27.993+09:00,TEST_0002_TEST_P01,TEST_P01,PULL_TEST,,661.2351684570312,60.3115234375,487.11480712890625,178.58749389648438,-89.73747253417969,-179.9446563720703,6.1928,-3.2817,-0.3942,0.8501,-0.021,0.0037,10.4618,-0.2474,-2.6305,0.2487,-0.0062,0.0013,0.4195,-3.1281,6.2701,0.8501,-0.021,0.0037,2.6759,0.0086,10.4538,0.2487,-0.0062,0.0013,,,10.4618,36.8879,17.1,moving
2026-09-21T12:03:28.049+09:00,TEST_0002_TEST_P01,TEST_P01,PULL_TEST,,660.6424560546875,60.32479476928711,487.1260681152344,178.58914184570312,-89.73666381835938,-179.9448699951172,1.5794,-2.8854,1.1291,0.8546,-0.0211,0.0039,5.8485,0.1489,-1.1073,0.2532,-0.0062,0.0014,-1.1243,-2.8446,1.6551,0.8546,-0.0211,0.0039,1.1321,0.2921,5.8389,0.2532,-0.0062,0.0014,,,5.8485,37.4807,15.6,moving
2026-09-21T12:03:28.105+09:00,TEST_0002_TEST_P01,TEST_P01,PULL_TEST,,660.071044921875,60.31829833984375,487.1408996582031,178.5890655517578,-89.73535919189453,-179.94482421875,1.5794,-2.8854,1.1291,0.8546,-0.0211,0.0039,5.8485,0.1489,-1.1073,0.2532,-0.0062,0.0014,-1.1243,-2.8446,1.6551,0.8546,-0.0211,0.0039,1.1321,0.2921,5.8389,0.2532,-0.0062,0.0014,,,5.8485,38.0521,13.2,moving
2026-09-21T12:03:28.160+09:00,TEST_0002_TEST_P01,TEST_P01,PULL_TEST,,659.55419921875,60.313499450683594,487.1068115234375,178.5879669189453,-89.73847961425781,-179.94189453125,-0.7333,-2.6862,1.0715,0.8521,-0.021,0.0039,3.5358,0.3481,-1.1649,0.2508,-0.0062,0.0014,-1.0773,-2.7023,-0.662,0.8521,-0.021,0.0039,1.1791,0.4343,3.5217,0.2508,-0.0062,0.0014,,,3.5358,38.5689,10.9,moving
2026-09-21T12:03:28.216+09:00,TEST_0002_TEST_P01,TEST_P01,PULL_TEST,,659.0069580078125,60.33292770385742,487.0162658691406,178.5894775390625,-89.74565124511719,-179.94540405273438,-0.7333,-2.6862,1.0715,0.8521,-0.021,0.0039,3.5358,0.3481,-1.1649,0.2508,-0.0062,0.0014,-1.0773,-2.7023,-0.662,0.8521,-0.021,0.0039,1.1791,0.4343,3.5217,0.2508,-0.0062,0.0014,,,3.5358,39.1161,10.0,moving
2026-09-21T12:03:28.272+09:00,TEST_0002_TEST_P01,TEST_P01,PULL_TEST,,658.4443969726562,60.34804153442383,486.9393310546875,178.5904998779297,-89.7519760131836,-179.94129943847656,-0.3065,-2.6096,1.0192,0.8556,-0.0211,0.0038,3.9626,0.4246,-1.2172,0.2543,-0.0062,0.0014,-1.0228,-2.6154,-0.2377,0.8556,-0.0211,0.0038,1.2335,0.5213,3.946,0.2543,-0.0062,0.0014,,,3.9626,39.6787,10.0,moving
2026-09-21T12:03:28.327+09:00,TEST_0002_TEST_P01,TEST_P01,PULL_TEST,,657.9178466796875,60.33228302001953,486.8822021484375,178.58889770507812,-89.75654602050781,-179.95143127441406,-0.3065,-2.6096,1.0192,0.8556,-0.0211,0.0038,3.9626,0.4246,-1.2172,0.2543,-0.0062,0.0014,-1.0228,-2.6154,-0.2377,0.8556,-0.0211,0.0038,1.2335,0.5213,3.946,0.2543,-0.0062,0.0014,,,3.9626,40.2053,10.0,moving
2026-09-21T12:03:28.382+09:00,TEST_0002_TEST_P01,TEST_P01,PULL_TEST,,657.3983154296875,60.299495697021484,486.9403991699219,178.58546447753906,-89.7518539428711,-179.9488983154297,-0.6961,-2.5436,1.1932,0.8614,-0.0212,0.0037,3.5729,0.4907,-1.0432,0.26,-0.0064,0.0012,-1.198,-2.559,-0.6281,0.8614,-0.0212,0.0037,1.0583,0.5777,3.5556,0.26,-0.0064,0.0012,,,3.5729,40.7248,10.0,moving
2026-09-21T12:03:28.437+09:00,TEST_0002_TEST_P01,TEST_P01,PULL_TEST,,656.84130859375,60.287208557128906,486.8952941894531,178.58465576171875,-89.75537109375,-179.95462036132812,-0.6961,-2.5436,1.1932,0.8614,-0.0212,0.0037,3.5729,0.4907,-1.0432,0.26,-0.0064,0.0012,-1.198,-2.559,-0.6281,0.8614,-0.0212,0.0037,1.0583,0.5777,3.5556,0.26,-0.0064,0.0012,,,3.5729,41.2818,10.0,moving
2026-09-21T12:03:28.493+09:00,TEST_0002_TEST_P01,TEST_P01,PULL_TEST,,656.28662109375,60.30841064453125,486.82391357421875,178.58631896972656,-89.76143646240234,-179.94696044921875,-0.5973,-2.5781,1.1331,0.8592,-0.0212,0.0037,3.6718,0.4562,-1.1032,0.2578,-0.0064,0.0012,-1.1375,-2.5912,-0.5286,0.8592,-0.0212,0.0037,1.1189,0.5455,3.6551,0.2578,-0.0064,0.0012,,,3.6718,41.8365,10.0,moving
2026-09-21T12:03:28.549+09:00,TEST_0002_TEST_P01,TEST_P01,PULL_TEST,,655.7534790039062,60.32881164550781,486.8601989746094,178.58799743652344,-89.75856018066406,-179.94931030273438,-0.2589,-2.5578,1.0067,0.8577,-0.0212,0.0036,4.0101,0.4765,-1.2297,0.2564,-0.0063,0.0011,-1.0098,-2.5625,-0.1916,0.8577,-0.0212,0.0036,1.2466,0.5742,3.9921,0.2564,-0.0063,0.0011,,,4.0101,42.3696,10.0,moving
2026-09-21T12:03:28.605+09:00,TEST_0002_TEST_P01,TEST_P01,PULL_TEST,,655.1858520507812,60.3087043762207,486.9089660644531,178.58656311035156,-89.75455474853516,-179.94786071777344,-0.2589,-2.5578,1.0067,0.8577,-0.0212,0.0036,4.0101,0.4765,-1.2297,0.2564,-0.0063,0.0011,-1.0098,-2.5625,-0.1916,0.8577,-0.0212,0.0036,1.2466,0.5742,3.9921,0.2564,-0.0063,0.0011,,,4.0101,42.9373,10.0,moving
2026-09-21T12:03:28.662+09:00,TEST_0002_TEST_P01,TEST_P01,PULL_TEST,,654.6163330078125,60.282005310058594,486.8528747558594,178.58441162109375,-89.75926971435547,-179.95022583007812,-0.412,-2.4967,1.32,0.8666,-0.0214,0.0037,3.857,0.5376,-0.9163,0.2653,-0.0066,0.0012,-1.3238,-2.5049,-0.3446,0.8666,-0.0214,0.0037,0.9326,0.6318,3.8391,0.2653,-0.0066,0.0012,,,3.857,43.5068,10.0,moving
2026-09-21T12:03:28.718+09:00,TEST_0002_TEST_P01,TEST_P01,PULL_TEST,,654.0618286132812,60.28071212768555,486.7862243652344,178.584228515625,-89.76480865478516,-179.9493865966797,-0.412,-2.4967,1.32,0.8666,-0.0214,0.0037,3.857,0.5376,-0.9163,0.2653,-0.0066,0.0012,-1.3238,-2.5049,-0.3446,0.8666,-0.0214,0.0037,0.9326,0.6318,3.8391,0.2653,-0.0066,0.0012,,,3.857,44.0613,10.0,moving
2026-09-21T12:03:28.774+09:00,TEST_0002_TEST_P01,TEST_P01,PULL_TEST,,653.4881591796875,60.30542755126953,486.7724609375,178.5867462158203,-89.76604461669922,-179.9508056640625,-0.2936,-2.5257,1.195,0.8675,-0.0214,0.0036,3.9754,0.5086,-1.0413,0.2661,-0.0066,0.0011,-1.1983,-2.5311,-0.2263,0.8675,-0.0214,0.0036,1.058,0.6056,3.9574,0.2661,-0.0066,0.0011,,,3.9754,44.6349,10.0,moving
2026-09-21T12:03:28.830+09:00,TEST_0002_TEST_P01,TEST_P01,PULL_TEST,,652.924072265625,60.311561584472656,486.8613586425781,178.58718872070312,-89.7584228515625,-179.9501190185547,-0.2936,-2.5257,1.195,0.8675,-0.0214,0.0036,3.9754,0.5086,-1.0413,0.2661,-0.0066,0.0011,-1.1983,-2.5311,-0.2263,0.8675,-0.0214,0.0036,1.058,0.6056,3.9574,0.2661,-0.0066,0.0011,,,3.9754,45.199,10.0,moving
2026-09-21T12:03:28.887+09:00,TEST_0002_TEST_P01,TEST_P01,PULL_TEST,,652.3794555664062,60.2985725402832,486.8677978515625,178.58551025390625,-89.75788879394531,-179.9500732421875,-0.4088,-2.4939,1.03,0.8761,-0.0216,0.0036,3.8603,0.5404,-1.2064,0.2747,-0.0068,0.0012,-1.0337,-2.5023,-0.3428,0.8761,-0.0216,0.0036,1.2226,0.6344,3.8409,0.2747,-0.0068,0.0012,,,3.8603,45.7437,10.0,moving
2026-09-21T12:03:28.943+09:00,TEST_0002_TEST_P01,TEST_P01,PULL_TEST,,651.8087158203125,60.2954216003418,486.8213806152344,178.5852813720703,-89.76143646240234,-179.94927978515625,-0.1723,-2.4953,1.1968,0.877,-0.0217,0.0037,4.0968,0.539,-1.0396,0.2756,-0.0068,0.0012,-1.1995,-2.4978,-0.1057,0.877,-0.0217,0.0037,1.0569,0.6389,4.078,0.2756,-0.0068,0.0012,,,4.0968,46.3144,10.0,moving
2026-09-21T12:03:29.001+09:00,TEST_0002_TEST_P01,TEST_P01,PULL_TEST,,651.2230834960938,60.32242965698242,486.8458251953125,178.58767700195312,-89.75939178466797,-179.9458770751953,-0.1723,-2.4953,1.1968,0.877,-0.0217,0.0037,4.0968,0.539,-1.0396,0.2756,-0.0068,0.0012,-1.1995,-2.4978,-0.1057,0.877,-0.0217,0.0037,1.0569,0.6389,4.078,0.2756,-0.0068,0.0012,,,4.0968,46.9,10.0,moving
2026-09-21T12:03:29.057+09:00,TEST_0002_TEST_P01,TEST_P01,PULL_TEST,,650.6609497070312,60.34461975097656,486.8229064941406,178.58961486816406,-89.76117706298828,-179.95248413085938,-0.3691,-2.4749,1.2697,0.8825,-0.0218,0.0037,3.8999,0.5594,-0.9667,0.2811,-0.0069,0.0012,-1.273,-2.4822,-0.3028,0.8825,-0.0218,0.0037,0.9834,0.6544,3.8809,0.2811,-0.0069,0.0012,,,3.8999,47.4622,10.0,moving
2026-09-21T12:03:29.113+09:00,TEST_0002_TEST_P01,TEST_P01,PULL_TEST,,650.100341796875,60.328895568847656,486.84039306640625,178.58836364746094,-89.75959014892578,-179.9537353515625,-0.3691,-2.4749,1.2697,0.8825,-0.0218,0.0037,3.8999,0.5594,-0.9667,0.2811,-0.0069,0.0012,-1.273,-2.4822,-0.3028,0.8825,-0.0218,0.0037,0.9834,0.6544,3.8809,0.2811,-0.0069,0.0012,,,3.8999,48.0228,10.0,moving
2026-09-21T12:03:29.168+09:00,TEST_0002_TEST_P01,TEST_P01,PULL_TEST,,649.534423828125,60.30474090576172,486.8718566894531,178.58657836914062,-89.75691223144531,-179.94802856445312,-0.1013,-2.4611,1.274,0.8918,-0.022,0.0037,4.1678,0.5732,-0.9624,0.2904,-0.0071,0.0013,-1.2762,-2.4618,-0.0352,0.8918,-0.022,0.0037,0.9802,0.6748,4.1485,0.2904,-0.0071,0.0013,,,4.1678,48.5887,10.0,moving
2026-09-21T12:03:29.224+09:00,TEST_0002_TEST_P01,TEST_P01,PULL_TEST,,649.0086669921875,60.317787170410156,486.7984924316406,178.5875701904297,-89.76322174072266,-179.94944763183594,-0.1013,-2.4611,1.274,0.8918,-0.022,0.0037,4.1678,0.5732,-0.9624,0.2904,-0.0071,0.0013,-1.2762,-2.4618,-0.0352,0.8918,-0.022,0.0037,0.9802,0.6748,4.1485,0.2904,-0.0071,0.0013,,,4.1678,49.1144,10.0,moving
2026-09-21T12:03:47.504+09:00,TEST_0002_TEST_P01,TEST_P01,RELEASE,RETURN_SOFT_GRIP_COMMAND,648.1244506835938,60.358455657958984,486.8811340332031,178.5875701904297,-89.76326751708984,-179.94989013671875,-1.9214,-2.5461,1.1367,0.7668,-0.0189,0.0032,0.0,0.0,0.0,0.0,0.0,0.0,-1.1467,-2.5917,-1.8534,0.7668,-0.0189,0.0032,0.0,0.0,0.0,0.0,0.0,0.0,,,,,10.0,moving
2026-09-21T12:03:59.855+09:00,TEST_0003_TEST_P01,TEST_P01,SOFT_GRIP_ENTRY,SOFT_GRIP_COMMAND,673.2674560546875,60.52930450439453,486.67828369140625,178.59780883789062,-89.7796630859375,-179.94166564941406,-3.2074,-2.6814,0.7764,0.1866,-0.0046,0.0007,0.0,0.0,0.0,0.0,0.0,0.0,-0.7912,-2.7582,-3.1378,0.1866,-0.0046,0.0007,0.0,0.0,0.0,0.0,0.0,0.0,,,,,74.5,moving
2026-09-21T12:04:06.535+09:00,TEST_0003_TEST_P01,TEST_P01,SOFT_GRIP_ENTRY,ENTRY_MOTION_START_WIDTH_REACHED,673.1038208007812,60.3849983215332,486.8521423339844,178.58993530273438,-89.76595306396484,-179.95034790039062,-2.7608,-2.3052,1.1473,0.4537,-0.0112,0.0019,0.4466,0.3762,0.371,0.2672,-0.0066,0.0011,-1.1604,-2.3714,-2.6985,0.4537,-0.0112,0.0019,-0.3692,0.3868,0.4393,0.2672,-0.0066,0.0011,,,,,19.9,moving
2026-09-21T12:04:06.566+09:00,TEST_0003_TEST_P01,TEST_P01,SOFT_GRIP_ENTRY,,673.1038208007812,60.3849983215332,486.8521423339844,178.58993530273438,-89.76595306396484,-179.95034790039062,-2.6896,-2.298,1.2037,0.454,-0.0112,0.0019,0.5178,0.3833,0.4274,0.2674,-0.0066,0.0011,-1.2165,-2.3625,-2.6273,0.454,-0.0112,0.0019,-0.4253,0.3958,0.5105,0.2674,-0.0066,0.0011,0.5178,-0.1636,,,19.3,moving
2026-09-21T12:04:06.622+09:00,TEST_0003_TEST_P01,TEST_P01,SOFT_GRIP_ENTRY,,673.1044311523438,60.38511276245117,486.8509216308594,178.58993530273438,-89.76605987548828,-179.9503631591797,-2.6896,-2.298,1.2037,0.454,-0.0112,0.0019,0.5178,0.3833,0.4274,0.2674,-0.0066,0.0011,-1.2165,-2.3625,-2.6273,0.454,-0.0112,0.0019,-0.4253,0.3958,0.5105,0.2674,-0.0066,0.0011,0.5178,-0.163,,,18.1,moving
2026-09-21T12:04:06.678+09:00,TEST_0003_TEST_P01,TEST_P01,SOFT_GRIP_ENTRY,,673.1408081054688,60.393150329589844,486.7854309082031,178.59017944335938,-89.77149200439453,-179.95193481445312,-2.8664,-2.2857,1.7353,0.4731,-0.0116,0.0019,0.341,0.3957,0.9589,0.2865,-0.0071,0.0012,-1.7487,-2.354,-2.8022,0.4731,-0.0116,0.0019,-0.9575,0.4042,0.3356,0.2865,-0.0071,0.0012,0.341,-0.1266,,,17.9,holding
2026-09-21T12:04:06.734+09:00,TEST_0003_TEST_P01,TEST_P01,SOFT_GRIP_ENTRY,,673.291015625,60.435577392578125,486.5540466308594,178.593017578125,-89.79002380371094,-179.966064453125,-2.8664,-2.2857,1.7353,0.4731,-0.0116,0.0019,0.341,0.3957,0.9589,0.2865,-0.0071,0.0012,-1.7487,-2.354,-2.8022,0.4731,-0.0116,0.0019,-0.9575,0.4042,0.3356,0.2865,-0.0071,0.0012,0.341,0.0236,,,17.9,holding
2026-09-21T12:04:06.789+09:00,TEST_0003_TEST_P01,TEST_P01,SOFT_GRIP_ENTRY,,673.5850830078125,60.49763488769531,486.39630126953125,178.5987548828125,-89.80422973632812,-179.97610473632812,-4.2961,-2.3804,2.1322,0.5195,-0.0128,0.002,-1.0888,0.301,1.3559,0.3329,-0.0082,0.0013,-2.1489,-2.4839,-4.2287,0.5195,-0.0128,0.002,-1.3577,0.2743,-1.0909,0.3329,-0.0082,0.0013,1.0888,0.3176,,,17.9,holding
2026-09-21T12:04:06.844+09:00,TEST_0003_TEST_P01,TEST_P01,SOFT_GRIP_ENTRY,,674.0806884765625,60.52354049682617,486.5143737792969,178.60055541992188,-89.79576110839844,-179.96990966796875,-5.7593,-2.3955,2.0653,0.4594,-0.0112,0.0016,-2.5519,0.2858,1.289,0.2729,-0.0067,0.0009,-2.0869,-2.5344,-5.6917,0.4594,-0.0112,0.0016,-1.2957,0.2238,-2.5539,0.2729,-0.0067,0.0009,2.5519,0.8132,,,17.9,holding
2026-09-21T12:04:06.901+09:00,TEST_0003_TEST_P01,TEST_P01,SOFT_GRIP_ENTRY,,674.654296875,60.528541564941406,486.51751708984375,178.60044860839844,-89.79670715332031,-179.9619903564453,-5.7593,-2.3955,2.0653,0.4594,-0.0112,0.0016,-2.5519,0.2858,1.289,0.2729,-0.0067,0.0009,-2.0869,-2.5344,-5.6917,0.4594,-0.0112,0.0016,-1.2957,0.2238,-2.5539,0.2729,-0.0067,0.0009,2.5519,1.3868,,,17.9,holding
2026-09-21T12:04:06.957+09:00,TEST_0003_TEST_P01,TEST_P01,SOFT_GRIP_ENTRY,,675.2178344726562,60.53371810913086,486.4983825683594,178.6007537841797,-89.79927062988281,-179.96107482910156,-4.9619,-2.2845,2.3785,0.4353,-0.0106,0.0015,-1.7546,0.3968,1.6021,0.2487,-0.0061,0.0008,-2.3972,-2.4034,-4.8963,0.4353,-0.0106,0.0015,-1.606,0.3548,-1.7585,0.2487,-0.0061,0.0008,1.7546,1.9504,,,17.9,holding
2026-09-21T12:04:07.013+09:00,TEST_0003_TEST_P01,TEST_P01,SOFT_GRIP_ENTRY,,675.8009643554688,60.54753494262695,486.55780029296875,178.6020965576172,-89.79476928710938,-179.95603942871094,-4.9619,-2.2845,2.3785,0.4353,-0.0106,0.0015,-1.7546,0.3968,1.6021,0.2487,-0.0061,0.0008,-2.3972,-2.4034,-4.8963,0.4353,-0.0106,0.0015,-1.606,0.3548,-1.7585,0.2487,-0.0061,0.0008,1.7546,2.5335,,,17.9,holding
2026-09-21T12:04:07.069+09:00,TEST_0003_TEST_P01,TEST_P01,SOFT_GRIP_ENTRY,,676.4010009765625,60.536293029785156,486.6136169433594,178.6007537841797,-89.7903823852539,-179.9537811279297,-5.4992,-2.2557,2.2945,0.4381,-0.0107,0.0016,-2.2918,0.4256,1.5182,0.2515,-0.0061,0.0009,-2.3166,-2.3873,-5.434,0.4381,-0.0107,0.0016,-1.5254,0.3709,-2.2962,0.2515,-0.0061,0.0009,2.2918,3.1335,,,17.9,holding
2026-09-21T12:04:07.125+09:00,TEST_0003_TEST_P01,TEST_P01,SOFT_GRIP_ENTRY,,676.963623046875,60.48571014404297,486.62274169921875,178.59671020507812,-89.79008483886719,-179.9586639404297,-5.4992,-2.2557,2.2945,0.4381,-0.0107,0.0016,-2.2918,0.4256,1.5182,0.2515,-0.0061,0.0009,-2.3166,-2.3873,-5.434,0.4381,-0.0107,0.0016,-1.5254,0.3709,-2.2962,0.2515,-0.0061,0.0009,2.2918,3.6962,,,17.9,holding
2026-09-21T12:04:07.181+09:00,TEST_0003_TEST_P01,TEST_P01,SOFT_GRIP_ENTRY,,677.5169067382812,60.463417053222656,486.714599609375,178.5951385498047,-89.78237915039062,-179.95635986328125,-5.281,-2.1213,2.5002,0.4382,-0.0107,0.0016,-2.0737,0.5601,1.7239,0.2516,-0.0062,0.0009,-2.521,-2.2483,-5.2182,0.4382,-0.0107,0.0016,-1.7298,0.5099,-2.0804,0.2516,-0.0062,0.0009,2.0737,4.2495,,,17.9,holding
2026-09-21T12:04:07.237+09:00,TEST_0003_TEST_P01,TEST_P01,SOFT_GRIP_ENTRY,,678.0986328125,60.47208023071289,486.73516845703125,178.59542846679688,-89.78076934814453,-179.9535369873047,-5.281,-2.1213,2.5002,0.4382,-0.0107,0.0016,-2.0737,0.5601,1.7239,0.2516,-0.0062,0.0009,-2.521,-2.2483,-5.2182,0.4382,-0.0107,0.0016,-1.7298,0.5099,-2.0804,0.2516,-0.0062,0.0009,2.0737,4.8312,,,17.9,holding
2026-09-21T12:04:07.294+09:00,TEST_0003_TEST_P01,TEST_P01,SOFT_GRIP_ENTRY,,678.6701049804688,60.474300384521484,486.7916259765625,178.5954132080078,-89.7762222290039,-179.9551239013672,-5.9602,-2.0171,2.5861,0.4293,-0.0105,0.0016,-2.7528,0.6642,1.8098,0.2427,-0.006,0.0009,-2.6106,-2.1605,-5.899,0.4293,-0.0105,0.0016,-1.8193,0.5977,-2.7612,0.2427,-0.006,0.0009,2.7528,5.4026,,,17.9,holding
2026-09-21T12:04:07.351+09:00,TEST_0003_TEST_P01,TEST_P01,SOFT_GRIP_ENTRY,,679.2321166992188,60.445884704589844,486.8387756347656,178.59312438964844,-89.77200317382812,-179.95001220703125,-6.4868,-1.9486,2.7245,0.4245,-0.0104,0.0017,-3.2795,0.7328,1.9482,0.2379,-0.0058,0.001,-2.752,-2.1049,-6.4261,0.4245,-0.0104,0.0017,-1.9608,0.6534,-3.2884,0.2379,-0.0058,0.001,3.2795,5.9647,,,17.9,holding
2026-09-21T12:04:07.408+09:00,TEST_0003_TEST_P01,TEST_P01,SOFT_GRIP_ENTRY,,679.8157958984375,60.41977310180664,486.89251708984375,178.5906219482422,-89.76746368408203,-179.94747924804688,-6.4868,-1.9486,2.7245,0.4245,-0.0104,0.0017,-3.2795,0.7328,1.9482,0.2379,-0.0058,0.001,-2.752,-2.1049,-6.4261,0.4245,-0.0104,0.0017,-1.9608,0.6534,-3.2884,0.2379,-0.0058,0.001,3.2795,6.5483,,,17.9,holding
2026-09-21T12:04:07.465+09:00,TEST_0003_TEST_P01,TEST_P01,SOFT_GRIP_ENTRY,,680.3827514648438,60.4294319152832,486.9725341796875,178.59144592285156,-89.76095581054688,-179.9496612548828,-7.1248,-1.9284,3.0244,0.425,-0.0104,0.0017,-3.9174,0.7529,2.2481,0.2384,-0.0059,0.001,-3.0551,-2.1004,-7.0628,0.425,-0.0104,0.0017,-2.2639,0.6578,-3.925,0.2384,-0.0059,0.001,3.9174,7.1153,,,17.9,holding
2026-09-21T12:04:07.521+09:00,TEST_0003_TEST_P01,TEST_P01,SOFT_GRIP_ENTRY,,680.9193725585938,60.45679473876953,486.88323974609375,178.5941925048828,-89.76805114746094,-179.94845581054688,-7.1248,-1.9284,3.0244,0.425,-0.0104,0.0017,-3.9174,0.7529,2.2481,0.2384,-0.0059,0.001,-3.0551,-2.1004,-7.0628,0.425,-0.0104,0.0017,-2.2639,0.6578,-3.925,0.2384,-0.0059,0.001,3.9174,7.6519,,,17.9,holding
2026-09-21T12:04:07.576+09:00,TEST_0003_TEST_P01,TEST_P01,SOFT_GRIP_ENTRY,,681.490966796875,60.47895050048828,486.8608093261719,178.59596252441406,-89.77017211914062,-179.9498291015625,-7.725,-1.9729,3.1427,0.4283,-0.0105,0.0017,-4.5177,0.7084,2.3663,0.2417,-0.006,0.001,-3.1756,-2.1589,-7.6616,0.4283,-0.0105,0.0017,-2.3844,0.5993,-4.5238,0.2417,-0.006,0.001,4.5177,8.2235,,,17.9,holding
2026-09-21T12:04:07.633+09:00,TEST_0003_TEST_P01,TEST_P01,SOFT_GRIP_ENTRY,,682.0645141601562,60.473873138427734,486.916015625,178.59548950195312,-89.76573181152344,-179.95254516601562,-7.725,-1.9729,3.1427,0.4283,-0.0105,0.0017,-4.5177,0.7084,2.3663,0.2417,-0.006,0.001,-3.1756,-2.1589,-7.6616,0.4283,-0.0105,0.0017,-2.3844,0.5993,-4.5238,0.2417,-0.006,0.001,4.5177,8.7971,,,17.9,holding
2026-09-21T12:04:07.690+09:00,TEST_0003_TEST_P01,TEST_P01,SOFT_GRIP_ENTRY,,682.635009765625,60.44252395629883,486.9958190917969,178.5932159423828,-89.75910186767578,-179.94888305664062,-7.902,-2.0237,3.2913,0.4365,-0.0107,0.0018,-4.6947,0.6577,2.515,0.2499,-0.0061,0.0011,-3.3252,-2.214,-7.8365,0.4365,-0.0107,0.0018,-2.534,0.5442,-4.6987,0.2499,-0.0061,0.0011,4.6947,9.3676,,,17.9,holding
2026-09-21T12:04:07.747+09:00,TEST_0003_TEST_P01,TEST_P01,SOFT_GRIP_ENTRY,,683.2144165039062,60.43003463745117,486.977294921875,178.592041015625,-89.76065826416016,-179.94764709472656,-8.9647,-2.0303,3.5967,0.4351,-0.0107,0.0018,-5.7573,0.651,2.8203,0.2485,-0.0061,0.0011,-3.6359,-2.2466,-8.897,0.4351,-0.0107,0.0018,-2.8447,0.5116,-5.7592,0.2485,-0.0061,0.0011,5.7573,9.947,,,17.9,holding
2026-09-21T12:04:07.804+09:00,TEST_0003_TEST_P01,TEST_P01,SOFT_GRIP_ENTRY,,683.7913208007812,60.44383239746094,486.849853515625,178.5929718017578,-89.7711410522461,-179.9548797607422,-8.9647,-2.0303,3.5967,0.4351,-0.0107,0.0018,-5.7573,0.651,2.8203,0.2485,-0.0061,0.0011,-3.6359,-2.2466,-8.897,0.4351,-0.0107,0.0018,-2.8447,0.5116,-5.7592,0.2485,-0.0061,0.0011,5.7573,10.5239,,,17.9,holding
2026-09-21T12:04:07.860+09:00,TEST_0003_TEST_P01,TEST_P01,SOFT_GRIP_ENTRY,,684.3572998046875,60.46443557739258,486.8816223144531,178.5948028564453,-89.7684326171875,-179.95262145996094,-9.1869,-2.0842,3.7622,0.4327,-0.0106,0.0018,-5.9795,0.5971,2.9858,0.2462,-0.0061,0.001,-3.8008,-2.3059,-9.1177,0.4327,-0.0106,0.0018,-3.0096,0.4523,-5.9799,0.2462,-0.0061,0.001,5.9795,11.0898,,,17.9,holding
2026-09-21T12:04:07.915+09:00,TEST_0003_TEST_P01,TEST_P01,SOFT_GRIP_ENTRY,,684.9177856445312,60.45602798461914,486.9564208984375,178.59376525878906,-89.7623291015625,-179.94766235351562,-9.1869,-2.0842,3.7622,0.4327,-0.0106,0.0018,-5.9795,0.5971,2.9858,0.2462,-0.0061,0.001,-3.8008,-2.3059,-9.1177,0.4327,-0.0106,0.0018,-3.0096,0.4523,-5.9799,0.2462,-0.0061,0.001,5.9795,11.6503,,,17.9,holding
2026-09-21T12:04:07.971+09:00,TEST_0003_TEST_P01,TEST_P01,SOFT_GRIP_ENTRY,,685.4734497070312,60.412784576416016,486.87457275390625,178.5899658203125,-89.7687759399414,-179.9514923095703,-9.691,-1.9835,4.2348,0.431,-0.0106,0.0018,-6.4837,0.6978,3.4585,0.2444,-0.006,0.0011,-4.2761,-2.2173,-9.622,0.431,-0.0106,0.0018,-3.4849,0.5409,-6.4842,0.2444,-0.006,0.0011,6.4837,12.206,,,17.9,holding
2026-09-21T12:04:08.027+09:00,TEST_0003_TEST_P01,TEST_P01,SOFT_GRIP_ENTRY,,686.0206909179688,60.38992691040039,486.8721618652344,178.58848571777344,-89.76868438720703,-179.9496307373047,-9.691,-1.9835,4.2348,0.431,-0.0106,0.0018,-6.4837,0.6978,3.4585,0.2444,-0.006,0.0011,-4.2761,-2.2173,-9.622,0.431,-0.0106,0.0018,-3.4849,0.5409,-6.4842,0.2444,-0.006,0.0011,6.4837,12.7532,,,17.9,holding
2026-09-21T12:04:08.083+09:00,TEST_0003_TEST_P01,TEST_P01,SOFT_GRIP_ENTRY,,686.5747680664062,60.39491271972656,486.9622497558594,178.5889434814453,-89.76127624511719,-179.9445037841797,-10.5212,-1.9251,4.4205,0.4238,-0.0104,0.0017,-7.3138,0.7562,3.6441,0.2373,-0.0059,0.001,-4.4652,-2.1796,-10.4525,0.4238,-0.0104,0.0017,-3.674,0.5787,-7.3147,0.2373,-0.0059,0.001,7.3138,13.3073,,,17.9,holding
2026-09-21T12:04:08.139+09:00,TEST_0003_TEST_P01,TEST_P01,SOFT_GRIP_ENTRY,,687.1510009765625,60.41386795043945,487.0076904296875,178.5902099609375,-89.75775909423828,-179.9461669921875,-10.5212,-1.9251,4.4205,0.4238,-0.0104,0.0017,-7.3138,0.7562,3.6441,0.2373,-0.0059,0.001,-4.4652,-2.1796,-10.4525,0.4238,-0.0104,0.0017,-3.674,0.5787,-7.3147,0.2373,-0.0059,0.001,7.3138,13.8835,,,17.9,holding
2026-09-21T12:04:08.195+09:00,TEST_0003_TEST_P01,TEST_P01,SOFT_GRIP_ENTRY,,687.707763671875,60.42405319213867,487.0124816894531,178.59136962890625,-89.75727844238281,-179.9497833251953,-10.756,-1.8255,4.7313,0.4274,-0.0105,0.0018,-7.5486,0.8559,3.955,0.2409,-0.006,0.0011,-4.7784,-2.0851,-10.6878,0.4274,-0.0105,0.0018,-3.9872,0.6731,-7.55,0.2409,-0.006,0.0011,7.5486,14.4403,,,17.9,holding
2026-09-21T12:04:08.251+09:00,TEST_0003_TEST_P01,TEST_P01,SOFT_GRIP_ENTRY,,688.24853515625,60.40003967285156,486.9609375,178.5897674560547,-89.76148986816406,-179.94798278808594,-11.3825,-1.6496,5.186,0.433,-0.0107,0.0018,-8.1751,1.0318,4.4096,0.2464,-0.0061,0.0011,-5.2347,-1.9245,-11.3169,0.433,-0.0107,0.0018,-4.4434,0.8338,-8.1791,0.2464,-0.0061,0.0011,8.1751,14.9811,,,17.9,holding
2026-09-21T12:04:08.307+09:00,TEST_0003_TEST_P01,TEST_P01,SOFT_GRIP_ENTRY,,688.8135986328125,60.38681411743164,487.0059509277344,178.58848571777344,-89.75801849365234,-179.9467010498047,-11.3825,-1.6496,5.186,0.433,-0.0107,0.0018,-8.1751,1.0318,4.4096,0.2464,-0.0061,0.0011,-5.2347,-1.9245,-11.3169,0.433,-0.0107,0.0018,-4.4434,0.8338,-8.1791,0.2464,-0.0061,0.0011,8.1751,15.5461,,,17.9,holding
2026-09-21T12:04:08.363+09:00,TEST_0003_TEST_P01,TEST_P01,SOFT_GRIP_ENTRY,,689.4039916992188,60.398292541503906,486.9241027832031,178.58944702148438,-89.76492309570312,-179.9527130126953,-11.4167,-1.6022,5.5265,0.4413,-0.0109,0.0019,-8.2093,1.0792,4.7502,0.2547,-0.0063,0.0012,-5.5766,-1.8779,-11.3501,0.4413,-0.0109,0.0019,-4.7853,0.8803,-8.2123,0.2547,-0.0063,0.0012,8.2093,16.1365,,,18.1,holding
2026-09-21T12:04:08.419+09:00,TEST_0003_TEST_P01,TEST_P01,SOFT_GRIP_ENTRY,,689.965576171875,60.44066619873047,486.67730712890625,178.59339904785156,-89.78529357910156,-179.95594787597656,-11.4167,-1.6022,5.5265,0.4413,-0.0109,0.0019,-8.2093,1.0792,4.7502,0.2547,-0.0063,0.0012,-5.5766,-1.8779,-11.3501,0.4413,-0.0109,0.0019,-4.7853,0.8803,-8.2123,0.2547,-0.0063,0.0012,8.2093,16.6981,,,18.4,holding
2026-09-21T12:04:08.475+09:00,TEST_0003_TEST_P01,TEST_P01,SOFT_GRIP_ENTRY,,690.51171875,60.48051452636719,486.5780029296875,178.59683227539062,-89.79341888427734,-179.95460510253906,-10.3419,-1.6949,2.6183,0.42,-0.0103,0.0016,-7.1346,0.9864,1.8419,0.2334,-0.0058,0.0009,-2.6577,-1.9459,-10.2876,0.42,-0.0103,0.0016,-1.8664,0.8123,-7.1498,0.2334,-0.0058,0.0009,7.1346,17.2443,,,18.4,holding
2026-09-21T12:04:08.531+09:00,TEST_0003_TEST_P01,TEST_P01,SOFT_GRIP_ENTRY,,691.1034545898438,60.46066665649414,486.6611022949219,178.59400939941406,-89.78594970703125,-179.9549560546875,-10.3419,-1.6949,2.6183,0.42,-0.0103,0.0016,-7.1346,0.9864,1.8419,0.2334,-0.0058,0.0009,-2.6577,-1.9459,-10.2876,0.42,-0.0103,0.0016,-1.8664,0.8123,-7.1498,0.2334,-0.0058,0.0009,7.1346,17.836,,,18.4,holding
2026-09-21T12:04:08.586+09:00,TEST_0003_TEST_P01,TEST_P01,SOFT_GRIP_ENTRY,,691.6597900390625,60.39147186279297,486.7628173828125,178.5883026123047,-89.77731323242188,-179.955810546875,-8.2056,-1.3882,1.7592,0.4183,-0.0103,0.0016,-4.9982,1.2931,0.9828,0.2317,-0.0057,0.0008,-1.7913,-1.5879,-8.1623,0.4183,-0.0103,0.0016,-1.0001,1.1703,-5.0245,0.2317,-0.0057,0.0008,4.9982,18.3923,,,18.4,holding
2026-09-21T12:04:08.643+09:00,TEST_0003_TEST_P01,TEST_P01,SOFT_GRIP_ENTRY,,692.2227172851562,60.383182525634766,486.7324523925781,178.58804321289062,-89.77999877929688,-179.95132446289062,-7.7063,-2.2554,1.3249,0.4036,-0.0099,0.0016,-4.4989,0.4259,0.5486,0.217,-0.0054,0.0008,-1.3564,-2.4435,-7.6432,0.4036,-0.0099,0.0016,-0.5652,0.3147,-4.5054,0.217,-0.0054,0.0008,4.4989,18.9553,,,18.4,holding
2026-09-21T12:04:08.700+09:00,TEST_0003_TEST_P01,TEST_P01,SOFT_GRIP_ENTRY,,692.760986328125,60.407684326171875,486.7408142089844,178.59002685546875,-89.77933502197266,-179.94883728027344,-7.7063,-2.2554,1.3249,0.4036,-0.0099,0.0016,-4.4989,0.4259,0.5486,0.217,-0.0054,0.0008,-1.3564,-2.4435,-7.6432,0.4036,-0.0099,0.0016,-0.5652,0.3147,-4.5054,0.217,-0.0054,0.0008,4.4989,19.4935,,,18.4,holding
2026-09-21T12:04:08.757+09:00,TEST_0003_TEST_P01,TEST_P01,SOFT_GRIP_ENTRY,,693.3348388671875,60.39427947998047,486.8284606933594,178.58863830566406,-89.77184295654297,-179.95211791992188,-8.1779,-2.3538,1.094,0.4052,-0.01,0.0016,-4.9706,0.3276,0.3176,0.2186,-0.0054,0.0009,-1.1282,-2.5535,-8.1131,0.4052,-0.01,0.0016,-0.337,0.2047,-4.9753,0.2186,-0.0054,0.0009,4.9706,20.0674,,,18.4,holding
2026-09-21T12:04:08.814+09:00,TEST_0003_TEST_P01,TEST_P01,SOFT_GRIP_ENTRY,,693.8973999023438,60.4151725769043,486.77569580078125,178.59103393554688,-89.77631378173828,-179.9535369873047,-8.1779,-2.3538,1.094,0.4052,-0.01,0.0016,-4.9706,0.3276,0.3176,0.2186,-0.0054,0.0009,-1.1282,-2.5535,-8.1131,0.4052,-0.01,0.0016,-0.337,0.2047,-4.9753,0.2186,-0.0054,0.0009,4.9706,20.6299,,,18.4,holding
2026-09-21T12:04:08.869+09:00,TEST_0003_TEST_P01,TEST_P01,SOFT_GRIP_ENTRY,,694.4741821289062,60.41596221923828,486.683837890625,178.5911407470703,-89.78398132324219,-179.9525604248047,-7.4059,-2.5736,1.2858,0.4045,-0.01,0.0016,-4.1986,0.1077,0.5094,0.2179,-0.0054,0.0009,-1.316,-2.7538,-7.3355,0.4045,-0.01,0.0016,-0.5248,0.0045,-4.1977,0.2179,-0.0054,0.0009,4.1986,21.2067,,,18.4,holding
2026-09-21T12:04:08.925+09:00,TEST_0003_TEST_P01,TEST_P01,SOFT_GRIP_ENTRY,,695.0410766601562,60.388702392578125,486.7876892089844,178.58828735351562,-89.7751235961914,-179.95030212402344,-7.4059,-2.5736,1.2858,0.4045,-0.01,0.0016,-4.1986,0.1077,0.5094,0.2179,-0.0054,0.0009,-1.316,-2.7538,-7.3355,0.4045,-0.01,0.0016,-0.5248,0.0045,-4.1977,0.2179,-0.0054,0.0009,4.1986,21.7736,,,18.4,holding
2026-09-21T12:04:08.981+09:00,TEST_0003_TEST_P01,TEST_P01,SOFT_GRIP_ENTRY,,695.5988159179688,60.38113784790039,486.9081726074219,178.5878143310547,-89.76519012451172,-179.9532928466797,-7.4832,-2.6023,1.1547,0.4051,-0.01,0.0016,-4.2758,0.079,0.3783,0.2185,-0.0054,0.0008,-1.1864,-2.7849,-7.4121,0.4051,-0.01,0.0016,-0.3952,-0.0267,-4.2744,0.2185,-0.0054,0.0008,4.2758,22.3314,,,18.4,holding
2026-09-21T12:04:09.037+09:00,TEST_0003_TEST_P01,TEST_P01,SOFT_GRIP_ENTRY,,696.1517333984375,60.417686462402344,486.7919616699219,178.59129333496094,-89.77489471435547,-179.9562225341797,-7.4832,-2.6023,1.1547,0.4051,-0.01,0.0016,-4.2758,0.079,0.3783,0.2185,-0.0054,0.0008,-1.1864,-2.7849,-7.4121,0.4051,-0.01,0.0016,-0.3952,-0.0267,-4.2744,0.2185,-0.0054,0.0008,4.2758,22.8843,,,18.4,holding
2026-09-21T12:04:09.094+09:00,TEST_0003_TEST_P01,TEST_P01,SOFT_GRIP_ENTRY,,696.718017578125,60.440067291259766,486.7657775878906,178.59271240234375,-89.77676391601562,-179.95201110839844,-7.934,-2.7289,1.2465,0.4092,-0.0101,0.0016,-4.7267,-0.0475,0.4702,0.2227,-0.0055,0.0009,-1.2796,-2.9221,-7.8596,0.4092,-0.0101,0.0016,-0.4884,-0.1639,-4.7218,0.2227,-0.0055,0.0009,4.7267,23.4506,,,18.4,holding
2026-09-21T12:04:09.150+09:00,TEST_0003_TEST_P01,TEST_P01,SOFT_GRIP_ENTRY,,697.2424926757812,60.41834259033203,486.8689270019531,178.5906982421875,-89.76815795898438,-179.94757080078125,-7.4549,-2.6969,1.6034,0.4214,-0.0104,0.0017,-4.2475,-0.0155,0.8271,0.2348,-0.0058,0.001,-1.6359,-2.8779,-7.3798,0.4214,-0.0104,0.0017,-0.8446,-0.1197,-4.242,0.2348,-0.0058,0.001,4.2475,23.975,,,18.4,holding
2026-09-21T12:04:10.207+09:00,TEST_0003_TEST_P01,TEST_P01,SOFT_GRIP_ENTRY,SOFT_GRIP_STABILIZATION_END,698.1715698242188,60.336822509765625,486.8103332519531,178.58518981933594,-89.76959228515625,-179.9469757080078,-5.165,-3.2407,2.6423,0.4867,-0.012,0.002,0.0,0.0,0.0,0.0,0.0,0.0,-2.6658,-3.3648,-5.0727,0.4867,-0.012,0.002,0.0,0.0,0.0,0.0,0.0,0.0,,,,,18.4,holding
2026-09-21T12:04:10.272+09:00,TEST_0003_TEST_P01,TEST_P01,HARD_GRIP,HARD_GRIP_COMMAND,698.169677734375,60.33708190917969,486.81451416015625,178.58517456054688,-89.76920318603516,-179.9472198486328,-4.7756,-3.3526,2.2049,0.5062,-0.0125,0.002,0.0,0.0,0.0,0.0,0.0,0.0,-2.2269,-3.4674,-4.6824,0.5062,-0.0125,0.002,0.0,0.0,0.0,0.0,0.0,0.0,,,,,18.4,holding
2026-09-21T12:04:11.275+09:00,TEST_0003_TEST_P01,TEST_P01,HARD_GRIP,HARD_GRIP_STABILIZATION_END,698.1270141601562,60.3789176940918,486.8834228515625,178.5889434814453,-89.76365661621094,-179.9501495361328,-1.9453,-3.5672,-0.2036,0.5481,-0.0135,0.0023,0.0,0.0,0.0,0.0,0.0,0.0,0.1928,-3.6142,-1.8577,0.5481,-0.0135,0.0023,0.0,0.0,0.0,0.0,0.0,0.0,,,,,17.9,moving
2026-09-21T12:04:11.311+09:00,TEST_0003_TEST_P01,TEST_P01,PULL_TEST,,698.126220703125,60.37999725341797,486.8832092285156,178.5890350341797,-89.763671875,-179.95016479492188,-1.9453,-3.5672,-0.2036,0.5481,-0.0135,0.0023,0.0,0.0,0.0,0.0,0.0,0.0,0.1928,-3.6142,-1.8577,0.5481,-0.0135,0.0023,0.0,0.0,0.0,0.0,0.0,0.0,,,0.0,0.0008,17.9,moving
2026-09-21T12:04:11.366+09:00,TEST_0003_TEST_P01,TEST_P01,PULL_TEST,,698.1204833984375,60.38145446777344,486.8927001953125,178.5892333984375,-89.76290893554688,-179.95016479492188,-1.4195,-3.4832,-0.6804,0.5381,-0.0133,0.0022,0.5258,0.084,-0.4768,-0.01,0.0002,-0.0,0.6719,-3.5177,-1.3361,0.5381,-0.0133,0.0022,0.4791,0.0965,0.5216,-0.01,0.0002,-0.0,,,0.5258,0.0065,17.7,moving
2026-09-21T12:04:11.421+09:00,TEST_0003_TEST_P01,TEST_P01,PULL_TEST,,698.0640869140625,60.38390350341797,486.9704895019531,178.59007263183594,-89.75672149658203,-179.9483642578125,-1.4195,-3.4832,-0.6804,0.5381,-0.0133,0.0022,0.5258,0.084,-0.4768,-0.01,0.0002,-0.0,0.6719,-3.5177,-1.3361,0.5381,-0.0133,0.0022,0.4791,0.0965,0.5216,-0.01,0.0002,-0.0,,,0.5258,0.0629,17.7,moving
2026-09-21T12:04:11.478+09:00,TEST_0003_TEST_P01,TEST_P01,PULL_TEST,,697.8899536132812,60.3828239440918,487.032958984375,178.59039306640625,-89.75191497802734,-179.94139099121094,-0.5461,-3.4781,-0.9581,0.5359,-0.0132,0.0023,1.3993,0.0891,-0.7545,-0.0122,0.0003,-0.0,0.9528,-3.4914,-0.4644,0.5359,-0.0132,0.0023,0.76,0.1228,1.3933,-0.0122,0.0003,-0.0,,,1.3993,0.2371,17.7,moving
2026-09-21T12:04:11.533+09:00,TEST_0003_TEST_P01,TEST_P01,PULL_TEST,,697.5888671875,60.37440490722656,487.1211853027344,178.58885192871094,-89.74356842041016,-179.93997192382812,-0.5461,-3.4781,-0.9581,0.5359,-0.0132,0.0023,1.3993,0.0891,-0.7545,-0.0122,0.0003,-0.0,0.9528,-3.4914,-0.4644,0.5359,-0.0132,0.0023,0.76,0.1228,1.3933,-0.0122,0.0003,-0.0,,,1.3993,0.5381,17.7,moving
2026-09-21T12:04:11.590+09:00,TEST_0003_TEST_P01,TEST_P01,PULL_TEST,,697.0914306640625,60.36137390136719,487.110107421875,178.58827209472656,-89.74368286132812,-179.9403076171875,0.8708,-3.5707,-1.6327,0.5246,-0.0129,0.0023,2.8161,-0.0036,-1.4291,-0.0235,0.0006,0.0,1.6333,-3.5499,0.9511,0.5246,-0.0129,0.0023,1.4405,0.0643,2.8088,-0.0235,0.0006,0.0,,,2.8161,1.0356,17.7,moving
2026-09-21T12:04:11.646+09:00,TEST_0003_TEST_P01,TEST_P01,PULL_TEST,,696.5233154296875,60.36441421508789,487.0542297363281,178.5887908935547,-89.74751281738281,-179.9397735595703,1.21,-3.6544,-1.9137,0.5804,-0.0143,0.0026,3.1553,-0.0873,-1.7101,0.0323,-0.0008,0.0003,1.9156,-3.6256,1.2911,0.5804,-0.0143,0.0026,1.7228,-0.0114,3.1488,0.0323,-0.0008,0.0003,,,3.1553,1.6037,17.7,moving
2026-09-21T12:04:11.701+09:00,TEST_0003_TEST_P01,TEST_P01,PULL_TEST,,695.965576171875,60.368892669677734,487.05731201171875,178.5890655517578,-89.7464599609375,-179.94232177734375,1.21,-3.6544,-1.9137,0.5804,-0.0143,0.0026,3.1553,-0.0873,-1.7101,0.0323,-0.0008,0.0003,1.9156,-3.6256,1.2911,0.5804,-0.0143,0.0026,1.7228,-0.0114,3.1488,0.0323,-0.0008,0.0003,,,3.1553,2.1614,17.7,moving
2026-09-21T12:04:11.757+09:00,TEST_0003_TEST_P01,TEST_P01,PULL_TEST,,695.3853759765625,60.34373092651367,487.0799865722656,178.587158203125,-89.74415588378906,-179.94619750976562,0.7918,-3.5359,-1.6293,0.6728,-0.0166,0.003,2.7371,0.0313,-1.4257,0.1246,-0.0031,0.0007,1.6299,-3.5169,0.8714,0.6728,-0.0166,0.003,1.4371,0.0973,2.7291,0.1246,-0.0031,0.0007,,,2.7371,2.7416,17.7,moving
2026-09-21T12:04:11.813+09:00,TEST_0003_TEST_P01,TEST_P01,PULL_TEST,,694.8137817382812,60.31783676147461,487.04156494140625,178.58502197265625,-89.74708557128906,-179.9457244873047,0.7918,-3.5359,-1.6293,0.6728,-0.0166,0.003,2.7371,0.0313,-1.4257,0.1246,-0.0031,0.0007,1.6299,-3.5169,0.8714,0.6728,-0.0166,0.003,1.4371,0.0973,2.7291,0.1246,-0.0031,0.0007,,,2.7371,3.3132,17.7,moving
2026-09-21T12:04:11.868+09:00,TEST_0003_TEST_P01,TEST_P01,PULL_TEST,,694.2529907226562,60.31543731689453,486.95257568359375,178.58468627929688,-89.75418853759766,-179.94309997558594,1.6788,-3.4621,-1.7723,0.7397,-0.0183,0.0033,3.6242,0.1051,-1.5687,0.1915,-0.0048,0.001,1.7767,-3.4213,1.7561,0.7397,-0.0183,0.0033,1.5839,0.1929,3.6138,0.1915,-0.0048,0.001,,,3.6242,3.874,17.7,moving
2026-09-21T12:04:11.923+09:00,TEST_0003_TEST_P01,TEST_P01,PULL_TEST,,693.6780395507812,60.3351936340332,486.9277648925781,178.58676147460938,-89.75614166259766,-179.9423370361328,1.6788,-3.4621,-1.7723,0.7397,-0.0183,0.0033,3.6242,0.1051,-1.5687,0.1915,-0.0048,0.001,1.7767,-3.4213,1.7561,0.7397,-0.0183,0.0033,1.5839,0.1929,3.6138,0.1915,-0.0048,0.001,,,3.6242,4.449,17.7,moving
2026-09-21T12:04:11.978+09:00,TEST_0003_TEST_P01,TEST_P01,PULL_TEST,,693.113525390625,60.361473083496094,487.03021240234375,178.5891571044922,-89.74783325195312,-179.94497680664062,2.6345,-3.5171,-1.5537,0.7683,-0.019,0.0033,4.5799,0.0501,-1.3501,0.2201,-0.0055,0.001,1.562,-3.4527,2.7137,0.7683,-0.019,0.0033,1.3692,0.1615,4.5714,0.2201,-0.0055,0.001,,,4.5799,5.0135,17.7,moving
2026-09-21T12:04:12.034+09:00,TEST_0003_TEST_P01,TEST_P01,PULL_TEST,,692.5631103515625,60.348873138427734,486.98052978515625,178.58790588378906,-89.75190734863281,-179.94671630859375,2.6345,-3.5171,-1.5537,0.7683,-0.019,0.0033,4.5799,0.0501,-1.3501,0.2201,-0.0055,0.001,1.562,-3.4527,2.7137,0.7683,-0.019,0.0033,1.3692,0.1615,4.5714,0.2201,-0.0055,0.001,,,4.5799,5.5639,17.7,moving
2026-09-21T12:04:12.091+09:00,TEST_0003_TEST_P01,TEST_P01,PULL_TEST,,692.0097045898438,60.32727813720703,486.88812255859375,178.5862274169922,-89.7596206665039,-179.94541931152344,3.019,-3.6277,-1.5922,0.7922,-0.0195,0.0034,4.9643,-0.0605,-1.3886,0.244,-0.006,0.0012,1.6023,-3.5537,3.1006,0.7922,-0.0195,0.0034,1.4095,0.0605,4.9583,0.244,-0.006,0.0012,,,4.9643,6.1173,17.7,moving
2026-09-21T12:04:12.146+09:00,TEST_0003_TEST_P01,TEST_P01,PULL_TEST,,691.429443359375,60.314308166503906,486.90576171875,178.5857696533203,-89.75804138183594,-179.94688415527344,3.9785,-3.4961,-1.448,0.8125,-0.0201,0.0034,5.9238,0.071,-1.2444,0.2644,-0.0065,0.0012,1.4619,-3.3983,4.0574,0.8125,-0.0201,0.0034,1.2691,0.2159,5.9151,0.2644,-0.0065,0.0012,,,5.9238,6.6976,17.7,moving
2026-09-21T12:04:12.203+09:00,TEST_0003_TEST_P01,TEST_P01,PULL_TEST,,690.8850708007812,60.325313568115234,486.8747863769531,178.5863494873047,-89.76049041748047,-179.95111083984375,3.9785,-3.4961,-1.448,0.8125,-0.0201,0.0034,5.9238,0.071,-1.2444,0.2644,-0.0065,0.0012,1.4619,-3.3983,4.0574,0.8125,-0.0201,0.0034,1.2691,0.2159,5.9151,0.2644,-0.0065,0.0012,,,5.9238,7.2419,17.7,moving
2026-09-21T12:04:12.259+09:00,TEST_0003_TEST_P01,TEST_P01,PULL_TEST,,690.3270263671875,60.3551139831543,486.8470764160156,178.5884246826172,-89.76255798339844,-179.95132446289062,4.5317,-3.4456,-1.3524,0.8306,-0.0205,0.0035,6.477,0.1216,-1.1488,0.2825,-0.007,0.0012,1.3688,-3.334,4.6095,0.8306,-0.0205,0.0035,1.176,0.2802,6.4672,0.2825,-0.007,0.0012,,,6.477,7.8,17.7,moving
2026-09-21T12:04:12.316+09:00,TEST_0003_TEST_P01,TEST_P01,PULL_TEST,,689.7313842773438,60.36848068237305,486.8328552246094,178.58984375,-89.76348876953125,-179.94789123535156,4.5317,-3.4456,-1.3524,0.8306,-0.0205,0.0035,6.477,0.1216,-1.1488,0.2825,-0.007,0.0012,1.3688,-3.334,4.6095,0.8306,-0.0205,0.0035,1.176,0.2802,6.4672,0.2825,-0.007,0.0012,,,6.477,8.3956,17.7,moving
2026-09-21T12:04:12.372+09:00,TEST_0003_TEST_P01,TEST_P01,PULL_TEST,,689.172607421875,60.351104736328125,486.8431091308594,178.58828735351562,-89.76250457763672,-179.94920349121094,4.7736,-3.4234,-1.1447,0.8436,-0.0208,0.0035,6.7189,0.1438,-0.9411,0.2955,-0.0073,0.0012,1.1616,-3.3059,4.8517,0.8436,-0.0208,0.0035,0.9688,0.3083,6.7094,0.2955,-0.0073,0.0012,,,6.7189,8.9544,17.7,moving
2026-09-21T12:04:12.429+09:00,TEST_0003_TEST_P01,TEST_P01,PULL_TEST,,688.6234741210938,60.326324462890625,486.79150390625,178.58587646484375,-89.76669311523438,-179.95274353027344,4.7736,-3.4234,-1.1447,0.8436,-0.0208,0.0035,6.7189,0.1438,-0.9411,0.2955,-0.0073,0.0012,1.1616,-3.3059,4.8517,0.8436,-0.0208,0.0035,0.9688,0.3083,6.7094,0.2955,-0.0073,0.0012,,,6.7189,9.5035,17.7,moving
2026-09-21T12:04:12.487+09:00,TEST_0003_TEST_P01,TEST_P01,PULL_TEST,,688.0392456054688,60.3065185546875,486.810302734375,178.5845489501953,-89.76525115966797,-179.949462890625,5.8685,-3.2394,-1.3859,0.855,-0.0211,0.0035,7.8138,0.3278,-1.1823,0.3069,-0.0076,0.0013,1.4075,-3.0947,5.941,0.855,-0.0211,0.0035,1.2147,0.5195,7.7987,0.3069,-0.0076,0.0013,,,7.8138,10.0878,17.7,moving
2026-09-21T12:04:12.545+09:00,TEST_0003_TEST_P01,TEST_P01,PULL_TEST,,687.4539184570312,60.3223762512207,486.84954833984375,178.5859832763672,-89.76184844970703,-179.9471893310547,5.7063,-3.2314,-1.5485,0.85,-0.021,0.0035,7.6516,0.3358,-1.3449,0.3019,-0.0075,0.0012,1.5697,-3.091,5.7778,0.85,-0.021,0.0035,1.3769,0.5232,7.6355,0.3019,-0.0075,0.0012,,,7.6516,10.6731,17.7,moving
2026-09-21T12:04:12.601+09:00,TEST_0003_TEST_P01,TEST_P01,PULL_TEST,,686.90673828125,60.35264587402344,486.8369445800781,178.58827209472656,-89.76298522949219,-179.94989013671875,5.7063,-3.2314,-1.5485,0.85,-0.021,0.0035,7.6516,0.3358,-1.3449,0.3019,-0.0075,0.0012,1.5697,-3.091,5.7778,0.85,-0.021,0.0035,1.3769,0.5232,7.6355,0.3019,-0.0075,0.0012,,,7.6516,11.2203,17.6,moving
2026-09-21T12:04:12.658+09:00,TEST_0003_TEST_P01,TEST_P01,PULL_TEST,,686.3284301757812,60.347354888916016,486.80059814453125,178.588134765625,-89.76624298095703,-179.9480743408203,6.5335,-3.2269,-1.6622,0.8558,-0.0211,0.0035,8.4788,0.3403,-1.4586,0.3076,-0.0076,0.0012,1.6863,-3.0664,6.6042,0.8558,-0.0211,0.0035,1.4935,0.5478,8.4619,0.3076,-0.0076,0.0012,,,8.4788,11.7986,17.6,moving
2026-09-21T12:04:12.715+09:00,TEST_0003_TEST_P01,TEST_P01,PULL_TEST,,685.7266235351562,60.33250045776367,486.767333984375,178.58743286132812,-89.76876068115234,-179.94532775878906,6.5335,-3.2269,-1.6622,0.8558,-0.0211,0.0035,8.4788,0.3403,-1.4586,0.3076,-0.0076,0.0012,1.6863,-3.0664,6.6042,0.8558,-0.0211,0.0035,1.4935,0.5478,8.4619,0.3076,-0.0076,0.0012,,,8.4788,12.4004,17.6,moving
2026-09-21T12:04:12.770+09:00,TEST_0003_TEST_P01,TEST_P01,PULL_TEST,,685.18212890625,60.33103942871094,486.7412109375,178.58724975585938,-89.77084350585938,-179.94862365722656,7.3525,-3.085,-2.0418,0.8511,-0.021,0.0035,9.2978,0.4822,-1.8382,0.3029,-0.0075,0.0012,2.0689,-2.9047,7.4181,0.8511,-0.021,0.0035,1.8761,0.7095,9.2758,0.3029,-0.0075,0.0012,,,9.2978,12.9449,17.6,moving
2026-09-21T12:04:12.825+09:00,TEST_0003_TEST_P01,TEST_P01,PULL_TEST,,684.6315307617188,60.34617233276367,486.8667907714844,178.5880889892578,-89.76023864746094,-179.9524383544922,7.3525,-3.085,-2.0418,0.8511,-0.021,0.0035,9.2978,0.4822,-1.8382,0.3029,-0.0075,0.0012,2.0689,-2.9047,7.4181,0.8511,-0.021,0.0035,1.8761,0.7095,9.2758,0.3029,-0.0075,0.0012,,,9.2978,13.4955,17.6,moving
2026-09-21T12:04:12.880+09:00,TEST_0003_TEST_P01,TEST_P01,PULL_TEST,,683.9703979492188,60.38340377807617,487.1641540527344,178.59228515625,-89.73535919189453,-179.947021484375,6.9813,-2.9898,-2.1695,0.8448,-0.0208,0.0035,8.9266,0.5774,-1.9659,0.2967,-0.0073,0.0012,2.1975,-2.8188,7.0434,0.8448,-0.0208,0.0035,2.0047,0.7954,8.9011,0.2967,-0.0073,0.0012,,,8.9266,14.1566,17.6,moving
2026-09-21T12:04:12.936+09:00,TEST_0003_TEST_P01,TEST_P01,PULL_TEST,,683.4146118164062,60.39249038696289,487.1024475097656,178.59326171875,-89.74038696289062,-179.9486541748047,6.9813,-2.9898,-2.1695,0.8448,-0.0208,0.0035,8.9266,0.5774,-1.9659,0.2967,-0.0073,0.0012,2.1975,-2.8188,7.0434,0.8448,-0.0208,0.0035,2.0047,0.7954,8.9011,0.2967,-0.0073,0.0012,,,8.9266,14.7124,17.6,moving
2026-09-21T12:04:12.993+09:00,TEST_0003_TEST_P01,TEST_P01,PULL_TEST,,682.8496704101562,60.37102508544922,487.1710510253906,178.59141540527344,-89.73482513427734,-179.949951171875,0.0847,-2.6385,0.7382,0.8646,-0.0213,0.0039,2.03,0.9287,0.9418,0.3165,-0.0077,0.0016,-0.7398,-2.6349,0.1528,0.8646,-0.0213,0.0039,-0.9326,0.9792,2.0105,0.3165,-0.0077,0.0016,,,2.03,15.2773,17.6,moving
2026-09-21T12:04:13.049+09:00,TEST_0003_TEST_P01,TEST_P01,PULL_TEST,,682.3077392578125,60.34492492675781,487.1607971191406,178.58909606933594,-89.73567199707031,-179.94570922851562,-0.8553,-2.6818,0.84,0.8624,-0.0212,0.004,1.09,0.8854,1.0436,0.3143,-0.0077,0.0017,-0.8462,-2.7012,-0.7851,0.8624,-0.0212,0.004,-1.0389,0.9129,1.0726,0.3143,-0.0077,0.0017,,,1.09,15.8193,17.6,moving
2026-09-21T12:04:13.106+09:00,TEST_0003_TEST_P01,TEST_P01,PULL_TEST,,681.75390625,60.35211944580078,487.0930480957031,178.58982849121094,-89.74118041992188,-179.94224548339844,-0.8553,-2.6818,0.84,0.8624,-0.0212,0.004,1.09,0.8854,1.0436,0.3143,-0.0077,0.0017,-0.8462,-2.7012,-0.7851,0.8624,-0.0212,0.004,-1.0389,0.9129,1.0726,0.3143,-0.0077,0.0017,,,1.09,16.3731,17.6,moving
2026-09-21T12:04:13.161+09:00,TEST_0003_TEST_P01,TEST_P01,PULL_TEST,,681.2168579101562,60.3706169128418,486.9508972167969,178.59097290039062,-89.75310516357422,-179.94732666015625,-0.8534,-2.6614,0.9667,0.8669,-0.0213,0.0039,1.0919,0.9058,1.1703,0.3187,-0.0078,0.0017,-0.9727,-2.6806,-0.7834,0.8669,-0.0213,0.0039,-1.1655,0.9335,1.0743,0.3187,-0.0078,0.0017,,,1.0919,16.9102,17.6,moving
2026-09-21T12:04:13.217+09:00,TEST_0003_TEST_P01,TEST_P01,PULL_TEST,,680.6621704101562,60.379478454589844,486.888427734375,178.591796875,-89.7583236694336,-179.9486541748047,-0.8534,-2.6614,0.9667,0.8669,-0.0213,0.0039,1.0919,0.9058,1.1703,0.3187,-0.0078,0.0017,-0.9727,-2.6806,-0.7834,0.8669,-0.0213,0.0039,-1.1655,0.9335,1.0743,0.3187,-0.0078,0.0017,,,1.0919,17.4648,17.6,moving
2026-09-21T12:04:13.272+09:00,TEST_0003_TEST_P01,TEST_P01,PULL_TEST,,680.1385498046875,60.357818603515625,486.9723205566406,178.58998107910156,-89.75137329101562,-179.94615173339844,-1.1554,-2.5861,0.944,0.8776,-0.0216,0.0038,0.7899,0.9811,1.1476,0.3295,-0.0081,0.0015,-0.951,-2.6129,-1.0875,0.8776,-0.0216,0.0038,-1.1438,1.0013,0.7702,0.3295,-0.0081,0.0015,,,0.7899,17.9885,17.6,moving
2026-09-21T12:04:13.327+09:00,TEST_0003_TEST_P01,TEST_P01,PULL_TEST,,679.5987548828125,60.32514572143555,486.9373779296875,178.58721923828125,-89.75444793701172,-179.948486328125,-1.1554,-2.5861,0.944,0.8776,-0.0216,0.0038,0.7899,0.9811,1.1476,0.3295,-0.0081,0.0015,-0.951,-2.6129,-1.0875,0.8776,-0.0216,0.0038,-1.1438,1.0013,0.7702,0.3295,-0.0081,0.0015,,,0.7899,18.5283,17.6,moving
2026-09-21T12:04:13.382+09:00,TEST_0003_TEST_P01,TEST_P01,PULL_TEST,,679.0494995117188,60.29969787597656,486.85955810546875,178.58509826660156,-89.76077270507812,-179.9496307373047,-0.8421,-2.5919,0.9642,0.8786,-0.0216,0.0038,1.1032,0.9753,1.1678,0.3304,-0.0081,0.0015,-0.9698,-2.611,-0.7738,0.8786,-0.0216,0.0038,-1.1626,1.0032,1.0839,0.3304,-0.0081,0.0015,,,1.1032,19.0775,17.6,moving
2026-09-21T12:04:13.437+09:00,TEST_0003_TEST_P01,TEST_P01,PULL_TEST,,678.5042114257812,60.3061637878418,486.86236572265625,178.5856170654297,-89.76026153564453,-179.94715881347656,-0.8421,-2.5919,0.9642,0.8786,-0.0216,0.0038,1.1032,0.9753,1.1678,0.3304,-0.0081,0.0015,-0.9698,-2.611,-0.7738,0.8786,-0.0216,0.0038,-1.1626,1.0032,1.0839,0.3304,-0.0081,0.0015,,,1.1032,19.6228,17.6,moving
2026-09-21T12:04:13.494+09:00,TEST_0003_TEST_P01,TEST_P01,PULL_TEST,,677.9541015625,60.33311080932617,486.8678283691406,178.58734130859375,-89.75984954833984,-179.95111083984375,-0.6864,-2.608,1.0429,0.8773,-0.0217,0.0037,1.2589,0.9592,1.2465,0.3292,-0.0082,0.0014,-1.0479,-2.6232,-0.6175,0.8773,-0.0217,0.0037,-1.2407,0.991,1.2402,0.3292,-0.0082,0.0014,,,1.2589,20.1729,17.6,moving
2026-09-21T12:04:13.549+09:00,TEST_0003_TEST_P01,TEST_P01,PULL_TEST,,677.4013061523438,60.34147644042969,486.8325500488281,178.5880126953125,-89.7625732421875,-179.95285034179688,-0.7517,-2.5403,1.0754,0.8826,-0.0218,0.0037,1.1936,1.0268,1.279,0.3345,-0.0083,0.0014,-1.0804,-2.5572,-0.6844,0.8826,-0.0218,0.0037,-1.2732,1.057,1.1733,0.3345,-0.0083,0.0014,,,1.1936,20.7257,17.6,moving
2026-09-21T12:04:13.605+09:00,TEST_0003_TEST_P01,TEST_P01,PULL_TEST,,676.8251342773438,60.32725524902344,486.7998046875,178.5870361328125,-89.76490783691406,-179.95040893554688,-0.7517,-2.5403,1.0754,0.8826,-0.0218,0.0037,1.1936,1.0268,1.279,0.3345,-0.0083,0.0014,-1.0804,-2.5572,-0.6844,0.8826,-0.0218,0.0037,-1.2732,1.057,1.1733,0.3345,-0.0083,0.0014,,,1.1936,21.3019,17.6,moving
2026-09-21T12:04:13.660+09:00,TEST_0003_TEST_P01,TEST_P01,PULL_TEST,,676.2860717773438,60.31560134887695,486.7596130371094,178.5857391357422,-89.76837921142578,-179.952392578125,-0.6986,-2.5739,0.9895,0.8896,-0.0219,0.0037,1.2467,0.9933,1.1931,0.3415,-0.0084,0.0014,-0.9943,-2.5895,-0.6308,0.8896,-0.0219,0.0037,-1.1871,1.0247,1.2269,0.3415,-0.0084,0.0014,,,1.2467,21.8409,17.6,moving
2026-09-21T12:04:13.716+09:00,TEST_0003_TEST_P01,TEST_P01,PULL_TEST,,675.7452392578125,60.334964752197266,486.8314208984375,178.58712768554688,-89.76239776611328,-179.94993591308594,-0.6986,-2.5739,0.9895,0.8896,-0.0219,0.0037,1.2467,0.9933,1.1931,0.3415,-0.0084,0.0014,-0.9943,-2.5895,-0.6308,0.8896,-0.0219,0.0037,-1.1871,1.0247,1.2269,0.3415,-0.0084,0.0014,,,1.2467,22.3818,17.6,moving
2026-09-21T12:04:13.770+09:00,TEST_0003_TEST_P01,TEST_P01,PULL_TEST,,675.1735229492188,60.364620208740234,486.8201904296875,178.58998107910156,-89.76326751708984,-179.94500732421875,-0.5343,-2.586,1.0779,0.8986,-0.0222,0.0037,1.411,0.9811,1.2815,0.3505,-0.0087,0.0014,-1.0823,-2.5974,-0.4659,0.8986,-0.0222,0.0037,-1.2751,1.0167,1.3918,0.3505,-0.0087,0.0014,,,1.411,22.9535,17.6,moving
2026-09-21T12:04:13.826+09:00,TEST_0003_TEST_P01,TEST_P01,PULL_TEST,,674.604248046875,60.3590202331543,486.81488037109375,178.5897674560547,-89.76383972167969,-179.94915771484375,-0.5343,-2.586,1.0779,0.8986,-0.0222,0.0037,1.411,0.9811,1.2815,0.3505,-0.0087,0.0014,-1.0823,-2.5974,-0.4659,0.8986,-0.0222,0.0037,-1.2751,1.0167,1.3918,0.3505,-0.0087,0.0014,,,1.411,23.5228,17.6,moving
2026-09-21T12:04:13.882+09:00,TEST_0003_TEST_P01,TEST_P01,PULL_TEST,,674.0640258789062,60.33544158935547,486.84112548828125,178.58779907226562,-89.7616195678711,-179.9525909423828,-0.8554,-2.55,1.0141,0.9028,-0.0222,0.0037,1.0899,1.0172,1.2177,0.3547,-0.0087,0.0015,-1.0195,-2.5694,-0.7882,0.9028,-0.0222,0.0037,-1.2123,1.0448,1.0695,0.3547,-0.0087,0.0015,,,1.0899,24.063,17.6,moving
2026-09-21T12:04:13.938+09:00,TEST_0003_TEST_P01,TEST_P01,PULL_TEST,,673.5209350585938,60.31295394897461,486.8884582519531,178.5860595703125,-89.75778198242188,-179.95059204101562,-0.8554,-2.55,1.0141,0.9028,-0.0222,0.0037,1.0899,1.0172,1.2177,0.3547,-0.0087,0.0015,-1.0195,-2.5694,-0.7882,0.9028,-0.0222,0.0037,-1.2123,1.0448,1.0695,0.3547,-0.0087,0.0015,,,1.0899,24.6061,17.6,moving
2026-09-21T12:04:13.993+09:00,TEST_0003_TEST_P01,TEST_P01,PULL_TEST,,672.9428100585938,60.313358306884766,486.8739318847656,178.58648681640625,-89.75902557373047,-179.95294189453125,-0.644,-2.6273,0.9038,0.8874,-0.0219,0.0037,1.3013,0.9398,1.1074,0.3393,-0.0084,0.0014,-0.9085,-2.6417,-0.5751,0.8874,-0.0219,0.0037,-1.1013,0.9725,1.2826,0.3393,-0.0084,0.0014,,,1.3013,25.1842,17.6,moving
2026-09-21T12:04:14.048+09:00,TEST_0003_TEST_P01,TEST_P01,PULL_TEST,,672.394287109375,60.34206008911133,486.7937316894531,178.5888214111328,-89.76522827148438,-179.949462890625,-0.8415,-2.6456,1.0754,0.874,-0.0216,0.0036,1.1038,0.9215,1.279,0.3259,-0.0081,0.0014,-1.0809,-2.6646,-0.7717,0.874,-0.0216,0.0036,-1.2737,0.9495,1.086,0.3259,-0.0081,0.0014,,,1.1038,25.7327,17.6,moving
2026-09-21T12:04:14.105+09:00,TEST_0003_TEST_P01,TEST_P01,PULL_TEST,,671.8422241210938,60.3493537902832,486.7475280761719,178.58909606933594,-89.7691421508789,-179.94931030273438,-0.8415,-2.6456,1.0754,0.874,-0.0216,0.0036,1.1038,0.9215,1.279,0.3259,-0.0081,0.0014,-1.0809,-2.6646,-0.7717,0.874,-0.0216,0.0036,-1.2737,0.9495,1.086,0.3259,-0.0081,0.0014,,,1.1038,26.2848,17.4,moving
2026-09-21T12:04:14.161+09:00,TEST_0003_TEST_P01,TEST_P01,PULL_TEST,,671.266357421875,60.322200775146484,486.90606689453125,178.58692932128906,-89.75590515136719,-179.95016479492188,-0.7079,-2.6235,0.8687,0.8735,-0.0215,0.0036,1.2374,0.9437,1.0723,0.3254,-0.008,0.0013,-0.8737,-2.6394,-0.6394,0.8735,-0.0215,0.0036,-1.0665,0.9748,1.2183,0.3254,-0.008,0.0013,,,1.2374,26.8607,17.4,moving
2026-09-21T12:04:14.218+09:00,TEST_0003_TEST_P01,TEST_P01,PULL_TEST,,670.6927490234375,60.30027389526367,486.877197265625,178.58535766601562,-89.7582015991211,-179.947998046875,-0.7079,-2.6235,0.8687,0.8735,-0.0215,0.0036,1.2374,0.9437,1.0723,0.3254,-0.008,0.0013,-0.8737,-2.6394,-0.6394,0.8735,-0.0215,0.0036,-1.0665,0.9748,1.2183,0.3254,-0.008,0.0013,,,1.2374,27.4343,17.4,moving
2026-09-21T12:04:14.274+09:00,TEST_0003_TEST_P01,TEST_P01,PULL_TEST,,670.1531982421875,60.29471969604492,486.78570556640625,178.5844268798828,-89.76583862304688,-179.9521484375,-0.9693,-2.6415,1.0329,0.8719,-0.0215,0.0037,0.976,0.9256,1.2365,0.3238,-0.008,0.0014,-1.039,-2.6638,-0.8994,0.8719,-0.0215,0.0037,-1.2318,0.9504,0.9583,0.3238,-0.008,0.0014,,,0.976,27.9738,17.4,moving
2026-09-21T12:04:14.330+09:00,TEST_0003_TEST_P01,TEST_P01,PULL_TEST,,669.58984375,60.32487869262695,486.8694152832031,178.58726501464844,-89.75878143310547,-179.9508056640625,-0.9693,-2.6415,1.0329,0.8719,-0.0215,0.0037,0.976,0.9256,1.2365,0.3238,-0.008,0.0014,-1.039,-2.6638,-0.8994,0.8719,-0.0215,0.0037,-1.2318,0.9504,0.9583,0.3238,-0.008,0.0014,,,0.976,28.5372,17.4,moving
2026-09-21T12:04:14.386+09:00,TEST_0003_TEST_P01,TEST_P01,PULL_TEST,,669.0315551757812,60.34201431274414,486.91436767578125,178.58868408203125,-89.75531768798828,-179.9479522705078,-0.7002,-2.6542,0.9427,0.8655,-0.0214,0.0036,1.2451,0.913,1.1463,0.3174,-0.0079,0.0014,-0.9477,-2.6698,-0.6305,0.8655,-0.0214,0.0036,-1.1405,0.9444,1.2272,0.3174,-0.0079,0.0014,,,1.2451,29.0955,17.4,moving
2026-09-21T12:04:14.443+09:00,TEST_0003_TEST_P01,TEST_P01,PULL_TEST,,668.4686279296875,60.33563995361328,486.85577392578125,178.5882110595703,-89.76016998291016,-179.95294189453125,-0.7727,-2.6019,1.0855,0.8679,-0.0214,0.0037,1.1726,0.9653,1.2891,0.3198,-0.0079,0.0014,-1.0906,-2.6193,-0.7038,0.8679,-0.0214,0.0037,-1.2834,0.9949,1.1539,0.3198,-0.0079,0.0014,,,1.1726,29.6584,17.4,moving
2026-09-21T12:04:14.500+09:00,TEST_0003_TEST_P01,TEST_P01,PULL_TEST,,667.8829956054688,60.323238372802734,486.8450927734375,178.5876007080078,-89.76100158691406,-179.94952392578125,-0.7727,-2.6019,1.0855,0.8679,-0.0214,0.0037,1.1726,0.9653,1.2891,0.3198,-0.0079,0.0014,-1.0906,-2.6193,-0.7038,0.8679,-0.0214,0.0037,-1.2834,0.9949,1.1539,0.3198,-0.0079,0.0014,,,1.1726,30.244,17.4,moving
2026-09-21T12:04:14.557+09:00,TEST_0003_TEST_P01,TEST_P01,PULL_TEST,,667.3084716796875,60.34001159667969,486.8226013183594,178.5890350341797,-89.76298522949219,-179.95094299316406,-0.8767,-2.6506,0.9417,0.8593,-0.0212,0.0036,1.0686,0.9166,1.1453,0.3112,-0.0077,0.0013,-0.9474,-2.6706,-0.8072,0.8593,-0.0212,0.0036,-1.1402,0.9436,1.0505,0.3112,-0.0077,0.0013,,,1.0686,30.8185,17.4,moving
2026-09-21T12:04:14.613+09:00,TEST_0003_TEST_P01,TEST_P01,PULL_TEST,,666.7670288085938,60.38704299926758,486.8796691894531,178.59283447265625,-89.75825500488281,-179.9470977783203,-0.8767,-2.6506,0.9417,0.8593,-0.0212,0.0036,1.0686,0.9166,1.1453,0.3112,-0.0077,0.0013,-0.9474,-2.6706,-0.8072,0.8593,-0.0212,0.0036,-1.1402,0.9436,1.0505,0.3112,-0.0077,0.0013,,,1.0686,31.36,17.4,moving
2026-09-21T12:04:14.669+09:00,TEST_0003_TEST_P01,TEST_P01,PULL_TEST,,666.182861328125,60.382164001464844,486.90399169921875,178.59251403808594,-89.75606536865234,-179.9435272216797,-0.4822,-2.5847,0.9435,0.86,-0.0211,0.0036,1.4631,0.9825,1.1471,0.3118,-0.0076,0.0013,-0.9478,-2.5948,-0.4146,0.86,-0.0211,0.0036,-1.1406,1.0193,1.4431,0.3118,-0.0076,0.0013,,,1.4631,31.9442,17.4,moving
2026-09-21T12:04:14.726+09:00,TEST_0003_TEST_P01,TEST_P01,PULL_TEST,,665.6233520507812,60.35816955566406,486.8439025878906,178.59030151367188,-89.7604751586914,-179.95252990722656,-0.4822,-2.5847,0.9435,0.86,-0.0211,0.0036,1.4631,0.9825,1.1471,0.3118,-0.0076,0.0013,-0.9478,-2.5948,-0.4146,0.86,-0.0211,0.0036,-1.1406,1.0193,1.4431,0.3118,-0.0076,0.0013,,,1.4631,32.5037,17.4,moving
2026-09-21T12:04:14.782+09:00,TEST_0003_TEST_P01,TEST_P01,PULL_TEST,,665.0994262695312,60.34333419799805,486.8053894042969,178.58848571777344,-89.76374816894531,-179.95286560058594,-0.7218,-2.5571,1.1436,0.8615,-0.0212,0.0036,1.2235,1.01,1.3472,0.3134,-0.0077,0.0014,-1.1485,-2.5732,-0.6539,0.8615,-0.0212,0.0036,-1.3412,1.041,1.2038,0.3134,-0.0077,0.0014,,,1.2235,33.0276,17.4,moving
2026-09-21T12:04:14.837+09:00,TEST_0003_TEST_P01,TEST_P01,PULL_TEST,,664.527099609375,60.345394134521484,486.8644714355469,178.58863830566406,-89.75872802734375,-179.95443725585938,-0.7218,-2.5571,1.1436,0.8615,-0.0212,0.0036,1.2235,1.01,1.3472,0.3134,-0.0077,0.0014,-1.1485,-2.5732,-0.6539,0.8615,-0.0212,0.0036,-1.3412,1.041,1.2038,0.3134,-0.0077,0.0014,,,1.2235,33.5999,17.4,moving
2026-09-21T12:04:14.894+09:00,TEST_0003_TEST_P01,TEST_P01,PULL_TEST,,663.92431640625,60.3610954284668,486.8911437988281,178.5904541015625,-89.75633239746094,-179.9472198486328,-0.4798,-2.6187,0.9113,0.8545,-0.021,0.0035,1.4655,0.9485,1.1149,0.3064,-0.0075,0.0013,-0.9152,-2.629,-0.4113,0.8545,-0.021,0.0035,-1.108,0.9852,1.4464,0.3064,-0.0075,0.0013,,,1.4655,34.2027,17.4,moving
2026-09-21T12:04:14.950+09:00,TEST_0003_TEST_P01,TEST_P01,PULL_TEST,,663.3859252929688,60.34799575805664,486.84283447265625,178.5890655517578,-89.76050567626953,-179.94635009765625,-0.5991,-2.5419,1.0283,0.8533,-0.021,0.0036,1.3462,1.0253,1.2319,0.3052,-0.0075,0.0013,-1.033,-2.5549,-0.5321,0.8533,-0.021,0.0036,-1.2258,1.0592,1.3256,0.3052,-0.0075,0.0013,,,1.3462,34.7411,17.4,moving
2026-09-21T12:04:15.006+09:00,TEST_0003_TEST_P01,TEST_P01,PULL_TEST,,662.8373413085938,60.31951904296875,486.8055114746094,178.58682250976562,-89.7633285522461,-179.9520263671875,-0.5991,-2.5419,1.0283,0.8533,-0.021,0.0036,1.3462,1.0253,1.2319,0.3052,-0.0075,0.0013,-1.033,-2.5549,-0.5321,0.8533,-0.021,0.0036,-1.2258,1.0592,1.3256,0.3052,-0.0075,0.0013,,,1.3462,35.2897,17.4,moving
2026-09-21T12:04:15.061+09:00,TEST_0003_TEST_P01,TEST_P01,PULL_TEST,,662.27294921875,60.29452896118164,486.8748474121094,178.58473205566406,-89.75782012939453,-179.9474334716797,-0.3993,-2.5482,1.0736,0.8543,-0.0211,0.0036,1.546,1.0189,1.2772,0.3062,-0.0076,0.0013,-1.0773,-2.5564,-0.3318,0.8543,-0.0211,0.0036,-1.2701,1.0578,1.5259,0.3062,-0.0076,0.0013,,,1.546,35.8541,17.4,moving
2026-09-21T12:04:15.116+09:00,TEST_0003_TEST_P01,TEST_P01,PULL_TEST,,661.7179565429688,60.30477523803711,486.8742980957031,178.58592224121094,-89.75764465332031,-179.952880859375,-0.3993,-2.5482,1.0736,0.8543,-0.0211,0.0036,1.546,1.0189,1.2772,0.3062,-0.0076,0.0013,-1.0773,-2.5564,-0.3318,0.8543,-0.0211,0.0036,-1.2701,1.0578,1.5259,0.3062,-0.0076,0.0013,,,1.546,36.4091,17.4,moving
2026-09-21T12:04:15.173+09:00,TEST_0003_TEST_P01,TEST_P01,PULL_TEST,,661.1556396484375,60.33446502685547,486.84375,178.58876037597656,-89.76045227050781,-179.94717407226562,-0.6633,-2.5843,1.1556,0.8585,-0.0212,0.0036,1.282,0.9829,1.3592,0.3104,-0.0077,0.0014,-1.1603,-2.5989,-0.5945,0.8585,-0.0212,0.0036,-1.3531,1.0153,1.2632,0.3104,-0.0077,0.0014,,,1.282,36.9714,17.4,moving
2026-09-21T12:04:15.228+09:00,TEST_0003_TEST_P01,TEST_P01,PULL_TEST,,660.5818481445312,60.329566955566406,486.9029846191406,178.58859252929688,-89.755615234375,-179.94921875,-0.6633,-2.5843,1.1556,0.8585,-0.0212,0.0036,1.282,0.9829,1.3592,0.3104,-0.0077,0.0014,-1.1603,-2.5989,-0.5945,0.8585,-0.0212,0.0036,-1.3531,1.0153,1.2632,0.3104,-0.0077,0.0014,,,1.282,37.5452,17.4,moving
2026-09-21T12:04:15.284+09:00,TEST_0003_TEST_P01,TEST_P01,PULL_TEST,,660.0193481445312,60.3143424987793,486.9344482421875,178.58743286132812,-89.75286865234375,-179.9467010498047,-0.4931,-2.5639,0.9136,0.8557,-0.0211,0.0036,1.4522,1.0033,1.1172,0.3076,-0.0076,0.0014,-0.9177,-2.5745,-0.4259,0.8557,-0.0211,0.0036,-1.1105,1.0397,1.4318,0.3076,-0.0076,0.0014,,,1.4522,38.1077,17.4,moving
2026-09-21T12:04:15.340+09:00,TEST_0003_TEST_P01,TEST_P01,PULL_TEST,,659.4744873046875,60.310142517089844,486.9061584472656,178.58663940429688,-89.75524139404297,-179.9464874267578,-0.4931,-2.5639,0.9136,0.8557,-0.0211,0.0036,1.4522,1.0033,1.1172,0.3076,-0.0076,0.0014,-0.9177,-2.5745,-0.4259,0.8557,-0.0211,0.0036,-1.1105,1.0397,1.4318,0.3076,-0.0076,0.0014,,,1.4522,38.6525,17.4,moving
2026-09-21T12:04:15.396+09:00,TEST_0003_TEST_P01,TEST_P01,PULL_TEST,,658.9094848632812,60.33831024169922,486.8960266113281,178.58924865722656,-89.7557601928711,-179.9458770751953,-0.4013,-2.5551,1.1917,0.8559,-0.0211,0.0037,1.544,1.0121,1.3953,0.3077,-0.0076,0.0014,-1.1955,-2.5631,-0.3331,0.8559,-0.0211,0.0037,-1.3883,1.051,1.5246,0.3077,-0.0076,0.0014,,,1.544,39.2175,17.4,holding
2026-09-21T12:04:15.451+09:00,TEST_0003_TEST_P01,TEST_P01,PULL_TEST,,658.3563232421875,60.34931945800781,486.83746337890625,178.5899658203125,-89.76072692871094,-179.9436492919922,-0.6622,-2.5423,1.2166,0.857,-0.0211,0.0036,1.2831,1.0249,1.4202,0.3089,-0.0076,0.0014,-1.2217,-2.5566,-0.5943,0.857,-0.0211,0.0036,-1.4145,1.0576,1.2634,0.3089,-0.0076,0.0014,,,1.2831,39.7707,17.4,holding
2026-09-21T12:04:15.507+09:00,TEST_0003_TEST_P01,TEST_P01,PULL_TEST,,657.8068237304688,60.32914352416992,486.832763671875,178.58816528320312,-89.7607421875,-179.9530029296875,-0.6622,-2.5423,1.2166,0.857,-0.0211,0.0036,1.2831,1.0249,1.4202,0.3089,-0.0076,0.0014,-1.2217,-2.5566,-0.5943,0.857,-0.0211,0.0036,-1.4145,1.0576,1.2634,0.3089,-0.0076,0.0014,,,1.2831,40.3202,17.4,holding
2026-09-21T12:04:15.563+09:00,TEST_0003_TEST_P01,TEST_P01,PULL_TEST,,657.2566528320312,60.298221588134766,486.9031982421875,178.58526611328125,-89.75503540039062,-179.95082092285156,-0.5018,-2.5542,0.8738,0.8538,-0.021,0.0036,1.4435,1.013,1.0774,0.3057,-0.0075,0.0013,-0.8778,-2.5651,-0.4349,0.8538,-0.021,0.0036,-1.0706,1.0491,1.4228,0.3057,-0.0075,0.0013,,,1.4435,40.8704,17.4,holding
2026-09-21T12:04:15.619+09:00,TEST_0003_TEST_P01,TEST_P01,PULL_TEST,,656.6963500976562,60.296146392822266,486.85076904296875,178.5852508544922,-89.75907897949219,-179.9547576904297,-0.5018,-2.5542,0.8738,0.8538,-0.021,0.0036,1.4435,1.013,1.0774,0.3057,-0.0075,0.0013,-0.8778,-2.5651,-0.4349,0.8538,-0.021,0.0036,-1.0706,1.0491,1.4228,0.3057,-0.0075,0.0013,,,1.4435,41.4307,17.4,holding
2026-09-21T12:04:15.675+09:00,TEST_0003_TEST_P01,TEST_P01,PULL_TEST,,656.1466674804688,60.32448959350586,486.7942810058594,178.58740234375,-89.7641372680664,-179.94581604003906,-0.3435,-2.5509,1.0915,0.8532,-0.0211,0.0036,1.6018,1.0163,1.2951,0.3051,-0.0076,0.0013,-1.0949,-2.5576,-0.2759,0.8532,-0.0211,0.0036,-1.2877,1.0566,1.5818,0.3051,-0.0076,0.0013,,,1.6018,41.9803,17.4,holding
2026-09-21T12:04:15.731+09:00,TEST_0003_TEST_P01,TEST_P01,PULL_TEST,,655.5867309570312,60.3341178894043,486.8443603515625,178.58851623535156,-89.75981140136719,-179.95188903808594,-0.3435,-2.5509,1.0915,0.8532,-0.0211,0.0036,1.6018,1.0163,1.2951,0.3051,-0.0076,0.0013,-1.0949,-2.5576,-0.2759,0.8532,-0.0211,0.0036,-1.2877,1.0566,1.5818,0.3051,-0.0076,0.0013,,,1.6018,42.5403,17.4,holding
2026-09-21T12:04:15.787+09:00,TEST_0003_TEST_P01,TEST_P01,PULL_TEST,,655.03125,60.308570861816406,486.8909606933594,178.5862579345703,-89.75614166259766,-179.94711303710938,-0.3585,-2.4769,1.1519,0.8587,-0.0212,0.0036,1.5869,1.0903,1.3555,0.3106,-0.0077,0.0013,-1.1552,-2.484,-0.2925,0.8587,-0.0212,0.0036,-1.348,1.1302,1.5652,0.3106,-0.0077,0.0013,,,1.5869,43.0958,17.4,holding
2026-09-21T12:04:15.843+09:00,TEST_0003_TEST_P01,TEST_P01,PULL_TEST,,654.4833984375,60.29107666015625,486.8141784667969,178.58489990234375,-89.7625961303711,-179.9521942138672,-0.53,-2.5306,1.0278,0.8598,-0.0212,0.0036,1.4153,1.0366,1.2314,0.3116,-0.0077,0.0014,-1.0319,-2.542,-0.4631,0.8598,-0.0212,0.0036,-1.2247,1.0722,1.3946,0.3116,-0.0077,0.0014,,,1.4153,43.6436,17.4,holding
2026-09-21T12:04:15.898+09:00,TEST_0003_TEST_P01,TEST_P01,PULL_TEST,,653.9271850585938,60.29584884643555,486.7641296386719,178.58543395996094,-89.76677703857422,-179.94761657714844,-0.53,-2.5306,1.0278,0.8598,-0.0212,0.0036,1.4153,1.0366,1.2314,0.3116,-0.0077,0.0014,-1.0319,-2.542,-0.4631,0.8598,-0.0212,0.0036,-1.2247,1.0722,1.3946,0.3116,-0.0077,0.0014,,,1.4153,44.1998,17.4,holding
2026-09-21T12:04:15.955+09:00,TEST_0003_TEST_P01,TEST_P01,PULL_TEST,,653.3408813476562,60.32395935058594,486.77288818359375,178.58837890625,-89.76593017578125,-179.95217895507812,-0.2546,-2.5749,0.9488,0.8614,-0.0213,0.0035,1.6907,0.9923,1.1524,0.3132,-0.0078,0.0013,-0.9519,-2.5795,-0.1872,0.8614,-0.0213,0.0035,-1.1447,1.0347,1.6705,0.3132,-0.0078,0.0013,,,1.6907,44.7861,17.4,holding
2026-09-21T12:04:16.011+09:00,TEST_0003_TEST_P01,TEST_P01,PULL_TEST,,652.7913208007812,60.321205139160156,486.8736267089844,178.58770751953125,-89.7576904296875,-179.9474639892578,-0.2546,-2.5749,0.9488,0.8614,-0.0213,0.0035,1.6907,0.9923,1.1524,0.3132,-0.0078,0.0013,-0.9519,-2.5795,-0.1872,0.8614,-0.0213,0.0035,-1.1447,1.0347,1.6705,0.3132,-0.0078,0.0013,,,1.6907,45.3357,17.4,holding
2026-09-21T12:04:16.067+09:00,TEST_0003_TEST_P01,TEST_P01,PULL_TEST,,652.2345581054688,60.30912780761719,486.833984375,178.58651733398438,-89.7607192993164,-179.95233154296875,-0.4434,-2.5154,1.1383,0.8667,-0.0214,0.0036,1.5019,1.0518,1.3419,0.3186,-0.0079,0.0014,-1.1422,-2.5245,-0.3764,0.8667,-0.0214,0.0036,-1.335,1.0897,1.4813,0.3186,-0.0079,0.0014,,,1.5019,45.8925,17.4,holding
2026-09-21T12:04:16.122+09:00,TEST_0003_TEST_P01,TEST_P01,PULL_TEST,,651.6718139648438,60.312408447265625,486.796630859375,178.58676147460938,-89.76351928710938,-179.9469451904297,-0.4434,-2.5154,1.1383,0.8667,-0.0214,0.0036,1.5019,1.0518,1.3419,0.3186,-0.0079,0.0014,-1.1422,-2.5245,-0.3764,0.8667,-0.0214,0.0036,-1.335,1.0897,1.4813,0.3186,-0.0079,0.0014,,,1.5019,46.4552,17.4,holding
2026-09-21T12:04:16.178+09:00,TEST_0003_TEST_P01,TEST_P01,PULL_TEST,,651.1053466796875,60.34628677368164,486.8438415527344,178.58982849121094,-89.75958251953125,-179.9476776123047,-0.1973,-2.5445,1.0624,0.8622,-0.0213,0.0036,1.748,1.0227,1.266,0.3141,-0.0078,0.0013,-1.0654,-2.5475,-0.1302,0.8622,-0.0213,0.0036,-1.2582,1.0667,1.7275,0.3141,-0.0078,0.0013,,,1.748,47.0217,17.4,holding
2026-09-21T12:04:16.234+09:00,TEST_0003_TEST_P01,TEST_P01,PULL_TEST,,650.548583984375,60.35601043701172,486.85418701171875,178.5906219482422,-89.75861358642578,-179.95086669921875,-0.1973,-2.5445,1.0624,0.8622,-0.0213,0.0036,1.748,1.0227,1.266,0.3141,-0.0078,0.0013,-1.0654,-2.5475,-0.1302,0.8622,-0.0213,0.0036,-1.2582,1.0667,1.7275,0.3141,-0.0078,0.0013,,,1.748,47.5784,17.4,holding
2026-09-21T12:04:16.292+09:00,TEST_0003_TEST_P01,TEST_P01,PULL_TEST,,649.9741821289062,60.334007263183594,486.8518371582031,178.58895874023438,-89.75857543945312,-179.9545440673828,-0.5532,-2.5253,1.0105,0.8725,-0.0215,0.0036,1.3921,1.0419,1.2141,0.3244,-0.008,0.0014,-1.0148,-2.5373,-0.4867,0.8725,-0.0215,0.0036,-1.2075,1.0769,1.371,0.3244,-0.008,0.0014,,,1.3921,48.1528,17.4,holding
2026-09-21T12:04:16.347+09:00,TEST_0003_TEST_P01,TEST_P01,PULL_TEST,,649.406494140625,60.31658172607422,486.8774108886719,178.58761596679688,-89.756591796875,-179.94586181640625,-0.417,-2.5567,0.9431,0.8802,-0.0217,0.0037,1.5284,1.0105,1.1467,0.3321,-0.0082,0.0014,-0.947,-2.5653,-0.3498,0.8802,-0.0217,0.0037,-1.1398,1.0489,1.5079,0.3321,-0.0082,0.0014,,,1.5284,48.7205,17.4,holding
2026-09-21T12:04:16.403+09:00,TEST_0003_TEST_P01,TEST_P01,PULL_TEST,,648.9127197265625,60.33843994140625,486.8219909667969,178.58937072753906,-89.76143646240234,-179.95179748535156,-0.417,-2.5567,0.9431,0.8802,-0.0217,0.0037,1.5284,1.0105,1.1467,0.3321,-0.0082,0.0014,-0.947,-2.5653,-0.3498,0.8802,-0.0217,0.0037,-1.1398,1.0489,1.5079,0.3321,-0.0082,0.0014,,,1.5284,49.2143,17.4,holding
2026-09-21T12:04:26.971+09:00,TEST_0003_TEST_P01,TEST_P01,RELEASE,RETURN_SOFT_GRIP_COMMAND,648.129638671875,60.37351608276367,486.8747253417969,178.58883666992188,-89.76392364501953,-179.95016479492188,-2.2141,-2.5557,0.9057,0.7737,-0.0191,0.0032,0.0,0.0,0.0,0.0,0.0,0.0,-0.9168,-2.6086,-2.1467,0.7737,-0.0191,0.0032,0.0,0.0,0.0,0.0,0.0,0.0,,,,,17.4,moving
2026-09-21T12:05:12.350+09:00,TEST_0004_TEST_P01,TEST_P01,SOFT_GRIP_ENTRY,SOFT_GRIP_COMMAND,673.2711791992188,60.530635833740234,486.6804504394531,178.59793090820312,-89.77954864501953,-179.94192504882812,-3.508,-2.7573,0.8183,0.1997,-0.0049,0.0008,0.0,0.0,0.0,0.0,0.0,0.0,-0.8344,-2.8414,-3.4363,0.1997,-0.0049,0.0008,0.0,0.0,0.0,0.0,0.0,0.0,,,,,74.5,moving
2026-09-21T12:05:19.115+09:00,TEST_0004_TEST_P01,TEST_P01,SOFT_GRIP_ENTRY,ENTRY_MOTION_START_WIDTH_REACHED,673.1016845703125,60.38578796386719,486.852783203125,178.5900421142578,-89.76589965820312,-179.95033264160156,-2.4434,-2.3574,0.6946,0.4255,-0.0105,0.0017,1.0646,0.3998,-0.1236,0.2257,-0.0056,0.001,-0.7065,-2.4162,-2.3818,0.4255,-0.0105,0.0017,0.1279,0.4252,1.0545,0.2257,-0.0056,0.001,,,,,19.6,moving
2026-09-21T12:05:19.136+09:00,TEST_0004_TEST_P01,TEST_P01,SOFT_GRIP_ENTRY,,673.1016845703125,60.38578796386719,486.852783203125,178.5900421142578,-89.76589965820312,-179.95033264160156,-2.4434,-2.3574,0.6946,0.4255,-0.0105,0.0017,1.0646,0.3998,-0.1236,0.2257,-0.0056,0.001,-0.7065,-2.4162,-2.3818,0.4255,-0.0105,0.0017,0.1279,0.4252,1.0545,0.2257,-0.0056,0.001,1.0646,-0.1695,,,18.9,moving
2026-09-21T12:05:19.190+09:00,TEST_0004_TEST_P01,TEST_P01,SOFT_GRIP_ENTRY,,673.1029052734375,60.38601303100586,486.85040283203125,178.5900421142578,-89.76609802246094,-179.95037841796875,-2.479,-2.3673,0.6132,0.422,-0.0104,0.0017,1.029,0.39,-0.2051,0.2222,-0.0055,0.001,-0.6252,-2.427,-2.4175,0.422,-0.0104,0.0017,0.2092,0.4144,1.0189,0.2222,-0.0055,0.001,1.029,-0.1683,,,17.9,holding
2026-09-21T12:05:19.247+09:00,TEST_0004_TEST_P01,TEST_P01,SOFT_GRIP_ENTRY,,673.1470336914062,60.394287109375,486.7684326171875,178.59017944335938,-89.77289581298828,-179.9522247314453,-2.8542,-2.3713,0.8096,0.4304,-0.0106,0.0017,0.6539,0.3859,-0.0087,0.2307,-0.0057,0.001,-0.8228,-2.4401,-2.7917,0.4304,-0.0106,0.0017,0.0116,0.4013,0.6446,0.2307,-0.0057,0.001,0.6539,-0.1241,,,17.7,holding
2026-09-21T12:05:19.303+09:00,TEST_0004_TEST_P01,TEST_P01,SOFT_GRIP_ENTRY,,673.2990112304688,60.437408447265625,486.5244445800781,178.59307861328125,-89.79255676269531,-179.96597290039062,-2.8542,-2.3713,0.8096,0.4304,-0.0106,0.0017,0.6539,0.3859,-0.0087,0.2307,-0.0057,0.001,-0.8228,-2.4401,-2.7917,0.4304,-0.0106,0.0017,0.0116,0.4013,0.6446,0.2307,-0.0057,0.001,0.6539,0.0278,,,17.7,holding
2026-09-21T12:05:19.358+09:00,TEST_0004_TEST_P01,TEST_P01,SOFT_GRIP_ENTRY,,673.582763671875,60.497318267822266,486.3269958496094,178.59877014160156,-89.81002044677734,-179.9759521484375,-4.5434,-2.5228,0.8972,0.4841,-0.0119,0.0018,-1.0354,0.2344,0.0789,0.2843,-0.007,0.001,-0.9135,-2.6329,-4.4773,0.4841,-0.0119,0.0018,-0.0791,0.2085,-1.0409,0.2843,-0.007,0.001,1.0354,0.3116,,,17.7,holding
2026-09-21T12:05:19.415+09:00,TEST_0004_TEST_P01,TEST_P01,SOFT_GRIP_ENTRY,,674.080322265625,60.52229690551758,486.4483337402344,178.60057067871094,-89.8012924194336,-179.96998596191406,-4.5434,-2.5228,0.8972,0.4841,-0.0119,0.0018,-1.0354,0.2344,0.0789,0.2843,-0.007,0.001,-0.9135,-2.6329,-4.4773,0.4841,-0.0119,0.0018,-0.0791,0.2085,-1.0409,0.2843,-0.007,0.001,1.0354,0.8091,,,17.7,holding
2026-09-21T12:05:19.471+09:00,TEST_0004_TEST_P01,TEST_P01,SOFT_GRIP_ENTRY,,674.6470336914062,60.52642059326172,486.45355224609375,178.6004180908203,-89.80201721191406,-179.96234130859375,-5.2983,-2.4006,0.8283,0.422,-0.0103,0.0015,-1.7903,0.3567,0.01,0.2222,-0.0054,0.0007,-0.8478,-2.5288,-5.2352,0.422,-0.0103,0.0015,-0.0134,0.3126,-1.7989,0.2222,-0.0054,0.0007,1.7903,1.3759,,,17.7,holding
2026-09-21T12:05:19.527+09:00,TEST_0004_TEST_P01,TEST_P01,SOFT_GRIP_ENTRY,,675.215087890625,60.533077239990234,486.4217224121094,178.60084533691406,-89.8056869506836,-179.96131896972656,-5.2983,-2.4006,0.8283,0.422,-0.0103,0.0015,-1.7903,0.3567,0.01,0.2222,-0.0054,0.0007,-0.8478,-2.5288,-5.2352,0.422,-0.0103,0.0015,-0.0134,0.3126,-1.7989,0.2222,-0.0054,0.0007,1.7903,1.9439,,,17.7,holding
2026-09-21T12:05:19.583+09:00,TEST_0004_TEST_P01,TEST_P01,SOFT_GRIP_ENTRY,,675.8012084960938,60.54914855957031,486.5034484863281,178.60226440429688,-89.79930877685547,-179.9566650390625,-5.4545,-2.2891,0.8438,0.4136,-0.0101,0.0014,-1.9464,0.4681,0.0255,0.2139,-0.0052,0.0007,-0.864,-2.421,-5.394,0.4136,-0.0101,0.0014,-0.0296,0.4204,-1.9577,0.2139,-0.0052,0.0007,1.9464,2.53,,,17.7,holding
2026-09-21T12:05:19.639+09:00,TEST_0004_TEST_P01,TEST_P01,SOFT_GRIP_ENTRY,,676.3983154296875,60.535499572753906,486.5697937011719,178.60081481933594,-89.79412078857422,-179.95407104492188,-4.9889,-2.2101,0.7339,0.4168,-0.0102,0.0015,-1.4809,0.5472,-0.0844,0.2171,-0.0053,0.0007,-0.7535,-2.3307,-4.9308,0.4168,-0.0102,0.0015,0.0809,0.5108,-1.4945,0.2171,-0.0053,0.0007,1.4809,3.1271,,,17.7,holding
2026-09-21T12:05:19.695+09:00,TEST_0004_TEST_P01,TEST_P01,SOFT_GRIP_ENTRY,,676.9612426757812,60.485374450683594,486.5684509277344,178.5967254638672,-89.79463958740234,-179.958984375,-4.9889,-2.2101,0.7339,0.4168,-0.0102,0.0015,-1.4809,0.5472,-0.0844,0.2171,-0.0053,0.0007,-0.7535,-2.3307,-4.9308,0.4168,-0.0102,0.0015,0.0809,0.5108,-1.4945,0.2171,-0.0053,0.0007,1.4809,3.6901,,,17.7,holding
2026-09-21T12:05:19.751+09:00,TEST_0004_TEST_P01,TEST_P01,SOFT_GRIP_ENTRY,,677.51806640625,60.46135330200195,486.65869140625,178.59495544433594,-89.78707122802734,-179.9567108154297,-5.5049,-2.1424,0.6923,0.4149,-0.0102,0.0015,-1.9969,0.6149,-0.1259,0.2152,-0.0053,0.0007,-0.7139,-2.2762,-5.4482,0.4149,-0.0102,0.0015,0.1204,0.5652,-2.0118,0.2152,-0.0053,0.0007,1.9969,4.2469,,,17.7,holding
2026-09-21T12:05:19.808+09:00,TEST_0004_TEST_P01,TEST_P01,SOFT_GRIP_ENTRY,,678.1076049804688,60.47197723388672,486.7102355957031,178.59556579589844,-89.7829818725586,-179.95347595214844,-5.5049,-2.1424,0.6923,0.4149,-0.0102,0.0015,-1.9969,0.6149,-0.1259,0.2152,-0.0053,0.0007,-0.7139,-2.2762,-5.4482,0.4149,-0.0102,0.0015,0.1204,0.5652,-2.0118,0.2152,-0.0053,0.0007,1.9969,4.8364,,,17.7,holding
2026-09-21T12:05:19.864+09:00,TEST_0004_TEST_P01,TEST_P01,SOFT_GRIP_ENTRY,,678.6736450195312,60.47333908081055,486.7414245605469,178.59524536132812,-89.78038787841797,-179.95538330078125,-5.7695,-2.2208,0.539,0.4035,-0.0099,0.0015,-2.2615,0.5364,-0.2793,0.2038,-0.005,0.0008,-0.5628,-2.3612,-5.7112,0.4035,-0.0099,0.0015,0.2715,0.4802,-2.2749,0.2038,-0.005,0.0008,2.2615,5.4025,,,17.7,holding
2026-09-21T12:05:19.918+09:00,TEST_0004_TEST_P01,TEST_P01,SOFT_GRIP_ENTRY,,679.2186889648438,60.44561004638672,486.77484130859375,178.5930633544922,-89.77739715576172,-179.95068359375,-5.7695,-2.2208,0.539,0.4035,-0.0099,0.0015,-2.2615,0.5364,-0.2793,0.2038,-0.005,0.0008,-0.5628,-2.3612,-5.7112,0.4035,-0.0099,0.0015,0.2715,0.4802,-2.2749,0.2038,-0.005,0.0008,2.2615,5.9475,,,17.7,holding
2026-09-21T12:05:19.973+09:00,TEST_0004_TEST_P01,TEST_P01,SOFT_GRIP_ENTRY,,679.7793579101562,60.41954803466797,486.81317138671875,178.5905303955078,-89.7740707397461,-179.94801330566406,-6.1602,-2.1353,0.6007,0.4029,-0.0099,0.0016,-2.6521,0.622,-0.2176,0.2032,-0.005,0.0008,-0.6262,-2.2854,-6.1035,0.4029,-0.0099,0.0016,0.2082,0.556,-2.6672,0.2032,-0.005,0.0008,2.6521,6.5082,,,17.7,holding
2026-09-21T12:05:20.029+09:00,TEST_0004_TEST_P01,TEST_P01,SOFT_GRIP_ENTRY,,680.3260498046875,60.42566680908203,486.8973693847656,178.59104919433594,-89.7672119140625,-179.94973754882812,-6.1602,-2.1353,0.6007,0.4029,-0.0099,0.0016,-2.6521,0.622,-0.2176,0.2032,-0.005,0.0008,-0.6262,-2.2854,-6.1035,0.4029,-0.0099,0.0016,0.2082,0.556,-2.6672,0.2032,-0.005,0.0008,2.6521,7.0549,,,17.7,holding
2026-09-21T12:05:20.085+09:00,TEST_0004_TEST_P01,TEST_P01,SOFT_GRIP_ENTRY,,680.864501953125,60.454307556152344,486.8209533691406,178.5939483642578,-89.77328491210938,-179.94918823242188,-6.784,-2.2116,0.3745,0.4006,-0.0099,0.0016,-3.276,0.5456,-0.4438,0.2008,-0.005,0.0008,-0.404,-2.3774,-6.726,0.4006,-0.0099,0.0016,0.4303,0.4641,-3.2897,0.2008,-0.005,0.0008,3.276,7.5933,,,17.7,holding
2026-09-21T12:05:20.142+09:00,TEST_0004_TEST_P01,TEST_P01,SOFT_GRIP_ENTRY,,681.4466552734375,60.481910705566406,486.7870178222656,178.5961151123047,-89.77623748779297,-179.94984436035156,-7.4972,-2.2633,0.1638,0.4046,-0.0099,0.0016,-3.9892,0.494,-0.6544,0.2048,-0.005,0.0008,-0.1951,-2.4461,-7.4388,0.4046,-0.0099,0.0016,0.6393,0.3953,-4.0025,0.2048,-0.005,0.0008,3.9892,8.1755,,,17.9,holding
2026-09-21T12:05:20.197+09:00,TEST_0004_TEST_P01,TEST_P01,SOFT_GRIP_ENTRY,,682.0098266601562,60.48020935058594,486.83953857421875,178.59600830078125,-89.772216796875,-179.9524688720703,-7.4972,-2.2633,0.1638,0.4046,-0.0099,0.0016,-3.9892,0.494,-0.6544,0.2048,-0.005,0.0008,-0.1951,-2.4461,-7.4388,0.4046,-0.0099,0.0016,0.6393,0.3953,-4.0025,0.2048,-0.005,0.0008,3.9892,8.7386,,,17.9,holding
2026-09-21T12:05:20.254+09:00,TEST_0004_TEST_P01,TEST_P01,SOFT_GRIP_ENTRY,,682.5770874023438,60.45233917236328,486.89276123046875,178.59410095214844,-89.7677230834961,-179.95042419433594,-8.062,-2.1099,0.1,0.4151,-0.0102,0.0016,-4.554,0.6474,-0.7182,0.2154,-0.0053,0.0009,-0.134,-2.3068,-8.0074,0.4151,-0.0102,0.0016,0.7004,0.5346,-4.571,0.2154,-0.0053,0.0009,4.554,9.3059,,,17.9,holding
2026-09-21T12:05:20.310+09:00,TEST_0004_TEST_P01,TEST_P01,SOFT_GRIP_ENTRY,,683.1443481445312,60.43537139892578,486.8811340332031,178.59251403808594,-89.76860809326172,-179.9486541748047,-8.062,-2.1099,0.1,0.4151,-0.0102,0.0016,-4.554,0.6474,-0.7182,0.2154,-0.0053,0.0009,-0.134,-2.3068,-8.0074,0.4151,-0.0102,0.0016,0.7004,0.5346,-4.571,0.2154,-0.0053,0.0009,4.554,9.8732,,,17.9,holding
2026-09-21T12:05:20.365+09:00,TEST_0004_TEST_P01,TEST_P01,SOFT_GRIP_ENTRY,,683.7186279296875,60.44749069213867,486.7625732421875,178.5933380126953,-89.77849578857422,-179.95590209960938,-8.6394,-2.1208,-0.1075,0.4046,-0.0099,0.0016,-5.1314,0.6365,-0.9258,0.2049,-0.0051,0.0009,0.0712,-2.3324,-8.5851,0.4046,-0.0099,0.0016,0.9056,0.509,-5.1487,0.2049,-0.0051,0.0009,5.1314,10.4474,,,17.9,holding
2026-09-21T12:05:20.421+09:00,TEST_0004_TEST_P01,TEST_P01,SOFT_GRIP_ENTRY,,684.2722778320312,60.463165283203125,486.7731628417969,178.5946807861328,-89.7774658203125,-179.95462036132812,-8.6394,-2.1208,-0.1075,0.4046,-0.0099,0.0016,-5.1314,0.6365,-0.9258,0.2049,-0.0051,0.0009,0.0712,-2.3324,-8.5851,0.4046,-0.0099,0.0016,0.9056,0.509,-5.1487,0.2049,-0.0051,0.0009,5.1314,11.0011,,,17.9,holding
2026-09-21T12:05:20.476+09:00,TEST_0004_TEST_P01,TEST_P01,SOFT_GRIP_ENTRY,,684.8365478515625,60.460853576660156,486.8639221191406,178.59425354003906,-89.76998901367188,-179.94906616210938,-8.7745,-2.0905,-0.2041,0.4027,-0.0099,0.0016,-5.2665,0.6668,-1.0223,0.2029,-0.005,0.0008,0.1681,-2.3052,-8.7213,0.4027,-0.0099,0.0016,1.0024,0.5362,-5.285,0.2029,-0.005,0.0008,5.2665,11.5654,,,18.1,holding
2026-09-21T12:05:20.531+09:00,TEST_0004_TEST_P01,TEST_P01,SOFT_GRIP_ENTRY,,685.386474609375,60.426937103271484,486.7815246582031,178.59124755859375,-89.77666473388672,-179.95233154296875,-8.7745,-2.0905,-0.2041,0.4027,-0.0099,0.0016,-5.2665,0.6668,-1.0223,0.2029,-0.005,0.0008,0.1681,-2.3052,-8.7213,0.4027,-0.0099,0.0016,1.0024,0.5362,-5.285,0.2029,-0.005,0.0008,5.2665,12.1153,,,18.1,holding
2026-09-21T12:05:20.587+09:00,TEST_0004_TEST_P01,TEST_P01,SOFT_GRIP_ENTRY,,685.9241333007812,60.393951416015625,486.79351806640625,178.58883666992188,-89.77530670166016,-179.95114135742188,-9.4486,-1.9103,-0.0219,0.403,-0.0099,0.0016,-5.9405,0.847,-0.8401,0.2033,-0.005,0.0008,-0.0165,-2.1421,-9.3987,0.403,-0.0099,0.0016,0.8179,0.6994,-5.9624,0.2033,-0.005,0.0008,5.9405,12.653,,,18.1,holding
2026-09-21T12:05:20.642+09:00,TEST_0004_TEST_P01,TEST_P01,SOFT_GRIP_ENTRY,,686.483154296875,60.39442825317383,486.8954772949219,178.58889770507812,-89.76687622070312,-179.94610595703125,-9.748,-1.9573,-0.0984,0.3943,-0.0097,0.0016,-6.24,0.8,-0.9167,0.1946,-0.0048,0.0008,0.0569,-2.1968,-9.6972,0.3943,-0.0097,0.0016,0.8912,0.6446,-6.2609,0.1946,-0.0048,0.0008,6.24,13.212,,,18.1,holding
2026-09-21T12:05:20.697+09:00,TEST_0004_TEST_P01,TEST_P01,SOFT_GRIP_ENTRY,,687.0477294921875,60.40995407104492,486.9382019042969,178.58981323242188,-89.76351165771484,-179.9460906982422,-9.748,-1.9573,-0.0984,0.3943,-0.0097,0.0016,-6.24,0.8,-0.9167,0.1946,-0.0048,0.0008,0.0569,-2.1968,-9.6972,0.3943,-0.0097,0.0016,0.8912,0.6446,-6.2609,0.1946,-0.0048,0.0008,6.24,13.7766,,,18.1,holding
2026-09-21T12:05:20.754+09:00,TEST_0004_TEST_P01,TEST_P01,SOFT_GRIP_ENTRY,,687.6032104492188,60.41960525512695,486.9214782714844,178.59078979492188,-89.76473236083984,-179.951416015625,-9.9423,-2.0257,0.0508,0.3974,-0.0098,0.0016,-6.4343,0.7315,-0.7674,0.1976,-0.0049,0.0008,-0.093,-2.2696,-9.8892,0.3974,-0.0098,0.0016,0.7414,0.5719,-6.4528,0.1976,-0.0049,0.0008,6.4343,14.332,,,18.1,holding
2026-09-21T12:05:20.808+09:00,TEST_0004_TEST_P01,TEST_P01,SOFT_GRIP_ENTRY,,688.1353759765625,60.3973388671875,486.8780822753906,178.58953857421875,-89.76832580566406,-179.95050048828125,-9.9423,-2.0257,0.0508,0.3974,-0.0098,0.0016,-6.4343,0.7315,-0.7674,0.1976,-0.0049,0.0008,-0.093,-2.2696,-9.8892,0.3974,-0.0098,0.0016,0.7414,0.5719,-6.4528,0.1976,-0.0049,0.0008,6.4343,14.8642,,,18.1,holding
2026-09-21T12:05:20.863+09:00,TEST_0004_TEST_P01,TEST_P01,SOFT_GRIP_ENTRY,,688.6961059570312,60.37626647949219,486.8940124511719,178.5874481201172,-89.76714324951172,-179.9479522705078,-10.007,-2.1107,0.07,0.3949,-0.0097,0.0016,-6.499,0.6466,-0.7482,0.1951,-0.0048,0.0008,-0.1128,-2.3565,-9.9516,0.3949,-0.0097,0.0016,0.7216,0.485,-6.5153,0.1951,-0.0048,0.0008,6.499,15.4249,,,18.1,holding
2026-09-21T12:05:20.918+09:00,TEST_0004_TEST_P01,TEST_P01,SOFT_GRIP_ENTRY,,689.2633666992188,60.390098571777344,486.9418029785156,178.58851623535156,-89.76334381103516,-179.95176696777344,-10.007,-2.1107,0.07,0.3949,-0.0097,0.0016,-6.499,0.6466,-0.7482,0.1951,-0.0048,0.0008,-0.1128,-2.3565,-9.9516,0.3949,-0.0097,0.0016,0.7216,0.485,-6.5153,0.1951,-0.0048,0.0008,6.499,15.9922,,,18.1,holding
2026-09-21T12:05:20.973+09:00,TEST_0004_TEST_P01,TEST_P01,SOFT_GRIP_ENTRY,,689.7877807617188,60.42023849487305,486.881591796875,178.5914306640625,-89.76802825927734,-179.95306396484375,-9.9601,-2.1785,0.0758,0.396,-0.0098,0.0016,-6.452,0.5787,-0.7424,0.1962,-0.0049,0.0009,-0.1185,-2.423,-9.903,0.396,-0.0098,0.0016,0.7158,0.4184,-6.4667,0.1962,-0.0049,0.0009,6.452,16.5166,,,18.1,holding
2026-09-21T12:05:21.030+09:00,TEST_0004_TEST_P01,TEST_P01,SOFT_GRIP_ENTRY,,690.3311767578125,60.446800231933594,486.8687438964844,178.59385681152344,-89.76905822753906,-179.95045471191406,-9.9601,-2.1785,0.0758,0.396,-0.0098,0.0016,-6.452,0.5787,-0.7424,0.1962,-0.0049,0.0009,-0.1185,-2.423,-9.903,0.396,-0.0098,0.0016,0.7158,0.4184,-6.4667,0.1962,-0.0049,0.0009,6.452,17.06,,,18.1,holding
2026-09-21T12:05:21.085+09:00,TEST_0004_TEST_P01,TEST_P01,SOFT_GRIP_ENTRY,,690.8936767578125,60.4510383605957,486.90447998046875,178.59385681152344,-89.76606750488281,-179.94961547851562,-10.7352,-2.1996,0.2648,0.398,-0.0098,0.0016,-7.2272,0.5577,-0.5534,0.1983,-0.0049,0.0008,-0.3101,-2.4621,-10.6769,0.398,-0.0098,0.0016,0.5242,0.3794,-7.2405,0.1983,-0.0049,0.0008,7.2272,17.6225,,,18.1,holding
2026-09-21T12:05:21.141+09:00,TEST_0004_TEST_P01,TEST_P01,SOFT_GRIP_ENTRY,,691.4595947265625,60.41741180419922,486.9677429199219,178.5911407470703,-89.76068878173828,-179.952392578125,-11.1002,-2.1915,0.03,0.3952,-0.0097,0.0016,-7.5921,0.5657,-0.7883,0.1955,-0.0048,0.0009,-0.0782,-2.4637,-11.0427,0.3952,-0.0097,0.0016,0.7562,0.3777,-7.6064,0.1955,-0.0048,0.0009,7.5921,18.1884,,,18.1,holding
2026-09-21T12:05:21.197+09:00,TEST_0004_TEST_P01,TEST_P01,SOFT_GRIP_ENTRY,,692.0050048828125,60.39277648925781,486.9615478515625,178.58920288085938,-89.76102447509766,-179.94894409179688,-11.1002,-2.1915,0.03,0.3952,-0.0097,0.0016,-7.5921,0.5657,-0.7883,0.1955,-0.0048,0.0009,-0.0782,-2.4637,-11.0427,0.3952,-0.0097,0.0016,0.7562,0.3777,-7.6064,0.1955,-0.0048,0.0009,7.5921,18.7338,,,18.2,holding
2026-09-21T12:05:21.253+09:00,TEST_0004_TEST_P01,TEST_P01,SOFT_GRIP_ENTRY,,692.5667724609375,60.3973388671875,486.8805847167969,178.58946228027344,-89.76775360107422,-179.9467010498047,-11.6795,-2.1947,0.1327,0.3873,-0.0095,0.0016,-8.1715,0.5625,-0.6856,0.1875,-0.0046,0.0008,-0.1822,-2.4815,-11.6213,0.3873,-0.0095,0.0016,0.6522,0.36,-8.185,0.1875,-0.0046,0.0008,8.1715,19.2956,,,18.2,holding
2026-09-21T12:05:21.308+09:00,TEST_0004_TEST_P01,TEST_P01,SOFT_GRIP_ENTRY,,693.127197265625,60.41679000854492,486.9310607910156,178.59103393554688,-89.76370239257812,-179.94821166992188,-11.6795,-2.1947,0.1327,0.3873,-0.0095,0.0016,-8.1715,0.5625,-0.6856,0.1875,-0.0046,0.0008,-0.1822,-2.4815,-11.6213,0.3873,-0.0095,0.0016,0.6522,0.36,-8.185,0.1875,-0.0046,0.0008,8.1715,19.856,,,18.2,holding
2026-09-21T12:05:21.365+09:00,TEST_0004_TEST_P01,TEST_P01,SOFT_GRIP_ENTRY,,693.6903076171875,60.438907623291016,486.9196472167969,178.59317016601562,-89.76449584960938,-179.9524383544922,-12.1889,-2.311,-0.064,0.3826,-0.0094,0.0016,-8.6808,0.4462,-0.8822,0.1829,-0.0045,0.0008,0.0113,-2.6098,-12.1286,0.3826,-0.0094,0.0016,0.8456,0.2317,-8.6922,0.1829,-0.0045,0.0008,8.6808,20.4191,,,18.2,holding
2026-09-21T12:05:21.421+09:00,TEST_0004_TEST_P01,TEST_P01,SOFT_GRIP_ENTRY,,694.2678833007812,60.4315071105957,486.81817626953125,178.5923614501953,-89.77275085449219,-179.9507598876953,-12.1889,-2.311,-0.064,0.3826,-0.0094,0.0016,-8.6808,0.4462,-0.8822,0.1829,-0.0045,0.0008,0.0113,-2.6098,-12.1286,0.3826,-0.0094,0.0016,0.8456,0.2317,-8.6922,0.1829,-0.0045,0.0008,8.6808,20.9967,,,18.2,holding
2026-09-21T12:05:21.477+09:00,TEST_0004_TEST_P01,TEST_P01,SOFT_GRIP_ENTRY,,694.8408813476562,60.40863037109375,486.8263854980469,178.59039306640625,-89.7721939086914,-179.94921875,-12.1387,-2.3575,0.0038,0.3768,-0.0093,0.0015,-8.6306,0.3998,-0.8144,0.1771,-0.0044,0.0007,-0.0536,-2.6551,-12.077,0.3768,-0.0093,0.0015,0.7807,0.1864,-8.6406,0.1771,-0.0044,0.0007,8.6306,21.5697,,,18.2,holding
2026-09-21T12:05:21.533+09:00,TEST_0004_TEST_P01,TEST_P01,SOFT_GRIP_ENTRY,,695.4070434570312,60.401737213134766,486.8477478027344,178.58978271484375,-89.77035522460938,-179.95263671875,-12.1387,-2.3575,0.0038,0.3768,-0.0093,0.0015,-8.6306,0.3998,-0.8144,0.1771,-0.0044,0.0007,-0.0536,-2.6551,-12.077,0.3768,-0.0093,0.0015,0.7807,0.1864,-8.6406,0.1771,-0.0044,0.0007,8.6306,22.1359,,,18.2,holding
2026-09-21T12:05:21.589+09:00,TEST_0004_TEST_P01,TEST_P01,SOFT_GRIP_ENTRY,,695.9777221679688,60.420684814453125,486.8550109863281,178.59132385253906,-89.76960754394531,-179.95611572265625,-12.669,-2.2449,0.1026,0.3797,-0.0093,0.0015,-9.161,0.5124,-0.7157,0.18,-0.0045,0.0007,-0.1554,-2.5558,-12.6094,0.3797,-0.0093,0.0015,0.679,0.2856,-9.173,0.18,-0.0045,0.0007,9.161,22.7065,,,18.2,holding
2026-09-21T12:05:21.645+09:00,TEST_0004_TEST_P01,TEST_P01,SOFT_GRIP_ENTRY,,696.5411987304688,60.43894958496094,486.814453125,178.59255981445312,-89.77279663085938,-179.95286560058594,-12.5835,-2.3322,-0.0683,0.3847,-0.0095,0.0015,-9.0754,0.425,-0.8866,0.185,-0.0046,0.0008,0.0162,-2.6406,-12.5225,0.3847,-0.0095,0.0015,0.8506,0.2008,-9.0862,0.185,-0.0046,0.0008,9.0754,23.27,,,18.2,holding
2026-09-21T12:05:21.702+09:00,TEST_0004_TEST_P01,TEST_P01,SOFT_GRIP_ENTRY,,697.0701293945312,60.44062423706055,486.79913330078125,178.5928955078125,-89.77413177490234,-179.94906616210938,-12.5835,-2.3322,-0.0683,0.3847,-0.0095,0.0015,-9.0754,0.425,-0.8866,0.185,-0.0046,0.0008,0.0162,-2.6406,-12.5225,0.3847,-0.0095,0.0015,0.8506,0.2008,-9.0862,0.185,-0.0046,0.0008,9.0754,23.799,,,18.2,holding
2026-09-21T12:05:21.758+09:00,TEST_0004_TEST_P01,TEST_P01,SOFT_GRIP_ENTRY,,697.5198974609375,60.410614013671875,486.8405456542969,178.59088134765625,-89.77054595947266,-179.94985961914062,-13.1358,-2.2773,0.0592,0.3955,-0.0097,0.0016,-9.6278,0.4799,-0.7591,0.1957,-0.0048,0.0008,-0.1136,-2.5994,-13.0756,0.3955,-0.0097,0.0016,0.7207,0.242,-9.6392,0.1957,-0.0048,0.0008,9.6278,24.2487,,,18.2,holding
2026-09-21T12:05:22.815+09:00,TEST_0004_TEST_P01,TEST_P01,SOFT_GRIP_ENTRY,SOFT_GRIP_STABILIZATION_END,698.1742553710938,60.34959030151367,486.74920654296875,178.58607482910156,-89.77445983886719,-179.94825744628906,-9.1387,-1.9532,-0.5588,0.435,-0.0107,0.0017,0.0,0.0,0.0,0.0,0.0,0.0,0.5212,-2.1786,-9.0898,0.435,-0.0107,0.0017,0.0,0.0,0.0,0.0,0.0,0.0,,,,,18.4,holding
2026-09-21T12:05:22.887+09:00,TEST_0004_TEST_P01,TEST_P01,HARD_GRIP,HARD_GRIP_COMMAND,698.1687622070312,60.35031509399414,486.7618408203125,178.5861358642578,-89.77339935302734,-179.9483642578125,-8.8428,-1.8815,-0.6401,0.4557,-0.0112,0.0018,0.0,0.0,0.0,0.0,0.0,0.0,0.6036,-2.0997,-8.7961,0.4557,-0.0112,0.0018,0.0,0.0,0.0,0.0,0.0,0.0,,,,,18.4,holding
2026-09-21T12:05:23.890+09:00,TEST_0004_TEST_P01,TEST_P01,HARD_GRIP,HARD_GRIP_STABILIZATION_END,698.1049194335938,60.373435974121094,486.88580322265625,178.58876037597656,-89.7634506225586,-179.94984436035156,-5.2509,-1.8765,-2.0173,0.539,-0.0133,0.0022,0.0,0.0,0.0,0.0,0.0,0.0,1.994,-2.007,-5.2114,0.539,-0.0133,0.0022,0.0,0.0,0.0,0.0,0.0,0.0,,,,,17.7,moving
2026-09-21T12:05:23.923+09:00,TEST_0004_TEST_P01,TEST_P01,PULL_TEST,,698.1047973632812,60.374637603759766,486.88580322265625,178.58885192871094,-89.7634506225586,-179.94998168945312,-5.2509,-1.8765,-2.0173,0.539,-0.0133,0.0022,0.0,0.0,0.0,0.0,0.0,0.0,1.994,-2.007,-5.2114,0.539,-0.0133,0.0022,0.0,0.0,0.0,0.0,0.0,0.0,,,0.0,0.0001,17.6,moving
2026-09-21T12:05:23.978+09:00,TEST_0004_TEST_P01,TEST_P01,PULL_TEST,,698.1009521484375,60.37642288208008,486.8930969238281,178.58905029296875,-89.76286315917969,-179.9498748779297,-4.9908,-1.8716,-2.0192,0.5278,-0.013,0.0022,0.2601,0.0049,-0.0019,-0.0112,0.0003,-0.0,1.997,-1.9957,-4.9514,0.5278,-0.013,0.0022,0.003,0.0113,0.2599,-0.0112,0.0003,-0.0,,,0.2601,0.004,17.6,moving
2026-09-21T12:05:24.033+09:00,TEST_0004_TEST_P01,TEST_P01,PULL_TEST,,698.0487670898438,60.37604904174805,486.99151611328125,178.58961486816406,-89.75495910644531,-179.9480438232422,-4.9908,-1.8716,-2.0192,0.5278,-0.013,0.0022,0.2601,0.0049,-0.0019,-0.0112,0.0003,-0.0,1.997,-1.9957,-4.9514,0.5278,-0.013,0.0022,0.003,0.0113,0.2599,-0.0112,0.0003,-0.0,,,0.2601,0.0562,17.6,moving
2026-09-21T12:05:24.091+09:00,TEST_0004_TEST_P01,TEST_P01,PULL_TEST,,697.885498046875,60.37752914428711,487.25128173828125,178.58969116210938,-89.73371124267578,-179.93809509277344,-4.4668,-1.8923,-2.1738,0.5188,-0.0128,0.0022,0.7841,-0.0158,-0.1565,-0.0203,0.0005,-0.0001,2.1529,-2.0036,-4.4282,0.5188,-0.0128,0.0022,0.1589,0.0034,0.7831,-0.0203,0.0005,-0.0001,,,0.7841,0.2194,17.6,moving
2026-09-21T12:05:24.147+09:00,TEST_0004_TEST_P01,TEST_P01,PULL_TEST,,697.5955810546875,60.368167877197266,487.37432861328125,178.58811950683594,-89.72262573242188,-179.93592834472656,-3.4349,-1.9845,-2.9555,0.5081,-0.0125,0.0023,1.816,-0.108,-0.9383,-0.0309,0.0008,0.0001,2.9369,-2.0718,-3.3991,0.5081,-0.0125,0.0023,0.9429,-0.0647,1.8122,-0.0309,0.0008,0.0001,,,1.816,0.5093,17.6,moving
2026-09-21T12:05:24.203+09:00,TEST_0004_TEST_P01,TEST_P01,PULL_TEST,,697.1174926757812,60.35604476928711,487.44110107421875,178.5873565673828,-89.71643829345703,-179.9346923828125,-3.4349,-1.9845,-2.9555,0.5081,-0.0125,0.0023,1.816,-0.108,-0.9383,-0.0309,0.0008,0.0001,2.9369,-2.0718,-3.3991,0.5081,-0.0125,0.0023,0.9429,-0.0647,1.8122,-0.0309,0.0008,0.0001,,,1.816,0.9874,17.6,moving
2026-09-21T12:05:24.259+09:00,TEST_0004_TEST_P01,TEST_P01,PULL_TEST,,696.550048828125,60.35756301879883,487.3559265136719,178.58779907226562,-89.72270202636719,-179.93507385253906,-3.3396,-2.0745,-3.8969,0.5515,-0.0136,0.0027,1.9113,-0.198,-1.8797,0.0125,-0.0003,0.0005,3.8784,-2.1606,-3.3064,0.5515,-0.0136,0.0027,1.8843,-0.1536,1.905,0.0125,-0.0003,0.0005,,,1.9113,1.5549,17.6,moving
2026-09-21T12:05:24.315+09:00,TEST_0004_TEST_P01,TEST_P01,PULL_TEST,,695.9784545898438,60.36073684692383,487.29779052734375,178.58802795410156,-89.72660064697266,-179.93801879882812,-3.3396,-2.0745,-3.8969,0.5515,-0.0136,0.0027,1.9113,-0.198,-1.8797,0.0125,-0.0003,0.0005,3.8784,-2.1606,-3.3064,0.5515,-0.0136,0.0027,1.8843,-0.1536,1.905,0.0125,-0.0003,0.0005,,,1.9113,2.1265,17.6,moving
2026-09-21T12:05:24.371+09:00,TEST_0004_TEST_P01,TEST_P01,PULL_TEST,,695.4080810546875,60.340335845947266,487.2787170410156,178.5865478515625,-89.72772979736328,-179.94297790527344,-3.6207,-2.1722,-3.7897,0.6302,-0.0155,0.003,1.6302,-0.2957,-1.7724,0.0912,-0.0023,0.0008,3.7704,-2.2646,-3.584,0.6302,-0.0155,0.003,1.7764,-0.2576,1.6274,0.0912,-0.0023,0.0008,,,1.6302,2.6968,17.6,moving
2026-09-21T12:05:24.426+09:00,TEST_0004_TEST_P01,TEST_P01,PULL_TEST,,694.8349609375,60.316349029541016,487.2078552246094,178.58457946777344,-89.73335266113281,-179.9427490234375,-3.6207,-2.1722,-3.7897,0.6302,-0.0155,0.003,1.6302,-0.2957,-1.7724,0.0912,-0.0023,0.0008,3.7704,-2.2646,-3.584,0.6302,-0.0155,0.003,1.7764,-0.2576,1.6274,0.0912,-0.0023,0.0008,,,1.6302,3.27,17.6,moving
2026-09-21T12:05:24.481+09:00,TEST_0004_TEST_P01,TEST_P01,PULL_TEST,,694.26513671875,60.307735443115234,487.14385986328125,178.583984375,-89.73851013183594,-179.93983459472656,-3.0663,-2.0845,-3.6037,0.7063,-0.0174,0.0033,2.1845,-0.208,-1.5864,0.1673,-0.0042,0.0011,3.5875,-2.1632,-3.0306,0.7063,-0.0174,0.0033,1.5934,-0.1562,2.1808,0.1673,-0.0042,0.0011,,,2.1845,3.8398,17.4,moving
2026-09-21T12:05:24.537+09:00,TEST_0004_TEST_P01,TEST_P01,PULL_TEST,,693.689208984375,60.324851989746094,487.1061096191406,178.5858612060547,-89.74141693115234,-179.94017028808594,-3.0663,-2.0845,-3.6037,0.7063,-0.0174,0.0033,2.1845,-0.208,-1.5864,0.1673,-0.0042,0.0011,3.5875,-2.1632,-3.0306,0.7063,-0.0174,0.0033,1.5934,-0.1562,2.1808,0.1673,-0.0042,0.0011,,,2.1845,4.4157,17.4,moving
2026-09-21T12:05:24.592+09:00,TEST_0004_TEST_P01,TEST_P01,PULL_TEST,,693.1223754882812,60.35369873046875,487.1436767578125,178.58843994140625,-89.73849487304688,-179.94357299804688,-2.3063,-2.1058,-3.2129,0.738,-0.0182,0.0034,2.9446,-0.2293,-1.1956,0.199,-0.0049,0.0011,3.2004,-2.1654,-2.268,0.738,-0.0182,0.0034,1.2064,-0.1584,2.9433,0.199,-0.0049,0.0011,,,2.9446,4.9825,17.4,moving
2026-09-21T12:05:24.649+09:00,TEST_0004_TEST_P01,TEST_P01,PULL_TEST,,692.566162109375,60.34651184082031,487.0790100097656,178.58773803710938,-89.74388122558594,-179.94480895996094,-1.3774,-2.1229,-3.1329,0.763,-0.0188,0.0034,3.8735,-0.2464,-1.1157,0.224,-0.0055,0.0012,3.1249,-2.1592,-1.3387,0.763,-0.0188,0.0034,1.1309,-0.1522,3.8727,0.224,-0.0055,0.0012,,,3.8735,5.5388,17.4,moving
2026-09-21T12:05:24.704+09:00,TEST_0004_TEST_P01,TEST_P01,PULL_TEST,,692.0048217773438,60.32896041870117,486.9820556640625,178.58644104003906,-89.7519302368164,-179.94447326660156,-1.3774,-2.1229,-3.1329,0.763,-0.0188,0.0034,3.8735,-0.2464,-1.1157,0.224,-0.0055,0.0012,3.1249,-2.1592,-1.3387,0.763,-0.0188,0.0034,1.1309,-0.1522,3.8727,0.224,-0.0055,0.0012,,,3.8735,6.1001,17.4,moving
2026-09-21T12:05:24.761+09:00,TEST_0004_TEST_P01,TEST_P01,PULL_TEST,,691.44287109375,60.315059661865234,486.957763671875,178.58560180664062,-89.7536849975586,-179.94618225097656,0.0369,-2.0464,-2.7858,0.7777,-0.0192,0.0034,5.2878,-0.1699,-0.7686,0.2387,-0.0059,0.0012,2.7842,-2.0476,0.0753,0.7777,-0.0192,0.0034,0.7902,-0.0406,5.2867,0.2387,-0.0059,0.0012,,,5.2878,6.662,17.4,moving
2026-09-21T12:05:24.815+09:00,TEST_0004_TEST_P01,TEST_P01,PULL_TEST,,690.8967895507812,60.32405090332031,486.94793701171875,178.58633422851562,-89.75455474853516,-179.9500274658203,0.0369,-2.0464,-2.7858,0.7777,-0.0192,0.0034,5.2878,-0.1699,-0.7686,0.2387,-0.0059,0.0012,2.7842,-2.0476,0.0753,0.7777,-0.0192,0.0034,0.7902,-0.0406,5.2867,0.2387,-0.0059,0.0012,,,5.2878,7.2081,17.4,moving
2026-09-21T12:05:24.872+09:00,TEST_0004_TEST_P01,TEST_P01,PULL_TEST,,690.329833984375,60.353878021240234,486.9124755859375,178.58868408203125,-89.7573471069336,-179.95108032226562,0.4381,-1.9225,-2.5737,0.796,-0.0196,0.0034,5.689,-0.046,-0.5565,0.257,-0.0064,0.0012,2.5741,-1.9133,0.4744,0.796,-0.0196,0.0034,0.5801,0.0937,5.6858,0.257,-0.0064,0.0012,,,5.689,7.7751,17.4,moving
2026-09-21T12:05:24.928+09:00,TEST_0004_TEST_P01,TEST_P01,PULL_TEST,,689.7598266601562,60.36919021606445,486.8357849121094,178.5898895263672,-89.76337432861328,-179.9483642578125,0.4381,-1.9225,-2.5737,0.796,-0.0196,0.0034,5.689,-0.046,-0.5565,0.257,-0.0064,0.0012,2.5741,-1.9133,0.4744,0.796,-0.0196,0.0034,0.5801,0.0937,5.6858,0.257,-0.0064,0.0012,,,5.689,8.3451,17.4,moving
2026-09-21T12:05:24.984+09:00,TEST_0004_TEST_P01,TEST_P01,PULL_TEST,,689.2109375,60.354637145996094,486.8201904296875,178.58863830566406,-89.76449584960938,-179.9496307373047,1.1256,-1.848,-2.8526,0.8085,-0.0199,0.0034,6.3765,0.0286,-0.8353,0.2695,-0.0066,0.0012,2.8557,-1.8223,1.159,0.8085,-0.0199,0.0034,0.8617,0.1847,6.3703,0.2695,-0.0066,0.0012,,,6.3765,8.894,17.4,moving
2026-09-21T12:05:25.040+09:00,TEST_0004_TEST_P01,TEST_P01,PULL_TEST,,688.6686401367188,60.3269157409668,486.76055908203125,178.5860595703125,-89.7693862915039,-179.95327758789062,2.4557,-1.7658,-3.4012,0.815,-0.0201,0.0033,7.7066,0.1107,-1.3839,0.276,-0.0068,0.0011,3.4098,-1.7075,2.4848,0.815,-0.0201,0.0033,1.4158,0.2995,7.6962,0.276,-0.0068,0.0011,,,7.7066,9.4363,17.4,moving
2026-09-21T12:05:25.095+09:00,TEST_0004_TEST_P01,TEST_P01,PULL_TEST,,688.1034545898438,60.30275344848633,486.741943359375,178.5840606689453,-89.77093505859375,-179.9506072998047,2.4557,-1.7658,-3.4012,0.815,-0.0201,0.0033,7.7066,0.1107,-1.3839,0.276,-0.0068,0.0011,3.4098,-1.7075,2.4848,0.815,-0.0201,0.0033,1.4158,0.2995,7.6962,0.276,-0.0068,0.0011,,,7.7066,10.0015,17.4,moving
2026-09-21T12:05:25.152+09:00,TEST_0004_TEST_P01,TEST_P01,PULL_TEST,,687.542724609375,60.31096649169922,486.77655029296875,178.584716796875,-89.76788330078125,-179.9477996826172,2.9751,-1.9685,-3.9167,0.8165,-0.0202,0.0033,8.226,-0.092,-1.8994,0.2775,-0.0069,0.001,3.9271,-1.898,3.007,0.8165,-0.0202,0.0033,1.933,0.109,8.2184,0.2775,-0.0069,0.001,,,8.226,10.5622,17.4,moving
2026-09-21T12:05:25.207+09:00,TEST_0004_TEST_P01,TEST_P01,PULL_TEST,,686.9963989257812,60.33686828613281,486.7919921875,178.5868682861328,-89.7665786743164,-179.95057678222656,2.9751,-1.9685,-3.9167,0.8165,-0.0202,0.0033,8.226,-0.092,-1.8994,0.2775,-0.0069,0.001,3.9271,-1.898,3.007,0.8165,-0.0202,0.0033,1.933,0.109,8.2184,0.2775,-0.0069,0.001,,,8.226,11.1085,17.4,moving
2026-09-21T12:05:25.263+09:00,TEST_0004_TEST_P01,TEST_P01,PULL_TEST,,686.4191284179688,60.337181091308594,486.7582092285156,178.5871124267578,-89.76958465576172,-179.94947814941406,3.9641,-2.2266,-4.1976,0.8229,-0.0203,0.0033,9.215,-0.3501,-2.1803,0.2839,-0.007,0.0011,4.2119,-2.1319,4.0007,0.8229,-0.0203,0.0033,2.2179,-0.1249,9.2121,0.2839,-0.007,0.0011,,,9.215,11.6858,17.4,moving
2026-09-21T12:05:25.318+09:00,TEST_0004_TEST_P01,TEST_P01,PULL_TEST,,685.85205078125,60.32722091674805,486.7366027832031,178.58685302734375,-89.77134704589844,-179.9468994140625,3.9641,-2.2266,-4.1976,0.8229,-0.0203,0.0033,9.215,-0.3501,-2.1803,0.2839,-0.007,0.0011,4.2119,-2.1319,4.0007,0.8229,-0.0203,0.0033,2.2179,-0.1249,9.2121,0.2839,-0.007,0.0011,,,9.215,12.2529,17.4,moving
2026-09-21T12:05:25.373+09:00,TEST_0004_TEST_P01,TEST_P01,PULL_TEST,,685.2846069335938,60.31056213378906,486.75177001953125,178.58570861816406,-89.7698745727539,-179.94760131835938,4.0005,-2.3257,-4.5229,0.8204,-0.0202,0.0033,9.2514,-0.4492,-2.5056,0.2814,-0.007,0.0011,4.537,-2.2306,4.0384,0.8204,-0.0202,0.0033,2.543,-0.2235,9.2498,0.2814,-0.007,0.0011,,,9.2514,12.8203,17.4,moving
2026-09-21T12:05:25.428+09:00,TEST_0004_TEST_P01,TEST_P01,PULL_TEST,,684.7427368164062,60.32421112060547,486.8275451660156,178.586669921875,-89.76375579833984,-179.95204162597656,4.0005,-2.3257,-4.5229,0.8204,-0.0202,0.0033,9.2514,-0.4492,-2.5056,0.2814,-0.007,0.0011,4.537,-2.2306,4.0384,0.8204,-0.0202,0.0033,2.543,-0.2235,9.2498,0.2814,-0.007,0.0011,,,9.2514,13.3622,17.4,moving
2026-09-21T12:05:25.483+09:00,TEST_0004_TEST_P01,TEST_P01,PULL_TEST,,684.1802978515625,60.35077667236328,486.7982177734375,178.58871459960938,-89.76598358154297,-179.95217895507812,3.908,-2.5787,-4.7667,0.819,-0.0202,0.0033,9.1589,-0.7022,-2.7494,0.28,-0.0069,0.0011,4.7811,-2.4856,3.9506,0.819,-0.0202,0.0033,2.7871,-0.4785,9.1619,0.28,-0.0069,0.0011,,,9.1589,13.9246,17.4,moving
2026-09-21T12:05:25.539+09:00,TEST_0004_TEST_P01,TEST_P01,PULL_TEST,,683.6064453125,60.37118148803711,486.7764587402344,178.5906524658203,-89.76741027832031,-179.95245361328125,4.5933,-2.7479,-5.1983,0.8145,-0.0201,0.0033,9.8442,-0.8714,-3.1811,0.2754,-0.0068,0.0011,5.215,-2.6385,4.6384,0.8145,-0.0201,0.0033,3.221,-0.6314,9.8497,0.2754,-0.0068,0.0011,,,9.8442,14.4985,17.4,moving
2026-09-21T12:05:25.595+09:00,TEST_0004_TEST_P01,TEST_P01,PULL_TEST,,683.0628051757812,60.35984420776367,486.83514404296875,178.58956909179688,-89.76276397705078,-179.95492553710938,4.5933,-2.7479,-5.1983,0.8145,-0.0201,0.0033,9.8442,-0.8714,-3.1811,0.2754,-0.0068,0.0011,5.215,-2.6385,4.6384,0.8145,-0.0201,0.0033,3.221,-0.6314,9.8497,0.2754,-0.0068,0.0011,,,9.8442,15.0421,17.4,moving
2026-09-21T12:05:25.652+09:00,TEST_0004_TEST_P01,TEST_P01,PULL_TEST,,682.4978637695312,60.336124420166016,486.8993835449219,178.58770751953125,-89.75748443603516,-179.9506378173828,5.0907,-2.7713,-5.5262,0.813,-0.02,0.0034,10.3416,-0.8948,-3.509,0.274,-0.0067,0.0011,5.5456,-2.6497,5.1342,0.813,-0.02,0.0034,3.5516,-0.6427,10.3455,0.274,-0.0067,0.0011,,,10.3416,15.6071,17.4,moving
2026-09-21T12:05:25.708+09:00,TEST_0004_TEST_P01,TEST_P01,PULL_TEST,,681.9242553710938,60.332847595214844,486.87457275390625,178.58773803710938,-89.75923919677734,-179.94619750976562,5.0907,-2.7713,-5.5262,0.813,-0.02,0.0034,10.3416,-0.8948,-3.509,0.274,-0.0067,0.0011,5.5456,-2.6497,5.1342,0.813,-0.02,0.0034,3.5516,-0.6427,10.3455,0.274,-0.0067,0.0011,,,10.3416,16.1807,17.4,moving
2026-09-21T12:05:25.765+09:00,TEST_0004_TEST_P01,TEST_P01,PULL_TEST,,681.3690795898438,60.3542366027832,486.8050842285156,178.5890655517578,-89.7649917602539,-179.94921875,5.9771,-2.6224,-5.8074,0.811,-0.02,0.0034,11.228,-0.7459,-3.7902,0.272,-0.0067,0.0012,5.8304,-2.4799,6.0155,0.811,-0.02,0.0034,3.8363,-0.4728,11.2269,0.272,-0.0067,0.0012,,,11.228,16.7358,17.4,moving
2026-09-21T12:05:25.821+09:00,TEST_0004_TEST_P01,TEST_P01,PULL_TEST,,680.80859375,60.3726692199707,486.7975158691406,178.59085083007812,-89.76585388183594,-179.95066833496094,5.9771,-2.6224,-5.8074,0.811,-0.02,0.0034,11.228,-0.7459,-3.7902,0.272,-0.0067,0.0012,5.8304,-2.4799,6.0155,0.811,-0.02,0.0034,3.8363,-0.4728,11.2269,0.272,-0.0067,0.0012,,,11.228,17.2963,17.4,moving
2026-09-21T12:05:25.876+09:00,TEST_0004_TEST_P01,TEST_P01,PULL_TEST,,680.255126953125,60.36458206176758,486.88427734375,178.590576171875,-89.75879669189453,-179.9478302001953,6.6959,-2.598,-5.4688,0.8193,-0.0202,0.0034,11.9468,-0.7215,-3.4515,0.2803,-0.0069,0.0011,5.4941,-2.4373,6.7355,0.8193,-0.0202,0.0034,3.5001,-0.4303,11.9468,0.2803,-0.0069,0.0011,,,11.9468,17.8498,17.4,moving
2026-09-21T12:05:25.931+09:00,TEST_0004_TEST_P01,TEST_P01,PULL_TEST,,679.72119140625,60.333740234375,486.8329162597656,178.5877227783203,-89.76304626464844,-179.9498748779297,6.6959,-2.598,-5.4688,0.8193,-0.0202,0.0034,11.9468,-0.7215,-3.4515,0.2803,-0.0069,0.0011,5.4941,-2.4373,6.7355,0.8193,-0.0202,0.0034,3.5001,-0.4303,11.9468,0.2803,-0.0069,0.0011,,,11.9468,18.3837,17.4,moving
2026-09-21T12:05:25.987+09:00,TEST_0004_TEST_P01,TEST_P01,PULL_TEST,,679.1642456054688,60.306617736816406,486.7619934082031,178.58554077148438,-89.76896667480469,-179.9513397216797,7.0019,-2.4033,-5.7159,0.8214,-0.0202,0.0034,12.2528,-0.5268,-3.6987,0.2824,-0.0069,0.0012,5.7432,-2.2349,7.0353,0.8214,-0.0202,0.0034,3.7492,-0.2279,12.2466,0.2824,-0.0069,0.0012,,,12.2528,18.9407,17.4,moving
2026-09-21T12:05:26.043+09:00,TEST_0004_TEST_P01,TEST_P01,PULL_TEST,,678.6072387695312,60.3045654296875,486.78759765625,178.5853729248047,-89.76653289794922,-179.94866943359375,7.9615,-2.3851,-5.871,0.8172,-0.0202,0.0033,13.2124,-0.5086,-3.8538,0.2782,-0.0069,0.0011,5.9017,-2.1931,7.994,0.8172,-0.0202,0.0033,3.9077,-0.1861,13.2053,0.2782,-0.0069,0.0011,,,13.2124,19.4977,17.4,moving
2026-09-21T12:05:26.101+09:00,TEST_0004_TEST_P01,TEST_P01,PULL_TEST,,678.0529174804688,60.33397674560547,486.794189453125,178.58741760253906,-89.76606750488281,-179.9509735107422,7.9615,-2.3851,-5.871,0.8172,-0.0202,0.0033,13.2124,-0.5086,-3.8538,0.2782,-0.0069,0.0011,5.9017,-2.1931,7.994,0.8172,-0.0202,0.0033,3.9077,-0.1861,13.2053,0.2782,-0.0069,0.0011,,,13.2124,20.052,17.4,moving
2026-09-21T12:05:26.156+09:00,TEST_0004_TEST_P01,TEST_P01,PULL_TEST,,677.49755859375,60.34414291381836,486.74554443359375,178.5879364013672,-89.76981353759766,-179.95433044433594,8.6743,-2.2934,-6.0162,0.8238,-0.0203,0.0033,13.9252,-0.4169,-3.999,0.2847,-0.007,0.0011,6.0495,-2.0838,8.704,0.8238,-0.0203,0.0033,4.0554,-0.0768,13.9153,0.2847,-0.007,0.0011,,,13.9252,20.6074,17.4,moving
2026-09-21T12:05:26.212+09:00,TEST_0004_TEST_P01,TEST_P01,PULL_TEST,,676.9112548828125,60.33159255981445,486.7273254394531,178.5873565673828,-89.77095794677734,-179.95236206054688,8.6743,-2.2934,-6.0162,0.8238,-0.0203,0.0033,13.9252,-0.4169,-3.999,0.2847,-0.007,0.0011,6.0495,-2.0838,8.704,0.8238,-0.0203,0.0033,4.0554,-0.0768,13.9153,0.2847,-0.007,0.0011,,,13.9252,21.1937,17.4,moving
2026-09-21T12:05:26.268+09:00,TEST_0004_TEST_P01,TEST_P01,PULL_TEST,,676.3605346679688,60.32084274291992,486.7087707519531,178.58624267578125,-89.772705078125,-179.9532470703125,8.6019,-2.271,-6.2411,0.8249,-0.0203,0.0033,13.8528,-0.3945,-4.2239,0.2858,-0.0071,0.0011,6.2743,-2.0635,8.63,0.8249,-0.0203,0.0033,4.2803,-0.0565,13.8413,0.2858,-0.0071,0.0011,,,13.8528,21.7444,17.4,moving
2026-09-21T12:05:26.323+09:00,TEST_0004_TEST_P01,TEST_P01,PULL_TEST,,675.834716796875,60.33678436279297,486.74981689453125,178.5873260498047,-89.76941680908203,-179.9515838623047,8.6019,-2.271,-6.2411,0.8249,-0.0203,0.0033,13.8528,-0.3945,-4.2239,0.2858,-0.0071,0.0011,6.2743,-2.0635,8.63,0.8249,-0.0203,0.0033,4.2803,-0.0565,13.8413,0.2858,-0.0071,0.0011,,,13.8528,22.2702,17.4,moving
2026-09-21T12:05:26.380+09:00,TEST_0004_TEST_P01,TEST_P01,PULL_TEST,,675.2516479492188,60.35765075683594,486.727783203125,178.58929443359375,-89.77090454101562,-179.9465789794922,10.1941,-2.1273,-6.7657,0.8345,-0.0206,0.0033,15.445,-0.2508,-4.7484,0.2954,-0.0073,0.0011,6.8049,-1.8813,10.2164,0.8345,-0.0206,0.0033,4.8108,0.1257,15.4278,0.2954,-0.0073,0.0011,,,15.445,22.8533,17.4,moving
2026-09-21T12:05:26.436+09:00,TEST_0004_TEST_P01,TEST_P01,PULL_TEST,,674.671630859375,60.35455322265625,486.7254638671875,178.58932495117188,-89.77125549316406,-179.94921875,10.1941,-2.1273,-6.7657,0.8345,-0.0206,0.0033,15.445,-0.2508,-4.7484,0.2954,-0.0073,0.0011,6.8049,-1.8813,10.2164,0.8345,-0.0206,0.0033,4.8108,0.1257,15.4278,0.2954,-0.0073,0.0011,,,15.445,23.4333,17.4,moving
2026-09-21T12:05:26.491+09:00,TEST_0004_TEST_P01,TEST_P01,PULL_TEST,,674.1370239257812,60.333580017089844,486.7529602050781,178.5875244140625,-89.76903533935547,-179.95321655273438,9.8135,-2.326,-6.9816,0.8395,-0.0207,0.0034,15.0644,-0.4495,-4.9643,0.3005,-0.0074,0.0011,7.0191,-2.0899,9.8398,0.8395,-0.0207,0.0034,5.0251,-0.0828,15.0512,0.3005,-0.0074,0.0011,,,15.0644,23.9679,17.4,moving
2026-09-21T12:05:26.546+09:00,TEST_0004_TEST_P01,TEST_P01,PULL_TEST,,673.5802001953125,60.30891418457031,486.82745361328125,178.58583068847656,-89.7629165649414,-179.95106506347656,10.3983,-2.3209,-7.282,0.8295,-0.0205,0.0033,15.6492,-0.4444,-5.2647,0.2905,-0.0072,0.0011,7.3231,-2.0699,10.4224,0.8295,-0.0205,0.0033,5.3291,-0.0629,15.6338,0.2905,-0.0072,0.0011,,,15.6492,24.5247,17.4,moving
2026-09-21T12:05:26.602+09:00,TEST_0004_TEST_P01,TEST_P01,PULL_TEST,,673.0209350585938,60.30945587158203,486.79241943359375,178.58609008789062,-89.76586151123047,-179.95375061035156,10.3983,-2.3209,-7.282,0.8295,-0.0205,0.0033,15.6492,-0.4444,-5.2647,0.2905,-0.0072,0.0011,7.3231,-2.0699,10.4224,0.8295,-0.0205,0.0033,5.3291,-0.0629,15.6338,0.2905,-0.0072,0.0011,,,15.6492,25.084,17.4,moving
2026-09-21T12:05:26.658+09:00,TEST_0004_TEST_P01,TEST_P01,PULL_TEST,,672.4606323242188,60.3332405090332,486.73077392578125,178.5879364013672,-89.77046966552734,-179.9508819580078,11.2484,-2.2904,-7.57,0.8126,-0.0201,0.0033,16.4993,-0.4139,-5.5528,0.2736,-0.0068,0.0011,7.6141,-2.0187,11.2707,0.8126,-0.0201,0.0033,5.62,-0.0117,16.482,0.2736,-0.0068,0.0011,,,16.4993,25.6443,17.4,moving
2026-09-21T12:05:26.714+09:00,TEST_0004_TEST_P01,TEST_P01,PULL_TEST,,671.8638305664062,60.3349494934082,486.8033752441406,178.58822631835938,-89.76438903808594,-179.9482421875,11.2484,-2.2904,-7.57,0.8126,-0.0201,0.0033,16.4993,-0.4139,-5.5528,0.2736,-0.0068,0.0011,7.6141,-2.0187,11.2707,0.8126,-0.0201,0.0033,5.62,-0.0117,16.482,0.2736,-0.0068,0.0011,,,16.4993,26.2411,17.4,moving
2026-09-21T12:05:26.769+09:00,TEST_0004_TEST_P01,TEST_P01,PULL_TEST,,671.2493896484375,60.294010162353516,487.171142578125,178.58433532714844,-89.73270416259766,-179.94625854492188,10.3412,-2.5732,-6.7158,0.8161,-0.0201,0.0033,15.5921,-0.6967,-4.6985,0.2771,-0.0068,0.0011,6.7573,-2.3235,10.3732,0.8161,-0.0201,0.0033,4.7633,-0.3165,15.5846,0.2771,-0.0068,0.0011,,,15.5921,26.8555,17.4,moving
2026-09-21T12:05:26.825+09:00,TEST_0004_TEST_P01,TEST_P01,PULL_TEST,,670.5911865234375,60.2775993347168,487.53802490234375,178.58493041992188,-89.70247650146484,-179.93731689453125,10.3412,-2.5732,-6.7158,0.8161,-0.0201,0.0033,15.5921,-0.6967,-4.6985,0.2771,-0.0068,0.0011,6.7573,-2.3235,10.3732,0.8161,-0.0201,0.0033,4.7633,-0.3165,15.5846,0.2771,-0.0068,0.0011,,,15.5921,27.5137,17.4,moving
2026-09-21T12:05:26.880+09:00,TEST_0004_TEST_P01,TEST_P01,PULL_TEST,,670.0779418945312,60.27486038208008,487.3660583496094,178.58462524414062,-89.71730041503906,-179.94183349609375,-0.0885,-2.543,0.0176,0.872,-0.0215,0.0043,5.1624,-0.6665,2.0348,0.333,-0.0083,0.0021,-0.0205,-2.5444,-0.0256,0.872,-0.0215,0.0043,-2.0145,-0.5374,5.1858,0.333,-0.0083,0.0021,,,5.1624,28.027,17.4,moving
2026-09-21T12:05:26.935+09:00,TEST_0004_TEST_P01,TEST_P01,PULL_TEST,,669.542236328125,60.304988861083984,487.3753662109375,178.58718872070312,-89.7164535522461,-179.94264221191406,-0.0885,-2.543,0.0176,0.872,-0.0215,0.0043,5.1624,-0.6665,2.0348,0.333,-0.0083,0.0021,-0.0205,-2.5444,-0.0256,0.872,-0.0215,0.0043,-2.0145,-0.5374,5.1858,0.333,-0.0083,0.0021,,,5.1624,28.5627,17.4,moving
2026-09-21T12:05:26.990+09:00,TEST_0004_TEST_P01,TEST_P01,PULL_TEST,,669.0311279296875,60.33309555053711,487.2742919921875,178.5892333984375,-89.72522735595703,-179.94049072265625,-1.1119,-2.6656,0.7853,0.869,-0.0215,0.0043,4.139,-0.7891,2.8025,0.3299,-0.0082,0.0021,-0.7931,-2.6914,-1.042,0.869,-0.0215,0.0043,-2.7872,-0.6844,4.1694,0.3299,-0.0082,0.0021,,,4.139,29.0738,17.4,moving
2026-09-21T12:05:27.046+09:00,TEST_0004_TEST_P01,TEST_P01,PULL_TEST,,668.5004272460938,60.326290130615234,487.1992492675781,178.58848571777344,-89.7315673828125,-179.9470672607422,-0.4518,-2.5402,0.9882,0.8727,-0.0215,0.0042,4.7991,-0.6637,3.0055,0.3337,-0.0082,0.002,-0.9924,-2.5496,-0.3845,0.8727,-0.0215,0.0042,-2.9865,-0.5426,4.8269,0.3337,-0.0082,0.002,,,4.7991,29.6045,17.4,moving
2026-09-21T12:05:27.102+09:00,TEST_0004_TEST_P01,TEST_P01,PULL_TEST,,667.95166015625,60.31461715698242,487.13446044921875,178.58743286132812,-89.73686218261719,-179.9459228515625,-0.4518,-2.5402,0.9882,0.8727,-0.0215,0.0042,4.7991,-0.6637,3.0055,0.3337,-0.0082,0.002,-0.9924,-2.5496,-0.3845,0.8727,-0.0215,0.0042,-2.9865,-0.5426,4.8269,0.3337,-0.0082,0.002,,,4.7991,30.1533,17.4,moving
2026-09-21T12:05:27.158+09:00,TEST_0004_TEST_P01,TEST_P01,PULL_TEST,,667.415283203125,60.3292350769043,487.0204162597656,178.58851623535156,-89.74659729003906,-179.94696044921875,-0.8587,-2.6369,1.0756,0.868,-0.0214,0.004,4.3922,-0.7604,3.0929,0.329,-0.0081,0.0018,-1.0817,-2.6563,-0.7886,0.868,-0.0214,0.004,-3.0757,-0.6493,4.4227,0.329,-0.0081,0.0018,,,4.3922,30.6896,17.4,moving
2026-09-21T12:05:27.213+09:00,TEST_0004_TEST_P01,TEST_P01,PULL_TEST,,666.8753051757812,60.371150970458984,486.9796142578125,178.59201049804688,-89.74986267089844,-179.94729614257812,-0.8587,-2.6369,1.0756,0.868,-0.0214,0.004,4.3922,-0.7604,3.0929,0.329,-0.0081,0.0018,-1.0817,-2.6563,-0.7886,0.868,-0.0214,0.004,-3.0757,-0.6493,4.4227,0.329,-0.0081,0.0018,,,4.3922,31.2296,17.4,moving
2026-09-21T12:05:27.269+09:00,TEST_0004_TEST_P01,TEST_P01,PULL_TEST,,666.326171875,60.38319396972656,487.0147399902344,178.59295654296875,-89.74691772460938,-179.9405517578125,-0.6642,-2.6726,0.7441,0.8576,-0.0211,0.0038,4.5867,-0.7961,2.7614,0.3186,-0.0078,0.0016,-0.7494,-2.6874,-0.5951,0.8576,-0.0211,0.0038,-2.7434,-0.6804,4.6163,0.3186,-0.0078,0.0016,,,4.5867,31.7787,17.4,moving
2026-09-21T12:05:27.325+09:00,TEST_0004_TEST_P01,TEST_P01,PULL_TEST,,665.7734375,60.36119842529297,486.93487548828125,178.59075927734375,-89.7532958984375,-179.94725036621094,-0.6642,-2.6726,0.7441,0.8576,-0.0211,0.0038,4.5867,-0.7961,2.7614,0.3186,-0.0078,0.0016,-0.7494,-2.6874,-0.5951,0.8576,-0.0211,0.0038,-2.7434,-0.6804,4.6163,0.3186,-0.0078,0.0016,,,4.5867,32.3315,17.4,moving
2026-09-21T12:05:27.380+09:00,TEST_0004_TEST_P01,TEST_P01,PULL_TEST,,665.2390747070312,60.339725494384766,486.870361328125,178.58853149414062,-89.7583236694336,-179.95143127441406,-0.6198,-2.5867,1.0376,0.8637,-0.0212,0.0038,4.6311,-0.7102,3.0548,0.3247,-0.008,0.0015,-1.0422,-2.6003,-0.5515,0.8637,-0.0212,0.0038,-3.0362,-0.5932,4.6598,0.3247,-0.008,0.0015,,,4.6311,32.8658,17.4,moving
2026-09-21T12:05:27.436+09:00,TEST_0004_TEST_P01,TEST_P01,PULL_TEST,,664.6776733398438,60.33639907836914,486.86712646484375,178.58810424804688,-89.75865173339844,-179.9538116455078,-0.6198,-2.5867,1.0376,0.8637,-0.0212,0.0038,4.6311,-0.7102,3.0548,0.3247,-0.008,0.0015,-1.0422,-2.6003,-0.5515,0.8637,-0.0212,0.0038,-3.0362,-0.5932,4.6598,0.3247,-0.008,0.0015,,,4.6311,33.4272,17.4,moving
2026-09-21T12:05:27.491+09:00,TEST_0004_TEST_P01,TEST_P01,PULL_TEST,,664.108642578125,60.350826263427734,486.8988952636719,178.58961486816406,-89.75566864013672,-179.95120239257812,-0.6372,-2.6053,0.9326,0.8582,-0.0211,0.0036,4.6137,-0.7288,2.9498,0.3192,-0.0079,0.0014,-0.9371,-2.6195,-0.5689,0.8582,-0.0211,0.0036,-2.9311,-0.6125,4.6425,0.3192,-0.0079,0.0014,,,4.6137,33.9963,17.4,moving
2026-09-21T12:05:27.547+09:00,TEST_0004_TEST_P01,TEST_P01,PULL_TEST,,663.544189453125,60.34762954711914,486.8971252441406,178.58921813964844,-89.75598907470703,-179.94436645507812,-0.6241,-2.529,0.8832,0.8556,-0.0211,0.0037,4.6268,-0.6525,2.9005,0.3165,-0.0078,0.0014,-0.8881,-2.5427,-0.5579,0.8556,-0.0211,0.0037,-2.8821,-0.5357,4.6535,0.3165,-0.0078,0.0014,,,4.6268,34.5607,17.4,moving
2026-09-21T12:05:27.603+09:00,TEST_0004_TEST_P01,TEST_P01,PULL_TEST,,662.9918212890625,60.321556091308594,486.8334655761719,178.58718872070312,-89.76115417480469,-179.9503631591797,-0.6241,-2.529,0.8832,0.8556,-0.0211,0.0037,4.6268,-0.6525,2.9005,0.3165,-0.0078,0.0014,-0.8881,-2.5427,-0.5579,0.8556,-0.0211,0.0037,-2.8821,-0.5357,4.6535,0.3165,-0.0078,0.0014,,,4.6268,35.1131,17.4,moving
2026-09-21T12:05:27.659+09:00,TEST_0004_TEST_P01,TEST_P01,PULL_TEST,,662.4330444335938,60.2933349609375,486.8547058105469,178.58506774902344,-89.75945281982422,-179.94715881347656,-0.5033,-2.5605,0.9672,0.8561,-0.0211,0.0036,4.7476,-0.684,2.9845,0.317,-0.0078,0.0014,-0.9713,-2.5713,-0.4359,0.8561,-0.0211,0.0036,-2.9654,-0.5643,4.7755,0.317,-0.0078,0.0014,,,4.7476,35.6719,17.4,moving
2026-09-21T12:05:27.714+09:00,TEST_0004_TEST_P01,TEST_P01,PULL_TEST,,661.8663330078125,60.28742218017578,486.9341735839844,178.58474731445312,-89.75281524658203,-179.95034790039062,-0.5033,-2.5605,0.9672,0.8561,-0.0211,0.0036,4.7476,-0.684,2.9845,0.317,-0.0078,0.0014,-0.9713,-2.5713,-0.4359,0.8561,-0.0211,0.0036,-2.9654,-0.5643,4.7755,0.317,-0.0078,0.0014,,,4.7476,36.2386,17.4,moving
2026-09-21T12:05:27.769+09:00,TEST_0004_TEST_P01,TEST_P01,PULL_TEST,,661.3219604492188,60.320587158203125,486.8792724609375,178.58778381347656,-89.7574691772461,-179.94845581054688,-0.6778,-2.5911,1.1461,0.8576,-0.0212,0.0037,4.5731,-0.7146,3.1633,0.3186,-0.0079,0.0014,-1.1508,-2.6061,-0.6088,0.8576,-0.0212,0.0037,-3.1448,-0.5991,4.6026,0.3186,-0.0079,0.0014,,,4.5731,36.783,17.4,moving
2026-09-21T12:05:27.826+09:00,TEST_0004_TEST_P01,TEST_P01,PULL_TEST,,660.7474365234375,60.32707214355469,486.88250732421875,178.58856201171875,-89.75740051269531,-179.94810485839844,-0.6778,-2.5911,1.1461,0.8576,-0.0212,0.0037,4.5731,-0.7146,3.1633,0.3186,-0.0079,0.0014,-1.1508,-2.6061,-0.6088,0.8576,-0.0212,0.0037,-3.1448,-0.5991,4.6026,0.3186,-0.0079,0.0014,,,4.5731,37.3575,17.4,moving
2026-09-21T12:05:27.881+09:00,TEST_0004_TEST_P01,TEST_P01,PULL_TEST,,660.173583984375,60.314300537109375,486.9591979980469,178.58787536621094,-89.75064849853516,-179.9486083984375,-0.5104,-2.5952,0.8609,0.8547,-0.0211,0.0036,4.7405,-0.7187,2.8781,0.3157,-0.0078,0.0014,-0.865,-2.6062,-0.4426,0.8547,-0.0211,0.0036,-2.8591,-0.5992,4.7688,0.3157,-0.0078,0.0014,,,4.7405,37.9313,17.2,moving
2026-09-21T12:05:27.938+09:00,TEST_0004_TEST_P01,TEST_P01,PULL_TEST,,659.641357421875,60.30678176879883,486.96466064453125,178.58668518066406,-89.75056457519531,-179.943359375,-0.7223,-2.5769,1.0193,0.8552,-0.0211,0.0037,4.5286,-0.7004,3.0366,0.3162,-0.0078,0.0015,-1.0248,-2.5929,-0.6541,0.8552,-0.0211,0.0037,-3.0188,-0.5859,4.5573,0.3162,-0.0078,0.0015,,,4.5286,38.4636,17.2,moving
2026-09-21T12:05:27.993+09:00,TEST_0004_TEST_P01,TEST_P01,PULL_TEST,,659.0922241210938,60.329017639160156,486.8869323730469,178.58853149414062,-89.7567138671875,-179.94796752929688,-0.7223,-2.5769,1.0193,0.8552,-0.0211,0.0037,4.5286,-0.7004,3.0366,0.3162,-0.0078,0.0015,-1.0248,-2.5929,-0.6541,0.8552,-0.0211,0.0037,-3.0188,-0.5859,4.5573,0.3162,-0.0078,0.0015,,,4.5286,39.0127,17.2,holding
2026-09-21T12:05:28.048+09:00,TEST_0004_TEST_P01,TEST_P01,PULL_TEST,,658.5264892578125,60.34743118286133,486.84234619140625,178.59002685546875,-89.76019287109375,-179.9428253173828,-0.3906,-2.4925,1.058,0.8628,-0.0213,0.0037,4.8603,-0.616,3.0752,0.3238,-0.008,0.0014,-1.0618,-2.5003,-0.3247,0.8628,-0.0213,0.0037,-3.0558,-0.4933,4.8866,0.3238,-0.008,0.0014,,,4.8603,39.5784,17.2,holding
2026-09-21T12:05:28.103+09:00,TEST_0004_TEST_P01,TEST_P01,PULL_TEST,,657.98681640625,60.335899353027344,486.81024169921875,178.5888671875,-89.76268005371094,-179.95191955566406,-0.3906,-2.4925,1.058,0.8628,-0.0213,0.0037,4.8603,-0.616,3.0752,0.3238,-0.008,0.0014,-1.0618,-2.5003,-0.3247,0.8628,-0.0213,0.0037,-3.0558,-0.4933,4.8866,0.3238,-0.008,0.0014,,,4.8603,40.1181,17.2,holding
2026-09-21T12:05:28.161+09:00,TEST_0004_TEST_P01,TEST_P01,PULL_TEST,,657.44091796875,60.306121826171875,486.8692932128906,178.58592224121094,-89.7579345703125,-179.9501190185547,-0.5188,-2.4797,0.9789,0.8717,-0.0215,0.0036,4.7321,-0.6032,2.9962,0.3327,-0.0082,0.0014,-0.983,-2.491,-0.4533,0.8717,-0.0215,0.0036,-2.977,-0.4839,4.758,0.3327,-0.0082,0.0014,,,4.7321,40.664,17.2,holding
2026-09-21T12:05:28.216+09:00,TEST_0004_TEST_P01,TEST_P01,PULL_TEST,,656.8698120117188,60.28849411010742,486.82769775390625,178.58474731445312,-89.7611312866211,-179.95579528808594,-0.5188,-2.4797,0.9789,0.8717,-0.0215,0.0036,4.7321,-0.6032,2.9962,0.3327,-0.0082,0.0014,-0.983,-2.491,-0.4533,0.8717,-0.0215,0.0036,-2.977,-0.4839,4.758,0.3327,-0.0082,0.0014,,,4.7321,41.2351,17.2,holding
2026-09-21T12:05:28.271+09:00,TEST_0004_TEST_P01,TEST_P01,PULL_TEST,,656.3178100585938,60.30790328979492,486.7778625488281,178.5863037109375,-89.76531219482422,-179.94773864746094,-0.5386,-2.537,0.9447,0.871,-0.0215,0.0037,4.7123,-0.6605,2.962,0.332,-0.0082,0.0014,-0.9488,-2.5488,-0.4719,0.871,-0.0215,0.0037,-2.9428,-0.5418,4.7395,0.332,-0.0082,0.0014,,,4.7123,41.7871,17.2,holding
2026-09-21T12:05:28.326+09:00,TEST_0004_TEST_P01,TEST_P01,PULL_TEST,,655.7842407226562,60.330108642578125,486.81903076171875,178.58810424804688,-89.7620849609375,-179.9494171142578,-0.5386,-2.537,0.9447,0.871,-0.0215,0.0037,4.7123,-0.6605,2.962,0.332,-0.0082,0.0014,-0.9488,-2.5488,-0.4719,0.871,-0.0215,0.0037,-2.9428,-0.5418,4.7395,0.332,-0.0082,0.0014,,,4.7123,42.3207,17.2,holding
2026-09-21T12:05:28.381+09:00,TEST_0004_TEST_P01,TEST_P01,PULL_TEST,,655.2239379882812,60.31238555908203,486.8857421875,178.58705139160156,-89.75664520263672,-179.94789123535156,-0.2443,-2.4801,0.9125,0.8707,-0.0215,0.0036,5.0066,-0.6036,2.9298,0.3317,-0.0082,0.0014,-0.9154,-2.4845,-0.1794,0.8707,-0.0215,0.0036,-2.9094,-0.4775,5.032,0.3317,-0.0082,0.0014,,,5.0066,42.881,17.2,holding
2026-09-21T12:05:28.437+09:00,TEST_0004_TEST_P01,TEST_P01,PULL_TEST,,654.6591186523438,60.28428649902344,486.8588562011719,178.5847930908203,-89.75885772705078,-179.9492950439453,-0.2443,-2.4801,0.9125,0.8707,-0.0215,0.0036,5.0066,-0.6036,2.9298,0.3317,-0.0082,0.0014,-0.9154,-2.4845,-0.1794,0.8707,-0.0215,0.0036,-2.9094,-0.4775,5.032,0.3317,-0.0082,0.0014,,,5.0066,43.4458,17.2,holding
2026-09-21T12:05:28.493+09:00,TEST_0004_TEST_P01,TEST_P01,PULL_TEST,,654.1190185546875,60.28329086303711,486.8128356933594,178.58456420898438,-89.7626724243164,-179.94984436035156,-0.4233,-2.4867,1.1902,0.8781,-0.0217,0.0037,4.8276,-0.6102,3.2074,0.3391,-0.0084,0.0015,-1.1939,-2.4953,-0.3568,0.8781,-0.0217,0.0037,-3.1879,-0.4883,4.8546,0.3391,-0.0084,0.0015,,,4.8276,43.9859,17.2,holding
2026-09-21T12:05:28.548+09:00,TEST_0004_TEST_P01,TEST_P01,PULL_TEST,,653.5580444335938,60.306819915771484,486.7833557128906,178.5867462158203,-89.76519012451172,-179.9486083984375,-0.4319,-2.5302,0.955,0.8755,-0.0216,0.0036,4.819,-0.6537,2.9723,0.3365,-0.0083,0.0014,-0.9588,-2.5392,-0.3654,0.8755,-0.0216,0.0036,-2.9529,-0.5322,4.8459,0.3365,-0.0083,0.0014,,,4.819,44.5469,17.2,holding
2026-09-21T12:05:28.604+09:00,TEST_0004_TEST_P01,TEST_P01,PULL_TEST,,652.9837646484375,60.31764221191406,486.8531799316406,178.5879364013672,-89.75909423828125,-179.95074462890625,-0.4319,-2.5302,0.955,0.8755,-0.0216,0.0036,4.819,-0.6537,2.9723,0.3365,-0.0083,0.0014,-0.9588,-2.5392,-0.3654,0.8755,-0.0216,0.0036,-2.9529,-0.5322,4.8459,0.3365,-0.0083,0.0014,,,4.819,45.1212,17.2,holding
2026-09-21T12:05:28.659+09:00,TEST_0004_TEST_P01,TEST_P01,PULL_TEST,,652.4507446289062,60.30507278442383,486.87725830078125,178.5863494873047,-89.75724792480469,-179.94813537597656,-0.4488,-2.5075,0.8826,0.8827,-0.0218,0.0037,4.8021,-0.631,2.8999,0.3437,-0.0085,0.0015,-0.8866,-2.517,-0.3831,0.8827,-0.0218,0.0037,-2.8806,-0.51,4.8282,0.3437,-0.0085,0.0015,,,4.8021,45.6542,17.2,holding
2026-09-21T12:05:28.714+09:00,TEST_0004_TEST_P01,TEST_P01,PULL_TEST,,651.9094848632812,60.30403518676758,486.80712890625,178.58609008789062,-89.7626953125,-179.95101928710938,-0.4488,-2.5075,0.8826,0.8827,-0.0218,0.0037,4.8021,-0.631,2.8999,0.3437,-0.0085,0.0015,-0.8866,-2.517,-0.3831,0.8827,-0.0218,0.0037,-2.8806,-0.51,4.8282,0.3437,-0.0085,0.0015,,,4.8021,46.1954,17.2,holding
2026-09-21T12:05:28.769+09:00,TEST_0004_TEST_P01,TEST_P01,PULL_TEST,,651.3399047851562,60.32657241821289,486.8016052246094,178.5882568359375,-89.7632827758789,-179.94427490234375,-0.0788,-2.5085,1.0742,0.8821,-0.0218,0.0037,5.1721,-0.632,3.0915,0.3431,-0.0085,0.0014,-1.0767,-2.5087,-0.0125,0.8821,-0.0218,0.0037,-3.0707,-0.5017,5.1989,0.3431,-0.0085,0.0014,,,5.1721,46.765,17.2,holding
2026-09-21T12:05:28.824+09:00,TEST_0004_TEST_P01,TEST_P01,PULL_TEST,,650.7885131835938,60.35696029663086,486.81414794921875,178.59103393554688,-89.76192474365234,-179.95272827148438,-0.0788,-2.5085,1.0742,0.8821,-0.0218,0.0037,5.1721,-0.632,3.0915,0.3431,-0.0085,0.0014,-1.0767,-2.5087,-0.0125,0.8821,-0.0218,0.0037,-3.0707,-0.5017,5.1989,0.3431,-0.0085,0.0014,,,5.1721,47.3164,17.2,holding
2026-09-21T12:05:28.879+09:00,TEST_0004_TEST_P01,TEST_P01,PULL_TEST,,650.25146484375,60.345916748046875,486.8429260253906,178.58978271484375,-89.75958251953125,-179.95204162597656,-0.5608,-2.5038,1.0958,0.8909,-0.0219,0.0037,4.6901,-0.6273,3.1131,0.3519,-0.0087,0.0015,-1.1,-2.516,-0.4945,0.8909,-0.0219,0.0037,-3.094,-0.5089,4.7168,0.3519,-0.0087,0.0015,,,4.6901,47.8535,17.2,holding
2026-09-21T12:05:28.935+09:00,TEST_0004_TEST_P01,TEST_P01,PULL_TEST,,649.67431640625,60.32028579711914,486.870849609375,178.5882110595703,-89.75703430175781,-179.95123291015625,-0.5608,-2.5038,1.0958,0.8909,-0.0219,0.0037,4.6901,-0.6273,3.1131,0.3519,-0.0087,0.0015,-1.1,-2.516,-0.4945,0.8909,-0.0219,0.0037,-3.094,-0.5089,4.7168,0.3519,-0.0087,0.0015,,,4.6901,48.4306,17.2,holding
2026-09-21T12:05:28.990+09:00,TEST_0004_TEST_P01,TEST_P01,PULL_TEST,,649.1245727539062,60.321128845214844,486.8275146484375,178.58827209472656,-89.76081848144531,-179.94544982910156,-0.3284,-2.573,0.8396,0.8943,-0.022,0.0038,4.9225,-0.6965,2.8568,0.3553,-0.0087,0.0015,-0.8429,-2.5796,-0.2613,0.8943,-0.022,0.0038,-2.8369,-0.5726,4.95,0.3553,-0.0087,0.0015,,,4.9225,48.9803,17.2,holding
2026-09-21T12:05:29.047+09:00,TEST_0004_TEST_P01,TEST_P01,PULL_TEST,,648.677001953125,60.3541145324707,486.8211669921875,178.59071350097656,-89.76165771484375,-179.9540252685547,-0.728,-2.6119,0.9601,0.897,-0.0221,0.0038,4.5229,-0.7354,2.9773,0.358,-0.0088,0.0015,-0.965,-2.6283,-0.6595,0.897,-0.0221,0.0038,-2.959,-0.6213,4.5518,0.358,-0.0088,0.0015,,,4.5229,49.4279,17.2,holding
2026-09-21T12:05:40.393+09:00,TEST_0004_TEST_P01,TEST_P01,RELEASE,RETURN_SOFT_GRIP_COMMAND,648.1077270507812,60.36808776855469,486.88330078125,178.58863830566406,-89.76318359375,-179.94984436035156,-2.0661,-2.506,0.8875,0.7589,-0.0187,0.0031,0.0,0.0,0.0,0.0,0.0,0.0,-0.8981,-2.5554,-2.0,0.7589,-0.0187,0.0031,0.0,0.0,0.0,0.0,0.0,0.0,,,,,17.2,moving
2026-09-21T12:06:35.148+09:00,TEST_0005_TEST_P01,TEST_P01,SOFT_GRIP_ENTRY,SOFT_GRIP_COMMAND,673.2692260742188,60.5302848815918,486.6824951171875,178.59793090820312,-89.77937316894531,-179.94158935546875,-3.2562,-2.7538,0.9004,0.1964,-0.0048,0.0008,0.0,0.0,0.0,0.0,0.0,0.0,-0.9156,-2.8317,-3.1843,0.1964,-0.0048,0.0008,0.0,0.0,0.0,0.0,0.0,0.0,,,,,74.5,moving
2026-09-21T12:06:41.995+09:00,TEST_0005_TEST_P01,TEST_P01,SOFT_GRIP_ENTRY,ENTRY_MOTION_START_WIDTH_REACHED,673.1034545898438,60.38493347167969,486.847900390625,178.58993530273438,-89.76630401611328,-179.95042419433594,-2.2139,-2.4244,0.8773,0.4393,-0.0108,0.0018,1.0423,0.3295,-0.0231,0.2429,-0.006,0.001,-0.8883,-2.4773,-2.1499,0.4393,-0.0108,0.0018,0.0273,0.3544,1.0344,0.2429,-0.006,0.001,,,,,19.8,moving
2026-09-21T12:06:42.028+09:00,TEST_0005_TEST_P01,TEST_P01,SOFT_GRIP_ENTRY,,673.1034545898438,60.38493347167969,486.847900390625,178.58993530273438,-89.76630401611328,-179.9502716064453,-2.2139,-2.4244,0.8773,0.4393,-0.0108,0.0018,1.0423,0.3295,-0.0231,0.2429,-0.006,0.001,-0.8883,-2.4773,-2.1499,0.4393,-0.0108,0.0018,0.0273,0.3544,1.0344,0.2429,-0.006,0.001,1.0423,-0.1657,,,19.1,moving
2026-09-21T12:06:42.085+09:00,TEST_0005_TEST_P01,TEST_P01,SOFT_GRIP_ENTRY,,673.1058959960938,60.385379791259766,486.8431701660156,178.58993530273438,-89.76669311523438,-179.95034790039062,-2.2707,-2.4717,0.65,0.43,-0.0106,0.0018,0.9854,0.2821,-0.2504,0.2336,-0.0058,0.001,-0.6612,-2.5263,-2.2066,0.43,-0.0106,0.0018,0.2543,0.3054,0.9778,0.2336,-0.0058,0.001,0.9854,-0.1633,,,17.7,holding
2026-09-21T12:06:42.140+09:00,TEST_0005_TEST_P01,TEST_P01,SOFT_GRIP_ENTRY,,673.1600341796875,60.39681625366211,486.74163818359375,178.5902099609375,-89.77511596679688,-179.9528350830078,-2.7861,-2.4307,0.2811,0.4234,-0.0104,0.0017,0.4701,0.3232,-0.6193,0.227,-0.0056,0.001,-0.294,-2.4982,-2.7243,0.4234,-0.0104,0.0017,0.6216,0.3335,0.46,0.227,-0.0056,0.001,0.4701,-0.1091,,,17.7,holding
2026-09-21T12:06:42.197+09:00,TEST_0005_TEST_P01,TEST_P01,SOFT_GRIP_ENTRY,,673.3208618164062,60.441741943359375,486.4859313964844,178.59324645996094,-89.79572296142578,-179.9673614501953,-2.7861,-2.4307,0.2811,0.4234,-0.0104,0.0017,0.4701,0.3232,-0.6193,0.227,-0.0056,0.001,-0.294,-2.4982,-2.7243,0.4234,-0.0104,0.0017,0.6216,0.3335,0.46,0.227,-0.0056,0.001,0.4701,0.0517,,,17.7,holding
2026-09-21T12:06:42.252+09:00,TEST_0005_TEST_P01,TEST_P01,SOFT_GRIP_ENTRY,,673.6138305664062,60.503108978271484,486.2929992675781,178.59922790527344,-89.81295776367188,-179.97633361816406,-4.1055,-2.6204,0.4683,0.4836,-0.0119,0.0017,-0.8493,0.1335,-0.4321,0.2872,-0.0071,0.001,-0.4829,-2.7198,-4.0386,0.4836,-0.0119,0.0017,0.4326,0.1119,-0.8542,0.2872,-0.0071,0.001,0.8493,0.3447,,,17.7,holding
2026-09-21T12:06:42.307+09:00,TEST_0005_TEST_P01,TEST_P01,SOFT_GRIP_ENTRY,,674.1032104492188,60.527469635009766,486.3972473144531,178.60084533691406,-89.80553436279297,-179.97084045410156,-4.1055,-2.6204,0.4683,0.4836,-0.0119,0.0017,-0.8493,0.1335,-0.4321,0.2872,-0.0071,0.001,-0.4829,-2.7198,-4.0386,0.4836,-0.0119,0.0017,0.4326,0.1119,-0.8542,0.2872,-0.0071,0.001,0.8493,0.834,,,17.7,holding
2026-09-21T12:06:42.363+09:00,TEST_0005_TEST_P01,TEST_P01,SOFT_GRIP_ENTRY,,674.6729736328125,60.525577545166016,486.39971923828125,178.60009765625,-89.80644226074219,-179.962646484375,-4.757,-2.372,0.5091,0.4255,-0.0104,0.0014,-1.5008,0.3818,-0.3913,0.2292,-0.0056,0.0007,-0.5263,-2.4872,-4.6959,0.4255,-0.0104,0.0014,0.3893,0.3446,-1.5116,0.2292,-0.0056,0.0007,1.5008,1.4038,,,17.7,holding
2026-09-21T12:06:42.418+09:00,TEST_0005_TEST_P01,TEST_P01,SOFT_GRIP_ENTRY,,675.2241821289062,60.530975341796875,486.3874206542969,178.6005096435547,-89.80841827392578,-179.96250915527344,-4.757,-2.372,0.5091,0.4255,-0.0104,0.0014,-1.5008,0.3818,-0.3913,0.2292,-0.0056,0.0007,-0.5263,-2.4872,-4.6959,0.4255,-0.0104,0.0014,0.3893,0.3446,-1.5116,0.2292,-0.0056,0.0007,1.5008,1.955,,,17.7,holding
2026-09-21T12:06:42.474+09:00,TEST_0005_TEST_P01,TEST_P01,SOFT_GRIP_ENTRY,,675.802490234375,60.546409606933594,486.4742431640625,178.60206604003906,-89.80165100097656,-179.9575958251953,-4.7388,-2.4201,0.5595,0.4184,-0.0102,0.0014,-1.4827,0.3338,-0.3409,0.2221,-0.0054,0.0007,-0.5772,-2.5346,-4.6764,0.4184,-0.0102,0.0014,0.3384,0.2971,-1.4921,0.2221,-0.0054,0.0007,1.4827,2.5333,,,17.7,holding
2026-09-21T12:06:42.530+09:00,TEST_0005_TEST_P01,TEST_P01,SOFT_GRIP_ENTRY,,676.3984985351562,60.5334587097168,486.5536193847656,178.6006622314453,-89.79541015625,-179.95448303222656,-4.7388,-2.4201,0.5595,0.4184,-0.0102,0.0014,-1.4827,0.3338,-0.3409,0.2221,-0.0054,0.0007,-0.5772,-2.5346,-4.6764,0.4184,-0.0102,0.0014,0.3384,0.2971,-1.4921,0.2221,-0.0054,0.0007,1.4827,3.1293,,,17.7,holding
2026-09-21T12:06:42.588+09:00,TEST_0005_TEST_P01,TEST_P01,SOFT_GRIP_ENTRY,,676.982421875,60.47932434082031,486.5668029785156,178.59619140625,-89.79470825195312,-179.959716796875,-4.8435,-2.3066,0.3766,0.4164,-0.0102,0.0015,-1.5874,0.4472,-0.5238,0.22,-0.0054,0.0007,-0.3956,-2.4239,-4.7843,0.4164,-0.0102,0.0015,0.52,0.4078,-1.6,0.22,-0.0054,0.0007,1.5874,3.7133,,,17.7,holding
2026-09-21T12:06:42.646+09:00,TEST_0005_TEST_P01,TEST_P01,SOFT_GRIP_ENTRY,,677.549560546875,60.45771408081055,486.66827392578125,178.59474182128906,-89.7862777709961,-179.95706176757812,-5.1142,-2.357,0.3697,0.4136,-0.0101,0.0015,-1.858,0.3969,-0.5307,0.2172,-0.0053,0.0007,-0.3901,-2.4814,-5.0535,0.4136,-0.0101,0.0015,0.5254,0.3504,-1.8692,0.2172,-0.0053,0.0007,1.858,4.2804,,,17.7,holding
2026-09-21T12:06:42.702+09:00,TEST_0005_TEST_P01,TEST_P01,SOFT_GRIP_ENTRY,,678.1412963867188,60.47224807739258,486.6930236816406,178.5955352783203,-89.78439331054688,-179.9541473388672,-5.1142,-2.357,0.3697,0.4136,-0.0101,0.0015,-1.858,0.3969,-0.5307,0.2172,-0.0053,0.0007,-0.3901,-2.4814,-5.0535,0.4136,-0.0101,0.0015,0.5254,0.3504,-1.8692,0.2172,-0.0053,0.0007,1.858,4.8721,,,17.7,holding
2026-09-21T12:06:42.758+09:00,TEST_0005_TEST_P01,TEST_P01,SOFT_GRIP_ENTRY,,678.7025756835938,60.46958923339844,486.7297668457031,178.59498596191406,-89.78128814697266,-179.95594787597656,-5.0941,-2.3784,0.134,0.4024,-0.0099,0.0015,-1.838,0.3754,-0.7664,0.206,-0.0051,0.0008,-0.1552,-2.5025,-5.0337,0.4024,-0.0099,0.0015,0.7603,0.3293,-1.8494,0.206,-0.0051,0.0008,1.838,5.4334,,,17.7,holding
2026-09-21T12:06:42.814+09:00,TEST_0005_TEST_P01,TEST_P01,SOFT_GRIP_ENTRY,,679.2540283203125,60.43406295776367,486.76434326171875,178.5921173095703,-89.77814483642578,-179.95079040527344,-5.0941,-2.3784,0.134,0.4024,-0.0099,0.0015,-1.838,0.3754,-0.7664,0.206,-0.0051,0.0008,-0.1552,-2.5025,-5.0337,0.4024,-0.0099,0.0015,0.7603,0.3293,-1.8494,0.206,-0.0051,0.0008,1.838,5.9849,,,17.7,holding
2026-09-21T12:06:42.870+09:00,TEST_0005_TEST_P01,TEST_P01,SOFT_GRIP_ENTRY,,679.8272094726562,60.413108825683594,486.8064270019531,178.59019470214844,-89.77467346191406,-179.94918823242188,-5.6614,-2.4949,0.2764,0.4028,-0.0099,0.0016,-2.4053,0.259,-0.624,0.2064,-0.0051,0.0008,-0.3002,-2.633,-5.5973,0.4028,-0.0099,0.0016,0.6153,0.1987,-2.413,0.2064,-0.0051,0.0008,2.4053,6.558,,,17.7,holding
2026-09-21T12:06:42.926+09:00,TEST_0005_TEST_P01,TEST_P01,SOFT_GRIP_ENTRY,,680.382568359375,60.42520523071289,486.90960693359375,178.59104919433594,-89.76605987548828,-179.95057678222656,-5.6614,-2.4949,0.2764,0.4028,-0.0099,0.0016,-2.4053,0.259,-0.624,0.2064,-0.0051,0.0008,-0.3002,-2.633,-5.5973,0.4028,-0.0099,0.0016,0.6153,0.1987,-2.413,0.2064,-0.0051,0.0008,2.4053,7.1134,,,17.7,holding
2026-09-21T12:06:42.982+09:00,TEST_0005_TEST_P01,TEST_P01,SOFT_GRIP_ENTRY,,680.9163208007812,60.458744049072266,486.84674072265625,178.59451293945312,-89.77114868164062,-179.94920349121094,-6.1388,-2.4914,-0.0739,0.4063,-0.01,0.0016,-2.8826,0.2624,-0.9744,0.21,-0.0052,0.0009,0.0469,-2.6416,-6.0759,0.4063,-0.01,0.0016,0.9624,0.1902,-2.8916,0.21,-0.0052,0.0009,2.8826,7.6472,,,17.7,holding
2026-09-21T12:06:43.037+09:00,TEST_0005_TEST_P01,TEST_P01,SOFT_GRIP_ENTRY,,681.4927368164062,60.48455047607422,486.811279296875,178.59645080566406,-89.77429962158203,-179.95021057128906,-6.6695,-2.3231,0.1561,0.4098,-0.0101,0.0016,-3.4133,0.4307,-0.7443,0.2135,-0.0053,0.0009,-0.1843,-2.4856,-6.6099,0.4098,-0.0101,0.0016,0.7312,0.3461,-3.4256,0.2135,-0.0053,0.0009,3.4133,8.2236,,,17.7,holding
2026-09-21T12:06:43.093+09:00,TEST_0005_TEST_P01,TEST_P01,SOFT_GRIP_ENTRY,,682.0601806640625,60.480613708496094,486.8725280761719,178.59603881835938,-89.7693862915039,-179.95298767089844,-6.6695,-2.3231,0.1561,0.4098,-0.0101,0.0016,-3.4133,0.4307,-0.7443,0.2135,-0.0053,0.0009,-0.1843,-2.4856,-6.6099,0.4098,-0.0101,0.0016,0.7312,0.3461,-3.4256,0.2135,-0.0053,0.0009,3.4133,8.791,,,17.7,holding
2026-09-21T12:06:43.148+09:00,TEST_0005_TEST_P01,TEST_P01,SOFT_GRIP_ENTRY,,682.6095581054688,60.45065689086914,486.9430236816406,178.59388732910156,-89.76349639892578,-179.94981384277344,-7.0506,-2.1751,0.1506,0.4183,-0.0103,0.0017,-3.7945,0.5788,-0.7498,0.2219,-0.0055,0.0009,-0.1811,-2.3472,-6.9945,0.4183,-0.0103,0.0017,0.7345,0.4845,-3.8102,0.2219,-0.0055,0.0009,3.7945,9.3404,,,17.7,holding
2026-09-21T12:06:43.203+09:00,TEST_0005_TEST_P01,TEST_P01,SOFT_GRIP_ENTRY,,683.1654052734375,60.43080520629883,486.9031982421875,178.5921630859375,-89.76677703857422,-179.94912719726562,-7.0506,-2.1751,0.1506,0.4183,-0.0103,0.0017,-3.7945,0.5788,-0.7498,0.2219,-0.0055,0.0009,-0.1811,-2.3472,-6.9945,0.4183,-0.0103,0.0017,0.7345,0.4845,-3.8102,0.2219,-0.0055,0.0009,3.7945,9.8962,,,17.7,holding
2026-09-21T12:06:43.259+09:00,TEST_0005_TEST_P01,TEST_P01,SOFT_GRIP_ENTRY,,683.7342529296875,60.440093994140625,486.77642822265625,178.5927734375,-89.77728271484375,-179.95620727539062,-7.2806,-2.3278,0.0779,0.4116,-0.0101,0.0017,-4.0244,0.426,-0.8225,0.2153,-0.0053,0.0009,-0.1088,-2.5059,-7.2208,0.4116,-0.0101,0.0017,0.8067,0.3259,-4.0365,0.2153,-0.0053,0.0009,4.0244,10.4651,,,17.7,holding
2026-09-21T12:06:43.315+09:00,TEST_0005_TEST_P01,TEST_P01,SOFT_GRIP_ENTRY,,684.3020629882812,60.454837799072266,486.7848815917969,178.5939483642578,-89.77640533447266,-179.95465087890625,-7.2806,-2.3278,0.0779,0.4116,-0.0101,0.0017,-4.0244,0.426,-0.8225,0.2153,-0.0053,0.0009,-0.1088,-2.5059,-7.2208,0.4116,-0.0101,0.0017,0.8067,0.3259,-4.0365,0.2153,-0.0053,0.0009,4.0244,11.0329,,,17.9,holding
2026-09-21T12:06:43.371+09:00,TEST_0005_TEST_P01,TEST_P01,SOFT_GRIP_ENTRY,,684.8683471679688,60.442989349365234,486.8728942871094,178.5926971435547,-89.76918029785156,-179.9492950439453,-8.0988,-2.4849,-0.0778,0.4088,-0.01,0.0016,-4.8427,0.2689,-0.9783,0.2125,-0.0052,0.0009,0.0439,-2.6829,-8.0357,0.4088,-0.01,0.0016,0.9595,0.1488,-4.8514,0.2125,-0.0052,0.0009,4.8427,11.5992,,,17.9,holding
2026-09-21T12:06:43.427+09:00,TEST_0005_TEST_P01,TEST_P01,SOFT_GRIP_ENTRY,,685.4268798828125,60.39689254760742,486.761962890625,178.588623046875,-89.77810668945312,-179.9531707763672,-8.0988,-2.4849,-0.0778,0.4088,-0.01,0.0016,-4.8427,0.2689,-0.9783,0.2125,-0.0052,0.0009,0.0439,-2.6829,-8.0357,0.4088,-0.01,0.0016,0.9595,0.1488,-4.8514,0.2125,-0.0052,0.0009,4.8427,12.1577,,,17.9,holding
2026-09-21T12:06:43.484+09:00,TEST_0005_TEST_P01,TEST_P01,SOFT_GRIP_ENTRY,,685.9868774414062,60.37548828125,486.7657165527344,178.58734130859375,-89.77757263183594,-179.95130920410156,-8.6337,-2.869,-0.2455,0.4064,-0.01,0.0016,-5.3776,-0.1151,-1.1459,0.21,-0.0052,0.0008,0.2098,-3.081,-8.5613,0.4064,-0.01,0.0016,1.1254,-0.2492,-5.377,0.21,-0.0052,0.0008,5.3776,12.7177,,,17.9,holding
2026-09-21T12:06:43.541+09:00,TEST_0005_TEST_P01,TEST_P01,SOFT_GRIP_ENTRY,,686.5552978515625,60.3863410949707,486.8520812988281,178.58827209472656,-89.7704849243164,-179.9466552734375,-9.093,-2.9096,-0.6542,0.3975,-0.0098,0.0016,-5.8368,-0.1558,-1.5546,0.2012,-0.005,0.0008,0.6151,-3.1334,-9.0211,0.3975,-0.0098,0.0016,1.5307,-0.3016,-5.8367,0.2012,-0.005,0.0008,5.8368,13.2861,,,17.9,holding
2026-09-21T12:06:43.597+09:00,TEST_0005_TEST_P01,TEST_P01,SOFT_GRIP_ENTRY,,687.1294555664062,60.40895462036133,486.90289306640625,178.5897979736328,-89.76648712158203,-179.947509765625,-9.093,-2.9096,-0.6542,0.3975,-0.0098,0.0016,-5.8368,-0.1558,-1.5546,0.2012,-0.005,0.0008,0.6151,-3.1334,-9.0211,0.3975,-0.0098,0.0016,1.5307,-0.3016,-5.8367,0.2012,-0.005,0.0008,5.8368,13.8603,,,17.9,holding
2026-09-21T12:06:43.653+09:00,TEST_0005_TEST_P01,TEST_P01,SOFT_GRIP_ENTRY,,687.688720703125,60.41960144042969,486.8630065917969,178.59095764160156,-89.76966857910156,-179.9521484375,-9.4185,-2.6609,-0.6002,0.404,-0.0099,0.0016,-6.1624,0.0929,-1.5006,0.2077,-0.0051,0.0009,0.5603,-2.8922,-9.3526,0.404,-0.0099,0.0016,1.4759,-0.0604,-6.1683,0.2077,-0.0051,0.0009,6.1624,14.4196,,,17.9,holding
2026-09-21T12:06:43.709+09:00,TEST_0005_TEST_P01,TEST_P01,SOFT_GRIP_ENTRY,,688.2235107421875,60.402198791503906,486.81439208984375,178.59002685546875,-89.77359771728516,-179.95103454589844,-9.4185,-2.6609,-0.6002,0.404,-0.0099,0.0016,-6.1624,0.0929,-1.5006,0.2077,-0.0051,0.0009,0.5603,-2.8922,-9.3526,0.404,-0.0099,0.0016,1.4759,-0.0604,-6.1683,0.2077,-0.0051,0.0009,6.1624,14.9543,,,18.1,holding
2026-09-21T12:06:43.765+09:00,TEST_0005_TEST_P01,TEST_P01,SOFT_GRIP_ENTRY,,688.791015625,60.38700866699219,486.8615417480469,178.5885467529297,-89.76995086669922,-179.948974609375,-9.8171,-2.4839,-0.9728,0.3999,-0.0098,0.0016,-6.5609,0.2699,-1.8733,0.2035,-0.005,0.0008,0.9314,-2.7257,-9.7568,0.3999,-0.0098,0.0016,1.8469,0.1061,-6.5725,0.2035,-0.005,0.0008,6.5609,15.5219,,,18.1,holding
2026-09-21T12:06:43.822+09:00,TEST_0005_TEST_P01,TEST_P01,SOFT_GRIP_ENTRY,,689.3712158203125,60.39730453491211,486.916015625,178.5892791748047,-89.76531219482422,-179.95338439941406,-9.8171,-2.4839,-0.9728,0.3999,-0.0098,0.0016,-6.5609,0.2699,-1.8733,0.2035,-0.005,0.0008,0.9314,-2.7257,-9.7568,0.3999,-0.0098,0.0016,1.8469,0.1061,-6.5725,0.2035,-0.005,0.0008,6.5609,16.1021,,,18.1,holding
2026-09-21T12:06:43.878+09:00,TEST_0005_TEST_P01,TEST_P01,SOFT_GRIP_ENTRY,,689.9143676757812,60.423004150390625,486.87060546875,178.5916290283203,-89.76879119873047,-179.95338439941406,-9.7066,-2.6023,-0.8119,0.3987,-0.0098,0.0016,-6.4504,0.1516,-1.7123,0.2024,-0.005,0.0009,0.7705,-2.841,-9.6428,0.3987,-0.0098,0.0016,1.686,-0.0092,-6.4585,0.2024,-0.005,0.0009,6.4504,16.6452,,,18.1,holding
2026-09-21T12:06:43.936+09:00,TEST_0005_TEST_P01,TEST_P01,SOFT_GRIP_ENTRY,,690.4832763671875,60.44485092163086,486.8717346191406,178.59359741210938,-89.768798828125,-179.94947814941406,-10.5853,-2.8728,-0.783,0.3963,-0.0097,0.0016,-7.3292,-0.119,-1.6834,0.1999,-0.0049,0.0008,0.7378,-3.1324,-10.5147,0.3963,-0.0097,0.0016,1.6533,-0.3006,-7.3304,0.1999,-0.0049,0.0008,7.3292,17.2141,,,18.1,holding
2026-09-21T12:06:43.993+09:00,TEST_0005_TEST_P01,TEST_P01,SOFT_GRIP_ENTRY,,691.0590209960938,60.437156677246094,486.8853454589844,178.5928192138672,-89.76764678955078,-179.9510040283203,-10.5853,-2.8728,-0.783,0.3963,-0.0097,0.0016,-7.3292,-0.119,-1.6834,0.1999,-0.0049,0.0008,0.7378,-3.1324,-10.5147,0.3963,-0.0097,0.0016,1.6533,-0.3006,-7.3304,0.1999,-0.0049,0.0008,7.3292,17.7899,,,18.1,holding
2026-09-21T12:06:44.051+09:00,TEST_0005_TEST_P01,TEST_P01,SOFT_GRIP_ENTRY,,691.634033203125,60.40132141113281,486.90545654296875,178.58978271484375,-89.76566314697266,-179.95388793945312,-10.1615,-2.9802,-1.0166,0.3961,-0.0097,0.0016,-6.9053,-0.2263,-1.9171,0.1998,-0.0049,0.0009,0.9724,-3.23,-10.0892,0.3961,-0.0097,0.0016,1.888,-0.3983,-6.9049,0.1998,-0.0049,0.0009,6.9053,18.3649,,,18.1,holding
2026-09-21T12:06:44.107+09:00,TEST_0005_TEST_P01,TEST_P01,SOFT_GRIP_ENTRY,,692.2034301757812,60.38825607299805,486.8947448730469,178.58871459960938,-89.76651000976562,-179.94883728027344,-10.1615,-2.9802,-1.0166,0.3961,-0.0097,0.0016,-6.9053,-0.2263,-1.9171,0.1998,-0.0049,0.0009,0.9724,-3.23,-10.0892,0.3961,-0.0097,0.0016,1.888,-0.3983,-6.9049,0.1998,-0.0049,0.0009,6.9053,18.9343,,,18.1,holding
2026-09-21T12:06:44.163+09:00,TEST_0005_TEST_P01,TEST_P01,SOFT_GRIP_ENTRY,,692.764404296875,60.40288162231445,486.89019775390625,178.58975219726562,-89.76702880859375,-179.946533203125,-10.8216,-2.8952,-0.9951,0.3889,-0.0096,0.0016,-7.5655,-0.1414,-1.8955,0.1925,-0.0048,0.0008,0.9492,-3.1617,-10.751,0.3889,-0.0096,0.0016,1.8647,-0.3299,-7.5667,0.1925,-0.0048,0.0008,7.5655,19.4952,,,18.1,holding
2026-09-21T12:06:44.219+09:00,TEST_0005_TEST_P01,TEST_P01,SOFT_GRIP_ENTRY,,693.3202514648438,60.429771423339844,486.9239501953125,178.59222412109375,-89.76432037353516,-179.95079040527344,-10.8216,-2.8952,-0.9951,0.3889,-0.0096,0.0016,-7.5655,-0.1414,-1.8955,0.1925,-0.0048,0.0008,0.9492,-3.1617,-10.751,0.3889,-0.0096,0.0016,1.8647,-0.3299,-7.5667,0.1925,-0.0048,0.0008,7.5655,20.0511,,,18.2,holding
2026-09-21T12:06:44.274+09:00,TEST_0005_TEST_P01,TEST_P01,SOFT_GRIP_ENTRY,,693.8572387695312,60.44411849975586,486.84368896484375,178.5937957763672,-89.77075958251953,-179.95277404785156,-11.5254,-2.8392,-1.215,0.3855,-0.0095,0.0016,-8.2692,-0.0854,-2.1154,0.1892,-0.0047,0.0008,1.165,-3.1224,-11.4571,0.3855,-0.0095,0.0016,2.0806,-0.2906,-8.2728,0.1892,-0.0047,0.0008,8.2692,20.5881,,,18.2,holding
2026-09-21T12:06:44.329+09:00,TEST_0005_TEST_P01,TEST_P01,SOFT_GRIP_ENTRY,,694.4341430664062,60.43269729614258,486.8146667480469,178.59254455566406,-89.7730941772461,-179.95037841796875,-11.5254,-2.8392,-1.215,0.3855,-0.0095,0.0016,-8.2692,-0.0854,-2.1154,0.1892,-0.0047,0.0008,1.165,-3.1224,-11.4571,0.3855,-0.0095,0.0016,2.0806,-0.2906,-8.2728,0.1892,-0.0047,0.0008,8.2692,21.165,,,18.2,holding
2026-09-21T12:06:44.386+09:00,TEST_0005_TEST_P01,TEST_P01,SOFT_GRIP_ENTRY,,695.024169921875,60.40761184692383,486.8772888183594,178.59027099609375,-89.7680435180664,-179.9486846923828,-11.913,-2.7804,-1.1269,0.3813,-0.0094,0.0015,-8.6569,-0.0266,-2.0273,0.1849,-0.0046,0.0008,1.0776,-3.0732,-11.8455,0.3813,-0.0094,0.0015,1.9931,-0.2415,-8.6612,0.1849,-0.0046,0.0008,8.6569,21.755,,,18.2,holding
2026-09-21T12:06:44.444+09:00,TEST_0005_TEST_P01,TEST_P01,SOFT_GRIP_ENTRY,,695.5982666015625,60.407264709472656,486.90557861328125,178.59024047851562,-89.76554870605469,-179.9541778564453,-12.5267,-2.7603,-0.9279,0.3868,-0.0095,0.0016,-9.2705,-0.0065,-1.8283,0.1904,-0.0047,0.0008,0.8748,-3.0683,-12.4587,0.3868,-0.0095,0.0016,1.7903,-0.2366,-9.2743,0.1904,-0.0047,0.0008,9.2705,22.3291,,,18.2,holding
2026-09-21T12:06:44.502+09:00,TEST_0005_TEST_P01,TEST_P01,SOFT_GRIP_ENTRY,,696.1730346679688,60.42973709106445,486.8771667480469,178.59217834472656,-89.76775360107422,-179.95480346679688,-12.5267,-2.7603,-0.9279,0.3868,-0.0095,0.0016,-9.2705,-0.0065,-1.8283,0.1904,-0.0047,0.0008,0.8748,-3.0683,-12.4587,0.3868,-0.0095,0.0016,1.7903,-0.2366,-9.2743,0.1904,-0.0047,0.0008,9.2705,22.9039,,,18.2,holding
2026-09-21T12:06:44.560+09:00,TEST_0005_TEST_P01,TEST_P01,SOFT_GRIP_ENTRY,,696.7407836914062,60.441673278808594,486.8185119628906,178.59300231933594,-89.77246856689453,-179.950927734375,-12.7103,-2.8016,-0.9309,0.392,-0.0096,0.0016,-9.4541,-0.0477,-1.8313,0.1956,-0.0048,0.0008,0.8776,-3.1136,-12.6413,0.392,-0.0096,0.0016,1.7932,-0.2819,-9.457,0.1956,-0.0048,0.0008,9.4541,23.4716,,,18.2,holding
2026-09-21T12:06:44.616+09:00,TEST_0005_TEST_P01,TEST_P01,SOFT_GRIP_ENTRY,,697.2667846679688,60.43434143066406,486.8532409667969,178.592529296875,-89.76969909667969,-179.94842529296875,-12.7103,-2.8016,-0.9309,0.392,-0.0096,0.0016,-9.4541,-0.0477,-1.8313,0.1956,-0.0048,0.0008,0.8776,-3.1136,-12.6413,0.392,-0.0096,0.0016,1.7932,-0.2819,-9.457,0.1956,-0.0048,0.0008,9.4541,23.9976,,,18.2,holding
2026-09-21T12:06:45.673+09:00,TEST_0005_TEST_P01,TEST_P01,SOFT_GRIP_ENTRY,SOFT_GRIP_STABILIZATION_END,698.1688232421875,60.344425201416016,486.7455139160156,178.58580017089844,-89.77482604980469,-179.94801330566406,-13.3328,-2.5438,-0.9246,0.4883,-0.0121,0.0019,0.0,0.0,0.0,0.0,0.0,0.0,0.8699,-2.8729,-13.2695,0.4883,-0.0121,0.0019,0.0,0.0,0.0,0.0,0.0,0.0,,,,,18.4,holding
2026-09-21T12:06:45.733+09:00,TEST_0005_TEST_P01,TEST_P01,HARD_GRIP,HARD_GRIP_COMMAND,698.1661987304688,60.34564208984375,486.750732421875,178.5858612060547,-89.77436828613281,-179.94808959960938,-13.3328,-2.5438,-0.9246,0.4883,-0.0121,0.0019,0.0,0.0,0.0,0.0,0.0,0.0,0.8699,-2.8729,-13.2695,0.4883,-0.0121,0.0019,0.0,0.0,0.0,0.0,0.0,0.0,,,,,18.4,holding
2026-09-21T12:06:46.737+09:00,TEST_0005_TEST_P01,TEST_P01,HARD_GRIP,HARD_GRIP_STABILIZATION_END,698.1101684570312,60.374839782714844,486.8562316894531,178.58883666992188,-89.76592254638672,-179.95074462890625,-12.1608,-2.7828,-3.6484,0.527,-0.013,0.0022,0.0,0.0,0.0,0.0,0.0,0.0,3.5963,-3.0846,-12.1034,0.527,-0.013,0.0022,0.0,0.0,0.0,0.0,0.0,0.0,,,,,17.4,moving
2026-09-21T12:06:46.773+09:00,TEST_0005_TEST_P01,TEST_P01,PULL_TEST,,698.1069946289062,60.376731872558594,486.8622741699219,178.5890350341797,-89.76543426513672,-179.9508056640625,-12.1608,-2.7828,-3.6484,0.527,-0.013,0.0022,0.0,0.0,0.0,0.0,0.0,0.0,3.5963,-3.0846,-12.1034,0.527,-0.013,0.0022,0.0,0.0,0.0,0.0,0.0,0.0,,,0.0,0.0032,17.4,moving
2026-09-21T12:06:46.828+09:00,TEST_0005_TEST_P01,TEST_P01,PULL_TEST,,698.0994873046875,60.37788391113281,486.8753662109375,178.5892333984375,-89.7643814086914,-179.95059204101562,-12.1608,-2.7828,-3.6484,0.527,-0.013,0.0022,0.0,0.0,0.0,0.0,0.0,0.0,3.5963,-3.0846,-12.1034,0.527,-0.013,0.0022,0.0,0.0,0.0,0.0,0.0,0.0,,,0.0,0.0107,17.4,moving
2026-09-21T12:06:46.884+09:00,TEST_0005_TEST_P01,TEST_P01,PULL_TEST,,698.037109375,60.379878997802734,486.9920654296875,178.59005737304688,-89.75497436523438,-179.9481964111328,-12.9743,-2.77,-3.5386,0.5335,-0.0131,0.0022,-0.8135,0.0128,0.1098,0.0065,-0.0002,0.0,3.4827,-3.0916,-12.9166,0.5335,-0.0131,0.0022,-0.1136,-0.007,-0.8133,0.0065,-0.0002,0.0,,,0.8135,0.0731,17.4,moving
2026-09-21T12:06:46.941+09:00,TEST_0005_TEST_P01,TEST_P01,PULL_TEST,,697.8765258789062,60.38423538208008,487.20599365234375,178.59056091308594,-89.73768615722656,-179.93923950195312,-12.0585,-2.8725,-4.5753,0.5074,-0.0125,0.0022,0.1023,-0.0897,-0.9269,-0.0196,0.0005,0.0,4.5173,-3.1729,-12.0049,0.5074,-0.0125,0.0022,0.921,-0.0884,0.0985,-0.0196,0.0005,0.0,,,0.1023,0.2336,17.4,moving
2026-09-21T12:06:46.998+09:00,TEST_0005_TEST_P01,TEST_P01,PULL_TEST,,697.5689086914062,60.378353118896484,487.3047790527344,178.58921813964844,-89.7284927368164,-179.93751525878906,-12.0585,-2.8725,-4.5753,0.5074,-0.0125,0.0022,0.1023,-0.0897,-0.9269,-0.0196,0.0005,0.0,4.5173,-3.1729,-12.0049,0.5074,-0.0125,0.0022,0.921,-0.0884,0.0985,-0.0196,0.0005,0.0,,,0.1023,0.5413,17.4,moving
2026-09-21T12:06:47.054+09:00,TEST_0005_TEST_P01,TEST_P01,PULL_TEST,,697.086181640625,60.36422348022461,487.3230895996094,178.58834838867188,-89.72628021240234,-179.93692016601562,-10.4744,-2.8734,-6.1174,0.5133,-0.0126,0.0024,1.6863,-0.0906,-2.469,-0.0137,0.0003,0.0003,6.0635,-3.1373,-10.43,0.5133,-0.0126,0.0024,2.4672,-0.0528,1.6734,-0.0137,0.0003,0.0003,,,1.6863,1.024,17.4,moving
2026-09-21T12:06:47.111+09:00,TEST_0005_TEST_P01,TEST_P01,PULL_TEST,,696.5056762695312,60.36689758300781,487.24310302734375,178.58871459960938,-89.7319564819336,-179.93727111816406,-10.4744,-2.8734,-6.1174,0.5133,-0.0126,0.0024,1.6863,-0.0906,-2.469,-0.0137,0.0003,0.0003,6.0635,-3.1373,-10.43,0.5133,-0.0126,0.0024,2.4672,-0.0528,1.6734,-0.0137,0.0003,0.0003,,,1.6863,1.6045,17.4,moving
2026-09-21T12:06:47.167+09:00,TEST_0005_TEST_P01,TEST_P01,PULL_TEST,,695.9507446289062,60.366214752197266,487.2002868652344,178.5884552001953,-89.734619140625,-179.9409942626953,-10.667,-2.8202,-6.2996,0.5823,-0.0143,0.0027,1.4938,-0.0374,-2.6512,0.0553,-0.0014,0.0006,6.2476,-3.0887,-10.6231,0.5823,-0.0143,0.0027,2.6513,-0.0041,1.4803,0.0553,-0.0014,0.0006,,,1.4938,2.1594,17.4,moving
2026-09-21T12:06:47.223+09:00,TEST_0005_TEST_P01,TEST_P01,PULL_TEST,,695.3699951171875,60.33932113647461,487.2070617675781,178.5863800048828,-89.73365783691406,-179.94468688964844,-10.667,-2.8202,-6.2996,0.5823,-0.0143,0.0027,1.4938,-0.0374,-2.6512,0.0553,-0.0014,0.0006,6.2476,-3.0887,-10.6231,0.5823,-0.0143,0.0027,2.6513,-0.0041,1.4803,0.0553,-0.0014,0.0006,,,1.4938,2.7402,17.4,moving
2026-09-21T12:06:47.278+09:00,TEST_0005_TEST_P01,TEST_P01,PULL_TEST,,694.7970581054688,60.315181732177734,487.152587890625,178.58448791503906,-89.7379379272461,-179.9437255859375,-9.4892,-2.8327,-6.2578,0.668,-0.0165,0.0031,2.6716,-0.0499,-2.6095,0.141,-0.0035,0.0009,6.2111,-3.072,-9.4453,0.668,-0.0165,0.0031,2.6148,0.0126,2.658,0.141,-0.0035,0.0009,,,2.6716,3.3131,17.4,moving
2026-09-21T12:06:47.333+09:00,TEST_0005_TEST_P01,TEST_P01,PULL_TEST,,694.24072265625,60.30781173706055,487.04864501953125,178.58383178710938,-89.74632263183594,-179.94146728515625,-9.4892,-2.8327,-6.2578,0.668,-0.0165,0.0031,2.6716,-0.0499,-2.6095,0.141,-0.0035,0.0009,6.2111,-3.072,-9.4453,0.668,-0.0165,0.0031,2.6148,0.0126,2.658,0.141,-0.0035,0.0009,,,2.6716,3.8694,17.4,moving
2026-09-21T12:06:47.390+09:00,TEST_0005_TEST_P01,TEST_P01,PULL_TEST,,693.6377563476562,60.32675552368164,487.0334777832031,178.5859375,-89.74740600585938,-179.9417724609375,-8.8749,-2.8274,-6.0799,0.7165,-0.0177,0.0032,3.2859,-0.0446,-2.4315,0.1895,-0.0047,0.0011,6.0378,-3.0521,-8.8291,0.7165,-0.0177,0.0032,2.4415,0.0325,3.2743,0.1895,-0.0047,0.0011,,,3.2859,4.4724,17.4,moving
2026-09-21T12:06:47.447+09:00,TEST_0005_TEST_P01,TEST_P01,PULL_TEST,,693.0487670898438,60.34895706176758,487.1076354980469,178.58802795410156,-89.741455078125,-179.94448852539062,-8.4091,-2.9421,-6.0249,0.7402,-0.0183,0.0033,3.7517,-0.1593,-2.3766,0.2132,-0.0053,0.0011,5.9841,-3.1543,-8.3612,0.7402,-0.0183,0.0033,2.3878,-0.0697,3.7422,0.2132,-0.0053,0.0011,,,3.7517,5.0614,17.4,moving
2026-09-21T12:06:47.503+09:00,TEST_0005_TEST_P01,TEST_P01,PULL_TEST,,692.510498046875,60.337791442871094,487.0058898925781,178.58688354492188,-89.74993133544922,-179.94630432128906,-8.4091,-2.9421,-6.0249,0.7402,-0.0183,0.0033,3.7517,-0.1593,-2.3766,0.2132,-0.0053,0.0011,5.9841,-3.1543,-8.3612,0.7402,-0.0183,0.0033,2.3878,-0.0697,3.7422,0.2132,-0.0053,0.0011,,,3.7517,5.5997,17.4,moving
2026-09-21T12:06:47.560+09:00,TEST_0005_TEST_P01,TEST_P01,PULL_TEST,,691.9518432617188,60.311214447021484,486.9192199707031,178.58460998535156,-89.75700378417969,-179.9452362060547,-5.9503,-3.0734,-5.9936,0.7606,-0.0188,0.0033,6.2105,-0.2906,-2.3452,0.2336,-0.0058,0.0012,5.9659,-3.225,-5.8977,0.7606,-0.0188,0.0033,2.3696,-0.1404,6.2056,0.2336,-0.0058,0.0012,,,6.2105,6.1583,17.4,moving
2026-09-21T12:06:47.616+09:00,TEST_0005_TEST_P01,TEST_P01,PULL_TEST,,691.37060546875,60.29534912109375,486.9388122558594,178.5839080810547,-89.75528717041016,-179.94741821289062,-5.9503,-3.0734,-5.9936,0.7606,-0.0188,0.0033,6.2105,-0.2906,-2.3452,0.2336,-0.0058,0.0012,5.9659,-3.225,-5.8977,0.7606,-0.0188,0.0033,2.3696,-0.1404,6.2056,0.2336,-0.0058,0.0012,,,6.2105,6.7396,17.4,moving
2026-09-21T12:06:47.671+09:00,TEST_0005_TEST_P01,TEST_P01,PULL_TEST,,690.8326416015625,60.30702209472656,486.88861083984375,178.58462524414062,-89.75933074951172,-179.95237731933594,-4.5506,-3.1252,-5.6581,0.7772,-0.0192,0.0033,7.6102,-0.3424,-2.0097,0.2502,-0.0062,0.0012,5.6357,-3.2418,-4.4964,0.7772,-0.0192,0.0033,2.0394,-0.1572,7.607,0.2502,-0.0062,0.0012,,,7.6102,7.2775,17.4,moving
2026-09-21T12:06:47.726+09:00,TEST_0005_TEST_P01,TEST_P01,PULL_TEST,,690.2840576171875,60.336524963378906,486.86859130859375,178.5867156982422,-89.76081085205078,-179.95140075683594,-4.5506,-3.1252,-5.6581,0.7772,-0.0192,0.0033,7.6102,-0.3424,-2.0097,0.2502,-0.0062,0.0012,5.6357,-3.2418,-4.4964,0.7772,-0.0192,0.0033,2.0394,-0.1572,7.607,0.2502,-0.0062,0.0012,,,7.6102,7.8261,17.4,moving
2026-09-21T12:06:47.781+09:00,TEST_0005_TEST_P01,TEST_P01,PULL_TEST,,689.711181640625,60.34663009643555,486.8406677246094,178.5877685546875,-89.7628173828125,-179.9484405517578,-3.0684,-3.1409,-5.5521,0.7906,-0.0195,0.0033,9.0924,-0.3581,-1.9037,0.2636,-0.0065,0.0012,5.5369,-3.2204,-3.013,0.7906,-0.0195,0.0033,1.9406,-0.1358,9.0903,0.2636,-0.0065,0.0012,,,9.0924,8.399,17.4,moving
2026-09-21T12:06:47.836+09:00,TEST_0005_TEST_P01,TEST_P01,PULL_TEST,,689.1742553710938,60.332733154296875,486.85345458984375,178.5865936279297,-89.76172637939453,-179.95010375976562,-2.0625,-3.2551,-5.6223,0.8007,-0.0198,0.0033,10.0983,-0.4723,-1.974,0.2737,-0.0068,0.0012,5.6112,-3.3099,-2.0049,0.8007,-0.0198,0.0033,2.0149,-0.2253,10.0984,0.2737,-0.0068,0.0012,,,10.0983,8.9359,17.4,moving
2026-09-21T12:07:05.731+09:00,TEST_0005_TEST_P01,TEST_P01,RELEASE,RETURN_SOFT_GRIP_COMMAND,689.058837890625,60.36809158325195,486.848388671875,178.58917236328125,-89.76545715332031,-179.95068359375,-1.8839,-4.417,-6.4103,0.7643,-0.0188,0.0031,0.0,0.0,0.0,0.0,0.0,0.0,6.3992,-4.4676,-1.8008,0.7643,-0.0188,0.0031,0.0,0.0,0.0,0.0,0.0,0.0,,,,,17.1,moving
