timestamp,trial_id,inspection_point_id,state,grip_event,tcp_x,tcp_y,tcp_z,tcp_rx,tcp_ry,tcp_rz,base_fx,base_fy,base_fz,base_tx,base_ty,base_tz,base_dfx,base_dfy,base_dfz,base_dtx,base_dty,base_dtz,tool_fx,tool_fy,tool_fz,tool_tx,tool_ty,tool_tz,tool_dfx,tool_dfy,tool_dfz,tool_dtx,tool_dty,tool_dtz,entry_force_n,entry_depth_mm,pull_force_n,pull_displacement_mm,gripper_width,gripper_state
2026-09-21T13:05:58.228+09:00,TEST_0001_TEST_P01,TEST_P01,PREPARE_SOFT_GRIP,INITIAL_SOFT_GRIP_OPEN_COMMAND,553.9622192382812,110.79505920410156,464.6827392578125,12.756157875061035,98.03596496582031,-32.24578094482422,-2.7119,-3.0897,0.6805,0.7612,0.1723,-0.1102,0.0,0.0,0.0,0.0,0.0,0.0,1.1119,-2.1536,-3.3896,0.7612,0.1723,-0.1102,0.0,0.0,0.0,0.0,0.0,0.0,,,,,22.8,holding
2026-09-21T13:05:58.371+09:00,TEST_0001_TEST_P01,TEST_P01,PREPARE_SOFT_GRIP,INITIAL_SOFT_GRIP_OPEN_REACHED,553.9622192382812,110.79505920410156,464.6827392578125,12.756157875061035,98.03596496582031,-32.24578094482422,-2.778,-3.1114,0.6621,0.7608,0.1722,-0.1101,0.0,0.0,0.0,0.0,0.0,0.0,1.1389,-2.1443,-3.4556,0.7608,0.1722,-0.1101,0.0,0.0,0.0,0.0,0.0,0.0,,,,,22.8,holding
2026-09-21T13:06:00.468+09:00,TEST_0001_TEST_P01,TEST_P01,SOFT_GRIP_ENTRY,SOFT_GRIP_COMMAND,673.263916015625,60.499603271484375,486.6519470214844,178.5955352783203,-89.7818832397461,-179.9432830810547,-3.3063,-2.5748,0.8171,0.2433,-0.006,0.0009,0.0,0.0,0.0,0.0,0.0,0.0,-0.832,-2.6542,-3.239,0.2433,-0.006,0.0009,0.0,0.0,0.0,0.0,0.0,0.0,,,,,22.8,holding
2026-09-21T13:06:00.594+09:00,TEST_0001_TEST_P01,TEST_P01,SOFT_GRIP_ENTRY,ENTRY_MOTION_START_WIDTH_REACHED,673.2545776367188,60.500396728515625,486.6683044433594,178.5960693359375,-89.78071594238281,-179.94383239746094,-3.1884,-2.5485,0.7438,0.2765,-0.0068,0.0011,0.1178,0.0263,-0.0733,0.0331,-0.0008,0.0001,-0.7583,-2.6251,-3.1222,0.2765,-0.0068,0.0011,0.0738,0.0291,0.1169,0.0331,-0.0008,0.0001,,,,,21.8,moving
2026-09-21T13:06:00.625+09:00,TEST_0001_TEST_P01,TEST_P01,SOFT_GRIP_ENTRY,,673.2510375976562,60.50104904174805,486.6741943359375,178.59629821777344,-89.78032684326172,-179.94386291503906,-3.1884,-2.5485,0.7438,0.2765,-0.0068,0.0011,0.1178,0.0263,-0.0733,0.0331,-0.0008,0.0001,-0.7583,-2.6251,-3.1222,0.2765,-0.0068,0.0011,0.0738,0.0291,0.1169,0.0331,-0.0008,0.0001,0.1178,-0.0134,,,20.6,moving
2026-09-21T13:06:00.681+09:00,TEST_0001_TEST_P01,TEST_P01,SOFT_GRIP_ENTRY,,673.2428588867188,60.50075912475586,486.6892395019531,178.59661865234375,-89.7791748046875,-179.94415283203125,-2.8388,-2.5072,0.9748,0.3338,-0.0082,0.0013,0.4675,0.0676,0.1577,0.0905,-0.0022,0.0004,-0.988,-2.575,-2.7727,0.3338,-0.0082,0.0013,-0.156,0.0792,0.4663,0.0905,-0.0022,0.0004,0.4675,-0.0216,,,18.4,moving
2026-09-21T13:06:00.737+09:00,TEST_0001_TEST_P01,TEST_P01,SOFT_GRIP_ENTRY,,673.249267578125,60.504180908203125,486.72979736328125,178.59742736816406,-89.77594757080078,-179.94602966308594,-2.8388,-2.5072,0.9748,0.3338,-0.0082,0.0013,0.4675,0.0676,0.1577,0.0905,-0.0022,0.0004,-0.988,-2.575,-2.7727,0.3338,-0.0082,0.0013,-0.156,0.0792,0.4663,0.0905,-0.0022,0.0004,0.4675,-0.0152,,,18.2,moving
2026-09-21T13:06:00.792+09:00,TEST_0001_TEST_P01,TEST_P01,SOFT_GRIP_ENTRY,,673.3113403320312,60.521934509277344,486.93450927734375,178.60079956054688,-89.7597427368164,-179.95233154296875,-1.9795,-2.2058,1.343,0.3943,-0.0097,0.0015,1.3267,0.369,0.5259,0.1509,-0.0037,0.0006,-1.3527,-2.2523,-1.9196,0.3943,-0.0097,0.0015,-0.5207,0.4019,1.3194,0.1509,-0.0037,0.0006,1.3267,0.0469,,,18.2,moving
2026-09-21T13:06:00.847+09:00,TEST_0001_TEST_P01,TEST_P01,SOFT_GRIP_ENTRY,,673.5736694335938,60.54240036010742,487.1842346191406,178.603271484375,-89.74036407470703,-179.95692443847656,-1.9795,-2.2058,1.343,0.3943,-0.0097,0.0015,1.3267,0.369,0.5259,0.1509,-0.0037,0.0006,-1.3527,-2.2523,-1.9196,0.3943,-0.0097,0.0015,-0.5207,0.4019,1.3194,0.1509,-0.0037,0.0006,1.3267,0.3092,,,18.1,moving
2026-09-21T13:06:00.905+09:00,TEST_0001_TEST_P01,TEST_P01,SOFT_GRIP_ENTRY,,674.0458984375,60.56167984008789,487.1452331542969,178.60455322265625,-89.7444076538086,-179.9525909423828,-3.6249,-2.0709,0.2088,0.4132,-0.0101,0.0018,-0.3187,0.5039,-0.6083,0.1698,-0.0041,0.0008,-0.2267,-2.1585,-3.5724,0.4132,-0.0101,0.0018,0.6054,0.4957,-0.3334,0.1698,-0.0041,0.0008,0.3187,0.7814,,,18.1,moving
2026-09-21T13:06:00.961+09:00,TEST_0001_TEST_P01,TEST_P01,SOFT_GRIP_ENTRY,,674.625244140625,60.557735443115234,487.0805358886719,178.60333251953125,-89.75065612792969,-179.94854736328125,-2.9058,-1.718,-0.1843,0.3912,-0.0095,0.0017,0.4005,0.8568,-1.0014,0.1479,-0.0036,0.0008,0.1701,-1.7884,-2.8638,0.3912,-0.0095,0.0017,1.0021,0.8658,0.3752,0.1479,-0.0036,0.0008,0.4005,1.3608,,,17.9,holding
2026-09-21T13:06:01.020+09:00,TEST_0001_TEST_P01,TEST_P01,SOFT_GRIP_ENTRY,,675.2413940429688,60.561492919921875,487.0696105957031,178.60301208496094,-89.75254821777344,-179.94834899902344,-2.9058,-1.718,-0.1843,0.3912,-0.0095,0.0017,0.4005,0.8568,-1.0014,0.1479,-0.0036,0.0008,0.1701,-1.7884,-2.8638,0.3912,-0.0095,0.0017,1.0021,0.8658,0.3752,0.1479,-0.0036,0.0008,0.4005,1.9769,,,17.9,holding
2026-09-21T13:06:01.076+09:00,TEST_0001_TEST_P01,TEST_P01,SOFT_GRIP_ENTRY,,675.84033203125,60.57460403442383,487.07794189453125,178.60394287109375,-89.75204467773438,-179.94436645507812,-2.665,-1.545,0.1399,0.4061,-0.0099,0.0018,0.6412,1.0298,-0.6772,0.1627,-0.0039,0.0008,-0.1526,-1.6093,-2.626,0.4061,-0.0099,0.0018,0.6794,1.0449,0.613,0.1627,-0.0039,0.0008,0.6412,2.5759,,,17.9,holding
2026-09-21T13:06:01.131+09:00,TEST_0001_TEST_P01,TEST_P01,SOFT_GRIP_ENTRY,,676.416015625,60.564430236816406,486.95977783203125,178.60279846191406,-89.76195526123047,-179.94570922851562,-2.665,-1.545,0.1399,0.4061,-0.0099,0.0018,0.6412,1.0298,-0.6772,0.1627,-0.0039,0.0008,-0.1526,-1.6093,-2.626,0.4061,-0.0099,0.0018,0.6794,1.0449,0.613,0.1627,-0.0039,0.0008,0.6412,3.1516,,,17.9,holding
2026-09-21T13:06:01.186+09:00,TEST_0001_TEST_P01,TEST_P01,SOFT_GRIP_ENTRY,,676.9700317382812,60.52164840698242,486.9384460449219,178.59930419921875,-89.76405334472656,-179.95143127441406,-2.636,-1.5028,0.5915,0.4176,-0.0102,0.0018,0.6703,1.072,-0.2256,0.1743,-0.0042,0.0008,-0.6037,-1.5661,-2.596,0.4176,-0.0102,0.0018,0.2283,1.0881,0.643,0.1743,-0.0042,0.0008,0.6703,3.7056,,,17.9,holding
2026-09-21T13:06:01.241+09:00,TEST_0001_TEST_P01,TEST_P01,SOFT_GRIP_ENTRY,,677.5261840820312,60.498138427734375,486.9742126464844,178.59742736816406,-89.76102447509766,-179.94996643066406,-2.636,-1.5028,0.5915,0.4176,-0.0102,0.0018,0.6703,1.072,-0.2256,0.1743,-0.0042,0.0008,-0.6037,-1.5661,-2.596,0.4176,-0.0102,0.0018,0.2283,1.0881,0.643,0.1743,-0.0042,0.0008,0.6703,4.2617,,,17.9,holding
2026-09-21T13:06:01.297+09:00,TEST_0001_TEST_P01,TEST_P01,SOFT_GRIP_ENTRY,,678.1058959960938,60.507957458496094,486.9434509277344,178.59767150878906,-89.76348876953125,-179.9480438232422,-3.1755,-1.3778,0.9137,0.4156,-0.0102,0.0017,0.1308,1.197,0.0967,0.1723,-0.0042,0.0008,-0.928,-1.4543,-3.137,0.4156,-0.0102,0.0017,-0.096,1.2,0.102,0.1723,-0.0042,0.0008,0.1308,4.8414,,,17.9,holding
2026-09-21T13:06:01.353+09:00,TEST_0001_TEST_P01,TEST_P01,SOFT_GRIP_ENTRY,,678.6646118164062,60.520626068115234,486.9281311035156,178.59857177734375,-89.76497650146484,-179.94967651367188,-3.3052,-1.4145,1.2517,0.4151,-0.0102,0.0017,0.001,1.1603,0.4346,0.1717,-0.0042,0.0008,-1.2664,-1.4938,-3.2645,0.4151,-0.0102,0.0017,-0.4344,1.1604,-0.0255,0.1717,-0.0042,0.0008,0.001,5.4001,,,17.9,holding
2026-09-21T13:06:01.409+09:00,TEST_0001_TEST_P01,TEST_P01,SOFT_GRIP_ENTRY,,679.2176513671875,60.503726959228516,486.9132995605469,178.59703063964844,-89.76573944091797,-179.94627380371094,-3.3052,-1.4145,1.2517,0.4151,-0.0102,0.0017,0.001,1.1603,0.4346,0.1717,-0.0042,0.0008,-1.2664,-1.4938,-3.2645,0.4151,-0.0102,0.0017,-0.4344,1.1604,-0.0255,0.1717,-0.0042,0.0008,0.001,5.9532,,,17.9,holding
2026-09-21T13:06:01.465+09:00,TEST_0001_TEST_P01,TEST_P01,SOFT_GRIP_ENTRY,,679.7938842773438,60.48222732543945,486.9578552246094,178.5950164794922,-89.76207733154297,-179.94374084472656,-3.916,-1.5361,1.2119,0.4098,-0.01,0.0017,-0.6098,1.0387,0.3948,0.1665,-0.0041,0.0008,-1.2295,-1.6304,-3.8721,0.4098,-0.01,0.0017,-0.3975,1.0239,-0.6331,0.1665,-0.0041,0.0008,0.6098,6.5294,,,17.9,holding
2026-09-21T13:06:01.521+09:00,TEST_0001_TEST_P01,TEST_P01,SOFT_GRIP_ENTRY,,680.358642578125,60.481754302978516,486.99920654296875,178.5946807861328,-89.75867462158203,-179.94602966308594,-3.916,-1.5361,1.2119,0.4098,-0.01,0.0017,-0.6098,1.0387,0.3948,0.1665,-0.0041,0.0008,-1.2295,-1.6304,-3.8721,0.4098,-0.01,0.0017,-0.3975,1.0239,-0.6331,0.1665,-0.0041,0.0008,0.6098,7.0942,,,17.9,holding
2026-09-21T13:06:01.577+09:00,TEST_0001_TEST_P01,TEST_P01,SOFT_GRIP_ENTRY,,680.8944702148438,60.51252746582031,486.873779296875,178.59759521484375,-89.76863098144531,-179.94619750976562,-4.1021,-1.6051,1.3368,0.4144,-0.0102,0.0017,-0.7958,0.9697,0.5197,0.171,-0.0042,0.0008,-1.355,-1.7038,-4.056,0.4144,-0.0102,0.0017,-0.523,0.9504,-0.817,0.171,-0.0042,0.0008,0.7958,7.63,,,17.9,holding
2026-09-21T13:06:01.632+09:00,TEST_0001_TEST_P01,TEST_P01,SOFT_GRIP_ENTRY,,681.4427490234375,60.55070495605469,486.8370361328125,178.6009063720703,-89.77193450927734,-179.94664001464844,-4.1021,-1.6051,1.3368,0.4144,-0.0102,0.0017,-0.7958,0.9697,0.5197,0.171,-0.0042,0.0008,-1.355,-1.7038,-4.056,0.4144,-0.0102,0.0017,-0.523,0.9504,-0.817,0.171,-0.0042,0.0008,0.7958,8.1783,,,17.9,holding
2026-09-21T13:06:01.689+09:00,TEST_0001_TEST_P01,TEST_P01,SOFT_GRIP_ENTRY,,682.0095825195312,60.56299591064453,486.8802795410156,178.60191345214844,-89.76866149902344,-179.94882202148438,-5.8023,-1.6101,1.5797,0.4281,-0.0105,0.0017,-2.496,0.9647,0.7626,0.1848,-0.0045,0.0008,-1.604,-1.7498,-5.755,0.4281,-0.0105,0.0017,-0.772,0.9044,-2.5159,0.1848,-0.0045,0.0008,2.496,8.7451,,,17.9,holding
2026-09-21T13:06:01.745+09:00,TEST_0001_TEST_P01,TEST_P01,SOFT_GRIP_ENTRY,,682.5719604492188,60.551658630371094,486.8862609863281,178.6012725830078,-89.76810455322266,-179.94729614257812,-5.8023,-1.6101,1.5797,0.4281,-0.0105,0.0017,-2.496,0.9647,0.7626,0.1848,-0.0045,0.0008,-1.604,-1.7498,-5.755,0.4281,-0.0105,0.0017,-0.772,0.9044,-2.5159,0.1848,-0.0045,0.0008,2.496,9.3075,,,17.9,holding
2026-09-21T13:06:01.801+09:00,TEST_0001_TEST_P01,TEST_P01,SOFT_GRIP_ENTRY,,683.1442260742188,60.52946472167969,486.8194274902344,178.59927368164062,-89.7735366821289,-179.9462890625,-7.0424,-1.4735,1.302,0.4328,-0.0106,0.0017,-3.7361,1.1013,0.4849,0.1895,-0.0046,0.0008,-1.332,-1.6437,-6.9989,0.4328,-0.0106,0.0017,-0.5,1.0105,-3.7599,0.1895,-0.0046,0.0008,3.7361,9.8798,,,17.9,holding
2026-09-21T13:06:01.857+09:00,TEST_0001_TEST_P01,TEST_P01,SOFT_GRIP_ENTRY,,683.730224609375,60.5328254699707,486.74554443359375,178.5991668701172,-89.77977752685547,-179.95175170898438,-7.3032,-1.1343,1.1645,0.4312,-0.0105,0.0017,-3.9969,1.4405,0.3474,0.1878,-0.0046,0.0008,-1.1936,-1.3115,-7.2687,0.4312,-0.0105,0.0017,-0.3616,1.3428,-4.0297,0.1878,-0.0046,0.0008,3.9969,10.4658,,,17.9,holding
2026-09-21T13:06:01.915+09:00,TEST_0001_TEST_P01,TEST_P01,SOFT_GRIP_ENTRY,,684.3091430664062,60.54475402832031,486.7655944824219,178.59994506835938,-89.77783966064453,-179.95103454589844,-7.3032,-1.1343,1.1645,0.4312,-0.0105,0.0017,-3.9969,1.4405,0.3474,0.1878,-0.0046,0.0008,-1.1936,-1.3115,-7.2687,0.4312,-0.0105,0.0017,-0.3616,1.3428,-4.0297,0.1878,-0.0046,0.0008,3.9969,11.0447,,,17.9,holding
2026-09-21T13:06:01.971+09:00,TEST_0001_TEST_P01,TEST_P01,SOFT_GRIP_ENTRY,,684.8740234375,60.56614303588867,486.8446960449219,178.60186767578125,-89.77167510986328,-179.9453125,-8.0707,-1.2269,1.3438,0.4296,-0.0105,0.0017,-4.7645,1.3479,0.5268,0.1863,-0.0045,0.0008,-1.377,-1.4223,-8.033,0.4296,-0.0105,0.0017,-0.545,1.232,-4.794,0.1863,-0.0045,0.0008,4.7645,11.6096,,,17.9,holding
2026-09-21T13:06:02.027+09:00,TEST_0001_TEST_P01,TEST_P01,SOFT_GRIP_ENTRY,,685.4373168945312,60.54585266113281,486.69952392578125,178.59950256347656,-89.78323364257812,-179.9496612548828,-8.0707,-1.2269,1.3438,0.4296,-0.0105,0.0017,-4.7645,1.3479,0.5268,0.1863,-0.0045,0.0008,-1.377,-1.4223,-8.033,0.4296,-0.0105,0.0017,-0.545,1.232,-4.794,0.1863,-0.0045,0.0008,4.7645,12.1729,,,17.9,holding
2026-09-21T13:06:02.082+09:00,TEST_0001_TEST_P01,TEST_P01,SOFT_GRIP_ENTRY,,685.9744262695312,60.488624572753906,486.7391357421875,178.59507751464844,-89.77951049804688,-179.9475860595703,-8.3062,-0.3838,1.199,0.4348,-0.0106,0.0017,-5.0,2.191,0.382,0.1915,-0.0047,0.0008,-1.2315,-0.5859,-8.2897,0.4348,-0.0106,0.0017,-0.3995,2.0684,-5.0506,0.1915,-0.0047,0.0008,5.0,12.71,,,17.9,holding
2026-09-21T13:06:02.139+09:00,TEST_0001_TEST_P01,TEST_P01,SOFT_GRIP_ENTRY,,686.5340576171875,60.45024108886719,486.8460388183594,178.59164428710938,-89.7705078125,-179.94248962402344,-8.3062,-0.3838,1.199,0.4348,-0.0106,0.0017,-5.0,2.191,0.382,0.1915,-0.0047,0.0008,-1.2315,-0.5859,-8.2897,0.4348,-0.0106,0.0017,-0.3995,2.0684,-5.0506,0.1915,-0.0047,0.0008,5.0,13.2696,,,17.9,holding
2026-09-21T13:06:02.194+09:00,TEST_0001_TEST_P01,TEST_P01,SOFT_GRIP_ENTRY,,687.0988159179688,60.463539123535156,486.9195251464844,178.5928192138672,-89.76493072509766,-179.94219970703125,-9.192,-0.8314,1.8978,0.4191,-0.0103,0.0017,-5.8857,1.7434,1.0807,0.1758,-0.0043,0.0007,-1.9356,-1.0551,-9.1611,0.4191,-0.0103,0.0017,-1.1036,1.5991,-5.9221,0.1758,-0.0043,0.0007,5.8857,13.8344,,,17.9,holding
2026-09-21T13:06:02.251+09:00,TEST_0001_TEST_P01,TEST_P01,SOFT_GRIP_ENTRY,,687.664794921875,60.512184143066406,486.8425598144531,178.59718322753906,-89.77142333984375,-179.9469757080078,-9.192,-0.8314,1.8978,0.4191,-0.0103,0.0017,-5.8857,1.7434,1.0807,0.1758,-0.0043,0.0007,-1.9356,-1.0551,-9.1611,0.4191,-0.0103,0.0017,-1.1036,1.5991,-5.9221,0.1758,-0.0043,0.0007,5.8857,14.4003,,,17.9,holding
2026-09-21T13:06:02.306+09:00,TEST_0001_TEST_P01,TEST_P01,SOFT_GRIP_ENTRY,,688.196533203125,60.531436920166016,486.7991943359375,178.59915161132812,-89.77484130859375,-179.94580078125,-10.6533,0.1136,1.8418,0.4276,-0.0105,0.0017,-7.3471,2.6884,1.0247,0.1843,-0.0045,0.0008,-1.8844,-0.1455,-10.6455,0.4276,-0.0105,0.0017,-1.0524,2.5088,-7.4065,0.1843,-0.0045,0.0008,7.3471,14.9321,,,17.9,holding
2026-09-21T13:06:02.361+09:00,TEST_0001_TEST_P01,TEST_P01,SOFT_GRIP_ENTRY,,688.7568359375,60.49830627441406,486.8446044921875,178.59585571289062,-89.77101135253906,-179.94383239746094,-12.9951,1.5336,1.8106,0.4428,-0.0108,0.0018,-9.6888,4.1084,0.9935,0.1995,-0.0049,0.0008,-1.8613,1.2167,-13.0214,0.4428,-0.0108,0.0018,-1.0293,3.8709,-9.7824,0.1995,-0.0049,0.0008,9.6888,15.4924,,,17.9,holding
2026-09-21T13:06:02.417+09:00,TEST_0001_TEST_P01,TEST_P01,SOFT_GRIP_ENTRY,,689.3161010742188,60.470863342285156,486.9515380859375,178.59339904785156,-89.76216125488281,-179.94581604003906,-12.9951,1.5336,1.8106,0.4428,-0.0108,0.0018,-9.6888,4.1084,0.9935,0.1995,-0.0049,0.0008,-1.8613,1.2167,-13.0214,0.4428,-0.0108,0.0018,-1.0293,3.8709,-9.7824,0.1995,-0.0049,0.0008,9.6888,16.0516,,,17.9,holding
2026-09-21T13:06:02.472+09:00,TEST_0001_TEST_P01,TEST_P01,SOFT_GRIP_ENTRY,,689.8467407226562,60.47481155395508,486.90533447265625,178.59400939941406,-89.76565551757812,-179.9468994140625,-15.2927,1.1082,2.7539,0.4466,-0.011,0.0018,-11.9865,3.683,1.9368,0.2032,-0.005,0.0009,-2.8157,0.7352,-15.3039,0.4466,-0.011,0.0018,-1.9837,3.3894,-12.0649,0.2032,-0.005,0.0009,11.9865,16.5823,,,17.9,holding
2026-09-21T13:06:02.528+09:00,TEST_0001_TEST_P01,TEST_P01,SOFT_GRIP_ENTRY,,690.3856811523438,60.50001907348633,486.84490966796875,178.59645080566406,-89.770751953125,-179.94447326660156,-15.2927,1.1082,2.7539,0.4466,-0.011,0.0018,-11.9865,3.683,1.9368,0.2032,-0.005,0.0009,-2.8157,0.7352,-15.3039,0.4466,-0.011,0.0018,-1.9837,3.3894,-12.0649,0.2032,-0.005,0.0009,11.9865,17.1212,,,17.9,holding
2026-09-21T13:06:02.583+09:00,TEST_0001_TEST_P01,TEST_P01,SOFT_GRIP_ENTRY,,690.9505004882812,60.520263671875,486.818359375,178.5979461669922,-89.77308654785156,-179.94505310058594,-18.2295,0.628,2.8966,0.4426,-0.0109,0.0018,-14.9232,3.2028,2.0796,0.1993,-0.0049,0.0009,-2.9702,0.1845,-18.2275,0.4426,-0.0109,0.0018,-2.1382,2.8387,-14.9885,0.1993,-0.0049,0.0009,14.9232,17.686,,,17.9,holding
2026-09-21T13:06:02.638+09:00,TEST_0001_TEST_P01,TEST_P01,SOFT_GRIP_ENTRY,,691.5003051757812,60.537384033203125,486.827392578125,178.59950256347656,-89.77236938476562,-179.94813537597656,-18.2295,0.628,2.8966,0.4426,-0.0109,0.0018,-14.9232,3.2028,2.0796,0.1993,-0.0049,0.0009,-2.9702,0.1845,-18.2275,0.4426,-0.0109,0.0018,-2.1382,2.8387,-14.9885,0.1993,-0.0049,0.0009,14.9232,18.2358,,,17.9,holding
2026-09-21T13:06:02.693+09:00,TEST_0001_TEST_P01,TEST_P01,SOFT_GRIP_ENTRY,,692.0701904296875,60.53218460083008,486.7347412109375,178.59886169433594,-89.77991485595703,-179.94534301757812,-19.6202,2.0333,2.1698,0.443,-0.0108,0.0018,-16.314,4.6081,1.3527,0.1996,-0.0049,0.0008,-2.2454,1.5551,-19.6554,0.443,-0.0108,0.0018,-1.4134,4.2094,-16.4164,0.1996,-0.0049,0.0008,16.314,18.8057,,,17.9,holding
2026-09-21T13:06:02.749+09:00,TEST_0001_TEST_P01,TEST_P01,SOFT_GRIP_ENTRY,,692.6350708007812,60.53604507446289,486.6458740234375,178.59877014160156,-89.78706359863281,-179.94354248046875,-19.6202,2.0333,2.1698,0.443,-0.0108,0.0018,-16.314,4.6081,1.3527,0.1996,-0.0049,0.0008,-2.2454,1.5551,-19.6554,0.443,-0.0108,0.0018,-1.4134,4.2094,-16.4164,0.1996,-0.0049,0.0008,16.314,19.3706,,,17.9,holding
2026-09-21T13:06:02.805+09:00,TEST_0001_TEST_P01,TEST_P01,SOFT_GRIP_ENTRY,,693.2024536132812,60.54923629760742,486.7060852050781,178.59959411621094,-89.7822265625,-179.9444580078125,-19.6692,3.6105,1.3949,0.4346,-0.0106,0.0017,-16.3629,6.1853,0.5779,0.1912,-0.0047,0.0007,-1.4653,3.1299,-19.7463,0.4346,-0.0106,0.0017,-0.6332,5.7841,-16.5073,0.1912,-0.0047,0.0007,16.3629,19.938,,,17.9,holding
2026-09-21T13:06:02.860+09:00,TEST_0001_TEST_P01,TEST_P01,SOFT_GRIP_ENTRY,,693.7589111328125,60.56895446777344,486.7140197753906,178.6011505126953,-89.78125,-179.94754028320312,-19.0074,3.9584,0.9849,0.4272,-0.0104,0.0016,-15.7011,6.5332,0.1678,0.1839,-0.0045,0.0007,-1.0551,3.4941,-19.0944,0.4272,-0.0104,0.0016,-0.2231,6.1483,-15.8554,0.1839,-0.0045,0.0007,15.7011,20.4944,,,17.9,holding
2026-09-21T13:06:02.916+09:00,TEST_0001_TEST_P01,TEST_P01,SOFT_GRIP_ENTRY,,694.3310546875,60.57907485961914,486.59210205078125,178.6018524169922,-89.7911605834961,-179.94708251953125,-19.0074,3.9584,0.9849,0.4272,-0.0104,0.0016,-15.7011,6.5332,0.1678,0.1839,-0.0045,0.0007,-1.0551,3.4941,-19.0944,0.4272,-0.0104,0.0016,-0.2231,6.1483,-15.8554,0.1839,-0.0045,0.0007,15.7011,21.0666,,,17.9,holding
2026-09-21T13:06:02.972+09:00,TEST_0001_TEST_P01,TEST_P01,SOFT_GRIP_ENTRY,,694.8976440429688,60.56536102294922,486.5685119628906,178.60064697265625,-89.79316711425781,-179.94590759277344,-18.9277,4.2633,0.941,0.4218,-0.0103,0.0015,-15.6215,6.8381,0.1239,0.1784,-0.0043,0.0006,-1.0054,3.801,-19.0227,0.4218,-0.0103,0.0015,-0.1734,6.4552,-15.7836,0.1784,-0.0043,0.0006,15.6215,21.6332,,,17.9,holding
2026-09-21T13:06:03.029+09:00,TEST_0001_TEST_P01,TEST_P01,SOFT_GRIP_ENTRY,,695.4796752929688,60.54279708862305,486.6020202636719,178.5985107421875,-89.79031372070312,-179.9479522705078,-18.9277,4.2633,0.941,0.4218,-0.0103,0.0015,-15.6215,6.8381,0.1239,0.1784,-0.0043,0.0006,-1.0054,3.801,-19.0227,0.4218,-0.0103,0.0015,-0.1734,6.4552,-15.7836,0.1784,-0.0043,0.0006,15.6215,22.2152,,,17.9,holding
2026-09-21T13:06:03.085+09:00,TEST_0001_TEST_P01,TEST_P01,SOFT_GRIP_ENTRY,,696.0413208007812,60.54714584350586,486.65032958984375,178.59878540039062,-89.78609466552734,-179.95079040527344,-19.2849,4.7527,1.0353,0.4243,-0.0104,0.0016,-15.9787,7.3275,0.2183,0.181,-0.0044,0.0006,-1.1042,4.2804,-19.3914,0.4243,-0.0104,0.0016,-0.2721,6.9347,-16.1524,0.181,-0.0044,0.0006,15.9787,22.7769,,,17.9,holding
2026-09-21T13:06:03.140+09:00,TEST_0001_TEST_P01,TEST_P01,SOFT_GRIP_ENTRY,,696.5850830078125,60.57106399536133,486.6679382324219,178.6006622314453,-89.7845230102539,-179.94720458984375,-19.2849,4.7527,1.0353,0.4243,-0.0104,0.0016,-15.9787,7.3275,0.2183,0.181,-0.0044,0.0006,-1.1042,4.2804,-19.3914,0.4243,-0.0104,0.0016,-0.2721,6.9347,-16.1524,0.181,-0.0044,0.0006,15.9787,23.3206,,,17.9,holding
2026-09-21T13:06:03.196+09:00,TEST_0001_TEST_P01,TEST_P01,SOFT_GRIP_ENTRY,,697.1159057617188,60.58530044555664,486.67529296875,178.6017303466797,-89.78389739990234,-179.94308471679688,-20.4193,4.7648,1.3483,0.4324,-0.0106,0.0016,-17.1131,7.3396,0.5313,0.189,-0.0046,0.0007,-1.4211,4.2661,-20.5244,0.4324,-0.0106,0.0016,-0.589,6.9203,-17.2854,0.189,-0.0046,0.0007,17.1131,23.8514,,,17.9,holding
2026-09-21T13:06:03.252+09:00,TEST_0001_TEST_P01,TEST_P01,SOFT_GRIP_ENTRY,,697.5867919921875,60.57783508300781,486.71722412109375,178.601318359375,-89.78038024902344,-179.9429473876953,-20.4193,4.7648,1.3483,0.4324,-0.0106,0.0016,-17.1131,7.3396,0.5313,0.189,-0.0046,0.0007,-1.9339,4.0813,-21.1907,0.4437,-0.0108,0.0017,-1.1019,6.7356,-17.9517,0.2004,-0.0049,0.0008,17.1131,24.3223,,,17.9,holding
2026-09-21T13:06:04.309+09:00,TEST_0001_TEST_P01,TEST_P01,SOFT_GRIP_ENTRY,SOFT_GRIP_STABILIZATION_END,698.3442993164062,60.39696502685547,486.6221008300781,178.58644104003906,-89.78458404541016,-179.9407501220703,-8.1255,-1.4605,0.7984,0.5108,-0.0126,0.0019,0.0,0.0,0.0,0.0,0.0,0.0,-0.8305,-1.6599,-8.0839,0.5108,-0.0126,0.0019,0.0,0.0,0.0,0.0,0.0,0.0,,,,,17.9,holding
2026-09-21T13:06:04.367+09:00,TEST_0001_TEST_P01,TEST_P01,HARD_GRIP,HARD_GRIP_COMMAND,698.3411865234375,60.41215515136719,486.62554931640625,178.58770751953125,-89.7843246459961,-179.94085693359375,-7.8842,-1.1742,0.6146,0.5343,-0.0132,0.002,0.0,0.0,0.0,0.0,0.0,0.0,-0.6456,-1.3675,-7.8505,0.5343,-0.0132,0.002,0.0,0.0,0.0,0.0,0.0,0.0,,,,,17.9,holding
2026-09-21T13:06:05.371+09:00,TEST_0001_TEST_P01,TEST_P01,HARD_GRIP,HARD_GRIP_STABILIZATION_END,698.275146484375,60.519859313964844,486.7283020019531,178.59713745117188,-89.77603149414062,-179.94281005859375,-4.215,-0.5538,-0.5459,0.6022,-0.0148,0.0023,0.0,0.0,0.0,0.0,0.0,0.0,0.5288,-0.6573,-4.2023,0.6022,-0.0148,0.0023,0.0,0.0,0.0,0.0,0.0,0.0,,,,,17.4,moving
2026-09-21T13:06:05.407+09:00,TEST_0001_TEST_P01,TEST_P01,PULL_TEST,,698.2737426757812,60.52206039428711,486.730712890625,178.5973358154297,-89.77583312988281,-179.94277954101562,-4.215,-0.5538,-0.5459,0.6022,-0.0148,0.0023,0.0,0.0,0.0,0.0,0.0,0.0,0.5288,-0.6573,-4.2023,0.6022,-0.0148,0.0023,0.0,0.0,0.0,0.0,0.0,0.0,,,0.0,0.0014,17.4,moving
2026-09-21T13:06:05.463+09:00,TEST_0001_TEST_P01,TEST_P01,PULL_TEST,,698.263671875,60.52156066894531,486.7458190917969,178.59742736816406,-89.77462768554688,-179.94268798828125,-4.9109,-0.4441,-0.7353,0.6008,-0.0147,0.0024,-0.6959,0.1097,-0.1894,-0.0014,0.0,0.0,0.7155,-0.5648,-4.9014,0.6008,-0.0147,0.0024,0.1867,0.0925,-0.6991,-0.0014,0.0,0.0,,,0.6959,0.0115,17.4,moving
2026-09-21T13:06:05.518+09:00,TEST_0001_TEST_P01,TEST_P01,PULL_TEST,,698.203857421875,60.52341079711914,486.823974609375,178.59828186035156,-89.76841735839844,-179.9410400390625,-4.9109,-0.4441,-0.7353,0.6008,-0.0147,0.0024,-0.6959,0.1097,-0.1894,-0.0014,0.0,0.0,0.7155,-0.5648,-4.9014,0.6008,-0.0147,0.0024,0.1867,0.0925,-0.6991,-0.0014,0.0,0.0,,,0.6959,0.0713,17.4,moving
2026-09-21T13:06:05.575+09:00,TEST_0001_TEST_P01,TEST_P01,PULL_TEST,,698.0014038085938,60.528751373291016,486.8938903808594,178.59951782226562,-89.76304626464844,-179.93484497070312,-4.7802,-0.5327,-1.2664,0.5927,-0.0145,0.0024,-0.5652,0.021,-0.7205,-0.0095,0.0003,0.0,1.2462,-0.6508,-4.7709,0.5927,-0.0145,0.0024,0.7174,0.0065,-0.5686,-0.0095,0.0003,0.0,,,0.5652,0.2737,17.4,moving
2026-09-21T13:06:05.630+09:00,TEST_0001_TEST_P01,TEST_P01,PULL_TEST,,697.6656494140625,60.532936096191406,486.99603271484375,178.59939575195312,-89.75363159179688,-179.93280029296875,-4.7802,-0.5327,-1.2664,0.5927,-0.0145,0.0024,-0.5652,0.021,-0.7205,-0.0095,0.0003,0.0,1.2462,-0.6508,-4.7709,0.5927,-0.0145,0.0024,0.7174,0.0065,-0.5686,-0.0095,0.0003,0.0,,,0.5652,0.6095,17.4,moving
2026-09-21T13:06:05.685+09:00,TEST_0001_TEST_P01,TEST_P01,PULL_TEST,,697.1890258789062,60.525508880615234,486.98419189453125,178.59909057617188,-89.75379180908203,-179.93296813964844,-4.5358,-0.3719,-1.9507,0.606,-0.0148,0.0026,-0.3207,0.1818,-1.4048,0.0038,-0.0001,0.0002,1.9304,-0.485,-4.5338,0.606,-0.0148,0.0026,1.4016,0.1724,-0.3314,0.0038,-0.0001,0.0002,,,0.3207,1.0861,17.4,moving
2026-09-21T13:06:05.742+09:00,TEST_0001_TEST_P01,TEST_P01,PULL_TEST,,696.6287231445312,60.51740646362305,486.9191589355469,178.59857177734375,-89.7582778930664,-179.93304443359375,-4.5358,-0.3719,-1.9507,0.606,-0.0148,0.0026,-0.3207,0.1818,-1.4048,0.0038,-0.0001,0.0002,1.9304,-0.485,-4.5338,0.606,-0.0148,0.0026,1.4016,0.1724,-0.3314,0.0038,-0.0001,0.0002,,,0.3207,1.6464,17.4,moving
2026-09-21T13:06:05.798+09:00,TEST_0001_TEST_P01,TEST_P01,PULL_TEST,,696.0794677734375,60.487342834472656,486.8887023925781,178.5958709716797,-89.75991821289062,-179.935546875,-4.6125,-0.1842,-1.9986,0.6686,-0.0164,0.0028,-0.3974,0.3695,-1.4527,0.0663,-0.0016,0.0005,1.9791,-0.2993,-4.6149,0.6686,-0.0164,0.0028,1.4503,0.358,-0.4125,0.0663,-0.0016,0.0005,,,0.3974,2.1957,17.4,moving
2026-09-21T13:06:05.853+09:00,TEST_0001_TEST_P01,TEST_P01,PULL_TEST,,695.5090942382812,60.45621871948242,486.9043884277344,178.59332275390625,-89.75821685791016,-179.93923950195312,-4.642,0.0435,-1.622,0.7506,-0.0184,0.0031,-0.427,0.5973,-1.0761,0.1484,-0.0036,0.0008,1.6023,-0.0722,-4.6485,0.7506,-0.0184,0.0031,1.0735,0.5852,-0.4462,0.1484,-0.0036,0.0008,,,0.427,2.7661,17.4,moving
2026-09-21T13:06:05.910+09:00,TEST_0001_TEST_P01,TEST_P01,PULL_TEST,,694.9444580078125,60.43468475341797,486.8444519042969,178.5914306640625,-89.76295471191406,-179.9395751953125,-4.642,0.0435,-1.622,0.7506,-0.0184,0.0031,-0.427,0.5973,-1.0761,0.1484,-0.0036,0.0008,1.6023,-0.0722,-4.6485,0.7506,-0.0184,0.0031,1.0735,0.5852,-0.4462,0.1484,-0.0036,0.0008,,,0.427,3.3307,17.4,moving
2026-09-21T13:06:05.967+09:00,TEST_0001_TEST_P01,TEST_P01,PULL_TEST,,694.3699951171875,60.44080352783203,486.7724609375,178.59185791015625,-89.76870727539062,-179.9368438720703,-3.3061,0.2405,-1.4533,0.8051,-0.0198,0.0033,0.909,0.7943,-0.9074,0.2028,-0.005,0.001,1.44,0.1576,-3.3169,0.8051,-0.0198,0.0033,0.9112,0.8149,0.8855,0.2028,-0.005,0.001,,,0.909,3.9052,17.4,moving
2026-09-21T13:06:06.023+09:00,TEST_0001_TEST_P01,TEST_P01,PULL_TEST,,693.7896118164062,60.466766357421875,486.7517395019531,178.5944061279297,-89.77025604248047,-179.93678283691406,-3.3061,0.2405,-1.4533,0.8051,-0.0198,0.0033,0.909,0.7943,-0.9074,0.2028,-0.005,0.001,1.44,0.1576,-3.3169,0.8051,-0.0198,0.0033,0.9112,0.8149,0.8855,0.2028,-0.005,0.001,,,0.909,4.4855,17.4,moving
2026-09-21T13:06:06.078+09:00,TEST_0001_TEST_P01,TEST_P01,PULL_TEST,,693.232421875,60.48227310180664,486.81939697265625,178.59584045410156,-89.7650146484375,-179.9385223388672,-2.8929,0.2356,-1.4744,0.83,-0.0204,0.0034,1.3222,0.7894,-0.9285,0.2278,-0.0056,0.001,1.4628,0.1631,-2.9038,0.83,-0.0204,0.0034,0.9339,0.8204,1.2985,0.2278,-0.0056,0.001,,,1.3222,5.0427,17.4,moving
2026-09-21T13:06:06.135+09:00,TEST_0001_TEST_P01,TEST_P01,PULL_TEST,,692.6824951171875,60.466121673583984,486.75225830078125,178.5944061279297,-89.77064514160156,-179.9402313232422,-2.8929,0.2356,-1.4744,0.83,-0.0204,0.0034,1.3222,0.7894,-0.9285,0.2278,-0.0056,0.001,1.4628,0.1631,-2.9038,0.83,-0.0204,0.0034,0.9339,0.8204,1.2985,0.2278,-0.0056,0.001,,,1.3222,5.5927,17.4,moving
2026-09-21T13:06:06.191+09:00,TEST_0001_TEST_P01,TEST_P01,PULL_TEST,,692.12548828125,60.442508697509766,486.65435791015625,178.59249877929688,-89.77861022949219,-179.940673828125,-1.73,0.5026,-1.9466,0.8458,-0.0208,0.0034,2.485,1.0563,-1.4007,0.2436,-0.006,0.0011,1.9402,0.458,-1.7495,0.8458,-0.0208,0.0034,1.4114,1.1153,2.4528,0.2436,-0.006,0.0011,,,2.485,6.1497,17.4,moving
2026-09-21T13:06:06.247+09:00,TEST_0001_TEST_P01,TEST_P01,PULL_TEST,,691.5458984375,60.434566497802734,486.67510986328125,178.59213256835938,-89.77656555175781,-179.94125366210938,-1.73,0.5026,-1.9466,0.8458,-0.0208,0.0034,2.485,1.0563,-1.4007,0.2436,-0.006,0.0011,1.9402,0.458,-1.7495,0.8458,-0.0208,0.0034,1.4114,1.1153,2.4528,0.2436,-0.006,0.0011,,,2.485,6.7292,17.4,moving
2026-09-21T13:06:06.304+09:00,TEST_0001_TEST_P01,TEST_P01,PULL_TEST,,690.9706420898438,60.444820404052734,486.6894226074219,178.59262084960938,-89.77517700195312,-179.9445343017578,-0.8152,0.3195,-1.7903,0.8623,-0.0212,0.0034,3.3999,0.8732,-1.2444,0.2601,-0.0064,0.001,1.7873,0.2975,-0.8298,0.8623,-0.0212,0.0034,1.2585,0.9548,3.3725,0.2601,-0.0064,0.001,,,3.3999,7.3045,17.4,moving
2026-09-21T13:06:06.359+09:00,TEST_0001_TEST_P01,TEST_P01,PULL_TEST,,690.4114379882812,60.464237213134766,486.7091064453125,178.5940399169922,-89.77340698242188,-179.94439697265625,0.1214,-0.483,-1.3838,0.8819,-0.0217,0.0035,4.3365,0.0708,-0.8379,0.2797,-0.0069,0.0011,1.3838,-0.4812,0.1277,0.8819,-0.0217,0.0035,0.855,0.1761,4.3301,0.2797,-0.0069,0.0011,,,4.3365,7.8637,17.4,moving
2026-09-21T13:06:06.417+09:00,TEST_0001_TEST_P01,TEST_P01,PULL_TEST,,689.813720703125,60.45977783203125,486.6973876953125,178.59388732910156,-89.77409362792969,-179.94110107421875,0.1214,-0.483,-1.3838,0.8819,-0.0217,0.0035,4.3365,0.0708,-0.8379,0.2797,-0.0069,0.0011,1.3838,-0.4812,0.1277,0.8819,-0.0217,0.0035,0.855,0.1761,4.3301,0.2797,-0.0069,0.0011,,,4.3365,8.4614,17.4,moving
2026-09-21T13:06:06.473+09:00,TEST_0001_TEST_P01,TEST_P01,PULL_TEST,,689.2555541992188,60.43959426879883,486.7349548339844,178.59217834472656,-89.77091979980469,-179.94122314453125,-0.1745,-0.9545,-1.0544,0.8908,-0.0219,0.0035,4.0405,-0.4008,-0.5085,0.2886,-0.0071,0.0012,1.0528,-0.9596,-0.1552,0.8908,-0.0219,0.0035,0.524,-0.3023,4.0471,0.2886,-0.0071,0.0012,,,4.0405,9.0196,17.4,moving
2026-09-21T13:06:06.530+09:00,TEST_0001_TEST_P01,TEST_P01,PULL_TEST,,688.702880859375,60.42185974121094,486.6983947753906,178.59043884277344,-89.77395629882812,-179.94436645507812,-0.1745,-0.9545,-1.0544,0.8908,-0.0219,0.0035,4.0405,-0.4008,-0.5085,0.2886,-0.0071,0.0012,1.0528,-0.9596,-0.1552,0.8908,-0.0219,0.0035,0.524,-0.3023,4.0471,0.2886,-0.0071,0.0012,,,4.0405,9.5723,17.4,moving
2026-09-21T13:06:06.585+09:00,TEST_0001_TEST_P01,TEST_P01,PULL_TEST,,688.1381225585938,60.42735290527344,486.6942443847656,178.59115600585938,-89.77434539794922,-179.9423065185547,-0.3085,-1.2823,-1.1147,0.9001,-0.0221,0.0036,3.9066,-0.7285,-0.5688,0.2979,-0.0074,0.0012,1.1123,-1.2906,-0.2812,0.9001,-0.0221,0.0036,0.5835,-0.6332,3.9211,0.2979,-0.0074,0.0012,,,3.9066,10.137,17.4,moving
2026-09-21T13:06:06.641+09:00,TEST_0001_TEST_P01,TEST_P01,PULL_TEST,,687.5817260742188,60.458229064941406,486.71490478515625,178.59388732910156,-89.77250671386719,-179.94027709960938,-0.3085,-1.2823,-1.1147,0.9001,-0.0221,0.0036,3.9066,-0.7285,-0.5688,0.2979,-0.0074,0.0012,1.1123,-1.2906,-0.2812,0.9001,-0.0221,0.0036,0.5835,-0.6332,3.9211,0.2979,-0.0074,0.0012,,,3.9066,10.6934,17.4,moving
2026-09-21T13:06:06.698+09:00,TEST_0001_TEST_P01,TEST_P01,PULL_TEST,,687.0411987304688,60.48722839355469,486.670166015625,178.59609985351562,-89.77628326416016,-179.9427490234375,-0.6074,-1.6256,-1.0539,0.9015,-0.0221,0.0036,3.6077,-1.0718,-0.508,0.2992,-0.0074,0.0012,1.0499,-1.6411,-0.5715,0.9015,-0.0221,0.0036,0.5211,-0.9837,3.6308,0.2992,-0.0074,0.0012,,,3.6077,11.2339,17.4,moving
2026-09-21T13:06:06.756+09:00,TEST_0001_TEST_P01,TEST_P01,PULL_TEST,,686.439697265625,60.48405075073242,486.6503601074219,178.5962677001953,-89.77820587158203,-179.94187927246094,-0.6783,-1.4905,-1.0692,0.9107,-0.0223,0.0035,3.5368,-0.9368,-0.5233,0.3085,-0.0076,0.0012,1.0652,-1.5078,-0.6457,0.9107,-0.0223,0.0035,0.5364,-0.8505,3.5567,0.3085,-0.0076,0.0012,,,3.5368,11.8354,17.4,moving
2026-09-21T13:06:06.811+09:00,TEST_0001_TEST_P01,TEST_P01,PULL_TEST,,685.8711547851562,60.48192596435547,486.6005859375,178.59645080566406,-89.7820816040039,-179.9401092529297,-0.6783,-1.4905,-1.0692,0.9107,-0.0223,0.0035,3.5368,-0.9368,-0.5233,0.3085,-0.0076,0.0012,1.0652,-1.5078,-0.6457,0.9107,-0.0223,0.0035,0.5364,-0.8505,3.5567,0.3085,-0.0076,0.0012,,,3.5368,12.404,17.4,moving
2026-09-21T13:06:06.867+09:00,TEST_0001_TEST_P01,TEST_P01,PULL_TEST,,685.3052368164062,60.49485778808594,486.597412109375,178.59768676757812,-89.78228759765625,-179.9415740966797,-0.3141,-1.3357,-1.5922,0.9037,-0.0221,0.0035,3.9009,-0.782,-1.0463,0.3015,-0.0074,0.0011,1.5897,-1.3447,-0.2874,0.9037,-0.0221,0.0035,1.0608,-0.6874,3.9149,0.3015,-0.0074,0.0011,,,3.9009,12.9699,17.4,moving
2026-09-21T13:06:06.923+09:00,TEST_0001_TEST_P01,TEST_P01,PULL_TEST,,684.7595825195312,60.51901626586914,486.6905822753906,178.59909057617188,-89.77462005615234,-179.9441680908203,-0.3141,-1.3357,-1.5922,0.9037,-0.0221,0.0035,3.9009,-0.782,-1.0463,0.3015,-0.0074,0.0011,1.5897,-1.3447,-0.2874,0.9037,-0.0221,0.0035,1.0608,-0.6874,3.9149,0.3015,-0.0074,0.0011,,,3.9009,13.5156,17.4,moving
2026-09-21T13:06:06.980+09:00,TEST_0001_TEST_P01,TEST_P01,PULL_TEST,,684.1810913085938,60.53496170043945,486.6829833984375,178.60067749023438,-89.77509307861328,-179.9452667236328,-0.2603,-1.4163,-1.6904,0.9062,-0.0222,0.0035,3.9547,-0.8625,-1.1445,0.304,-0.0074,0.0012,1.6881,-1.4238,-0.2324,0.9062,-0.0222,0.0035,1.1593,-0.7665,3.9699,0.304,-0.0074,0.0012,,,3.9547,14.0941,17.4,moving
2026-09-21T13:06:07.035+09:00,TEST_0001_TEST_P01,TEST_P01,PULL_TEST,,683.6107177734375,60.51920700073242,486.6481018066406,178.5995330810547,-89.77767944335938,-179.94561767578125,-0.2603,-1.4163,-1.6904,0.9062,-0.0222,0.0035,3.9547,-0.8625,-1.1445,0.304,-0.0074,0.0012,1.6881,-1.4238,-0.2324,0.9062,-0.0222,0.0035,1.1593,-0.7665,3.9699,0.304,-0.0074,0.0012,,,3.9547,14.6644,17.4,moving
2026-09-21T13:06:07.090+09:00,TEST_0001_TEST_P01,TEST_P01,PULL_TEST,,683.0704345703125,60.493629455566406,486.70013427734375,178.59719848632812,-89.77350616455078,-179.94717407226562,-0.1665,-1.096,-1.804,0.9042,-0.0221,0.0035,4.0485,-0.5422,-1.2581,0.3019,-0.0073,0.0012,1.8024,-1.1014,-0.1467,0.9042,-0.0221,0.0035,1.2735,-0.4441,4.0556,0.3019,-0.0073,0.0012,,,4.0485,15.2047,17.4,moving
2026-09-21T13:06:07.145+09:00,TEST_0001_TEST_P01,TEST_P01,PULL_TEST,,682.5126953125,60.476985931396484,486.7710266113281,178.59603881835938,-89.7675552368164,-179.9430389404297,-0.1665,-1.096,-1.804,0.9042,-0.0221,0.0035,4.0485,-0.5422,-1.2581,0.3019,-0.0073,0.0012,1.8024,-1.1014,-0.1467,0.9042,-0.0221,0.0035,1.2735,-0.4441,4.0556,0.3019,-0.0073,0.0012,,,4.0485,15.7625,17.4,moving
2026-09-21T13:06:07.200+09:00,TEST_0001_TEST_P01,TEST_P01,PULL_TEST,,681.9395141601562,60.476417541503906,486.7633361816406,178.5962371826172,-89.76788330078125,-179.93801879882812,0.017,-1.0775,-1.9281,0.9035,-0.0221,0.0036,4.2321,-0.5238,-1.3822,0.3013,-0.0074,0.0012,1.9271,-1.0787,0.0356,0.9035,-0.0221,0.0036,1.3983,-0.4214,4.2379,0.3013,-0.0074,0.0012,,,4.2321,16.3356,17.4,moving
2026-09-21T13:06:07.256+09:00,TEST_0001_TEST_P01,TEST_P01,PULL_TEST,,681.3862915039062,60.49515151977539,486.7052001953125,178.5977020263672,-89.7729721069336,-179.94125366210938,-0.8337,-1.2619,-1.5594,0.903,-0.0221,0.0036,3.3813,-0.7081,-1.0135,0.3008,-0.0074,0.0013,1.5549,-1.2835,-0.8088,0.903,-0.0221,0.0036,1.0261,-0.6262,3.3935,0.3008,-0.0074,0.0013,,,3.3813,16.8889,17.4,moving
2026-09-21T13:06:07.311+09:00,TEST_0001_TEST_P01,TEST_P01,PULL_TEST,,680.856689453125,60.482730865478516,486.6637268066406,178.59666442871094,-89.77643585205078,-179.94384765625,-0.8337,-1.2619,-1.5594,0.903,-0.0221,0.0036,3.3813,-0.7081,-1.0135,0.3008,-0.0074,0.0013,1.5549,-1.2835,-0.8088,0.903,-0.0221,0.0036,1.0261,-0.6262,3.3935,0.3008,-0.0074,0.0013,,,3.3813,17.4185,17.4,moving
2026-09-21T13:06:07.367+09:00,TEST_0001_TEST_P01,TEST_P01,PULL_TEST,,680.3139038085938,60.45765686035156,486.76763916015625,178.59474182128906,-89.76798248291016,-179.939697265625,-0.3479,-1.1868,-1.585,0.9068,-0.0222,0.0036,3.8672,-0.633,-1.0391,0.3046,-0.0075,0.0012,1.5825,-1.1965,-0.325,0.9068,-0.0222,0.0036,1.0537,-0.5392,3.8773,0.3046,-0.0075,0.0012,,,3.8672,17.9612,17.4,moving
2026-09-21T13:06:07.422+09:00,TEST_0001_TEST_P01,TEST_P01,PULL_TEST,,679.7801513671875,60.43307113647461,486.73223876953125,178.59243774414062,-89.77101135253906,-179.94161987304688,-0.3479,-1.1868,-1.585,0.9068,-0.0222,0.0036,3.8672,-0.633,-1.0391,0.3046,-0.0075,0.0012,1.5825,-1.1965,-0.325,0.9068,-0.0222,0.0036,1.0537,-0.5392,3.8773,0.3046,-0.0075,0.0012,,,3.8672,18.495,17.4,moving
2026-09-21T13:06:07.479+09:00,TEST_0001_TEST_P01,TEST_P01,PULL_TEST,,679.2120361328125,60.42501449584961,486.65374755859375,178.5918731689453,-89.77747344970703,-179.94383239746094,0.7845,-0.8207,-1.3819,0.9158,-0.0225,0.0037,4.9995,-0.267,-0.836,0.3136,-0.0077,0.0013,1.3843,-0.8026,0.7989,0.9158,-0.0225,0.0037,0.8555,-0.1453,5.0012,0.3136,-0.0077,0.0013,,,4.9995,19.0631,17.4,moving
2026-09-21T13:06:07.534+09:00,TEST_0001_TEST_P01,TEST_P01,PULL_TEST,,678.659423828125,60.442604064941406,486.66497802734375,178.5933837890625,-89.7763442993164,-179.94081115722656,0.7845,-0.8207,-1.3819,0.9158,-0.0225,0.0037,4.9995,-0.267,-0.836,0.3136,-0.0077,0.0013,1.3843,-0.8026,0.7989,0.9158,-0.0225,0.0037,0.8555,-0.1453,5.0012,0.3136,-0.0077,0.0013,,,4.9995,19.6157,17.4,moving
2026-09-21T13:06:07.590+09:00,TEST_0001_TEST_P01,TEST_P01,PULL_TEST,,678.1171875,60.4669189453125,486.67974853515625,178.59515380859375,-89.77522277832031,-179.9430694580078,1.2391,-0.2647,-1.1236,0.9298,-0.0228,0.0037,5.4542,0.2891,-0.5777,0.3276,-0.0081,0.0013,1.1282,-0.2354,1.2408,0.9298,-0.0228,0.0037,0.5994,0.422,5.4431,0.3276,-0.0081,0.0013,,,5.4542,20.158,17.4,moving
2026-09-21T13:06:07.646+09:00,TEST_0001_TEST_P01,TEST_P01,PULL_TEST,,677.58056640625,60.46919631958008,486.583251953125,178.5949249267578,-89.78296661376953,-179.94766235351562,1.2391,-0.2647,-1.1236,0.9298,-0.0228,0.0037,5.4542,0.2891,-0.5777,0.3276,-0.0081,0.0013,1.1282,-0.2354,1.2408,0.9298,-0.0228,0.0037,0.5994,0.422,5.4431,0.3276,-0.0081,0.0013,,,5.4542,20.6946,17.4,moving
2026-09-21T13:06:07.701+09:00,TEST_0001_TEST_P01,TEST_P01,PULL_TEST,,677.0020141601562,60.44002914428711,486.5600891113281,178.59262084960938,-89.78445434570312,-179.94508361816406,3.1568,0.4839,-1.466,0.9446,-0.0232,0.0036,7.3719,1.0376,-0.9201,0.3424,-0.0084,0.0013,1.4784,0.5598,3.1385,0.9446,-0.0232,0.0036,0.9496,1.2171,7.3408,0.3424,-0.0084,0.0013,,,7.3719,21.2731,17.4,moving
2026-09-21T13:06:07.758+09:00,TEST_0001_TEST_P01,TEST_P01,PULL_TEST,,676.4414672851562,60.42784118652344,486.5784912109375,178.5913543701172,-89.78301239013672,-179.94552612304688,3.8678,0.4019,-1.639,0.9508,-0.0234,0.0036,8.0828,0.9556,-1.0931,0.3486,-0.0086,0.0013,1.6541,0.4953,3.8505,0.9508,-0.0234,0.0036,1.1252,1.1526,8.0528,0.3486,-0.0086,0.0013,,,8.0828,21.8337,17.4,moving
2026-09-21T13:06:07.815+09:00,TEST_0001_TEST_P01,TEST_P01,PULL_TEST,,675.8933715820312,60.44728088378906,486.64141845703125,178.59278869628906,-89.77774810791016,-179.9442596435547,3.8678,0.4019,-1.639,0.9508,-0.0234,0.0036,8.0828,0.9556,-1.0931,0.3486,-0.0086,0.0013,1.6541,0.4953,3.8505,0.9508,-0.0234,0.0036,1.1252,1.1526,8.0528,0.3486,-0.0086,0.0013,,,8.0828,22.3818,17.4,moving
2026-09-21T13:06:07.871+09:00,TEST_0001_TEST_P01,TEST_P01,PULL_TEST,,675.3226318359375,60.465171813964844,486.589111328125,178.5945281982422,-89.78215026855469,-179.93887329101562,4.0299,-0.1711,-1.9896,0.9526,-0.0234,0.0036,8.245,0.3827,-1.4437,0.3504,-0.0086,0.0013,2.0047,-0.0742,4.0253,0.9526,-0.0234,0.0036,1.4759,0.5831,8.2277,0.3504,-0.0086,0.0013,,,8.245,22.9525,17.4,moving
2026-09-21T13:06:07.928+09:00,TEST_0001_TEST_P01,TEST_P01,PULL_TEST,,674.7330322265625,60.45692825317383,486.54254150390625,178.59429931640625,-89.78622436523438,-179.94285583496094,4.0299,-0.1711,-1.9896,0.9526,-0.0234,0.0036,8.245,0.3827,-1.4437,0.3504,-0.0086,0.0013,2.0047,-0.0742,4.0253,0.9526,-0.0234,0.0036,1.4759,0.5831,8.2277,0.3504,-0.0086,0.0013,,,8.245,23.5421,17.4,moving
2026-09-21T13:06:07.984+09:00,TEST_0001_TEST_P01,TEST_P01,PULL_TEST,,674.203369140625,60.43988037109375,486.52740478515625,178.59271240234375,-89.7873306274414,-179.94863891601562,4.5014,0.1033,-2.9262,0.9612,-0.0236,0.0036,8.7164,0.6571,-2.3803,0.359,-0.0088,0.0013,2.9432,0.211,4.4865,0.9612,-0.0236,0.0036,2.4144,0.8683,8.6888,0.359,-0.0088,0.0013,,,8.7164,24.0718,17.4,moving
2026-09-21T13:06:08.040+09:00,TEST_0001_TEST_P01,TEST_P01,PULL_TEST,,673.6356811523438,60.438785552978516,486.5723876953125,178.5926971435547,-89.78369140625,-179.9457244873047,4.5014,0.1033,-2.9262,0.9612,-0.0236,0.0036,8.7164,0.6571,-2.3803,0.359,-0.0088,0.0013,2.9432,0.211,4.4865,0.9612,-0.0236,0.0036,2.4144,0.8683,8.6888,0.359,-0.0088,0.0013,,,8.7164,24.6395,17.4,moving
2026-09-21T13:06:08.097+09:00,TEST_0001_TEST_P01,TEST_P01,PULL_TEST,,673.0508422851562,60.463600158691406,486.558837890625,178.59515380859375,-89.7846450805664,-179.9486846923828,5.3411,0.295,-3.1841,0.9537,-0.0234,0.0036,9.5562,0.8488,-2.6383,0.3514,-0.0087,0.0012,3.2046,0.4231,5.3202,0.9537,-0.0234,0.0036,2.6758,1.0804,9.5226,0.3514,-0.0087,0.0012,,,9.5562,25.2243,17.4,moving
2026-09-21T13:06:08.154+09:00,TEST_0001_TEST_P01,TEST_P01,PULL_TEST,,672.4749755859375,60.49222946166992,486.5024719238281,178.59751892089844,-89.78897094726562,-179.9442596435547,5.1469,0.4824,-3.4166,0.9376,-0.023,0.0035,9.362,1.0361,-2.8707,0.3354,-0.0082,0.0012,3.4361,0.6049,5.121,0.9376,-0.023,0.0035,2.9073,1.2622,9.3233,0.3354,-0.0082,0.0012,,,9.362,25.8002,17.4,moving
2026-09-21T13:06:08.210+09:00,TEST_0001_TEST_P01,TEST_P01,PULL_TEST,,671.9108276367188,60.47615051269531,486.52423095703125,178.59591674804688,-89.78715515136719,-179.94338989257812,5.1469,0.4824,-3.4166,0.9376,-0.023,0.0035,9.362,1.0361,-2.8707,0.3354,-0.0082,0.0012,3.4361,0.6049,5.121,0.9376,-0.023,0.0035,2.9073,1.2622,9.3233,0.3354,-0.0082,0.0012,,,9.362,26.3643,17.4,moving
2026-09-21T13:06:08.267+09:00,TEST_0001_TEST_P01,TEST_P01,PULL_TEST,,671.3284912109375,60.4597053527832,486.6595764160156,178.59510803222656,-89.77613067626953,-179.94505310058594,5.3102,0.5134,-3.8584,0.9298,-0.0228,0.0035,9.5253,1.0672,-3.3125,0.3276,-0.008,0.0012,3.8796,0.6397,5.281,0.9298,-0.0228,0.0035,3.3508,1.297,9.4833,0.3276,-0.008,0.0012,,,9.5253,26.9467,17.4,moving
2026-09-21T13:06:08.323+09:00,TEST_0001_TEST_P01,TEST_P01,PULL_TEST,,670.7691040039062,60.44999694824219,486.597900390625,178.59384155273438,-89.78093719482422,-179.9422149658203,5.3102,0.5134,-3.8584,0.9298,-0.0228,0.0035,9.5253,1.0672,-3.3125,0.3276,-0.008,0.0012,3.8796,0.6397,5.281,0.9298,-0.0228,0.0035,3.3508,1.297,9.4833,0.3276,-0.008,0.0012,,,9.5253,27.506,17.4,moving
2026-09-21T13:06:08.381+09:00,TEST_0001_TEST_P01,TEST_P01,PULL_TEST,,670.2037353515625,60.47014236450195,486.5462951660156,178.5953826904297,-89.7852554321289,-179.9461212158203,5.7351,0.6132,-4.1784,0.9321,-0.0229,0.0036,9.9502,1.1669,-3.6325,0.3299,-0.0081,0.0012,4.2009,0.7495,5.7024,0.9321,-0.0229,0.0036,3.672,1.4069,9.9048,0.3299,-0.0081,0.0012,,,9.9502,28.0714,17.4,moving
2026-09-21T13:06:08.438+09:00,TEST_0001_TEST_P01,TEST_P01,PULL_TEST,,669.6221313476562,60.49710464477539,486.6087951660156,178.59828186035156,-89.78009796142578,-179.94454956054688,5.7351,0.6132,-4.1784,0.9321,-0.0229,0.0036,9.9502,1.1669,-3.6325,0.3299,-0.0081,0.0012,4.2009,0.7495,5.7024,0.9321,-0.0229,0.0036,3.672,1.4069,9.9048,0.3299,-0.0081,0.0012,,,9.9502,28.653,17.4,moving
2026-09-21T13:06:08.493+09:00,TEST_0001_TEST_P01,TEST_P01,PULL_TEST,,669.0759887695312,60.499568939208984,486.6395263671875,178.59835815429688,-89.77787780761719,-179.94284057617188,6.0778,0.4595,-4.4477,0.9324,-0.0228,0.0036,10.2928,1.0132,-3.9018,0.3301,-0.0081,0.0012,4.4715,0.6035,6.0476,0.9324,-0.0228,0.0036,3.9427,1.2609,10.25,0.3301,-0.0081,0.0012,,,10.2928,29.1992,17.4,moving
2026-09-21T13:06:08.550+09:00,TEST_0001_TEST_P01,TEST_P01,PULL_TEST,,668.5242919921875,60.493167877197266,486.59912109375,178.59776306152344,-89.78099822998047,-179.94810485839844,6.0778,0.4595,-4.4477,0.9324,-0.0228,0.0036,10.2928,1.0132,-3.9018,0.3301,-0.0081,0.0012,4.4715,0.6035,6.0476,0.9324,-0.0228,0.0036,3.9427,1.2609,10.25,0.3301,-0.0081,0.0012,,,10.2928,29.7509,17.4,moving
2026-09-21T13:06:08.615+09:00,TEST_0001_TEST_P01,TEST_P01,PULL_TEST,,667.8553466796875,60.50894546508789,486.5692138671875,178.5994110107422,-89.78357696533203,-179.94358825683594,7.3542,0.6083,-4.9769,0.9313,-0.0228,0.0036,11.5693,1.1621,-4.431,0.3291,-0.008,0.0012,5.0057,0.7835,7.3181,0.9313,-0.0228,0.0036,4.4768,1.4409,11.5204,0.3291,-0.008,0.0012,,,11.5693,30.4198,17.4,moving
2026-09-21T13:06:08.671+09:00,TEST_0001_TEST_P01,TEST_P01,PULL_TEST,,667.295166015625,60.53876495361328,486.5634460449219,178.60194396972656,-89.78398132324219,-179.94602966308594,7.4041,0.6,-4.9649,0.9291,-0.0227,0.0035,11.6192,1.1538,-4.4191,0.3268,-0.008,0.0012,4.9938,0.7758,7.3684,0.9291,-0.0227,0.0035,4.4649,1.4331,11.5707,0.3268,-0.008,0.0012,,,11.6192,30.98,17.4,moving
2026-09-21T13:06:08.728+09:00,TEST_0001_TEST_P01,TEST_P01,PULL_TEST,,666.7445678710938,60.5383186340332,486.7155456542969,178.60157775878906,-89.77130126953125,-179.9386444091797,7.4041,0.6,-4.9649,0.9291,-0.0227,0.0035,11.6192,1.1538,-4.4191,0.3268,-0.008,0.0012,4.9938,0.7758,7.3684,0.9291,-0.0227,0.0035,4.4649,1.4331,11.5707,0.3268,-0.008,0.0012,,,11.6192,31.5306,17.4,moving
2026-09-21T13:06:08.783+09:00,TEST_0001_TEST_P01,TEST_P01,PULL_TEST,,666.1641845703125,60.500343322753906,486.7539978027344,178.5982208251953,-89.76782989501953,-179.9369354248047,7.3151,0.1742,-4.9815,0.9262,-0.0226,0.0036,11.5302,0.7279,-4.4356,0.3239,-0.0079,0.0013,5.0108,0.3473,7.2889,0.9262,-0.0226,0.0036,4.482,1.0046,11.4912,0.3239,-0.0079,0.0013,,,11.5302,32.111,17.2,moving
2026-09-21T13:06:08.840+09:00,TEST_0001_TEST_P01,TEST_P01,PULL_TEST,,665.598388671875,60.47726821899414,486.68603515625,178.59629821777344,-89.77287292480469,-179.9450225830078,7.3151,0.1742,-4.9815,0.9262,-0.0226,0.0036,11.5302,0.7279,-4.4356,0.3239,-0.0079,0.0013,5.0108,0.3473,7.2889,0.9262,-0.0226,0.0036,4.482,1.0046,11.4912,0.3239,-0.0079,0.0013,,,11.5302,32.6768,17.2,moving
2026-09-21T13:06:08.896+09:00,TEST_0001_TEST_P01,TEST_P01,PULL_TEST,,665.056396484375,60.477996826171875,486.6556091308594,178.5961456298828,-89.77561950683594,-179.9449005126953,7.4424,-0.0407,-4.4165,0.9269,-0.0227,0.0037,11.6574,0.5131,-3.8706,0.3246,-0.0079,0.0013,4.446,0.1375,7.4236,0.9269,-0.0227,0.0037,3.9172,0.7948,11.626,0.3246,-0.0079,0.0013,,,11.6574,33.2188,17.2,moving
2026-09-21T13:06:08.952+09:00,TEST_0001_TEST_P01,TEST_P01,PULL_TEST,,664.4903564453125,60.498260498046875,486.7037048339844,178.59803771972656,-89.77153778076172,-179.94737243652344,7.4424,-0.0407,-4.4165,0.9269,-0.0227,0.0037,11.6574,0.5131,-3.8706,0.3246,-0.0079,0.0013,4.446,0.1375,7.4236,0.9269,-0.0227,0.0037,3.9172,0.7948,11.626,0.3246,-0.0079,0.0013,,,11.6574,33.7848,17.2,moving
2026-09-21T13:06:09.007+09:00,TEST_0001_TEST_P01,TEST_P01,PULL_TEST,,663.9153442382812,60.482513427734375,486.6842041015625,178.5967254638672,-89.77308654785156,-179.9389190673828,7.1056,-0.2164,-4.7331,0.9211,-0.0226,0.0036,11.3207,0.3374,-4.1872,0.3189,-0.0078,0.0013,4.7614,-0.0469,7.0899,0.9211,-0.0226,0.0036,4.2325,0.6105,11.2922,0.3189,-0.0078,0.0013,,,11.3207,34.3598,17.2,moving
2026-09-21T13:06:09.064+09:00,TEST_0001_TEST_P01,TEST_P01,PULL_TEST,,663.3439331054688,60.450721740722656,486.6248779296875,178.59422302246094,-89.77810668945312,-179.94192504882812,7.3677,-0.2591,-4.8976,0.9198,-0.0225,0.0036,11.5827,0.2947,-4.3517,0.3175,-0.0078,0.0013,4.9261,-0.0834,7.3527,0.9198,-0.0225,0.0036,4.3973,0.5739,11.5551,0.3175,-0.0078,0.0013,,,11.5827,34.9312,17.2,moving
2026-09-21T13:06:09.121+09:00,TEST_0001_TEST_P01,TEST_P01,PULL_TEST,,662.7824096679688,60.428260803222656,486.62451171875,178.59254455566406,-89.7780532836914,-179.9437255859375,7.3677,-0.2591,-4.8976,0.9198,-0.0225,0.0036,11.5827,0.2947,-4.3517,0.3175,-0.0078,0.0013,4.9261,-0.0834,7.3527,0.9198,-0.0225,0.0036,4.3973,0.5739,11.5551,0.3175,-0.0078,0.0013,,,11.5827,35.4927,17.2,moving
2026-09-21T13:06:09.179+09:00,TEST_0001_TEST_P01,TEST_P01,PULL_TEST,,662.2141723632812,60.4286994934082,486.7352294921875,178.59254455566406,-89.7691879272461,-179.93991088867188,7.2437,-0.2206,-5.1935,0.9201,-0.0226,0.0036,11.4587,0.3331,-4.6476,0.3179,-0.0078,0.0012,5.222,-0.0481,7.2264,0.9201,-0.0226,0.0036,4.6932,0.6092,11.4287,0.3179,-0.0078,0.0012,,,11.4587,36.061,17.2,moving
2026-09-21T13:06:09.234+09:00,TEST_0001_TEST_P01,TEST_P01,PULL_TEST,,661.6510009765625,60.454566955566406,486.6867980957031,178.59521484375,-89.77304077148438,-179.94544982910156,7.2437,-0.2206,-5.1935,0.9201,-0.0226,0.0036,11.4587,0.3331,-4.6476,0.3179,-0.0078,0.0012,5.222,-0.0481,7.2264,0.9201,-0.0226,0.0036,4.6932,0.6092,11.4287,0.3179,-0.0078,0.0012,,,11.4587,36.6241,17.2,moving
2026-09-21T13:06:09.289+09:00,TEST_0001_TEST_P01,TEST_P01,PULL_TEST,,661.096435546875,60.4521369934082,486.63482666015625,178.5950164794922,-89.77751159667969,-179.93971252441406,7.469,-0.0644,-5.3777,0.9273,-0.0228,0.0037,11.6841,0.4894,-4.8318,0.325,-0.008,0.0013,5.4075,0.1132,7.4468,0.9273,-0.0228,0.0037,4.8787,0.7705,11.6492,0.325,-0.008,0.0013,,,11.6841,37.1787,17.2,moving
2026-09-21T13:06:09.345+09:00,TEST_0001_TEST_P01,TEST_P01,PULL_TEST,,660.5406494140625,60.43471908569336,486.71337890625,178.5939483642578,-89.77095794677734,-179.94374084472656,7.469,-0.0644,-5.3777,0.9273,-0.0228,0.0037,11.6841,0.4894,-4.8318,0.325,-0.008,0.0013,5.4075,0.1132,7.4468,0.9273,-0.0228,0.0037,4.8787,0.7705,11.6492,0.325,-0.008,0.0013,,,11.6841,37.7345,17.2,moving
2026-09-21T13:06:09.401+09:00,TEST_0001_TEST_P01,TEST_P01,PULL_TEST,,659.982666015625,60.42205047607422,486.7363586425781,178.5926971435547,-89.76913452148438,-179.9378662109375,7.806,0.1024,-5.65,0.9305,-0.0228,0.0037,12.021,0.6562,-5.1041,0.3282,-0.0081,0.0013,5.6814,0.2884,7.7785,0.9305,-0.0228,0.0037,5.1526,0.9457,11.9808,0.3282,-0.0081,0.0013,,,12.021,38.2925,17.2,moving
2026-09-21T13:06:09.458+09:00,TEST_0001_TEST_P01,TEST_P01,PULL_TEST,,659.4229736328125,60.44062805175781,486.6609191894531,178.59371948242188,-89.77482604980469,-179.9420928955078,8.7703,0.3405,-5.5591,0.9322,-0.0229,0.0037,12.9854,0.8943,-5.0132,0.33,-0.0081,0.0014,5.594,0.55,8.7374,0.9322,-0.0229,0.0037,5.0652,1.2073,12.9397,0.33,-0.0081,0.0014,,,12.9854,38.8522,17.2,holding
2026-09-21T13:06:09.515+09:00,TEST_0001_TEST_P01,TEST_P01,PULL_TEST,,658.760009765625,60.39998245239258,486.9640197753906,178.58995056152344,-89.74800872802734,-179.932861328125,8.7703,0.3405,-5.5591,0.9322,-0.0229,0.0037,12.9854,0.8943,-5.0132,0.33,-0.0081,0.0014,5.594,0.55,8.7374,0.9322,-0.0229,0.0037,5.0652,1.2073,12.9397,0.33,-0.0081,0.0014,,,12.9854,39.5151,17.2,holding
2026-09-21T13:06:09.571+09:00,TEST_0001_TEST_P01,TEST_P01,PULL_TEST,,658.1615600585938,60.3672981262207,487.147705078125,178.58828735351562,-89.73324584960938,-179.9325408935547,0.8297,-1.7924,-0.9109,0.926,-0.0228,0.004,5.0447,-1.2386,-0.365,0.3238,-0.008,0.0017,0.9128,-1.7725,0.8693,0.926,-0.0228,0.004,0.384,-1.1152,5.0716,0.3238,-0.008,0.0017,,,5.0447,40.1136,17.2,holding
2026-09-21T13:06:09.627+09:00,TEST_0001_TEST_P01,TEST_P01,PULL_TEST,,657.6148071289062,60.34758758544922,487.124755859375,178.58670043945312,-89.73523712158203,-179.9368438720703,0.8297,-1.7924,-0.9109,0.926,-0.0228,0.004,5.0447,-1.2386,-0.365,0.3238,-0.008,0.0017,0.9128,-1.7725,0.8693,0.926,-0.0228,0.004,0.384,-1.1152,5.0716,0.3238,-0.008,0.0017,,,5.0447,40.6603,17.2,holding
2026-09-21T13:06:09.683+09:00,TEST_0001_TEST_P01,TEST_P01,PULL_TEST,,657.0775146484375,60.34272766113281,487.1361083984375,178.58621215820312,-89.7345962524414,-179.93788146972656,-0.6551,-2.4669,0.7288,0.9219,-0.0227,0.0042,3.56,-1.9131,1.2747,0.3197,-0.008,0.0019,-0.7344,-2.4814,-0.5906,0.9219,-0.0227,0.0042,-1.2632,-1.8241,3.6118,0.3197,-0.008,0.0019,,,3.56,41.1976,17.2,holding
2026-09-21T13:06:09.739+09:00,TEST_0001_TEST_P01,TEST_P01,PULL_TEST,,656.5343017578125,60.387786865234375,487.033203125,178.5900115966797,-89.74324035644531,-179.9381561279297,-0.6551,-2.4669,0.7288,0.9219,-0.0227,0.0042,3.56,-1.9131,1.2747,0.3197,-0.008,0.0019,-0.7344,-2.4814,-0.5906,0.9219,-0.0227,0.0042,-1.2632,-1.8241,3.6118,0.3197,-0.008,0.0019,,,3.56,41.7408,17.2,holding
2026-09-21T13:06:09.794+09:00,TEST_0001_TEST_P01,TEST_P01,PULL_TEST,,656.0178833007812,60.41939926147461,486.90411376953125,178.59225463867188,-89.75436401367188,-179.93374633789062,-0.303,-2.487,1.0445,0.9297,-0.0229,0.0042,3.9121,-1.9332,1.5904,0.3274,-0.0082,0.0019,-1.0483,-2.4925,-0.2371,0.9297,-0.0229,0.0042,-1.5771,-1.8352,3.9652,0.3274,-0.0082,0.0019,,,3.9121,42.2573,17.2,holding
2026-09-21T13:06:09.849+09:00,TEST_0001_TEST_P01,TEST_P01,PULL_TEST,,655.480712890625,60.41946792602539,486.8778076171875,178.5924072265625,-89.75642395019531,-179.94000244140625,-0.303,-2.487,1.0445,0.9297,-0.0229,0.0042,3.9121,-1.9332,1.5904,0.3274,-0.0082,0.0019,-1.0483,-2.4925,-0.2371,0.9297,-0.0229,0.0042,-1.5771,-1.8352,3.9652,0.3274,-0.0082,0.0019,,,3.9121,42.7944,17.2,holding
2026-09-21T13:06:09.906+09:00,TEST_0001_TEST_P01,TEST_P01,PULL_TEST,,654.9351196289062,60.40638732910156,486.86199951171875,178.5911102294922,-89.75802612304688,-179.93649291992188,-0.3979,-2.4882,1.1742,0.935,-0.023,0.004,3.8172,-1.9344,1.7201,0.3328,-0.0082,0.0017,-1.1783,-2.496,-0.3316,0.935,-0.023,0.004,-1.7071,-1.8386,3.8707,0.3328,-0.0082,0.0017,,,3.8172,43.34,17.2,holding
2026-09-21T13:06:09.962+09:00,TEST_0001_TEST_P01,TEST_P01,PULL_TEST,,654.3856811523438,60.4332160949707,486.7669677734375,178.593505859375,-89.76599884033203,-179.94281005859375,-0.4964,-2.5691,1.0279,0.9337,-0.023,0.0039,3.7186,-2.0154,1.5738,0.3315,-0.0082,0.0016,-1.0322,-2.5795,-0.429,0.9337,-0.023,0.0039,-1.561,-1.9222,3.7733,0.3315,-0.0082,0.0016,,,3.7186,43.8895,17.2,holding
2026-09-21T13:06:10.020+09:00,TEST_0001_TEST_P01,TEST_P01,PULL_TEST,,653.811767578125,60.469566345214844,486.68023681640625,178.59654235839844,-89.7733154296875,-179.93734741210938,-0.4964,-2.5691,1.0279,0.9337,-0.023,0.0039,3.7186,-2.0154,1.5738,0.3315,-0.0082,0.0016,-1.0322,-2.5795,-0.429,0.9337,-0.023,0.0039,-1.561,-1.9222,3.7733,0.3315,-0.0082,0.0016,,,3.7186,44.4634,17.2,holding
2026-09-21T13:06:10.075+09:00,TEST_0001_TEST_P01,TEST_P01,PULL_TEST,,653.2413940429688,60.477359771728516,486.68463134765625,178.5975799560547,-89.77255249023438,-179.9452362060547,-0.2396,-2.5672,0.9958,0.9428,-0.0231,0.0038,3.9755,-2.0135,1.5417,0.3406,-0.0084,0.0014,-0.999,-2.5713,-0.1727,0.9428,-0.0231,0.0038,-1.5279,-1.914,4.0296,0.3406,-0.0084,0.0014,,,3.9755,45.0338,17.2,holding
2026-09-21T13:06:10.131+09:00,TEST_0001_TEST_P01,TEST_P01,PULL_TEST,,652.6976318359375,60.47193145751953,486.8008117675781,178.5964813232422,-89.76322937011719,-179.9373016357422,-0.2396,-2.5672,0.9958,0.9428,-0.0231,0.0038,3.9755,-2.0135,1.5417,0.3406,-0.0084,0.0014,-0.999,-2.5713,-0.1727,0.9428,-0.0231,0.0038,-1.5279,-1.914,4.0296,0.3406,-0.0084,0.0014,,,3.9755,45.5775,17.2,holding
2026-09-21T13:06:10.187+09:00,TEST_0001_TEST_P01,TEST_P01,PULL_TEST,,652.146728515625,60.49559020996094,486.7189025878906,178.5984344482422,-89.76972961425781,-179.94427490234375,-0.5036,-2.548,1.2193,0.9513,-0.0233,0.0039,3.7115,-1.9942,1.7652,0.3491,-0.0086,0.0015,-1.2237,-2.5583,-0.436,0.9513,-0.0233,0.0039,-1.7525,-1.901,3.7663,0.3491,-0.0086,0.0015,,,3.7115,46.1284,17.2,holding
2026-09-21T13:06:10.242+09:00,TEST_0001_TEST_P01,TEST_P01,PULL_TEST,,651.5767211914062,60.52784729003906,486.6573486328125,178.601318359375,-89.77476501464844,-179.9363555908203,-0.5036,-2.548,1.2193,0.9513,-0.0233,0.0039,3.7115,-1.9942,1.7652,0.3491,-0.0086,0.0015,-1.2237,-2.5583,-0.436,0.9513,-0.0233,0.0039,-1.7525,-1.901,3.7663,0.3491,-0.0086,0.0015,,,3.7115,46.6984,17.2,holding
2026-09-21T13:06:10.298+09:00,TEST_0001_TEST_P01,TEST_P01,PULL_TEST,,651.0039672851562,60.530128479003906,486.7139892578125,178.60183715820312,-89.76964569091797,-179.9426727294922,-0.1847,-2.5587,1.0461,0.9511,-0.0233,0.0038,4.0304,-2.0049,1.592,0.3488,-0.0085,0.0014,-1.0494,-2.5613,-0.1181,0.9511,-0.0233,0.0038,-1.5783,-1.9039,4.0843,0.3488,-0.0085,0.0014,,,4.0304,47.2712,17.2,holding
2026-09-21T13:06:10.355+09:00,TEST_0001_TEST_P01,TEST_P01,PULL_TEST,,650.4632568359375,60.50873947143555,486.7201843261719,178.59971618652344,-89.76934051513672,-179.9429931640625,-0.5684,-2.5586,1.0242,0.9624,-0.0235,0.0038,3.6467,-2.0049,1.57,0.3602,-0.0088,0.0015,-1.0287,-2.5707,-0.5016,0.9624,-0.0235,0.0038,-1.5576,-1.9134,3.7008,0.3602,-0.0088,0.0015,,,3.6467,47.8119,17.2,holding
2026-09-21T13:06:10.411+09:00,TEST_0001_TEST_P01,TEST_P01,PULL_TEST,,649.8759765625,60.49782943725586,486.6966247558594,178.599365234375,-89.77118682861328,-179.94554138183594,-0.5684,-2.5586,1.0242,0.9624,-0.0235,0.0038,3.6467,-2.0049,1.57,0.3602,-0.0088,0.0015,-1.0287,-2.5707,-0.5016,0.9624,-0.0235,0.0038,-1.5576,-1.9134,3.7008,0.3602,-0.0088,0.0015,,,3.6467,48.3992,17.2,holding
2026-09-21T13:06:10.470+09:00,TEST_0001_TEST_P01,TEST_P01,PULL_TEST,,649.2880249023438,60.507266998291016,486.70819091796875,178.60035705566406,-89.77022552490234,-179.93626403808594,-0.4277,-2.5685,1.0489,0.9775,-0.0239,0.0039,3.7874,-2.0148,1.5948,0.3753,-0.0091,0.0016,-1.0531,-2.5771,-0.3606,0.9775,-0.0239,0.0039,-1.582,-1.9197,3.8418,0.3753,-0.0091,0.0016,,,3.7874,48.9871,17.2,holding
2026-09-21T13:06:10.527+09:00,TEST_0001_TEST_P01,TEST_P01,PULL_TEST,,648.8385620117188,60.52970886230469,486.675048828125,178.60182189941406,-89.77351379394531,-179.94593811035156,-0.4277,-2.5685,1.0489,0.9775,-0.0239,0.0039,3.7874,-2.0148,1.5948,0.3753,-0.0091,0.0016,-1.0531,-2.5771,-0.3606,0.9775,-0.0239,0.0039,-1.582,-1.9197,3.8418,0.3753,-0.0091,0.0016,,,3.7874,49.4366,17.2,holding
2026-09-21T13:06:39.843+09:00,TEST_0001_TEST_P01,TEST_P01,RELEASE,RETURN_SOFT_GRIP_COMMAND,648.2753295898438,60.51854705810547,486.72662353515625,178.5974578857422,-89.77571868896484,-179.94285583496094,-1.9948,-2.5239,0.9874,0.7511,-0.0184,0.0029,0.0,0.0,0.0,0.0,0.0,0.0,-0.9975,-2.5709,-1.9285,0.7511,-0.0184,0.0029,0.0,0.0,0.0,0.0,0.0,0.0,,,,,17.2,holding
2026-09-21T13:06:40.464+09:00,TEST_0001_TEST_P01,TEST_P01,RELEASE,RETURN_SOFT_GRIP_OPEN_REACHED,648.2753295898438,60.51854705810547,486.72662353515625,178.5974578857422,-89.77571868896484,-179.94285583496094,-2.0523,-2.5271,0.9572,0.7896,-0.0193,0.0031,0.0,0.0,0.0,0.0,0.0,0.0,-0.9675,-2.5756,-1.986,0.7896,-0.0193,0.0031,0.0,0.0,0.0,0.0,0.0,0.0,,,,,21.4,moving
2026-09-21T13:07:22.574+09:00,TEST_0002_TEST_P01,TEST_P01,PREPARE_SOFT_GRIP,INITIAL_SOFT_GRIP_OPEN_COMMAND,553.961669921875,110.79498291015625,464.6837158203125,12.756156921386719,98.0358657836914,-32.24578857421875,-2.889,-3.1872,0.5846,0.7391,0.1673,-0.107,0.0,0.0,0.0,0.0,0.0,0.0,1.245,-2.1357,-3.5686,0.7391,0.1673,-0.107,0.0,0.0,0.0,0.0,0.0,0.0,,,,,22.9,holding
2026-09-21T13:07:22.588+09:00,TEST_0002_TEST_P01,TEST_P01,PREPARE_SOFT_GRIP,INITIAL_SOFT_GRIP_OPEN_REACHED,553.961669921875,110.79498291015625,464.6837158203125,12.756156921386719,98.0358657836914,-32.24578857421875,-2.889,-3.1872,0.5846,0.7391,0.1673,-0.107,0.0,0.0,0.0,0.0,0.0,0.0,1.245,-2.1357,-3.5686,0.7391,0.1673,-0.107,0.0,0.0,0.0,0.0,0.0,0.0,,,,,22.9,holding
2026-09-21T13:07:24.668+09:00,TEST_0002_TEST_P01,TEST_P01,SOFT_GRIP_ENTRY,SOFT_GRIP_COMMAND,673.2550048828125,60.520751953125,486.67047119140625,178.5973663330078,-89.78031158447266,-179.94223022460938,-6.406,-0.5737,0.8963,0.2748,-0.0067,0.0011,0.0,0.0,0.0,0.0,0.0,0.0,-0.9215,-0.7294,-6.3866,0.2748,-0.0067,0.0011,0.0,0.0,0.0,0.0,0.0,0.0,,,,,22.9,holding
2026-09-21T13:07:24.817+09:00,TEST_0002_TEST_P01,TEST_P01,SOFT_GRIP_ENTRY,ENTRY_MOTION_START_WIDTH_REACHED,673.248291015625,60.52031326293945,486.6816711425781,178.5978240966797,-89.77963256835938,-179.94285583496094,-6.1673,-0.5981,0.8064,0.307,-0.0075,0.0012,0.2387,-0.0244,-0.0899,0.0322,-0.0008,0.0001,-0.8308,-0.748,-6.1477,0.307,-0.0075,0.0012,0.0908,-0.0186,0.2389,0.0322,-0.0008,0.0001,,,,,21.3,moving
2026-09-21T13:07:24.849+09:00,TEST_0002_TEST_P01,TEST_P01,SOFT_GRIP_ENTRY,,673.2461547851562,60.51900863647461,486.6853942871094,178.59786987304688,-89.77940368652344,-179.9430694580078,-6.1673,-0.5981,0.8064,0.307,-0.0075,0.0012,0.2387,-0.0244,-0.0899,0.0322,-0.0008,0.0001,-0.8308,-0.748,-6.1477,0.307,-0.0075,0.0012,0.0908,-0.0186,0.2389,0.0322,-0.0008,0.0001,0.2387,-0.0088,,,20.6,moving
2026-09-21T13:07:24.906+09:00,TEST_0002_TEST_P01,TEST_P01,SOFT_GRIP_ENTRY,,673.2429809570312,60.51792907714844,486.6906433105469,178.59811401367188,-89.77911376953125,-179.9436798095703,-5.8551,-0.704,0.5776,0.3538,-0.0087,0.0014,0.5509,-0.1302,-0.3187,0.079,-0.0019,0.0003,-0.6009,-0.8464,-5.8338,0.3538,-0.0087,0.0014,0.3207,-0.117,0.5527,0.079,-0.0019,0.0003,0.5509,-0.012,,,18.6,moving
2026-09-21T13:07:24.962+09:00,TEST_0002_TEST_P01,TEST_P01,SOFT_GRIP_ENTRY,,673.2489624023438,60.51211929321289,486.7049865722656,178.59829711914062,-89.77811431884766,-179.94613647460938,-5.4896,-0.6618,0.4671,0.4164,-0.0102,0.0016,0.9165,-0.088,-0.4292,0.1417,-0.0035,0.0006,-0.4889,-0.7954,-5.4699,0.4164,-0.0102,0.0016,0.4326,-0.0659,0.9167,0.1417,-0.0035,0.0006,0.9165,-0.006,,,17.7,holding
2026-09-21T13:07:25.018+09:00,TEST_0002_TEST_P01,TEST_P01,SOFT_GRIP_ENTRY,,673.317138671875,60.505043029785156,486.8999328613281,178.59947204589844,-89.76248168945312,-179.95408630371094,-5.4896,-0.6618,0.4671,0.4164,-0.0102,0.0016,0.9165,-0.088,-0.4292,0.1417,-0.0035,0.0006,-0.4889,-0.7954,-5.4699,0.4164,-0.0102,0.0016,0.4326,-0.0659,0.9167,0.1417,-0.0035,0.0006,0.9165,0.0622,,,17.7,holding
2026-09-21T13:07:25.074+09:00,TEST_0002_TEST_P01,TEST_P01,SOFT_GRIP_ENTRY,,673.6004638671875,60.50973892211914,487.2037658691406,178.6004638671875,-89.7386474609375,-179.95980834960938,-7.2002,-0.4618,0.2487,0.457,-0.0112,0.0019,-0.7942,0.1119,-0.6476,0.1823,-0.0044,0.0008,-0.2809,-0.6374,-7.1856,0.457,-0.0112,0.0019,0.6406,0.0921,-0.799,0.1823,-0.0044,0.0008,0.7942,0.3455,,,17.7,holding
2026-09-21T13:07:25.130+09:00,TEST_0002_TEST_P01,TEST_P01,SOFT_GRIP_ENTRY,,674.0736694335938,60.5224494934082,487.1680908203125,178.60121154785156,-89.74250030517578,-179.95407104492188,-7.2002,-0.4618,0.2487,0.457,-0.0112,0.0019,-0.7942,0.1119,-0.6476,0.1823,-0.0044,0.0008,-0.2809,-0.6374,-7.1856,0.457,-0.0112,0.0019,0.6406,0.0921,-0.799,0.1823,-0.0044,0.0008,0.7942,0.8187,,,17.7,holding
2026-09-21T13:07:25.186+09:00,TEST_0002_TEST_P01,TEST_P01,SOFT_GRIP_ENTRY,,674.6554565429688,60.52899932861328,487.0833435058594,178.6009063720703,-89.75045013427734,-179.94992065429688,-7.7169,-0.1351,0.4159,0.4016,-0.0098,0.0018,-1.3109,0.4386,-0.4804,0.1268,-0.0031,0.0007,-0.4508,-0.3231,-7.7093,0.4016,-0.0098,0.0018,0.4707,0.4064,-1.3228,0.1268,-0.0031,0.0007,1.3109,1.4005,,,17.7,holding
2026-09-21T13:07:25.242+09:00,TEST_0002_TEST_P01,TEST_P01,SOFT_GRIP_ENTRY,,675.24267578125,60.54427719116211,487.0492248535156,178.60157775878906,-89.75418853759766,-179.9492950439453,-7.7169,-0.1351,0.4159,0.4016,-0.0098,0.0018,-1.3109,0.4386,-0.4804,0.1268,-0.0031,0.0007,-0.4508,-0.3231,-7.7093,0.4016,-0.0098,0.0018,0.4707,0.4064,-1.3228,0.1268,-0.0031,0.0007,1.3109,1.9877,,,17.7,holding
2026-09-21T13:07:25.298+09:00,TEST_0002_TEST_P01,TEST_P01,SOFT_GRIP_ENTRY,,675.8291015625,60.56748962402344,487.0446472167969,178.60348510742188,-89.75491333007812,-179.9453887939453,-7.0283,-0.0459,0.4533,0.3974,-0.0097,0.0017,-0.6223,0.5278,-0.443,0.1226,-0.003,0.0007,-0.4837,-0.217,-7.0231,0.3974,-0.0097,0.0017,0.4379,0.5125,-0.6365,0.1226,-0.003,0.0007,0.6223,2.5742,,,17.7,holding
2026-09-21T13:07:25.354+09:00,TEST_0002_TEST_P01,TEST_P01,SOFT_GRIP_ENTRY,,676.4120483398438,60.56595230102539,486.9268493652344,178.6031951904297,-89.7647705078125,-179.946533203125,-6.9711,0.1109,0.717,0.4062,-0.0099,0.0017,-0.5651,0.6846,-0.1793,0.1314,-0.0032,0.0007,-0.7456,-0.0584,-6.9688,0.4062,-0.0099,0.0017,0.1759,0.671,-0.5822,0.1314,-0.0032,0.0007,0.5651,3.1571,,,17.7,holding
2026-09-21T13:07:25.410+09:00,TEST_0002_TEST_P01,TEST_P01,SOFT_GRIP_ENTRY,,676.9803466796875,60.52051544189453,486.87249755859375,178.59921264648438,-89.76953125,-179.95223999023438,-6.9711,0.1109,0.717,0.4062,-0.0099,0.0017,-0.5651,0.6846,-0.1793,0.1314,-0.0032,0.0007,-0.7456,-0.0584,-6.9688,0.4062,-0.0099,0.0017,0.1759,0.671,-0.5822,0.1314,-0.0032,0.0007,0.5651,3.7254,,,17.7,holding
2026-09-21T13:07:25.465+09:00,TEST_0002_TEST_P01,TEST_P01,SOFT_GRIP_ENTRY,,677.5349731445312,60.506996154785156,486.9158630371094,178.5982666015625,-89.76591491699219,-179.95077514648438,-7.1811,0.116,0.4852,0.4042,-0.0099,0.0016,-0.7751,0.6897,-0.4111,0.1295,-0.0032,0.0006,-0.5146,-0.0593,-7.1797,0.4042,-0.0099,0.0016,0.407,0.6702,-0.7932,0.1295,-0.0032,0.0006,0.7751,4.28,,,17.7,holding
2026-09-21T13:07:25.521+09:00,TEST_0002_TEST_P01,TEST_P01,SOFT_GRIP_ENTRY,,678.1144409179688,60.52623748779297,486.8812255859375,178.59939575195312,-89.76881408691406,-179.9490509033203,-7.1811,0.116,0.4852,0.4042,-0.0099,0.0016,-0.7751,0.6897,-0.4111,0.1295,-0.0032,0.0006,-0.5146,-0.0593,-7.1797,0.4042,-0.0099,0.0016,0.407,0.6702,-0.7932,0.1295,-0.0032,0.0006,0.7751,4.8595,,,17.7,holding
2026-09-21T13:07:25.576+09:00,TEST_0002_TEST_P01,TEST_P01,SOFT_GRIP_ENTRY,,678.6654052734375,60.54267120361328,486.85955810546875,178.60043334960938,-89.77066802978516,-179.95068359375,-7.4162,0.2104,0.3697,0.4031,-0.0099,0.0016,-1.0102,0.7841,-0.5266,0.1284,-0.0031,0.0006,-0.3996,0.0295,-7.4176,0.4031,-0.0099,0.0016,0.522,0.7589,-1.031,0.1284,-0.0031,0.0006,1.0102,5.4105,,,17.7,holding
2026-09-21T13:07:25.631+09:00,TEST_0002_TEST_P01,TEST_P01,SOFT_GRIP_ENTRY,,679.2095947265625,60.53403091430664,486.85357666015625,178.599853515625,-89.7708969116211,-179.94725036621094,-7.4162,0.2104,0.3697,0.4031,-0.0099,0.0016,-1.0102,0.7841,-0.5266,0.1284,-0.0031,0.0006,-0.3996,0.0295,-7.4176,0.4031,-0.0099,0.0016,0.522,0.7589,-1.031,0.1284,-0.0031,0.0006,1.0102,5.9547,,,17.7,holding
2026-09-21T13:07:25.686+09:00,TEST_0002_TEST_P01,TEST_P01,SOFT_GRIP_ENTRY,,679.7783813476562,60.49985885620117,486.86260986328125,178.5965118408203,-89.76998901367188,-179.9446258544922,-7.8644,0.4,0.3879,0.4112,-0.0101,0.0016,-1.4584,0.9737,-0.5085,0.1365,-0.0033,0.0006,-0.4188,0.2079,-7.8703,0.4112,-0.0101,0.0016,0.5028,0.9373,-1.4837,0.1365,-0.0033,0.0006,1.4584,6.5234,,,17.7,holding
2026-09-21T13:07:25.741+09:00,TEST_0002_TEST_P01,TEST_P01,SOFT_GRIP_ENTRY,,680.3343505859375,60.49647521972656,486.9158630371094,178.595947265625,-89.765625,-179.94703674316406,-7.8644,0.4,0.3879,0.4112,-0.0101,0.0016,-1.4584,0.9737,-0.5085,0.1365,-0.0033,0.0006,-0.4188,0.2079,-7.8703,0.4112,-0.0101,0.0016,0.5028,0.9373,-1.4837,0.1365,-0.0033,0.0006,1.4584,7.0794,,,17.7,holding
2026-09-21T13:07:25.797+09:00,TEST_0002_TEST_P01,TEST_P01,SOFT_GRIP_ENTRY,,680.8765258789062,60.52135467529297,486.79815673828125,178.598388671875,-89.77506256103516,-179.94705200195312,-7.7047,0.4888,-0.0107,0.4145,-0.0102,0.0017,-1.2987,1.0626,-0.907,0.1397,-0.0034,0.0006,-0.0205,0.2999,-7.7144,0.4145,-0.0102,0.0017,0.9011,1.0294,-1.3278,0.1397,-0.0034,0.0006,1.2987,7.6216,,,17.7,holding
2026-09-21T13:07:25.854+09:00,TEST_0002_TEST_P01,TEST_P01,SOFT_GRIP_ENTRY,,681.4596557617188,60.544158935546875,486.7296447753906,178.60012817382812,-89.78086853027344,-179.94798278808594,-6.3495,0.3225,-0.1774,0.4165,-0.0102,0.0016,0.0565,0.8962,-1.0737,0.1417,-0.0035,0.0006,0.1532,0.1671,-6.3561,0.4165,-0.0102,0.0016,1.0748,0.8966,0.0304,0.1417,-0.0035,0.0006,0.0565,8.2047,,,17.9,holding
2026-09-21T13:07:25.909+09:00,TEST_0002_TEST_P01,TEST_P01,SOFT_GRIP_ENTRY,,682.0184936523438,60.551326751708984,486.6379089355469,178.60081481933594,-89.78890991210938,-179.95169067382812,-6.3495,0.3225,-0.1774,0.4165,-0.0102,0.0016,0.0565,0.8962,-1.0737,0.1417,-0.0035,0.0006,0.1532,0.1671,-6.3561,0.4165,-0.0102,0.0016,1.0748,0.8966,0.0304,0.1417,-0.0035,0.0006,0.0565,8.7635,,,18.1,holding
2026-09-21T13:07:25.964+09:00,TEST_0002_TEST_P01,TEST_P01,SOFT_GRIP_ENTRY,,682.5797729492188,60.52926254272461,486.6363220214844,178.5989990234375,-89.78873443603516,-179.95077514648438,-7.0762,-0.0363,-2.2323,0.4134,-0.0101,0.0015,-0.6702,0.5374,-3.1286,0.1386,-0.0034,0.0005,2.2063,-0.2111,-7.0813,0.4134,-0.0101,0.0015,3.1278,0.5183,-0.6947,0.1386,-0.0034,0.0005,0.6702,9.3248,,,18.1,holding
2026-09-21T13:07:26.021+09:00,TEST_0002_TEST_P01,TEST_P01,SOFT_GRIP_ENTRY,,683.1571655273438,60.495155334472656,486.7445068359375,178.59585571289062,-89.77954864501953,-179.9475860595703,-7.0762,-0.0363,-2.2323,0.4134,-0.0101,0.0015,-0.6702,0.5374,-3.1286,0.1386,-0.0034,0.0005,2.2063,-0.2111,-7.0813,0.4134,-0.0101,0.0015,3.1278,0.5183,-0.6947,0.1386,-0.0034,0.0005,0.6702,9.9022,,,18.1,holding
2026-09-21T13:07:26.077+09:00,TEST_0002_TEST_P01,TEST_P01,SOFT_GRIP_ENTRY,,683.7230834960938,60.48646926879883,486.6470947265625,178.59494018554688,-89.787841796875,-179.95301818847656,-5.4098,-0.2019,-1.6661,0.414,-0.0101,0.0016,0.9962,0.3719,-2.5624,0.1392,-0.0034,0.0005,1.6452,-0.336,-5.4096,0.414,-0.0101,0.0016,2.5667,0.3935,0.977,0.1392,-0.0034,0.0005,0.9962,10.4681,,,18.1,holding
2026-09-21T13:07:26.132+09:00,TEST_0002_TEST_P01,TEST_P01,SOFT_GRIP_ENTRY,,684.2697143554688,60.503719329833984,486.6091003417969,178.59654235839844,-89.79087829589844,-179.952392578125,-5.4098,-0.2019,-1.6661,0.414,-0.0101,0.0016,0.9962,0.3719,-2.5624,0.1392,-0.0034,0.0005,1.6452,-0.336,-5.4096,0.414,-0.0101,0.0016,2.5667,0.3935,0.977,0.1392,-0.0034,0.0005,0.9962,11.0148,,,18.1,holding
2026-09-21T13:07:26.188+09:00,TEST_0002_TEST_P01,TEST_P01,SOFT_GRIP_ENTRY,,684.8340454101562,60.49827575683594,486.6944580078125,178.59567260742188,-89.7835693359375,-179.94784545898438,-7.5045,-0.6377,-2.5873,0.411,-0.0101,0.0015,-1.0985,-0.064,-3.4836,0.1362,-0.0033,0.0005,2.559,-0.8235,-7.4961,0.411,-0.0101,0.0015,3.4805,-0.0941,-1.1095,0.1362,-0.0033,0.0005,1.0985,11.5791,,,18.1,holding
2026-09-21T13:07:26.243+09:00,TEST_0002_TEST_P01,TEST_P01,SOFT_GRIP_ENTRY,,685.3856811523438,60.468994140625,486.6521911621094,178.59298706054688,-89.78712463378906,-179.94895935058594,-7.5045,-0.6377,-2.5873,0.411,-0.0101,0.0015,-1.0985,-0.064,-3.4836,0.1362,-0.0033,0.0005,2.559,-0.8235,-7.4961,0.411,-0.0101,0.0015,3.4805,-0.0941,-1.1095,0.1362,-0.0033,0.0005,1.0985,12.1307,,,18.1,holding
2026-09-21T13:07:26.299+09:00,TEST_0002_TEST_P01,TEST_P01,SOFT_GRIP_ENTRY,,685.9356079101562,60.439476013183594,486.6134033203125,178.5910186767578,-89.79013061523438,-179.94915771484375,-7.2526,-0.8314,-2.3354,0.4164,-0.0102,0.0016,-0.8466,-0.2577,-3.2317,0.1417,-0.0035,0.0005,2.3078,-1.0114,-7.2386,0.4164,-0.0102,0.0016,3.2293,-0.2819,-0.852,0.1417,-0.0035,0.0005,0.8466,12.6807,,,18.1,holding
2026-09-21T13:07:26.356+09:00,TEST_0002_TEST_P01,TEST_P01,SOFT_GRIP_ENTRY,,686.5047607421875,60.4367790222168,486.6740417480469,178.5906524658203,-89.78498077392578,-179.94406127929688,-7.9107,-0.7393,-3.2401,0.4048,-0.01,0.0015,-1.5047,-0.1655,-4.1364,0.1301,-0.0032,0.0004,3.2095,-0.9367,-7.9022,0.4048,-0.01,0.0015,4.1311,-0.2073,-1.5156,0.1301,-0.0032,0.0004,1.5047,13.2498,,,18.1,holding
2026-09-21T13:07:26.411+09:00,TEST_0002_TEST_P01,TEST_P01,SOFT_GRIP_ENTRY,,687.0543823242188,60.448333740234375,486.78302001953125,178.59120178222656,-89.77598571777344,-179.94313049316406,-7.9107,-0.7393,-3.2401,0.4048,-0.01,0.0015,-1.5047,-0.1655,-4.1364,0.1301,-0.0032,0.0004,3.2095,-0.9367,-7.9022,0.4048,-0.01,0.0015,4.1311,-0.2073,-1.5156,0.1301,-0.0032,0.0004,1.5047,13.7994,,,18.1,holding
2026-09-21T13:07:26.467+09:00,TEST_0002_TEST_P01,TEST_P01,SOFT_GRIP_ENTRY,,687.613525390625,60.47532272338867,486.7542724609375,178.59376525878906,-89.77854919433594,-179.9474334716797,-8.1158,-0.6696,-2.7779,0.4081,-0.01,0.0016,-1.7098,-0.0959,-3.6742,0.1333,-0.0033,0.0005,2.7458,-0.8712,-8.1076,0.4081,-0.01,0.0016,3.6673,-0.1418,-1.721,0.1333,-0.0033,0.0005,1.7098,14.3586,,,18.1,holding
2026-09-21T13:07:26.523+09:00,TEST_0002_TEST_P01,TEST_P01,SOFT_GRIP_ENTRY,,688.1528930664062,60.47263717651367,486.70001220703125,178.59402465820312,-89.78288269042969,-179.94699096679688,-8.1158,-0.6696,-2.7779,0.4081,-0.01,0.0016,-1.7098,-0.0959,-3.6742,0.1333,-0.0033,0.0005,2.7458,-0.8712,-8.1076,0.4081,-0.01,0.0016,3.6673,-0.1418,-1.721,0.1333,-0.0033,0.0005,1.7098,14.8979,,,18.2,holding
2026-09-21T13:07:26.579+09:00,TEST_0002_TEST_P01,TEST_P01,SOFT_GRIP_ENTRY,,688.7188110351562,60.45417022705078,486.7525634765625,178.5922088623047,-89.77863311767578,-179.94424438476562,-9.0875,-0.4253,-3.5044,0.4035,-0.0099,0.0015,-2.6815,0.1484,-4.4007,0.1287,-0.0032,0.0005,3.4691,-0.6517,-9.0877,0.4035,-0.0099,0.0015,4.3907,0.0778,-2.7011,0.1287,-0.0032,0.0005,2.6815,15.4639,,,18.2,holding
2026-09-21T13:07:26.635+09:00,TEST_0002_TEST_P01,TEST_P01,SOFT_GRIP_ENTRY,,689.2987670898438,60.4571533203125,486.797119140625,178.59210205078125,-89.77507781982422,-179.94723510742188,-9.0875,-0.4253,-3.5044,0.4035,-0.0099,0.0015,-2.6815,0.1484,-4.4007,0.1287,-0.0032,0.0005,3.4691,-0.6517,-9.0877,0.4035,-0.0099,0.0015,4.3907,0.0778,-2.7011,0.1287,-0.0032,0.0005,2.6815,16.0438,,,18.2,holding
2026-09-21T13:07:26.691+09:00,TEST_0002_TEST_P01,TEST_P01,SOFT_GRIP_ENTRY,,689.8344116210938,60.49061584472656,486.6938171386719,178.59536743164062,-89.78336334228516,-179.94949340820312,-8.8318,-0.2485,-3.518,0.4025,-0.0099,0.0016,-2.4258,0.3252,-4.4143,0.1277,-0.0032,0.0005,3.4832,-0.4683,-8.8367,0.4025,-0.0099,0.0016,4.4048,0.2611,-2.4501,0.1277,-0.0032,0.0005,2.4258,16.5795,,,18.2,holding
2026-09-21T13:07:26.747+09:00,TEST_0002_TEST_P01,TEST_P01,SOFT_GRIP_ENTRY,,690.3814086914062,60.522979736328125,486.6562194824219,178.59812927246094,-89.78639221191406,-179.94700622558594,-8.8318,-0.2485,-3.518,0.4025,-0.0099,0.0016,-2.4258,0.3252,-4.4143,0.1277,-0.0032,0.0005,3.4832,-0.4683,-8.8367,0.4025,-0.0099,0.0016,4.4048,0.2611,-2.4501,0.1277,-0.0032,0.0005,2.4258,17.1265,,,18.2,holding
2026-09-21T13:07:26.803+09:00,TEST_0002_TEST_P01,TEST_P01,SOFT_GRIP_ENTRY,,690.9493408203125,60.54426193237305,486.7193298339844,178.59959411621094,-89.78121185302734,-179.9456787109375,-9.6362,-0.1231,-3.7346,0.398,-0.0098,0.0015,-3.2302,0.4506,-4.6309,0.1232,-0.003,0.0005,3.6983,-0.3623,-9.6442,0.398,-0.0098,0.0015,4.6198,0.3672,-3.2576,0.1232,-0.003,0.0005,3.2302,17.6944,,,18.2,holding
2026-09-21T13:07:26.859+09:00,TEST_0002_TEST_P01,TEST_P01,SOFT_GRIP_ENTRY,,691.5091552734375,60.53318786621094,486.7720642089844,178.5985107421875,-89.77665710449219,-179.94808959960938,-9.8351,-0.027,-3.9594,0.3979,-0.0097,0.0015,-3.4291,0.5467,-4.8557,0.1231,-0.003,0.0005,3.9207,-0.2711,-9.8469,0.3979,-0.0097,0.0015,4.8422,0.4584,-3.4604,0.1231,-0.003,0.0005,3.4291,18.2542,,,18.2,holding
2026-09-21T13:07:26.916+09:00,TEST_0002_TEST_P01,TEST_P01,SOFT_GRIP_ENTRY,,692.067626953125,60.501365661621094,486.7448425292969,178.59580993652344,-89.77867889404297,-179.94451904296875,-9.8351,-0.027,-3.9594,0.3979,-0.0097,0.0015,-3.4291,0.5467,-4.8557,0.1231,-0.003,0.0005,3.9207,-0.2711,-9.8469,0.3979,-0.0097,0.0015,4.8422,0.4584,-3.4604,0.1231,-0.003,0.0005,3.4291,18.8127,,,18.2,holding
2026-09-21T13:07:26.971+09:00,TEST_0002_TEST_P01,TEST_P01,SOFT_GRIP_ENTRY,,692.6248779296875,60.49296569824219,486.7112731933594,178.59483337402344,-89.78131866455078,-179.94227600097656,-10.5222,0.0618,-4.1287,0.3909,-0.0096,0.0015,-4.1162,0.6356,-5.025,0.1161,-0.0029,0.0005,4.0883,-0.2003,-10.5363,0.3909,-0.0096,0.0015,5.0098,0.5292,-4.1497,0.1161,-0.0029,0.0005,4.1162,19.3699,,,18.2,holding
2026-09-21T13:07:27.028+09:00,TEST_0002_TEST_P01,TEST_P01,SOFT_GRIP_ENTRY,,693.184814453125,60.51509094238281,486.7799987792969,178.59664916992188,-89.77596282958984,-179.94288635253906,-10.5222,0.0618,-4.1287,0.3909,-0.0096,0.0015,-4.1162,0.6356,-5.025,0.1161,-0.0029,0.0005,4.0883,-0.2003,-10.5363,0.3909,-0.0096,0.0015,5.0098,0.5292,-4.1497,0.1161,-0.0029,0.0005,4.1162,19.9299,,,18.2,holding
2026-09-21T13:07:27.084+09:00,TEST_0002_TEST_P01,TEST_P01,SOFT_GRIP_ENTRY,,693.7506103515625,60.54453659057617,486.7674255371094,178.5992889404297,-89.77677154541016,-179.94564819335938,-10.9767,0.0689,-4.2107,0.3907,-0.0096,0.0015,-4.5707,0.6426,-5.107,0.116,-0.0028,0.0005,4.1673,-0.2038,-10.9916,0.3907,-0.0096,0.0015,5.0889,0.5257,-4.605,0.116,-0.0028,0.0005,4.5707,20.4957,,,18.4,holding
2026-09-21T13:07:27.140+09:00,TEST_0002_TEST_P01,TEST_P01,SOFT_GRIP_ENTRY,,694.3175659179688,60.566585540771484,486.6891784667969,178.60098266601562,-89.78305053710938,-179.9447784423828,-10.9767,0.0689,-4.2107,0.3907,-0.0096,0.0015,-4.5707,0.6426,-5.107,0.116,-0.0028,0.0005,4.1673,-0.2038,-10.9916,0.3907,-0.0096,0.0015,5.0889,0.5257,-4.605,0.116,-0.0028,0.0005,4.5707,21.0626,,,18.4,holding
2026-09-21T13:07:27.196+09:00,TEST_0002_TEST_P01,TEST_P01,SOFT_GRIP_ENTRY,,694.8928833007812,60.55651092529297,486.67218017578125,178.5999298095703,-89.78453063964844,-179.9429168701172,-11.6138,0.0562,-4.1288,0.383,-0.0094,0.0015,-5.2078,0.6299,-5.0251,0.1082,-0.0026,0.0004,4.085,-0.2313,-11.6272,0.383,-0.0094,0.0015,5.0065,0.4982,-5.2406,0.1082,-0.0026,0.0004,5.2078,21.6379,,,18.4,holding
2026-09-21T13:07:27.252+09:00,TEST_0002_TEST_P01,TEST_P01,SOFT_GRIP_ENTRY,,695.4672241210938,60.53584671020508,486.6671142578125,178.59800720214844,-89.78490447998047,-179.94618225097656,-11.6138,0.0562,-4.1288,0.383,-0.0094,0.0015,-5.2078,0.6299,-5.0251,0.1082,-0.0026,0.0004,4.085,-0.2313,-11.6272,0.383,-0.0094,0.0015,5.0065,0.4982,-5.2406,0.1082,-0.0026,0.0004,5.2078,22.2123,,,18.4,holding
2026-09-21T13:07:27.308+09:00,TEST_0002_TEST_P01,TEST_P01,SOFT_GRIP_ENTRY,,696.0391235351562,60.54281234741211,486.67694091796875,178.59854125976562,-89.78395080566406,-179.9490203857422,-12.0481,0.0912,-3.9738,0.384,-0.0094,0.0014,-5.6421,0.6649,-4.8702,0.1092,-0.0027,0.0004,3.9284,-0.2073,-12.0616,0.384,-0.0094,0.0014,4.8499,0.5221,-5.675,0.1092,-0.0027,0.0004,5.6421,22.7842,,,18.4,holding
2026-09-21T13:07:27.363+09:00,TEST_0002_TEST_P01,TEST_P01,SOFT_GRIP_ENTRY,,696.5911254882812,60.56800842285156,486.6678771972656,178.60040283203125,-89.78455352783203,-179.94615173339844,-12.2179,-0.064,-4.1356,0.3805,-0.0093,0.0014,-5.8119,0.5097,-5.0319,0.1058,-0.0026,0.0004,4.0891,-0.3663,-12.2283,0.3805,-0.0093,0.0014,5.0107,0.3631,-5.8417,0.1058,-0.0026,0.0004,5.8119,23.3362,,,18.4,holding
2026-09-21T13:07:27.419+09:00,TEST_0002_TEST_P01,TEST_P01,SOFT_GRIP_ENTRY,,697.1244506835938,60.591060638427734,486.6553039550781,178.60214233398438,-89.78556060791016,-179.94219970703125,-12.2179,-0.064,-4.1356,0.3805,-0.0093,0.0014,-5.8119,0.5097,-5.0319,0.1058,-0.0026,0.0004,4.0891,-0.3663,-12.2283,0.3805,-0.0093,0.0014,5.0107,0.3631,-5.8417,0.1058,-0.0026,0.0004,5.8119,23.8695,,,18.4,holding
2026-09-21T13:07:27.475+09:00,TEST_0002_TEST_P01,TEST_P01,SOFT_GRIP_ENTRY,,697.5904541015625,60.595157623291016,486.6909484863281,178.6028594970703,-89.78265380859375,-179.9427490234375,-12.4188,-0.1301,-3.7233,0.3875,-0.0095,0.0015,-6.0128,0.4436,-4.6197,0.1128,-0.0027,0.0004,3.6758,-0.4366,-12.426,0.3875,-0.0095,0.0015,4.5974,0.2928,-6.0394,0.1128,-0.0027,0.0004,6.0128,24.3355,,,18.4,holding
2026-09-21T13:07:28.532+09:00,TEST_0002_TEST_P01,TEST_P01,SOFT_GRIP_ENTRY,SOFT_GRIP_STABILIZATION_END,698.307861328125,60.484004974365234,486.60467529296875,178.59414672851562,-89.78614807128906,-179.9401397705078,-12.74,-0.0613,-4.5514,0.4937,-0.0121,0.0018,0.0,0.0,0.0,0.0,0.0,0.0,4.5035,-0.3786,-12.7515,0.4937,-0.0121,0.0018,0.0,0.0,0.0,0.0,0.0,0.0,,,,,18.4,holding
2026-09-21T13:07:28.585+09:00,TEST_0002_TEST_P01,TEST_P01,HARD_GRIP,HARD_GRIP_COMMAND,698.3060913085938,60.482913970947266,486.6086730957031,178.59400939941406,-89.7857894897461,-179.9402313232422,-12.7095,-0.099,-4.3938,0.526,-0.0129,0.002,0.0,0.0,0.0,0.0,0.0,0.0,4.3459,-0.4153,-12.7195,0.526,-0.0129,0.002,0.0,0.0,0.0,0.0,0.0,0.0,,,,,18.4,holding
2026-09-21T13:07:29.590+09:00,TEST_0002_TEST_P01,TEST_P01,HARD_GRIP,HARD_GRIP_STABILIZATION_END,698.2638549804688,60.5123291015625,486.6854248046875,178.5968475341797,-89.77962493896484,-179.94288635253906,-10.6251,0.4956,-5.9246,0.6374,-0.0156,0.0024,0.0,0.0,0.0,0.0,0.0,0.0,5.884,0.2294,-10.6567,0.6374,-0.0156,0.0024,0.0,0.0,0.0,0.0,0.0,0.0,,,,,17.7,moving
2026-09-21T13:07:29.625+09:00,TEST_0002_TEST_P01,TEST_P01,PULL_TEST,,698.2608642578125,60.511817932128906,486.69146728515625,178.5968475341797,-89.77913665771484,-179.9429473876953,-10.6251,0.4956,-5.9246,0.6374,-0.0156,0.0024,0.0,0.0,0.0,0.0,0.0,0.0,5.884,0.2294,-10.6567,0.6374,-0.0156,0.0024,0.0,0.0,0.0,0.0,0.0,0.0,,,0.0,0.0024,17.7,moving
2026-09-21T13:07:29.681+09:00,TEST_0002_TEST_P01,TEST_P01,PULL_TEST,,698.254150390625,60.51124954223633,486.7053527832031,178.59683227539062,-89.77796936035156,-179.94273376464844,-10.0978,0.2331,-5.5194,0.6391,-0.0157,0.0025,0.5272,-0.2625,0.4052,0.0017,-0.0,0.0,5.4804,-0.0197,-10.1217,0.6391,-0.0157,0.0025,-0.4036,-0.2491,0.5349,0.0017,-0.0,0.0,,,0.5272,0.0092,17.7,moving
2026-09-21T13:07:29.737+09:00,TEST_0002_TEST_P01,TEST_P01,PULL_TEST,,698.202880859375,60.5067253112793,486.80316162109375,178.5970001220703,-89.77006530761719,-179.94091796875,-10.0978,0.2331,-5.5194,0.6391,-0.0157,0.0025,0.5272,-0.2625,0.4052,0.0017,-0.0,0.0,5.4804,-0.0197,-10.1217,0.6391,-0.0157,0.0025,-0.4036,-0.2491,0.5349,0.0017,-0.0,0.0,,,0.5272,0.0604,17.7,moving
2026-09-21T13:07:29.793+09:00,TEST_0002_TEST_P01,TEST_P01,PULL_TEST,,698.0367431640625,60.497032165527344,487.06072998046875,178.59613037109375,-89.74898529052734,-179.9313201904297,-8.7097,0.1596,-5.7295,0.6328,-0.0155,0.0025,1.9153,-0.336,0.1951,-0.0046,0.0001,0.0001,5.6937,-0.0598,-8.7345,0.6328,-0.0155,0.0025,-0.1903,-0.2892,1.9222,-0.0046,0.0001,0.0001,,,1.9153,0.2266,17.7,moving
2026-09-21T13:07:29.849+09:00,TEST_0002_TEST_P01,TEST_P01,PULL_TEST,,697.717529296875,60.48443603515625,487.1950988769531,178.59463500976562,-89.73700714111328,-179.92959594726562,-8.7097,0.1596,-5.7295,0.6328,-0.0155,0.0025,1.9153,-0.336,0.1951,-0.0046,0.0001,0.0001,5.6937,-0.0598,-8.7345,0.6328,-0.0155,0.0025,-0.1903,-0.2892,1.9222,-0.0046,0.0001,0.0001,,,1.9153,0.5458,17.7,moving
2026-09-21T13:07:29.906+09:00,TEST_0002_TEST_P01,TEST_P01,PULL_TEST,,697.2444458007812,60.46953201293945,487.3214416503906,178.5934600830078,-89.72583770751953,-179.92697143554688,-6.268,-0.0448,-6.7331,0.627,-0.0154,0.0028,4.3571,-0.5403,-0.8085,-0.0104,0.0002,0.0003,6.7039,-0.2067,-6.2959,0.627,-0.0154,0.0028,0.82,-0.4361,4.3608,-0.0104,0.0002,0.0003,,,4.3571,1.0189,17.7,moving
2026-09-21T13:07:29.962+09:00,TEST_0002_TEST_P01,TEST_P01,PULL_TEST,,696.6729125976562,60.47015380859375,487.23785400390625,178.59388732910156,-89.73201751708984,-179.92733764648438,-5.1521,-0.2932,-7.0601,0.6857,-0.0168,0.0032,5.473,-0.7888,-1.1355,0.0483,-0.0012,0.0008,7.0354,-0.4285,-5.1764,0.6857,-0.0168,0.0032,1.1515,-0.6579,5.4803,0.0483,-0.0012,0.0008,,,5.473,1.5904,17.7,moving
2026-09-21T13:07:30.018+09:00,TEST_0002_TEST_P01,TEST_P01,PULL_TEST,,696.1204833984375,60.45996856689453,487.1249694824219,178.5928192138672,-89.74031829833984,-179.93101501464844,-5.1521,-0.2932,-7.0601,0.6857,-0.0168,0.0032,5.473,-0.7888,-1.1355,0.0483,-0.0012,0.0008,7.0354,-0.4285,-5.1764,0.6857,-0.0168,0.0032,1.1515,-0.6579,5.4803,0.0483,-0.0012,0.0008,,,5.473,2.1428,17.6,moving
2026-09-21T13:07:30.073+09:00,TEST_0002_TEST_P01,TEST_P01,PULL_TEST,,695.5538330078125,60.427669525146484,487.1077880859375,178.59017944335938,-89.74124145507812,-179.93597412109375,-4.1147,-0.2853,-6.4985,0.7627,-0.0187,0.0035,6.5104,-0.7809,-0.5739,0.1254,-0.0031,0.001,6.4796,-0.3936,-4.1356,0.7627,-0.0187,0.0035,0.5956,-0.623,6.5211,0.1254,-0.0031,0.001,,,6.5104,2.7095,17.6,moving
2026-09-21T13:07:30.128+09:00,TEST_0002_TEST_P01,TEST_P01,PULL_TEST,,694.9900512695312,60.402713775634766,487.0744934082031,178.5882110595703,-89.743896484375,-179.9358367919922,-4.1147,-0.2853,-6.4985,0.7627,-0.0187,0.0035,6.5104,-0.7809,-0.5739,0.1254,-0.0031,0.001,6.4796,-0.3936,-4.1356,0.7627,-0.0187,0.0035,0.5956,-0.623,6.5211,0.1254,-0.0031,0.001,,,6.5104,3.2733,17.6,moving
2026-09-21T13:07:30.184+09:00,TEST_0002_TEST_P01,TEST_P01,PULL_TEST,,694.421875,60.40080642700195,487.0255126953125,178.58795166015625,-89.74771118164062,-179.93272399902344,-2.4256,-0.4586,-5.6863,0.8255,-0.0203,0.0037,8.1994,-0.9542,0.2383,0.1881,-0.0047,0.0013,5.6748,-0.5248,-2.439,0.8255,-0.0203,0.0037,-0.2092,-0.7542,8.2177,0.1881,-0.0047,0.0013,,,8.1994,3.8414,17.6,moving
2026-09-21T13:07:41.943+09:00,TEST_0002_TEST_P01,TEST_P01,RELEASE,RETURN_SOFT_GRIP_COMMAND,694.232177734375,60.513736724853516,486.6737365722656,178.597900390625,-89.7795639038086,-179.9427947998047,-2.5658,-1.1771,-1.6369,0.7456,-0.0183,0.0029,0.0,0.0,0.0,0.0,0.0,0.0,1.6259,-1.2412,-2.5425,0.7456,-0.0183,0.0029,0.0,0.0,0.0,0.0,0.0,0.0,,,,,17.4,holding
2026-09-21T13:07:42.567+09:00,TEST_0002_TEST_P01,TEST_P01,RELEASE,RETURN_SOFT_GRIP_OPEN_REACHED,694.2322387695312,60.51260757446289,486.7012939453125,178.5977020263672,-89.77719116210938,-179.9425048828125,-2.7714,-2.0546,0.5512,0.7471,-0.0183,0.0029,0.0,0.0,0.0,0.0,0.0,0.0,-0.5639,-2.1213,-2.7182,0.7471,-0.0183,0.0029,0.0,0.0,0.0,0.0,0.0,0.0,,,,,21.1,moving
2026-09-21T13:08:15.982+09:00,TEST_0003_TEST_P01,TEST_P01,PREPARE_SOFT_GRIP,INITIAL_SOFT_GRIP_OPEN_COMMAND,553.9620971679688,110.7950439453125,464.68133544921875,12.756158828735352,98.03608703613281,-32.24576950073242,-2.7069,-3.1543,0.6786,0.7558,0.1711,-0.1094,0.0,0.0,0.0,0.0,0.0,0.0,1.1488,-2.2061,-3.3987,0.7558,0.1711,-0.1094,0.0,0.0,0.0,0.0,0.0,0.0,,,,,22.6,holding
2026-09-21T13:08:15.995+09:00,TEST_0003_TEST_P01,TEST_P01,PREPARE_SOFT_GRIP,INITIAL_SOFT_GRIP_OPEN_REACHED,553.9620971679688,110.7950439453125,464.68133544921875,12.756158828735352,98.03608703613281,-32.24576950073242,-2.7069,-3.1543,0.6786,0.7558,0.1711,-0.1094,0.0,0.0,0.0,0.0,0.0,0.0,1.1488,-2.2061,-3.3987,0.7558,0.1711,-0.1094,0.0,0.0,0.0,0.0,0.0,0.0,,,,,22.6,holding
2026-09-21T13:08:18.068+09:00,TEST_0003_TEST_P01,TEST_P01,SOFT_GRIP_ENTRY,SOFT_GRIP_COMMAND,673.2649536132812,60.50056838989258,486.6517639160156,178.59544372558594,-89.78182983398438,-179.94241333007812,-3.4114,-2.1687,0.3939,0.2574,-0.0063,0.001,0.0,0.0,0.0,0.0,0.0,0.0,-0.4089,-2.2513,-3.3557,0.2574,-0.0063,0.001,0.0,0.0,0.0,0.0,0.0,0.0,,,,,22.6,holding
2026-09-21T13:08:18.176+09:00,TEST_0003_TEST_P01,TEST_P01,SOFT_GRIP_ENTRY,ENTRY_MOTION_START_WIDTH_REACHED,673.260498046875,60.50027847290039,486.65924072265625,178.5957489013672,-89.78137969970703,-179.94284057617188,-3.2876,-2.3443,0.4321,0.2911,-0.0071,0.0011,0.1237,-0.1755,0.0383,0.0337,-0.0008,0.0001,-0.4469,-2.4237,-3.2275,0.2911,-0.0071,0.0011,-0.038,-0.1724,0.1281,0.0337,-0.0008,0.0001,,,,,21.9,moving
2026-09-21T13:08:18.209+09:00,TEST_0003_TEST_P01,TEST_P01,SOFT_GRIP_ENTRY,,673.2575073242188,60.501182556152344,486.66412353515625,178.59600830078125,-89.78105163574219,-179.94302368164062,-3.2876,-2.3443,0.4321,0.2911,-0.0071,0.0011,0.1237,-0.1755,0.0383,0.0337,-0.0008,0.0001,-0.4469,-2.4237,-3.2275,0.2911,-0.0071,0.0011,-0.038,-0.1724,0.1281,0.0337,-0.0008,0.0001,0.1237,-0.0081,,,21.8,moving
2026-09-21T13:08:18.264+09:00,TEST_0003_TEST_P01,TEST_P01,SOFT_GRIP_ENTRY,,673.2567138671875,60.502864837646484,486.6634521484375,178.59654235839844,-89.7813720703125,-179.94342041015625,-3.3846,-2.41,-0.2143,0.3259,-0.008,0.0012,0.0268,-0.2412,-0.6081,0.0684,-0.0017,0.0003,0.1991,-2.4924,-3.3253,0.3259,-0.008,0.0012,0.608,-0.2411,0.0304,0.0684,-0.0017,0.0003,0.0268,-0.0089,,,19.4,moving
2026-09-21T13:08:18.320+09:00,TEST_0003_TEST_P01,TEST_P01,SOFT_GRIP_ENTRY,,673.260986328125,60.50602722167969,486.6568298339844,178.59759521484375,-89.7822265625,-179.9459228515625,-3.3846,-2.41,-0.2143,0.3259,-0.008,0.0012,0.0268,-0.2412,-0.6081,0.0684,-0.0017,0.0003,0.1991,-2.4924,-3.3253,0.3259,-0.008,0.0012,0.608,-0.2411,0.0304,0.0684,-0.0017,0.0003,0.0268,-0.0046,,,18.4,moving
2026-09-21T13:08:18.375+09:00,TEST_0003_TEST_P01,TEST_P01,SOFT_GRIP_ENTRY,,673.3311157226562,60.51029968261719,486.7240295410156,178.5995330810547,-89.77706146240234,-179.95535278320312,-2.8685,-2.34,-1.9561,0.3892,-0.0095,0.0015,0.5429,-0.1712,-2.35,0.1317,-0.0032,0.0005,1.9433,-2.4111,-2.8179,0.3892,-0.0095,0.0015,2.3522,-0.1598,0.5378,0.1317,-0.0032,0.0005,0.5429,0.0656,,,17.9,holding
2026-09-21T13:08:18.431+09:00,TEST_0003_TEST_P01,TEST_P01,SOFT_GRIP_ENTRY,,673.610595703125,60.52412414550781,486.94891357421875,178.60137939453125,-89.759765625,-179.96063232421875,-2.8685,-2.34,-1.9561,0.3892,-0.0095,0.0015,0.5429,-0.1712,-2.35,0.1317,-0.0032,0.0005,1.9433,-2.4111,-2.8179,0.3892,-0.0095,0.0015,2.3522,-0.1598,0.5378,0.1317,-0.0032,0.0005,0.5429,0.345,,,17.9,holding
2026-09-21T13:08:18.487+09:00,TEST_0003_TEST_P01,TEST_P01,SOFT_GRIP_ENTRY,,674.0836791992188,60.54154586791992,486.96136474609375,178.6024169921875,-89.75955200195312,-179.95571899414062,-4.5081,-2.205,-2.8563,0.3983,-0.0097,0.0016,-1.0967,-0.0362,-3.2501,0.1408,-0.0034,0.0006,2.8355,-2.3164,-4.4651,0.3983,-0.0097,0.0016,3.2444,-0.0651,-1.1094,0.1408,-0.0034,0.0006,1.0967,0.8181,,,17.9,holding
2026-09-21T13:08:18.542+09:00,TEST_0003_TEST_P01,TEST_P01,SOFT_GRIP_ENTRY,,674.6490478515625,60.5375862121582,486.9454345703125,178.60110473632812,-89.76165008544922,-179.950439453125,-4.5081,-2.205,-2.8563,0.3983,-0.0097,0.0016,-1.0967,-0.0362,-3.2501,0.1408,-0.0034,0.0006,2.8355,-2.3164,-4.4651,0.3983,-0.0097,0.0016,3.2444,-0.0651,-1.1094,0.1408,-0.0034,0.0006,1.0967,1.3835,,,17.9,holding
2026-09-21T13:08:18.598+09:00,TEST_0003_TEST_P01,TEST_P01,SOFT_GRIP_ENTRY,,675.2157592773438,60.54564666748047,486.9288330078125,178.60137939453125,-89.7640380859375,-179.95025634765625,-4.1426,-2.1199,-2.4031,0.3824,-0.0093,0.0016,-0.7312,0.0489,-2.797,0.125,-0.003,0.0006,2.3844,-2.2224,-4.0995,0.3824,-0.0093,0.0016,2.7933,0.0289,-0.7438,0.125,-0.003,0.0006,0.7312,1.9502,,,17.9,holding
2026-09-21T13:08:18.655+09:00,TEST_0003_TEST_P01,TEST_P01,SOFT_GRIP_ENTRY,,675.8029174804688,60.566978454589844,486.95635986328125,178.6031494140625,-89.76197052001953,-179.94593811035156,-4.2373,-2.1215,-2.2171,0.3945,-0.0096,0.0016,-0.8259,0.0472,-2.611,0.1371,-0.0033,0.0006,2.1976,-2.2263,-4.1935,0.3945,-0.0096,0.0016,2.6065,0.0251,-0.8378,0.1371,-0.0033,0.0006,0.8259,2.5374,,,17.9,holding
2026-09-21T13:08:18.711+09:00,TEST_0003_TEST_P01,TEST_P01,SOFT_GRIP_ENTRY,,676.38623046875,60.561031341552734,486.8814697265625,178.60240173339844,-89.7682876586914,-179.9463653564453,-4.2373,-2.1215,-2.2171,0.3945,-0.0096,0.0016,-0.8259,0.0472,-2.611,0.1371,-0.0033,0.0006,2.1976,-2.2263,-4.1935,0.3945,-0.0096,0.0016,2.6065,0.0251,-0.8378,0.1371,-0.0033,0.0006,0.8259,3.1207,,,17.9,holding
2026-09-21T13:08:18.766+09:00,TEST_0003_TEST_P01,TEST_P01,SOFT_GRIP_ENTRY,,676.9500732421875,60.520721435546875,486.87542724609375,178.59912109375,-89.7691879272461,-179.95211791992188,-4.0598,-2.1581,-1.6375,0.4024,-0.0098,0.0016,-0.6484,0.0106,-2.0313,0.1449,-0.0035,0.0007,1.6193,-2.2581,-4.0125,0.4024,-0.0098,0.0016,2.0282,-0.0068,-0.6568,0.1449,-0.0035,0.0007,0.6484,3.6845,,,17.9,holding
2026-09-21T13:08:18.823+09:00,TEST_0003_TEST_P01,TEST_P01,SOFT_GRIP_ENTRY,,677.5135498046875,60.496700286865234,486.93499755859375,178.59725952148438,-89.76427459716797,-179.9496307373047,-4.0598,-2.1581,-1.6375,0.4024,-0.0098,0.0016,-0.6484,0.0106,-2.0313,0.1449,-0.0035,0.0007,1.6193,-2.2581,-4.0125,0.4024,-0.0098,0.0016,2.0282,-0.0068,-0.6568,0.1449,-0.0035,0.0007,0.6484,4.248,,,17.9,holding
2026-09-21T13:08:18.880+09:00,TEST_0003_TEST_P01,TEST_P01,SOFT_GRIP_ENTRY,,678.1022338867188,60.51253128051758,486.9222717285156,178.59803771972656,-89.76529693603516,-179.94752502441406,-4.9084,-2.0603,-1.3619,0.4054,-0.0099,0.0017,-1.497,0.1085,-1.7557,0.1479,-0.0036,0.0007,1.3402,-2.181,-4.862,0.4054,-0.0099,0.0017,1.7491,0.0703,-1.5063,0.1479,-0.0036,0.0007,1.497,4.8367,,,17.9,holding
2026-09-21T13:08:18.935+09:00,TEST_0003_TEST_P01,TEST_P01,SOFT_GRIP_ENTRY,,678.662109375,60.52809524536133,486.91729736328125,178.5990753173828,-89.76579284667969,-179.94973754882812,-4.9084,-2.0603,-1.3619,0.4054,-0.0099,0.0017,-1.497,0.1085,-1.7557,0.1479,-0.0036,0.0007,1.3402,-2.181,-4.862,0.4054,-0.0099,0.0017,1.7491,0.0703,-1.5063,0.1479,-0.0036,0.0007,1.497,5.3965,,,17.9,holding
2026-09-21T13:08:18.991+09:00,TEST_0003_TEST_P01,TEST_P01,SOFT_GRIP_ENTRY,,679.200439453125,60.519161224365234,486.90887451171875,178.59852600097656,-89.7662582397461,-179.9456024169922,-5.2413,-2.0732,-1.0849,0.41,-0.01,0.0017,-1.8299,0.0955,-1.4788,0.1526,-0.0037,0.0007,1.0616,-2.2017,-5.1935,0.41,-0.01,0.0017,1.4705,0.0496,-1.8378,0.1526,-0.0037,0.0007,1.8299,5.9349,,,17.9,holding
2026-09-21T13:08:19.047+09:00,TEST_0003_TEST_P01,TEST_P01,SOFT_GRIP_ENTRY,,679.7755126953125,60.49370193481445,486.94146728515625,178.59596252441406,-89.76337432861328,-179.94346618652344,-5.2413,-2.0732,-1.0849,0.41,-0.01,0.0017,-1.8299,0.0955,-1.4788,0.1526,-0.0037,0.0007,1.0616,-2.2017,-5.1935,0.41,-0.01,0.0017,1.4705,0.0496,-1.8378,0.1526,-0.0037,0.0007,1.8299,6.5099,,,17.9,holding
2026-09-21T13:08:19.103+09:00,TEST_0003_TEST_P01,TEST_P01,SOFT_GRIP_ENTRY,,680.341796875,60.49062728881836,486.9991455078125,178.5953369140625,-89.7585678100586,-179.94534301757812,-6.1919,-1.9435,-0.9671,0.4134,-0.0101,0.0017,-2.7805,0.2252,-1.3609,0.1559,-0.0038,0.0007,0.9397,-2.0956,-6.1464,0.4134,-0.0101,0.0017,1.3486,0.1557,-2.7907,0.1559,-0.0038,0.0007,2.7805,7.0762,,,17.9,holding
2026-09-21T13:08:19.158+09:00,TEST_0003_TEST_P01,TEST_P01,SOFT_GRIP_ENTRY,,680.8758544921875,60.51325607299805,486.90106201171875,178.59764099121094,-89.76634979248047,-179.94517517089844,-7.0007,-1.9606,-0.2433,0.4173,-0.0102,0.0017,-3.5894,0.2082,-0.6371,0.1598,-0.0039,0.0007,0.2129,-2.1315,-6.9516,0.4173,-0.0102,0.0017,0.6218,0.1198,-3.5959,0.1598,-0.0039,0.0007,3.5894,7.6103,,,17.9,holding
2026-09-21T13:08:19.213+09:00,TEST_0003_TEST_P01,TEST_P01,SOFT_GRIP_ENTRY,,681.4280395507812,60.541988372802734,486.89617919921875,178.59996032714844,-89.76687622070312,-179.9452667236328,-7.0007,-1.9606,-0.2433,0.4173,-0.0102,0.0017,-3.5894,0.2082,-0.6371,0.1598,-0.0039,0.0007,0.2129,-2.1315,-6.9516,0.4173,-0.0102,0.0017,0.6218,0.1198,-3.5959,0.1598,-0.0039,0.0007,3.5894,8.1625,,,17.9,holding
2026-09-21T13:08:19.270+09:00,TEST_0003_TEST_P01,TEST_P01,SOFT_GRIP_ENTRY,,682.004150390625,60.55445861816406,486.9490966796875,178.60079956054688,-89.76284790039062,-179.9468536376953,-8.0328,-2.0824,0.1716,0.4228,-0.0103,0.0017,-4.6214,0.0864,-0.2223,0.1654,-0.004,0.0007,-0.2065,-2.2777,-7.9787,0.4228,-0.0103,0.0017,0.2024,-0.0264,-4.6231,0.1654,-0.004,0.0007,4.6214,8.7386,,,17.9,holding
2026-09-21T13:08:19.325+09:00,TEST_0003_TEST_P01,TEST_P01,SOFT_GRIP_ENTRY,,682.5794677734375,60.53294372558594,486.9543762207031,178.5991973876953,-89.76241302490234,-179.9454803466797,-8.0328,-2.0824,0.1716,0.4228,-0.0103,0.0017,-4.6214,0.0864,-0.2223,0.1654,-0.004,0.0007,-0.2065,-2.2777,-7.9787,0.4228,-0.0103,0.0017,0.2024,-0.0264,-4.6231,0.1654,-0.004,0.0007,4.6214,9.3139,,,17.9,holding
2026-09-21T13:08:19.381+09:00,TEST_0003_TEST_P01,TEST_P01,SOFT_GRIP_ENTRY,,683.1513671875,60.49752426147461,486.869140625,178.5961151123047,-89.76934814453125,-179.945068359375,-5.9795,-2.0142,0.2327,0.4256,-0.0104,0.0018,-2.5682,0.1546,-0.1612,0.1682,-0.0041,0.0008,-0.2592,-2.1597,-5.9274,0.4256,-0.0104,0.0018,0.1497,0.0916,-2.5718,0.1682,-0.0041,0.0008,2.5682,9.8858,,,17.9,holding
2026-09-21T13:08:19.436+09:00,TEST_0003_TEST_P01,TEST_P01,SOFT_GRIP_ENTRY,,683.7035522460938,60.50773620605469,486.818359375,178.59671020507812,-89.77362060546875,-179.94976806640625,-5.9795,-2.0142,0.2327,0.4256,-0.0104,0.0018,-2.5682,0.1546,-0.1612,0.1682,-0.0041,0.0008,-0.2592,-2.1597,-5.9274,0.4256,-0.0104,0.0018,0.1497,0.0916,-2.5718,0.1682,-0.0041,0.0008,2.5682,10.438,,,17.9,holding
2026-09-21T13:08:19.491+09:00,TEST_0003_TEST_P01,TEST_P01,SOFT_GRIP_ENTRY,,684.2679443359375,60.51608657836914,486.8160095214844,178.5972137451172,-89.77363586425781,-179.94960021972656,-7.177,-1.6428,0.7094,0.4315,-0.0106,0.0017,-3.7656,0.5259,0.3155,0.174,-0.0043,0.0007,-0.7391,-1.8174,-7.1318,0.4315,-0.0106,0.0017,-0.3302,0.4339,-3.7761,0.174,-0.0043,0.0007,3.7656,11.0024,,,17.9,holding
2026-09-21T13:08:19.546+09:00,TEST_0003_TEST_P01,TEST_P01,SOFT_GRIP_ENTRY,,684.8225708007812,60.517982482910156,486.86639404296875,178.59715270996094,-89.76948547363281,-179.94459533691406,-7.177,-1.6428,0.7094,0.4315,-0.0106,0.0017,-3.7656,0.5259,0.3155,0.174,-0.0043,0.0007,-0.7391,-1.8174,-7.1318,0.4315,-0.0106,0.0017,-0.3302,0.4339,-3.7761,0.174,-0.0043,0.0007,3.7656,11.557,,,17.9,holding
2026-09-21T13:08:19.602+09:00,TEST_0003_TEST_P01,TEST_P01,SOFT_GRIP_ENTRY,,685.3654174804688,60.496009826660156,486.7531433105469,178.59523010253906,-89.77881622314453,-179.9476318359375,-6.6429,-2.0218,0.4443,0.4191,-0.0103,0.0017,-3.2315,0.1469,0.0504,0.1616,-0.004,0.0007,-0.4729,-2.1834,-6.5896,0.4191,-0.0103,0.0017,-0.064,0.0679,-3.2339,0.1616,-0.004,0.0007,3.2315,12.0999,,,17.9,holding
2026-09-21T13:08:19.657+09:00,TEST_0003_TEST_P01,TEST_P01,SOFT_GRIP_ENTRY,,685.9210815429688,60.45076370239258,486.73468017578125,178.5914306640625,-89.77983093261719,-179.94741821289062,-7.0403,-1.7584,0.6699,0.4184,-0.0103,0.0016,-3.629,0.4104,0.276,0.161,-0.004,0.0006,-0.6985,-1.9302,-6.9924,0.4184,-0.0103,0.0016,-0.2896,0.3211,-3.6367,0.161,-0.004,0.0006,3.629,12.6555,,,17.9,holding
2026-09-21T13:08:19.712+09:00,TEST_0003_TEST_P01,TEST_P01,SOFT_GRIP_ENTRY,,686.473388671875,60.436763763427734,486.8269958496094,178.59027099609375,-89.77220916748047,-179.94224548339844,-7.0403,-1.7584,0.6699,0.4184,-0.0103,0.0016,-3.629,0.4104,0.276,0.161,-0.004,0.0006,-0.6985,-1.9302,-6.9924,0.4184,-0.0103,0.0016,-0.2896,0.3211,-3.6367,0.161,-0.004,0.0006,3.629,13.2078,,,17.9,holding
2026-09-21T13:08:19.768+09:00,TEST_0003_TEST_P01,TEST_P01,SOFT_GRIP_ENTRY,,687.0462036132812,60.449371337890625,486.85211181640625,178.59097290039062,-89.77035522460938,-179.94131469726562,-6.8324,-1.6403,0.8042,0.4162,-0.0102,0.0016,-3.4211,0.5284,0.4103,0.1587,-0.0039,0.0007,-0.833,-1.807,-6.7868,0.4162,-0.0102,0.0016,-0.4241,0.4443,-3.4311,0.1587,-0.0039,0.0007,3.4211,13.7806,,,17.9,holding
2026-09-21T13:08:19.825+09:00,TEST_0003_TEST_P01,TEST_P01,SOFT_GRIP_ENTRY,,687.595947265625,60.461246490478516,486.8302917480469,178.59207153320312,-89.77204895019531,-179.94615173339844,-6.8324,-1.6403,0.8042,0.4162,-0.0102,0.0016,-3.4211,0.5284,0.4103,0.1587,-0.0039,0.0007,-0.833,-1.807,-6.7868,0.4162,-0.0102,0.0016,-0.4241,0.4443,-3.4311,0.1587,-0.0039,0.0007,3.4211,14.3304,,,17.9,holding
2026-09-21T13:08:19.880+09:00,TEST_0003_TEST_P01,TEST_P01,SOFT_GRIP_ENTRY,,688.1445922851562,60.443912506103516,486.797119140625,178.59092712402344,-89.77460479736328,-179.94566345214844,-6.8035,-1.7417,0.5354,0.4169,-0.0102,0.0017,-3.3922,0.427,0.1415,0.1595,-0.0039,0.0007,-0.5639,-1.9079,-6.7565,0.4169,-0.0102,0.0017,-0.155,0.3434,-3.4008,0.1595,-0.0039,0.0007,3.3922,14.879,,,17.9,holding
2026-09-21T13:08:19.936+09:00,TEST_0003_TEST_P01,TEST_P01,SOFT_GRIP_ENTRY,,688.7061157226562,60.414329528808594,486.8183288574219,178.58831787109375,-89.77299499511719,-179.9427032470703,-6.8035,-1.7417,0.5354,0.4169,-0.0102,0.0017,-3.3922,0.427,0.1415,0.1595,-0.0039,0.0007,-0.5639,-1.9079,-6.7565,0.4169,-0.0102,0.0017,-0.155,0.3434,-3.4008,0.1595,-0.0039,0.0007,3.3922,15.4406,,,17.9,holding
2026-09-21T13:08:19.991+09:00,TEST_0003_TEST_P01,TEST_P01,SOFT_GRIP_ENTRY,,689.2674560546875,60.416385650634766,486.85845947265625,178.58840942382812,-89.76994323730469,-179.94590759277344,-7.6564,-2.1491,0.8834,0.4106,-0.0101,0.0016,-4.2451,0.0196,0.4895,0.1532,-0.0038,0.0006,-0.9158,-2.3362,-7.5976,0.4106,-0.0101,0.0016,-0.5069,-0.0849,-4.2419,0.1532,-0.0038,0.0006,4.2451,16.0019,,,17.9,holding
2026-09-21T13:08:20.047+09:00,TEST_0003_TEST_P01,TEST_P01,SOFT_GRIP_ENTRY,,689.8058471679688,60.45583724975586,486.7693786621094,178.59207153320312,-89.7770004272461,-179.9479522705078,-7.6564,-2.1491,0.8834,0.4106,-0.0101,0.0016,-4.2451,0.0196,0.4895,0.1532,-0.0038,0.0006,-0.9158,-2.3362,-7.5976,0.4106,-0.0101,0.0016,-0.5069,-0.0849,-4.2419,0.1532,-0.0038,0.0006,4.2451,16.5403,,,17.9,holding
2026-09-21T13:08:20.104+09:00,TEST_0003_TEST_P01,TEST_P01,SOFT_GRIP_ENTRY,,690.3489990234375,60.48659896850586,486.7516174316406,178.5947723388672,-89.77837371826172,-179.9457244873047,-8.3837,-1.8303,0.9098,0.4098,-0.0101,0.0016,-4.9723,0.3385,0.5159,0.1523,-0.0038,0.0006,-0.9441,-2.0348,-8.3326,0.4098,-0.0101,0.0016,-0.5352,0.2165,-4.9769,0.1523,-0.0038,0.0006,4.9723,17.0834,,,17.9,holding
2026-09-21T13:08:20.159+09:00,TEST_0003_TEST_P01,TEST_P01,SOFT_GRIP_ENTRY,,690.9176635742188,60.512420654296875,486.7870788574219,178.5965576171875,-89.7755126953125,-179.94383239746094,-9.2415,-1.9329,1.0281,0.4045,-0.0099,0.0016,-5.8302,0.2358,0.6343,0.1471,-0.0036,0.0006,-1.0664,-2.1577,-9.1873,0.4045,-0.0099,0.0016,-0.6575,0.0936,-5.8316,0.1471,-0.0036,0.0006,5.8302,17.6521,,,17.9,holding
2026-09-21T13:08:20.214+09:00,TEST_0003_TEST_P01,TEST_P01,SOFT_GRIP_ENTRY,,691.4761352539062,60.50148010253906,486.8081970214844,178.59542846679688,-89.77363586425781,-179.94691467285156,-9.2415,-1.9329,1.0281,0.4045,-0.0099,0.0016,-5.8302,0.2358,0.6343,0.1471,-0.0036,0.0006,-1.0664,-2.1577,-9.1873,0.4045,-0.0099,0.0016,-0.6575,0.0936,-5.8316,0.1471,-0.0036,0.0006,5.8302,18.2106,,,17.9,holding
2026-09-21T13:08:20.271+09:00,TEST_0003_TEST_P01,TEST_P01,SOFT_GRIP_ENTRY,,692.03955078125,60.46490478515625,486.75250244140625,178.5922088623047,-89.77794647216797,-179.94456481933594,-8.9325,-1.8843,0.8648,0.4066,-0.01,0.0016,-5.5212,0.2845,0.4709,0.1492,-0.0037,0.0006,-0.9013,-2.1022,-8.8802,0.4066,-0.01,0.0016,-0.4924,0.1491,-5.5245,0.1492,-0.0037,0.0006,5.5212,18.774,,,17.9,holding
2026-09-21T13:08:20.326+09:00,TEST_0003_TEST_P01,TEST_P01,SOFT_GRIP_ENTRY,,692.6090698242188,60.45002746582031,486.6728210449219,178.5906219482422,-89.78434753417969,-179.94259643554688,-8.9325,-1.8843,0.8648,0.4066,-0.01,0.0016,-5.5212,0.2845,0.4709,0.1492,-0.0037,0.0006,-0.9013,-2.1022,-8.8802,0.4066,-0.01,0.0016,-0.4924,0.1491,-5.5245,0.1492,-0.0037,0.0006,5.5212,19.3435,,,17.9,holding
2026-09-21T13:08:20.381+09:00,TEST_0003_TEST_P01,TEST_P01,SOFT_GRIP_ENTRY,,693.1640625,60.46815490722656,486.7264709472656,178.5919189453125,-89.78009033203125,-179.94276428222656,-7.0675,-2.2627,0.2296,0.3948,-0.0097,0.0015,-3.6562,-0.094,-0.1642,0.1374,-0.0034,0.0005,-0.2588,-2.4356,-7.0088,0.3948,-0.0097,0.0015,0.1501,-0.1843,-3.6532,0.1374,-0.0034,0.0005,3.6562,19.8985,,,17.9,holding
2026-09-21T13:08:20.436+09:00,TEST_0003_TEST_P01,TEST_P01,SOFT_GRIP_ENTRY,,693.7034301757812,60.50563430786133,486.7799377441406,178.5953826904297,-89.77562713623047,-179.94552612304688,-7.0675,-2.2627,0.2296,0.3948,-0.0097,0.0015,-3.6562,-0.094,-0.1642,0.1374,-0.0034,0.0005,-0.2588,-2.4356,-7.0088,0.3948,-0.0097,0.0015,0.1501,-0.1843,-3.6532,0.1374,-0.0034,0.0005,3.6562,20.4379,,,17.9,holding
2026-09-21T13:08:20.491+09:00,TEST_0003_TEST_P01,TEST_P01,SOFT_GRIP_ENTRY,,694.2466430664062,60.529605865478516,486.70404052734375,178.5973358154297,-89.78166198730469,-179.9439239501953,-7.4091,-2.1997,0.6871,0.3908,-0.0096,0.0015,-3.9977,-0.0309,0.2932,0.1334,-0.0033,0.0005,-0.7177,-2.3798,-7.3503,0.3908,-0.0096,0.0015,-0.3088,-0.1285,-3.9946,0.1334,-0.0033,0.0005,3.9977,20.9811,,,17.9,holding
2026-09-21T13:08:20.546+09:00,TEST_0003_TEST_P01,TEST_P01,SOFT_GRIP_ENTRY,,694.8102416992188,60.5185546875,486.6680908203125,178.5962371826172,-89.78463745117188,-179.94313049316406,-7.4091,-2.1997,0.6871,0.3908,-0.0096,0.0015,-3.9977,-0.0309,0.2932,0.1334,-0.0033,0.0005,-0.7177,-2.3798,-7.3503,0.3908,-0.0096,0.0015,-0.3088,-0.1285,-3.9946,0.1334,-0.0033,0.0005,3.9977,21.5447,,,17.9,holding
2026-09-21T13:08:20.603+09:00,TEST_0003_TEST_P01,TEST_P01,SOFT_GRIP_ENTRY,,695.3829345703125,60.50840759277344,486.6741027832031,178.5954132080078,-89.78434753417969,-179.94485473632812,-8.5052,-2.3041,1.1536,0.3834,-0.0094,0.0015,-5.0938,-0.1353,0.7597,0.126,-0.0031,0.0005,-1.188,-2.5106,-8.4418,0.3834,-0.0094,0.0015,-0.7791,-0.2593,-5.0861,0.126,-0.0031,0.0005,5.0938,22.1174,,,17.9,holding
2026-09-21T13:08:20.659+09:00,TEST_0003_TEST_P01,TEST_P01,SOFT_GRIP_ENTRY,,695.958984375,60.511470794677734,486.68939208984375,178.59547424316406,-89.7828140258789,-179.94850158691406,-8.8619,-2.3203,0.7174,0.3866,-0.0095,0.0015,-5.4505,-0.1516,0.3235,0.1292,-0.0032,0.0005,-0.7531,-2.5362,-8.7996,0.3866,-0.0095,0.0015,-0.3442,-0.2849,-5.4439,0.1292,-0.0032,0.0005,5.4505,22.6934,,,17.9,holding
2026-09-21T13:08:20.716+09:00,TEST_0003_TEST_P01,TEST_P01,SOFT_GRIP_ENTRY,,696.52197265625,60.54991149902344,486.6640930175781,178.59873962402344,-89.7848892211914,-179.94627380371094,-8.8619,-2.3203,0.7174,0.3866,-0.0095,0.0015,-5.4505,-0.1516,0.3235,0.1292,-0.0032,0.0005,-0.7531,-2.5362,-8.7996,0.3866,-0.0095,0.0015,-0.3442,-0.2849,-5.4439,0.1292,-0.0032,0.0005,5.4505,23.2564,,,17.9,holding
2026-09-21T13:08:20.772+09:00,TEST_0003_TEST_P01,TEST_P01,SOFT_GRIP_ENTRY,,697.0591430664062,60.573238372802734,486.55419921875,178.6005401611328,-89.79389190673828,-179.94387817382812,-11.2927,-2.1018,0.6232,0.3953,-0.0097,0.0015,-7.8813,0.067,0.2293,0.1379,-0.0034,0.0005,-0.6662,-2.3763,-11.2356,0.3953,-0.0097,0.0015,-0.2573,-0.125,-7.88,0.1379,-0.0034,0.0005,7.8813,23.7936,,,17.9,holding
2026-09-21T13:08:20.829+09:00,TEST_0003_TEST_P01,TEST_P01,SOFT_GRIP_ENTRY,,697.5369873046875,60.582733154296875,486.5821533203125,178.6016082763672,-89.79161071777344,-179.9431915283203,-11.2927,-2.1018,0.6232,0.3953,-0.0097,0.0015,-7.8813,0.067,0.2293,0.1379,-0.0034,0.0005,-0.6662,-2.3763,-11.2356,0.3953,-0.0097,0.0015,-0.2573,-0.125,-7.88,0.1379,-0.0034,0.0005,7.8813,24.2714,,,18.1,holding
2026-09-21T13:08:21.884+09:00,TEST_0003_TEST_P01,TEST_P01,SOFT_GRIP_ENTRY,SOFT_GRIP_STABILIZATION_END,698.33203125,60.47465133666992,486.6761169433594,178.5926971435547,-89.78015899658203,-179.9388885498047,-10.8357,-0.8169,-0.6986,0.4983,-0.0122,0.0019,0.0,0.0,0.0,0.0,0.0,0.0,0.656,-1.0835,-10.815,0.4983,-0.0122,0.0019,0.0,0.0,0.0,0.0,0.0,0.0,,,,,18.2,holding
2026-09-21T13:08:21.945+09:00,TEST_0003_TEST_P01,TEST_P01,HARD_GRIP,HARD_GRIP_COMMAND,698.3289184570312,60.47520065307617,486.6819763183594,178.5927734375,-89.77970123291016,-179.9387969970703,-10.8357,-0.8169,-0.6986,0.4983,-0.0122,0.0019,0.0,0.0,0.0,0.0,0.0,0.0,0.656,-1.0835,-10.815,0.4983,-0.0122,0.0019,0.0,0.0,0.0,0.0,0.0,0.0,,,,,18.2,holding
2026-09-21T13:08:22.949+09:00,TEST_0003_TEST_P01,TEST_P01,HARD_GRIP,HARD_GRIP_STABILIZATION_END,698.2808227539062,60.490760803222656,486.7682800292969,178.59451293945312,-89.77272033691406,-179.9408721923828,-10.1738,-0.3968,-2.3537,0.6051,-0.0148,0.0024,0.0,0.0,0.0,0.0,0.0,0.0,2.3128,-0.6486,-10.1702,0.6051,-0.0148,0.0024,0.0,0.0,0.0,0.0,0.0,0.0,,,,,17.4,moving
2026-09-21T13:08:22.975+09:00,TEST_0003_TEST_P01,TEST_P01,PULL_TEST,,698.2802734375,60.490657806396484,486.7695007324219,178.59451293945312,-89.77262115478516,-179.9408416748047,-10.1498,-0.4361,-2.4365,0.6053,-0.0149,0.0024,0.024,-0.0393,-0.0828,0.0002,-0.0,0.0,2.3955,-0.6874,-10.1457,0.6053,-0.0149,0.0024,0.0827,-0.0388,0.0246,0.0002,-0.0,0.0,,,0.024,0.0005,17.4,moving
2026-09-21T13:08:23.031+09:00,TEST_0003_TEST_P01,TEST_P01,PULL_TEST,,698.2769775390625,60.490684509277344,486.7747497558594,178.59451293945312,-89.77215576171875,-179.94091796875,-10.1498,-0.4361,-2.4365,0.6053,-0.0149,0.0024,0.024,-0.0393,-0.0828,0.0002,-0.0,0.0,2.3955,-0.6874,-10.1457,0.6053,-0.0149,0.0024,0.0827,-0.0388,0.0246,0.0002,-0.0,0.0,,,0.024,0.0038,17.4,moving
2026-09-21T13:08:23.086+09:00,TEST_0003_TEST_P01,TEST_P01,PULL_TEST,,698.230224609375,60.48802947998047,486.8447570800781,178.59474182128906,-89.76651763916016,-179.9394073486328,-8.9244,-0.4189,-2.5622,0.6082,-0.0149,0.0024,1.2494,-0.0222,-0.2085,0.0031,-0.0001,0.0,2.5259,-0.6403,-8.9217,0.6082,-0.0149,0.0024,0.2131,0.0083,1.2486,0.0031,-0.0001,0.0,,,1.2494,0.0506,17.4,moving
2026-09-21T13:08:23.142+09:00,TEST_0003_TEST_P01,TEST_P01,PULL_TEST,,698.0595092773438,60.47388458251953,486.9444580078125,178.5935821533203,-89.75824737548828,-179.93276977539062,-8.9244,-0.4189,-2.5622,0.6082,-0.0149,0.0024,1.2494,-0.0222,-0.2085,0.0031,-0.0001,0.0,2.5259,-0.6403,-8.9217,0.6082,-0.0149,0.0024,0.2131,0.0083,1.2486,0.0031,-0.0001,0.0,,,1.2494,0.2213,17.4,moving
2026-09-21T13:08:23.198+09:00,TEST_0003_TEST_P01,TEST_P01,PULL_TEST,,697.724365234375,60.45665740966797,487.0179748535156,178.59197998046875,-89.75135803222656,-179.93128967285156,-6.525,-0.6001,-3.1538,0.5932,-0.0146,0.0025,3.6488,-0.2033,-0.8,-0.0119,0.0003,0.0001,3.1251,-0.7638,-6.5216,0.5932,-0.0146,0.0025,0.8123,-0.1152,3.6486,-0.0119,0.0003,0.0001,,,3.6488,0.5565,17.4,moving
2026-09-21T13:08:23.256+09:00,TEST_0003_TEST_P01,TEST_P01,PULL_TEST,,697.2338256835938,60.440406799316406,487.0194091796875,178.5909881591797,-89.75052642822266,-179.9309844970703,-5.2493,-0.7904,-4.1416,0.6187,-0.0152,0.0027,4.9245,-0.3936,-1.7879,0.0136,-0.0004,0.0003,4.1177,-0.9242,-5.2463,0.6187,-0.0152,0.0027,1.8049,-0.2756,4.924,0.0136,-0.0004,0.0003,,,4.9245,1.047,17.4,moving
2026-09-21T13:08:23.311+09:00,TEST_0003_TEST_P01,TEST_P01,PULL_TEST,,696.6619873046875,60.44077682495117,486.95062255859375,178.59136962890625,-89.7553939819336,-179.9315643310547,-5.2493,-0.7904,-4.1416,0.6187,-0.0152,0.0027,4.9245,-0.3936,-1.7879,0.0136,-0.0004,0.0003,4.1177,-0.9242,-5.2463,0.6187,-0.0152,0.0027,1.8049,-0.2756,4.924,0.0136,-0.0004,0.0003,,,4.9245,1.6188,17.4,moving
2026-09-21T13:08:23.369+09:00,TEST_0003_TEST_P01,TEST_P01,PULL_TEST,,696.0984497070312,60.434181213378906,486.91961669921875,178.59068298339844,-89.75708770751953,-179.93453979492188,-6.1106,-0.8572,-4.3386,0.6944,-0.0171,0.0029,4.0632,-0.4604,-1.9849,0.0893,-0.0022,0.0006,4.3118,-1.0121,-6.1059,0.6944,-0.0171,0.0029,1.999,-0.3635,4.0643,0.0893,-0.0022,0.0006,,,4.0632,2.1824,17.4,moving
2026-09-21T13:08:23.424+09:00,TEST_0003_TEST_P01,TEST_P01,PULL_TEST,,695.5213012695312,60.412017822265625,486.92156982421875,178.5889892578125,-89.75660705566406,-179.9385986328125,-6.1106,-0.8572,-4.3386,0.6944,-0.0171,0.0029,4.0632,-0.4604,-1.9849,0.0893,-0.0022,0.0006,4.3118,-1.0121,-6.1059,0.6944,-0.0171,0.0029,1.999,-0.3635,4.0643,0.0893,-0.0022,0.0006,,,4.0632,2.7595,17.4,moving
2026-09-21T13:08:23.479+09:00,TEST_0003_TEST_P01,TEST_P01,PULL_TEST,,694.9473876953125,60.3913459777832,486.8685302734375,178.58740234375,-89.76078796386719,-179.93821716308594,-5.5821,-0.7049,-4.2298,0.775,-0.0191,0.0033,4.5917,-0.3082,-1.876,0.1699,-0.0042,0.0009,4.2054,-0.8468,-5.5808,0.775,-0.0191,0.0033,1.8926,-0.1981,4.5894,0.1699,-0.0042,0.0009,,,4.5917,3.3334,17.4,moving
2026-09-21T13:08:23.534+09:00,TEST_0003_TEST_P01,TEST_P01,PULL_TEST,,694.393310546875,60.39748001098633,486.7987060546875,178.58778381347656,-89.76630401611328,-179.9357147216797,-5.5821,-0.7049,-4.2298,0.775,-0.0191,0.0033,4.5917,-0.3082,-1.876,0.1699,-0.0042,0.0009,4.2054,-0.8468,-5.5808,0.775,-0.0191,0.0033,1.8926,-0.1981,4.5894,0.1699,-0.0042,0.0009,,,4.5917,3.8875,17.4,moving
2026-09-21T13:08:23.589+09:00,TEST_0003_TEST_P01,TEST_P01,PULL_TEST,,693.8248901367188,60.42803955078125,486.79443359375,178.59075927734375,-89.7665786743164,-179.9348907470703,-6.1124,-0.6503,-3.8461,0.8165,-0.0201,0.0034,4.0614,-0.2535,-1.4923,0.2114,-0.0053,0.001,3.8202,-0.805,-6.1102,0.8165,-0.0201,0.0034,1.5074,-0.1564,4.0601,0.2114,-0.0053,0.001,,,4.0614,4.4559,17.4,moving
2026-09-21T13:08:23.646+09:00,TEST_0003_TEST_P01,TEST_P01,PULL_TEST,,693.2402954101562,60.4417610168457,486.91619873046875,178.59225463867188,-89.7568130493164,-179.93592834472656,-6.1124,-0.6503,-3.8461,0.8165,-0.0201,0.0034,4.0614,-0.2535,-1.4923,0.2114,-0.0053,0.001,3.8202,-0.805,-6.1102,0.8165,-0.0201,0.0034,1.5074,-0.1564,4.0601,0.2114,-0.0053,0.001,,,4.0614,5.0405,17.4,moving
2026-09-21T13:08:23.702+09:00,TEST_0003_TEST_P01,TEST_P01,PULL_TEST,,692.682373046875,60.42284393310547,486.8806457519531,178.590576171875,-89.75977325439453,-179.9374542236328,-5.6531,-0.8179,-3.3918,0.8361,-0.0206,0.0035,4.5207,-0.4211,-1.038,0.231,-0.0057,0.0011,3.3667,-0.9603,-5.6456,0.8361,-0.0206,0.0035,1.0539,-0.3116,4.5246,0.231,-0.0057,0.0011,,,4.5207,5.5984,17.4,moving
2026-09-21T13:08:23.757+09:00,TEST_0003_TEST_P01,TEST_P01,PULL_TEST,,692.13134765625,60.40398406982422,486.7793884277344,178.58908081054688,-89.76811218261719,-179.9376220703125,-4.8085,-0.9265,-2.8973,0.8571,-0.0211,0.0036,5.3653,-0.5297,-0.5436,0.252,-0.0062,0.0012,2.8768,-1.0477,-4.7959,0.8571,-0.0211,0.0036,0.564,-0.3991,5.3743,0.252,-0.0062,0.0012,,,5.3653,6.1495,17.4,moving
2026-09-21T13:08:23.813+09:00,TEST_0003_TEST_P01,TEST_P01,PULL_TEST,,691.5667724609375,60.40160369873047,486.7727966308594,178.58944702148438,-89.7685546875,-179.9382781982422,-4.8085,-0.9265,-2.8973,0.8571,-0.0211,0.0036,5.3653,-0.5297,-0.5436,0.252,-0.0062,0.0012,2.8768,-1.0477,-4.7959,0.8571,-0.0211,0.0036,0.564,-0.3991,5.3743,0.252,-0.0062,0.0012,,,5.3653,6.7141,17.4,moving
2026-09-21T13:08:23.868+09:00,TEST_0003_TEST_P01,TEST_P01,PULL_TEST,,691.0134887695312,60.43049240112305,486.7633361816406,178.59161376953125,-89.76925659179688,-179.94232177734375,-4.3565,-1.0617,-3.0125,0.8718,-0.0215,0.0036,5.8173,-0.6649,-0.6588,0.2667,-0.0066,0.0012,2.9936,-1.1716,-4.3413,0.8718,-0.0215,0.0036,0.6808,-0.523,5.8289,0.2667,-0.0066,0.0012,,,5.8173,7.2673,17.4,moving
2026-09-21T13:08:23.924+09:00,TEST_0003_TEST_P01,TEST_P01,PULL_TEST,,690.4641723632812,60.46461486816406,486.71978759765625,178.59385681152344,-89.77259063720703,-179.94309997558594,-4.3565,-1.0617,-3.0125,0.8718,-0.0215,0.0036,5.8173,-0.6649,-0.6588,0.2667,-0.0066,0.0012,2.9936,-1.1716,-4.3413,0.8718,-0.0215,0.0036,0.6808,-0.523,5.8289,0.2667,-0.0066,0.0012,,,5.8173,7.8167,17.4,moving
2026-09-21T13:08:23.980+09:00,TEST_0003_TEST_P01,TEST_P01,PULL_TEST,,689.8904418945312,60.469505310058594,486.663818359375,178.5943603515625,-89.7768325805664,-179.9413604736328,-3.5198,-1.0878,-2.8293,0.8962,-0.022,0.0036,6.654,-0.691,-0.4756,0.2911,-0.0072,0.0012,2.8146,-1.1766,-3.503,0.8962,-0.022,0.0036,0.5018,-0.528,6.6673,0.2911,-0.0072,0.0012,,,6.654,8.3904,17.4,moving
2026-09-21T13:08:24.035+09:00,TEST_0003_TEST_P01,TEST_P01,PULL_TEST,,689.3391723632812,60.45413589477539,486.66534423828125,178.59327697753906,-89.7767105102539,-179.94114685058594,-3.5198,-1.0878,-2.8293,0.8962,-0.022,0.0036,6.654,-0.691,-0.4756,0.2911,-0.0072,0.0012,2.8146,-1.1766,-3.503,0.8962,-0.022,0.0036,0.5018,-0.528,6.6673,0.2911,-0.0072,0.0012,,,6.654,8.9417,17.4,moving
2026-09-21T13:08:24.091+09:00,TEST_0003_TEST_P01,TEST_P01,PULL_TEST,,688.8181762695312,60.438358306884766,486.6665344238281,178.59146118164062,-89.77661895751953,-179.9437713623047,-2.712,-1.05,-3.1898,0.9047,-0.0222,0.0035,7.4619,-0.6532,-0.8361,0.2996,-0.0074,0.0011,3.178,-1.1195,-2.6979,0.9047,-0.0222,0.0035,0.8652,-0.4709,7.4723,0.2996,-0.0074,0.0011,,,7.4619,9.4626,17.4,moving
2026-09-21T13:08:24.147+09:00,TEST_0003_TEST_P01,TEST_P01,PULL_TEST,,688.25146484375,60.43537902832031,486.6892395019531,178.59109497070312,-89.77459716796875,-179.941650390625,-2.712,-1.05,-3.1898,0.9047,-0.0222,0.0035,7.4619,-0.6532,-0.8361,0.2996,-0.0074,0.0011,3.178,-1.1195,-2.6979,0.9047,-0.0222,0.0035,0.8652,-0.4709,7.4723,0.2996,-0.0074,0.0011,,,7.4619,10.0294,17.4,moving
2026-09-21T13:08:24.204+09:00,TEST_0003_TEST_P01,TEST_P01,PULL_TEST,,687.6597900390625,60.45345687866211,486.73492431640625,178.59310913085938,-89.77069854736328,-179.93923950195312,-1.7698,-1.1362,-2.6323,0.9103,-0.0224,0.0036,8.404,-0.7395,-0.2786,0.3052,-0.0075,0.0012,2.6242,-1.1821,-1.7517,0.9103,-0.0224,0.0036,0.3114,-0.5335,8.4185,0.3052,-0.0075,0.0012,,,8.404,10.621,17.4,moving
2026-09-21T13:08:32.482+09:00,TEST_0003_TEST_P01,TEST_P01,RELEASE,RETURN_SOFT_GRIP_COMMAND,687.5364990234375,60.488224029541016,486.6481628417969,178.59542846679688,-89.78137969970703,-179.94284057617188,-2.8559,-1.3922,0.8268,0.8437,-0.0207,0.0032,0.0,0.0,0.0,0.0,0.0,0.0,-0.839,-1.461,-2.8178,0.8437,-0.0207,0.0032,0.0,0.0,0.0,0.0,0.0,0.0,,,,,17.2,holding
2026-09-21T13:08:33.165+09:00,TEST_0003_TEST_P01,TEST_P01,RELEASE,RETURN_SOFT_GRIP_OPEN_REACHED,687.5353393554688,60.488014221191406,486.6505126953125,178.59542846679688,-89.78118133544922,-179.94281005859375,-1.9713,-2.0851,1.0637,0.8345,-0.0205,0.0032,0.0,0.0,0.0,0.0,0.0,0.0,-1.0731,-2.1318,-1.9155,0.8345,-0.0205,0.0032,0.0,0.0,0.0,0.0,0.0,0.0,,,,,21.1,moving
2026-09-21T13:08:43.974+09:00,TEST_0004_TEST_P01,TEST_P01,PREPARE_SOFT_GRIP,INITIAL_SOFT_GRIP_OPEN_COMMAND,553.9649047851562,110.7964096069336,464.7008361816406,12.75623893737793,98.03450775146484,-32.24590301513672,-2.9333,-3.0549,0.6567,0.7588,0.1718,-0.1098,0.0,0.0,0.0,0.0,0.0,0.0,1.1121,-2.0555,-3.5925,0.7588,0.1718,-0.1098,0.0,0.0,0.0,0.0,0.0,0.0,,,,,22.6,holding
2026-09-21T13:08:43.988+09:00,TEST_0004_TEST_P01,TEST_P01,PREPARE_SOFT_GRIP,INITIAL_SOFT_GRIP_OPEN_REACHED,553.9649047851562,110.7964096069336,464.7008361816406,12.75623893737793,98.03450775146484,-32.24590301513672,-2.9333,-3.0549,0.6567,0.7588,0.1718,-0.1098,0.0,0.0,0.0,0.0,0.0,0.0,1.1121,-2.0555,-3.5925,0.7588,0.1718,-0.1098,0.0,0.0,0.0,0.0,0.0,0.0,,,,,22.6,holding
2026-09-21T13:08:46.068+09:00,TEST_0004_TEST_P01,TEST_P01,SOFT_GRIP_ENTRY,SOFT_GRIP_COMMAND,673.26318359375,60.49095153808594,486.67022705078125,178.5946807861328,-89.7802963256836,-179.94239807128906,-3.2038,-2.5297,0.7699,0.2672,-0.0066,0.001,0.0,0.0,0.0,0.0,0.0,0.0,-0.7846,-2.6067,-3.1378,0.2672,-0.0066,0.001,0.0,0.0,0.0,0.0,0.0,0.0,,,,,22.6,holding
2026-09-21T13:08:46.175+09:00,TEST_0004_TEST_P01,TEST_P01,SOFT_GRIP_ENTRY,ENTRY_MOTION_START_WIDTH_REACHED,673.2578735351562,60.49287033081055,486.6788635253906,178.59518432617188,-89.77973937988281,-179.9427947998047,-3.149,-2.5333,0.8056,0.2976,-0.0073,0.0011,0.0548,-0.0036,0.0356,0.0303,-0.0007,0.0001,-0.82,-2.6089,-3.0828,0.2976,-0.0073,0.0011,-0.0354,-0.0022,0.055,0.0303,-0.0007,0.0001,,,,,21.8,moving
2026-09-21T13:08:46.207+09:00,TEST_0004_TEST_P01,TEST_P01,SOFT_GRIP_ENTRY,,673.2544555664062,60.49250411987305,486.6849060058594,178.5953369140625,-89.7793197631836,-179.9428253173828,-3.149,-2.5333,0.8056,0.2976,-0.0073,0.0011,0.0548,-0.0036,0.0356,0.0303,-0.0007,0.0001,-0.82,-2.6089,-3.0828,0.2976,-0.0073,0.0011,-0.0354,-0.0022,0.055,0.0303,-0.0007,0.0001,0.0548,-0.0093,,,21.3,moving
2026-09-21T13:08:46.263+09:00,TEST_0004_TEST_P01,TEST_P01,SOFT_GRIP_ENTRY,,673.2498779296875,60.49325180053711,486.6947937011719,178.59561157226562,-89.778564453125,-179.94322204589844,-3.1142,-2.5846,0.9264,0.337,-0.0083,0.0013,0.0895,-0.0549,0.1565,0.0698,-0.0017,0.0003,-0.9409,-2.6592,-3.0463,0.337,-0.0083,0.0013,-0.1563,-0.0525,0.0914,0.0698,-0.0017,0.0003,0.0895,-0.0139,,,18.6,moving
2026-09-21T13:08:46.320+09:00,TEST_0004_TEST_P01,TEST_P01,SOFT_GRIP_ENTRY,,673.2557373046875,60.49694061279297,486.72735595703125,178.59649658203125,-89.77607727050781,-179.9447784423828,-3.1142,-2.5846,0.9264,0.337,-0.0083,0.0013,0.0895,-0.0549,0.1565,0.0698,-0.0017,0.0003,-0.9409,-2.6592,-3.0463,0.337,-0.0083,0.0013,-0.1563,-0.0525,0.0914,0.0698,-0.0017,0.0003,0.0895,-0.008,,,18.2,moving
2026-09-21T13:08:46.376+09:00,TEST_0004_TEST_P01,TEST_P01,SOFT_GRIP_ENTRY,,673.3214721679688,60.5223503112793,486.9348449707031,178.60043334960938,-89.7595443725586,-179.95193481445312,-3.45,-2.7186,1.078,0.3878,-0.0095,0.0015,-0.2462,-0.1889,0.308,0.1206,-0.0029,0.0005,-1.0942,-2.8012,-3.378,0.3878,-0.0095,0.0015,-0.3096,-0.1945,-0.2403,0.1206,-0.0029,0.0005,0.2462,0.0577,,,18.1,moving
2026-09-21T13:08:46.432+09:00,TEST_0004_TEST_P01,TEST_P01,SOFT_GRIP_ENTRY,,673.5958251953125,60.551368713378906,487.1814270019531,178.60369873046875,-89.7405014038086,-179.9577178955078,-3.45,-2.7186,1.078,0.3878,-0.0095,0.0015,-0.2462,-0.1889,0.308,0.1206,-0.0029,0.0005,-1.0942,-2.8012,-3.378,0.3878,-0.0095,0.0015,-0.3096,-0.1945,-0.2403,0.1206,-0.0029,0.0005,0.2462,0.3321,,,18.1,moving
2026-09-21T13:08:46.486+09:00,TEST_0004_TEST_P01,TEST_P01,SOFT_GRIP_ENTRY,,674.0534057617188,60.573429107666016,487.0997314453125,178.60528564453125,-89.7480697631836,-179.9535369873047,-5.0193,-2.5707,0.1512,0.3814,-0.0093,0.0017,-1.8156,-0.041,-0.6187,0.1141,-0.0028,0.0006,-0.1756,-2.6921,-4.9545,0.3814,-0.0093,0.0017,0.609,-0.0853,-1.8167,0.1141,-0.0028,0.0006,1.8156,0.7897,,,17.9,holding
2026-09-21T13:08:46.541+09:00,TEST_0004_TEST_P01,TEST_P01,SOFT_GRIP_ENTRY,,674.619140625,60.5697135925293,487.0526428222656,178.6041259765625,-89.7528305053711,-179.94891357421875,-5.0193,-2.5707,0.1512,0.3814,-0.0093,0.0017,-1.8156,-0.041,-0.6187,0.1141,-0.0028,0.0006,-0.1756,-2.6921,-4.9545,0.3814,-0.0093,0.0017,0.609,-0.0853,-1.8167,0.1141,-0.0028,0.0006,1.8156,1.3554,,,17.9,holding
2026-09-21T13:08:46.597+09:00,TEST_0004_TEST_P01,TEST_P01,SOFT_GRIP_ENTRY,,675.189697265625,60.56907272338867,487.0411682128906,178.60350036621094,-89.75469207763672,-179.94851684570312,-4.946,-2.3349,0.3297,0.3596,-0.0088,0.0016,-1.7423,0.1949,-0.4402,0.0923,-0.0022,0.0005,-0.3528,-2.4544,-4.8862,0.3596,-0.0088,0.0016,0.4318,0.1524,-1.7484,0.0923,-0.0022,0.0005,1.7423,1.926,,,17.9,holding
2026-09-21T13:08:46.654+09:00,TEST_0004_TEST_P01,TEST_P01,SOFT_GRIP_ENTRY,,675.7830810546875,60.58588409423828,487.0614929199219,178.6048126220703,-89.75332641601562,-179.94448852539062,-5.2236,-2.3127,0.5939,0.3673,-0.009,0.0016,-2.0199,0.217,-0.176,0.1001,-0.0024,0.0006,-0.6186,-2.4386,-5.1632,0.3673,-0.009,0.0016,0.166,0.1681,-2.0254,0.1001,-0.0024,0.0006,2.0199,2.5193,,,17.9,holding
2026-09-21T13:08:46.710+09:00,TEST_0004_TEST_P01,TEST_P01,SOFT_GRIP_ENTRY,,676.3635864257812,60.58039093017578,486.9689025878906,178.60421752929688,-89.7611083984375,-179.94505310058594,-5.2236,-2.3127,0.5939,0.3673,-0.009,0.0016,-2.0199,0.217,-0.176,0.1001,-0.0024,0.0006,-0.6186,-2.4386,-5.1632,0.3673,-0.009,0.0016,0.166,0.1681,-2.0254,0.1001,-0.0024,0.0006,2.0199,3.0999,,,17.9,holding
2026-09-21T13:08:46.766+09:00,TEST_0004_TEST_P01,TEST_P01,SOFT_GRIP_ENTRY,,676.9334106445312,60.536354064941406,486.9412536621094,178.60043334960938,-89.7636947631836,-179.95118713378906,-5.1482,-2.2422,1.2313,0.3733,-0.0091,0.0016,-1.9445,0.2875,0.4614,0.106,-0.0025,0.0005,-1.2545,-2.3661,-5.0868,0.3733,-0.0091,0.0016,-0.4699,0.2406,-1.949,0.106,-0.0025,0.0005,1.9445,3.6697,,,17.9,holding
2026-09-21T13:08:46.822+09:00,TEST_0004_TEST_P01,TEST_P01,SOFT_GRIP_ENTRY,,677.50146484375,60.507652282714844,486.99737548828125,178.59825134277344,-89.75914001464844,-179.94932556152344,-5.1482,-2.2422,1.2313,0.3733,-0.0091,0.0016,-1.9445,0.2875,0.4614,0.106,-0.0025,0.0005,-1.2545,-2.3661,-5.0868,0.3733,-0.0091,0.0016,-0.4699,0.2406,-1.949,0.106,-0.0025,0.0005,1.9445,4.2377,,,17.9,holding
2026-09-21T13:08:46.878+09:00,TEST_0004_TEST_P01,TEST_P01,SOFT_GRIP_ENTRY,,678.0816040039062,60.51519775390625,486.97772216796875,178.59828186035156,-89.76069641113281,-179.94737243652344,-5.8434,-2.0888,1.562,0.3815,-0.0093,0.0016,-2.6396,0.4409,0.7921,0.1143,-0.0028,0.0006,-1.5881,-2.2297,-5.784,0.3815,-0.0093,0.0016,-0.8035,0.377,-2.6462,0.1143,-0.0028,0.0006,2.6396,4.8179,,,17.9,holding
2026-09-21T13:08:46.933+09:00,TEST_0004_TEST_P01,TEST_P01,SOFT_GRIP_ENTRY,,678.6229858398438,60.52436828613281,486.96954345703125,178.59878540039062,-89.76140594482422,-179.94863891601562,-5.8434,-2.0888,1.562,0.3815,-0.0093,0.0016,-2.6396,0.4409,0.7921,0.1143,-0.0028,0.0006,-1.5881,-2.2297,-5.784,0.3815,-0.0093,0.0016,-0.8035,0.377,-2.6462,0.1143,-0.0028,0.0006,2.6396,5.3593,,,17.9,holding
2026-09-21T13:08:46.987+09:00,TEST_0004_TEST_P01,TEST_P01,SOFT_GRIP_ENTRY,,679.1604614257812,60.52033233642578,486.964111328125,178.5986785888672,-89.7615966796875,-179.94534301757812,-6.6057,-2.1868,1.9859,0.3867,-0.0095,0.0016,-3.4019,0.3429,1.216,0.1194,-0.0029,0.0006,-2.0155,-2.3458,-6.5418,0.3867,-0.0095,0.0016,-1.2309,0.2609,-3.4041,0.1194,-0.0029,0.0006,3.4019,5.8967,,,17.9,holding
2026-09-21T13:08:47.043+09:00,TEST_0004_TEST_P01,TEST_P01,SOFT_GRIP_ENTRY,,679.7242431640625,60.492706298828125,487.0050964355469,178.59596252441406,-89.75804901123047,-179.94219970703125,-6.6057,-2.1868,1.9859,0.3867,-0.0095,0.0016,-3.4019,0.3429,1.216,0.1194,-0.0029,0.0006,-2.0155,-2.3458,-6.5418,0.3867,-0.0095,0.0016,-1.2309,0.2609,-3.4041,0.1194,-0.0029,0.0006,3.4019,6.4605,,,17.9,holding
2026-09-21T13:08:47.099+09:00,TEST_0004_TEST_P01,TEST_P01,SOFT_GRIP_ENTRY,,680.288818359375,60.488162994384766,487.0746154785156,178.59524536132812,-89.75227355957031,-179.9441680908203,-7.8325,-2.1705,2.357,0.3895,-0.0095,0.0016,-4.6288,0.3592,1.5871,0.1222,-0.003,0.0006,-2.3922,-2.3594,-7.7669,0.3895,-0.0095,0.0016,-1.6076,0.2473,-4.6292,0.1222,-0.003,0.0006,4.6288,7.0251,,,17.9,holding
2026-09-21T13:08:47.154+09:00,TEST_0004_TEST_P01,TEST_P01,SOFT_GRIP_ENTRY,,680.828369140625,60.51112365722656,486.9488525390625,178.59754943847656,-89.76239776611328,-179.9441680908203,-9.3687,-2.2648,3.1746,0.3906,-0.0096,0.0017,-6.1649,0.2649,2.4046,0.1234,-0.003,0.0006,-3.2156,-2.4903,-9.2972,0.3906,-0.0096,0.0017,-2.431,0.1164,-6.1594,0.1234,-0.003,0.0006,6.1649,7.5646,,,17.9,holding
2026-09-21T13:08:47.211+09:00,TEST_0004_TEST_P01,TEST_P01,SOFT_GRIP_ENTRY,,681.3975219726562,60.54751205444336,486.90179443359375,178.6006622314453,-89.7666244506836,-179.94476318359375,-9.3687,-2.2648,3.1746,0.3906,-0.0096,0.0017,-6.1649,0.2649,2.4046,0.1234,-0.003,0.0006,-3.2156,-2.4903,-9.2972,0.3906,-0.0096,0.0017,-2.431,0.1164,-6.1594,0.1234,-0.003,0.0006,6.1649,8.1338,,,17.9,holding
2026-09-21T13:08:47.266+09:00,TEST_0004_TEST_P01,TEST_P01,SOFT_GRIP_ENTRY,,681.9775390625,60.55179214477539,486.9493713378906,178.6005096435547,-89.76275634765625,-179.94737243652344,-8.8065,-2.3963,2.9887,0.393,-0.0096,0.0016,-5.6028,0.1334,2.2188,0.1257,-0.0031,0.0006,-3.0268,-2.6079,-8.7331,0.393,-0.0096,0.0016,-2.2422,-0.0012,-5.5953,0.1257,-0.0031,0.0006,5.6028,8.7138,,,17.9,holding
2026-09-21T13:08:47.321+09:00,TEST_0004_TEST_P01,TEST_P01,SOFT_GRIP_ENTRY,,682.5209350585938,60.5278205871582,487.0081787109375,178.59881591796875,-89.75774383544922,-179.94485473632812,-8.8065,-2.3963,2.9887,0.393,-0.0096,0.0016,-5.6028,0.1334,2.2188,0.1257,-0.0031,0.0006,-3.0268,-2.6079,-8.7331,0.393,-0.0096,0.0016,-2.2422,-0.0012,-5.5953,0.1257,-0.0031,0.0006,5.6028,9.2572,,,17.9,holding
2026-09-21T13:08:47.376+09:00,TEST_0004_TEST_P01,TEST_P01,SOFT_GRIP_ENTRY,,683.0709838867188,60.49679183959961,486.9491271972656,178.59649658203125,-89.76277923583984,-179.94325256347656,-9.7547,-2.4832,3.7615,0.3948,-0.0097,0.0017,-6.551,0.0465,2.9916,0.1276,-0.0031,0.0006,-3.8052,-2.7175,-9.675,0.3948,-0.0097,0.0017,-3.0206,-0.1108,-6.5372,0.1276,-0.0031,0.0006,6.551,9.8073,,,17.9,holding
2026-09-21T13:08:47.432+09:00,TEST_0004_TEST_P01,TEST_P01,SOFT_GRIP_ENTRY,,683.6431884765625,60.50233459472656,486.8183288574219,178.59654235839844,-89.77371978759766,-179.95001220703125,-9.7547,-2.4832,3.7615,0.3948,-0.0097,0.0017,-6.551,0.0465,2.9916,0.1276,-0.0031,0.0006,-3.8052,-2.7175,-9.675,0.3948,-0.0097,0.0017,-3.0206,-0.1108,-6.5372,0.1276,-0.0031,0.0006,6.551,10.3795,,,17.9,holding
2026-09-21T13:08:47.486+09:00,TEST_0004_TEST_P01,TEST_P01,SOFT_GRIP_ENTRY,,684.19677734375,60.50911331176758,486.84161376953125,178.5968780517578,-89.77149963378906,-179.94960021972656,-10.6713,-2.253,3.5862,0.4005,-0.0098,0.0016,-7.4676,0.2767,2.8163,0.1333,-0.0033,0.0006,-3.6297,-2.5106,-10.5989,0.4005,-0.0098,0.0016,-2.8451,0.0961,-7.4611,0.1333,-0.0033,0.0006,7.4676,10.933,,,17.9,holding
2026-09-21T13:08:47.541+09:00,TEST_0004_TEST_P01,TEST_P01,SOFT_GRIP_ENTRY,,684.7578125,60.51749801635742,486.8634338378906,178.597412109375,-89.76976013183594,-179.9447479248047,-10.6713,-2.253,3.5862,0.4005,-0.0098,0.0016,-7.4676,0.2767,2.8163,0.1333,-0.0033,0.0006,-3.6297,-2.5106,-10.5989,0.4005,-0.0098,0.0016,-2.8451,0.0961,-7.4611,0.1333,-0.0033,0.0006,7.4676,11.4941,,,17.9,holding
2026-09-21T13:08:47.596+09:00,TEST_0004_TEST_P01,TEST_P01,SOFT_GRIP_ENTRY,,685.3268432617188,60.49628829956055,486.649658203125,178.59524536132812,-89.78746795654297,-179.94898986816406,-11.5576,-2.5577,3.4726,0.3891,-0.0095,0.0016,-8.3539,-0.028,2.7026,0.1218,-0.003,0.0005,-3.5212,-2.8364,-11.4776,0.3891,-0.0095,0.0016,-2.7366,-0.2297,-8.3398,0.1218,-0.003,0.0005,8.3539,12.0631,,,17.9,holding
2026-09-21T13:08:47.651+09:00,TEST_0004_TEST_P01,TEST_P01,SOFT_GRIP_ENTRY,,685.859619140625,60.464481353759766,486.61151123046875,178.59307861328125,-89.7903823852539,-179.9496612548828,-11.5576,-2.5577,3.4726,0.3891,-0.0095,0.0016,-8.3539,-0.028,2.7026,0.1218,-0.003,0.0005,-3.5212,-2.8364,-11.4776,0.3891,-0.0095,0.0016,-2.7366,-0.2297,-8.3398,0.1218,-0.003,0.0005,8.3539,12.5959,,,17.9,holding
2026-09-21T13:08:47.706+09:00,TEST_0004_TEST_P01,TEST_P01,SOFT_GRIP_ENTRY,,686.4138793945312,60.44911193847656,486.630615234375,178.59161376953125,-89.7885971069336,-179.9451446533203,-12.4438,-2.2293,2.1114,0.3912,-0.0096,0.0015,-9.2401,0.3004,1.3414,0.124,-0.003,0.0004,-2.1588,-2.5323,-12.3775,0.3912,-0.0096,0.0015,-1.3742,0.0744,-9.2398,0.124,-0.003,0.0004,9.2401,13.1501,,,17.9,holding
2026-09-21T13:08:47.761+09:00,TEST_0004_TEST_P01,TEST_P01,SOFT_GRIP_ENTRY,,686.9690551757812,60.4615364074707,486.64361572265625,178.5923614501953,-89.78759002685547,-179.94427490234375,-13.4044,-1.8137,1.0811,0.389,-0.0096,0.0014,-10.2006,0.716,0.3111,0.1218,-0.003,0.0004,-1.1325,-2.1414,-13.3517,0.389,-0.0096,0.0014,-0.3479,0.4653,-10.2139,0.1218,-0.003,0.0004,10.2006,13.7053,,,17.9,holding
2026-09-21T13:08:47.817+09:00,TEST_0004_TEST_P01,TEST_P01,SOFT_GRIP_ENTRY,,687.5243530273438,60.47500991821289,486.6369323730469,178.5935516357422,-89.7882308959961,-179.94871520996094,-13.4044,-1.8137,1.0811,0.389,-0.0096,0.0014,-10.2006,0.716,0.3111,0.1218,-0.003,0.0004,-1.1325,-2.1414,-13.3517,0.389,-0.0096,0.0014,-0.3479,0.4653,-10.2139,0.1218,-0.003,0.0004,10.2006,14.2606,,,17.9,holding
2026-09-21T13:08:47.872+09:00,TEST_0004_TEST_P01,TEST_P01,SOFT_GRIP_ENTRY,,688.0554809570312,60.47542190551758,486.6610412597656,178.59393310546875,-89.78596496582031,-179.94850158691406,-14.8657,-1.5731,0.2461,0.3877,-0.0095,0.0014,-11.6619,0.9566,-0.5239,0.1205,-0.003,0.0004,-0.3032,-1.9371,-14.8216,0.3877,-0.0095,0.0014,0.4814,0.6697,-11.6838,0.1205,-0.003,0.0004,11.6619,14.7917,,,17.9,holding
2026-09-21T13:08:47.928+09:00,TEST_0004_TEST_P01,TEST_P01,SOFT_GRIP_ENTRY,,688.6021728515625,60.45281219482422,486.681884765625,178.5920867919922,-89.784423828125,-179.9452362060547,-14.8657,-1.5731,0.2461,0.3877,-0.0095,0.0014,-11.6619,0.9566,-0.5239,0.1205,-0.003,0.0004,-0.3032,-1.9371,-14.8216,0.3877,-0.0095,0.0014,0.4814,0.6697,-11.6838,0.1205,-0.003,0.0004,11.6619,15.3384,,,17.9,holding
2026-09-21T13:08:47.982+09:00,TEST_0004_TEST_P01,TEST_P01,SOFT_GRIP_ENTRY,,689.1603393554688,60.44985580444336,486.6991271972656,178.5915985107422,-89.78324127197266,-179.94752502441406,-16.3876,-1.2702,0.2991,0.3863,-0.0095,0.0014,-13.1839,1.2595,-0.4709,0.1191,-0.0029,0.0004,-0.3622,-1.6723,-16.3502,0.3863,-0.0095,0.0014,0.4224,0.9345,-13.2125,0.1191,-0.0029,0.0004,13.1839,15.8966,,,17.9,holding
2026-09-21T13:08:48.038+09:00,TEST_0004_TEST_P01,TEST_P01,SOFT_GRIP_ENTRY,,689.686279296875,60.47300338745117,486.66546630859375,178.59400939941406,-89.7857666015625,-179.9499969482422,-16.3876,-1.2702,0.2991,0.3863,-0.0095,0.0014,-13.1839,1.2595,-0.4709,0.1191,-0.0029,0.0004,-0.3622,-1.6723,-16.3502,0.3863,-0.0095,0.0014,0.4224,0.9345,-13.2125,0.1191,-0.0029,0.0004,13.1839,16.4225,,,17.9,holding
2026-09-21T13:08:48.094+09:00,TEST_0004_TEST_P01,TEST_P01,SOFT_GRIP_ENTRY,,690.2385864257812,60.509971618652344,486.6520080566406,178.59718322753906,-89.78681182861328,-179.94740295410156,-18.5224,-0.9097,-0.0693,0.3849,-0.0095,0.0015,-15.3186,1.62,-0.8392,0.1176,-0.0029,0.0004,-0.001,-1.3636,-18.4946,0.3849,-0.0095,0.0015,0.7836,1.2431,-15.3569,0.1176,-0.0029,0.0004,15.3186,16.9749,,,17.9,holding
2026-09-21T13:08:48.150+09:00,TEST_0004_TEST_P01,TEST_P01,SOFT_GRIP_ENTRY,,690.8135986328125,60.5449333190918,486.6673889160156,178.59979248046875,-89.7857437133789,-179.94491577148438,-18.5224,-0.9097,-0.0693,0.3849,-0.0095,0.0015,-15.3186,1.62,-0.8392,0.1176,-0.0029,0.0004,-0.001,-1.3636,-18.4946,0.3849,-0.0095,0.0015,0.7836,1.2431,-15.3569,0.1176,-0.0029,0.0004,15.3186,17.5499,,,17.9,holding
2026-09-21T13:08:48.207+09:00,TEST_0004_TEST_P01,TEST_P01,SOFT_GRIP_ENTRY,,691.3704833984375,60.553131103515625,486.70770263671875,178.60025024414062,-89.78207397460938,-179.94796752929688,-19.0694,-0.3216,-0.6425,0.3906,-0.0096,0.0015,-15.8656,2.2081,-1.4125,0.1233,-0.003,0.0004,0.5708,-0.7879,-19.0581,0.3906,-0.0096,0.0015,1.3554,1.8188,-15.9203,0.1233,-0.003,0.0004,15.8656,18.1068,,,17.9,holding
2026-09-21T13:08:48.263+09:00,TEST_0004_TEST_P01,TEST_P01,SOFT_GRIP_ENTRY,,691.9375610351562,60.49522399902344,486.72503662109375,178.5948486328125,-89.77999114990234,-179.94566345214844,-19.8325,0.4178,-0.6673,0.4112,-0.0101,0.0016,-16.6287,2.9475,-1.4372,0.144,-0.0035,0.0005,0.5912,-0.0689,-19.8392,0.4112,-0.0101,0.0016,1.3758,2.5378,-16.7014,0.144,-0.0035,0.0005,16.6287,18.6738,,,17.9,holding
2026-09-21T13:08:48.319+09:00,TEST_0004_TEST_P01,TEST_P01,SOFT_GRIP_ENTRY,,692.50537109375,60.454742431640625,486.73388671875,178.59109497070312,-89.779052734375,-179.9418487548828,-19.8325,0.4178,-0.6673,0.4112,-0.0101,0.0016,-16.6287,2.9475,-1.4372,0.144,-0.0035,0.0005,0.5912,-0.0689,-19.8392,0.4112,-0.0101,0.0016,1.3758,2.5378,-16.7014,0.144,-0.0035,0.0005,16.6287,19.2416,,,17.9,holding
2026-09-21T13:08:48.375+09:00,TEST_0004_TEST_P01,TEST_P01,SOFT_GRIP_ENTRY,,693.0665283203125,60.450321197509766,486.7981262207031,178.59072875976562,-89.77409362792969,-179.941650390625,-19.1513,-0.572,0.0118,0.3987,-0.0098,0.0015,-15.9475,1.9577,-0.7582,0.1314,-0.0032,0.0005,-0.0883,-1.0428,-19.1312,0.3987,-0.0098,0.0015,0.6963,1.5639,-15.9934,0.1314,-0.0032,0.0005,15.9475,19.8028,,,17.9,holding
2026-09-21T13:08:48.430+09:00,TEST_0004_TEST_P01,TEST_P01,SOFT_GRIP_ENTRY,,693.6266479492188,60.476661682128906,486.7982482910156,178.5930938720703,-89.77410125732422,-179.94480895996094,-19.1513,-0.572,0.0118,0.3987,-0.0098,0.0015,-15.9475,1.9577,-0.7582,0.1314,-0.0032,0.0005,-0.0883,-1.0428,-19.1312,0.3987,-0.0098,0.0015,0.6963,1.5639,-15.9934,0.1314,-0.0032,0.0005,15.9475,20.3629,,,17.9,holding
2026-09-21T13:08:48.485+09:00,TEST_0004_TEST_P01,TEST_P01,SOFT_GRIP_ENTRY,,694.17236328125,60.502647399902344,486.6575927734375,178.59544372558594,-89.7854995727539,-179.94570922851562,-19.9365,-1.2159,-0.349,0.39,-0.0096,0.0015,-16.7327,1.3138,-1.1189,0.1227,-0.003,0.0005,0.2711,-1.7048,-19.9018,0.39,-0.0096,0.0015,1.0557,0.9019,-16.7641,0.1227,-0.003,0.0005,16.7327,20.9086,,,17.9,holding
2026-09-21T13:08:48.540+09:00,TEST_0004_TEST_P01,TEST_P01,SOFT_GRIP_ENTRY,,694.7353515625,60.501800537109375,486.5881652832031,178.5953369140625,-89.79138946533203,-179.94468688964844,-19.9365,-1.2159,-0.349,0.39,-0.0096,0.0015,-16.7327,1.3138,-1.1189,0.1227,-0.003,0.0005,0.2711,-1.7048,-19.9018,0.39,-0.0096,0.0015,1.0557,0.9019,-16.7641,0.1227,-0.003,0.0005,16.7327,21.4716,,,17.9,holding
2026-09-21T13:08:48.596+09:00,TEST_0004_TEST_P01,TEST_P01,SOFT_GRIP_ENTRY,,695.3093872070312,60.49921798706055,486.5783386230469,178.59500122070312,-89.79241180419922,-179.94549560546875,-22.4703,-1.2695,-0.7338,0.3838,-0.0094,0.0014,-19.2665,1.2602,-1.5037,0.1166,-0.0029,0.0004,0.65,-1.8207,-22.4349,0.3838,-0.0094,0.0014,1.4346,0.786,-19.2971,0.1166,-0.0029,0.0004,19.2665,22.0457,,,17.9,holding
2026-09-21T13:08:48.652+09:00,TEST_0004_TEST_P01,TEST_P01,SOFT_GRIP_ENTRY,,695.8862915039062,60.505348205566406,486.5599060058594,178.59510803222656,-89.7936019897461,-179.9503173828125,-22.4703,-1.2695,-0.7338,0.3838,-0.0094,0.0014,-19.2665,1.2602,-1.5037,0.1166,-0.0029,0.0004,0.65,-1.8207,-22.4349,0.3838,-0.0094,0.0014,1.4346,0.786,-19.2971,0.1166,-0.0029,0.0004,19.2665,22.6226,,,17.9,holding
2026-09-21T13:08:48.709+09:00,TEST_0004_TEST_P01,TEST_P01,SOFT_GRIP_ENTRY,,696.4459228515625,60.535972595214844,486.5263366699219,178.59756469726562,-89.79615020751953,-179.94869995117188,-23.5745,-1.288,-2.105,0.3821,-0.0094,0.0014,-20.3707,1.2417,-2.875,0.1149,-0.0028,0.0004,2.0186,-1.8673,-23.5432,0.3821,-0.0094,0.0014,2.8032,0.7394,-20.4055,0.1149,-0.0028,0.0004,20.3707,23.1822,,,17.9,holding
2026-09-21T13:08:48.765+09:00,TEST_0004_TEST_P01,TEST_P01,SOFT_GRIP_ENTRY,,696.9761962890625,60.552616119384766,486.4619140625,178.5989532470703,-89.80139923095703,-179.9459991455078,-25.317,-1.5842,-2.5107,0.3871,-0.0095,0.0014,-22.1132,0.9455,-3.2806,0.1198,-0.0029,0.0004,2.4205,-2.2052,-25.2792,0.3871,-0.0095,0.0014,3.2051,0.4016,-22.1415,0.1198,-0.0029,0.0004,22.1132,23.7125,,,17.9,holding
2026-09-21T13:08:48.821+09:00,TEST_0004_TEST_P01,TEST_P01,SOFT_GRIP_ENTRY,,697.4779052734375,60.5615234375,486.52490234375,178.5997772216797,-89.7962875366211,-179.94383239746094,-25.317,-1.5842,-2.5107,0.3871,-0.0095,0.0014,-22.1132,0.9455,-3.2806,0.1198,-0.0029,0.0004,2.4205,-2.2052,-25.2792,0.3871,-0.0095,0.0014,3.2051,0.4016,-22.1415,0.1198,-0.0029,0.0004,22.1132,24.2142,,,17.9,holding
2026-09-21T13:08:49.877+09:00,TEST_0004_TEST_P01,TEST_P01,SOFT_GRIP_ENTRY,SOFT_GRIP_STABILIZATION_END,698.3211059570312,60.456146240234375,486.6120910644531,178.59140014648438,-89.7853775024414,-179.94020080566406,-25.6349,-1.7126,-3.7711,0.4881,-0.012,0.0018,0.0,0.0,0.0,0.0,0.0,0.0,3.6728,-2.3461,-25.5989,0.4881,-0.012,0.0018,0.0,0.0,0.0,0.0,0.0,0.0,,,,,17.9,holding
2026-09-21T13:08:49.930+09:00,TEST_0004_TEST_P01,TEST_P01,HARD_GRIP,HARD_GRIP_COMMAND,698.318115234375,60.456077575683594,486.61993408203125,178.59136962890625,-89.78470611572266,-179.94009399414062,-25.6349,-1.7126,-3.7711,0.4881,-0.012,0.0018,0.0,0.0,0.0,0.0,0.0,0.0,3.6728,-2.3461,-25.5989,0.4881,-0.012,0.0018,0.0,0.0,0.0,0.0,0.0,0.0,,,,,17.9,holding
2026-09-21T13:08:50.934+09:00,TEST_0004_TEST_P01,TEST_P01,HARD_GRIP,HARD_GRIP_STABILIZATION_END,698.2755737304688,60.4791374206543,486.70574951171875,178.59356689453125,-89.77771759033203,-179.94232177734375,-19.6012,-1.8948,-3.3279,0.6094,-0.015,0.0024,0.0,0.0,0.0,0.0,0.0,0.0,3.2498,-2.3786,-19.5615,0.6094,-0.015,0.0024,0.0,0.0,0.0,0.0,0.0,0.0,,,,,17.7,moving
2026-09-21T13:08:50.969+09:00,TEST_0004_TEST_P01,TEST_P01,PULL_TEST,,698.2748413085938,60.4802360534668,486.7069396972656,178.59365844726562,-89.77761840820312,-179.9423065185547,-19.9166,-1.8883,-3.6937,0.5997,-0.0147,0.0023,-0.3154,0.0064,-0.3657,-0.0098,0.0002,-0.0,3.6141,-2.3803,-19.8784,0.5997,-0.0147,0.0023,0.3644,-0.0016,-0.3169,-0.0098,0.0002,-0.0,,,0.3154,0.0007,17.7,moving
2026-09-21T13:08:51.026+09:00,TEST_0004_TEST_P01,TEST_P01,PULL_TEST,,698.2685546875,60.48159408569336,486.7176513671875,178.59385681152344,-89.77676391601562,-179.94229125976562,-19.9166,-1.8883,-3.6937,0.5997,-0.0147,0.0023,-0.3154,0.0064,-0.3657,-0.0098,0.0002,-0.0,3.6141,-2.3803,-19.8784,0.5997,-0.0147,0.0023,0.3644,-0.0016,-0.3169,-0.0098,0.0002,-0.0,,,0.3154,0.007,17.7,moving
2026-09-21T13:08:51.082+09:00,TEST_0004_TEST_P01,TEST_P01,PULL_TEST,,698.208740234375,60.48573303222656,486.8316650390625,178.59486389160156,-89.76763153076172,-179.94007873535156,-20.3012,-1.9348,-3.9725,0.595,-0.0146,0.0023,-0.6999,-0.04,-0.6446,-0.0145,0.0004,-0.0,3.8899,-2.4362,-20.2631,0.595,-0.0146,0.0023,0.6401,-0.0576,-0.7016,-0.0145,0.0004,-0.0,,,0.6999,0.0668,17.6,moving
2026-09-21T13:08:51.138+09:00,TEST_0004_TEST_P01,TEST_P01,PULL_TEST,,698.0352172851562,60.485511779785156,487.1176452636719,178.59495544433594,-89.744384765625,-179.93014526367188,-20.3012,-1.9348,-3.9725,0.595,-0.0146,0.0023,-0.6999,-0.04,-0.6446,-0.0145,0.0004,-0.0,3.8899,-2.4362,-20.2631,0.595,-0.0146,0.0023,0.6401,-0.0576,-0.7016,-0.0145,0.0004,-0.0,,,0.6999,0.2404,17.6,moving
2026-09-21T13:08:51.193+09:00,TEST_0004_TEST_P01,TEST_P01,PULL_TEST,,697.7089233398438,60.47878646850586,487.2721252441406,178.59413146972656,-89.73091125488281,-179.92779541015625,-19.4383,-1.9813,-4.9814,0.58,-0.0142,0.0025,0.1629,-0.0866,-1.6535,-0.0295,0.0007,0.0001,4.8892,-2.4635,-19.4066,0.58,-0.0142,0.0025,1.6394,-0.0849,0.1549,-0.0295,0.0007,0.0001,,,0.1629,0.5667,17.6,moving
2026-09-21T13:08:51.248+09:00,TEST_0004_TEST_P01,TEST_P01,PULL_TEST,,697.2504272460938,60.467445373535156,487.39715576171875,178.59315490722656,-89.71981811523438,-179.92532348632812,-19.4383,-1.9813,-4.9814,0.58,-0.0142,0.0025,0.1629,-0.0866,-1.6535,-0.0295,0.0007,0.0001,4.8892,-2.4635,-19.4066,0.58,-0.0142,0.0025,1.6394,-0.0849,0.1549,-0.0295,0.0007,0.0001,,,0.1629,1.0251,17.6,moving
2026-09-21T13:08:51.305+09:00,TEST_0004_TEST_P01,TEST_P01,PULL_TEST,,696.6856079101562,60.46129608154297,487.3074035644531,178.59275817871094,-89.72620391845703,-179.9259490966797,-18.2236,-1.9702,-6.1332,0.6156,-0.0151,0.0029,1.3776,-0.0754,-2.8053,0.0062,-0.0001,0.0005,6.0413,-2.4249,-18.1995,0.6156,-0.0151,0.0029,2.7915,-0.0462,1.3621,0.0062,-0.0001,0.0005,,,1.3776,1.59,17.6,moving
2026-09-21T13:08:51.361+09:00,TEST_0004_TEST_P01,TEST_P01,PULL_TEST,,696.1207275390625,60.443824768066406,487.2068786621094,178.59124755859375,-89.73355865478516,-179.9297332763672,-17.6793,-1.9096,-5.5542,0.6935,-0.017,0.0033,1.9219,-0.0149,-2.2262,0.0841,-0.0021,0.0009,5.4695,-2.3503,-17.6526,0.6935,-0.017,0.0033,2.2197,0.0283,1.909,0.0841,-0.0021,0.0009,,,1.9219,2.1548,17.6,moving
2026-09-21T13:08:51.417+09:00,TEST_0004_TEST_P01,TEST_P01,PULL_TEST,,695.548095703125,60.41423416137695,487.1799011230469,178.5889129638672,-89.73540496826172,-179.93470764160156,-17.6793,-1.9096,-5.5542,0.6935,-0.017,0.0033,1.9219,-0.0149,-2.2262,0.0841,-0.0021,0.0009,5.4695,-2.3503,-17.6526,0.6935,-0.017,0.0033,2.2197,0.0283,1.909,0.0841,-0.0021,0.0009,,,1.9219,2.7275,17.6,moving
2026-09-21T13:08:51.473+09:00,TEST_0004_TEST_P01,TEST_P01,PULL_TEST,,694.9887084960938,60.38842010498047,487.11956787109375,178.5865478515625,-89.74008178710938,-179.9348907470703,-15.269,-1.8597,-5.005,0.7715,-0.019,0.0036,4.3322,0.035,-1.6771,0.1621,-0.004,0.0012,4.9325,-2.2414,-15.2414,0.7715,-0.019,0.0036,1.6827,0.1373,4.3202,0.1621,-0.004,0.0012,,,4.3322,3.2869,17.6,moving
2026-09-21T13:08:51.529+09:00,TEST_0004_TEST_P01,TEST_P01,PULL_TEST,,694.4198608398438,60.392059326171875,487.0355529785156,178.5867156982422,-89.7468032836914,-179.93264770507812,-15.269,-1.8597,-5.005,0.7715,-0.019,0.0036,4.3322,0.035,-1.6771,0.1621,-0.004,0.0012,4.9325,-2.2414,-15.2414,0.7715,-0.019,0.0036,1.6827,0.1373,4.3202,0.1621,-0.004,0.0012,,,4.3322,3.8557,17.6,moving
2026-09-21T13:08:51.585+09:00,TEST_0004_TEST_P01,TEST_P01,PULL_TEST,,693.8416137695312,60.416465759277344,486.98828125,178.58914184570312,-89.75047302246094,-179.9318084716797,-12.4863,-1.7289,-4.1244,0.8122,-0.02,0.0036,7.1149,0.1658,-0.7965,0.2028,-0.0051,0.0013,4.0677,-2.041,-12.4578,0.8122,-0.02,0.0036,0.8179,0.3376,7.1038,0.2028,-0.0051,0.0013,,,7.1149,4.434,17.6,moving
2026-09-21T13:08:51.640+09:00,TEST_0004_TEST_P01,TEST_P01,PULL_TEST,,693.2761840820312,60.435386657714844,487.02984619140625,178.59095764160156,-89.74727630615234,-179.93470764160156,-12.4863,-1.7289,-4.1244,0.8122,-0.02,0.0036,7.1149,0.1658,-0.7965,0.2028,-0.0051,0.0013,4.0677,-2.041,-12.4578,0.8122,-0.02,0.0036,0.8179,0.3376,7.1038,0.2028,-0.0051,0.0013,,,7.1149,4.9994,17.6,moving
2026-09-21T13:08:51.694+09:00,TEST_0004_TEST_P01,TEST_P01,PULL_TEST,,692.7274169921875,60.41627883911133,486.9813537597656,178.5893096923828,-89.75132751464844,-179.93655395507812,-9.5221,-1.8153,-3.3468,0.8261,-0.0203,0.0036,10.0791,0.0794,-0.0189,0.2167,-0.0054,0.0013,3.3024,-2.0527,-9.4894,0.8261,-0.0203,0.0036,0.0526,0.3259,10.0722,0.2167,-0.0054,0.0013,,,10.0791,5.5482,17.6,moving
2026-09-21T13:09:09.349+09:00,TEST_0004_TEST_P01,TEST_P01,RELEASE,RETURN_SOFT_GRIP_COMMAND,692.5584716796875,60.485389709472656,486.67578125,178.59523010253906,-89.77920532226562,-179.94281005859375,-1.6647,-2.0029,-2.0929,0.762,-0.0187,0.0029,0.0,0.0,0.0,0.0,0.0,0.0,2.0846,-2.0452,-1.6231,0.762,-0.0187,0.0029,0.0,0.0,0.0,0.0,0.0,0.0,,,,,17.4,holding
2026-09-21T13:09:10.066+09:00,TEST_0004_TEST_P01,TEST_P01,RELEASE,RETURN_SOFT_GRIP_OPEN_REACHED,692.5560913085938,60.484336853027344,486.68109130859375,178.59512329101562,-89.77871704101562,-179.94273376464844,-2.6224,-2.5224,0.5501,0.7601,-0.0186,0.0029,0.0,0.0,0.0,0.0,0.0,0.0,-0.5626,-2.5854,-2.5576,0.7601,-0.0186,0.0029,0.0,0.0,0.0,0.0,0.0,0.0,,,,,20.8,moving
2026-09-21T13:09:43.482+09:00,TEST_0005_TEST_P01,TEST_P01,PREPARE_SOFT_GRIP,INITIAL_SOFT_GRIP_OPEN_COMMAND,553.9620971679688,110.7950439453125,464.68133544921875,12.756158828735352,98.03608703613281,-32.24576950073242,-2.9945,-3.125,0.5607,0.7606,0.1722,-0.1101,0.0,0.0,0.0,0.0,0.0,0.0,1.2308,-2.0455,-3.6535,0.7606,0.1722,-0.1101,0.0,0.0,0.0,0.0,0.0,0.0,,,,,22.4,holding
2026-09-21T13:09:43.495+09:00,TEST_0005_TEST_P01,TEST_P01,PREPARE_SOFT_GRIP,INITIAL_SOFT_GRIP_OPEN_REACHED,553.9620971679688,110.7950439453125,464.68133544921875,12.756158828735352,98.03608703613281,-32.24576950073242,-2.9945,-3.125,0.5607,0.7606,0.1722,-0.1101,0.0,0.0,0.0,0.0,0.0,0.0,1.2308,-2.0455,-3.6535,0.7606,0.1722,-0.1101,0.0,0.0,0.0,0.0,0.0,0.0,,,,,22.4,holding
2026-09-21T13:09:45.568+09:00,TEST_0005_TEST_P01,TEST_P01,SOFT_GRIP_ENTRY,SOFT_GRIP_COMMAND,673.2578735351562,60.504119873046875,486.6880187988281,178.5958709716797,-89.77882385253906,-179.9420928955078,-3.5565,-2.1439,0.612,0.2595,-0.0064,0.001,0.0,0.0,0.0,0.0,0.0,0.0,-0.6278,-2.2298,-3.5005,0.2595,-0.0064,0.001,0.0,0.0,0.0,0.0,0.0,0.0,,,,,22.4,holding
2026-09-21T13:09:45.655+09:00,TEST_0005_TEST_P01,TEST_P01,SOFT_GRIP_ENTRY,ENTRY_MOTION_START_WIDTH_REACHED,673.255615234375,60.50476837158203,486.6913757324219,178.59616088867188,-89.7786636352539,-179.94259643554688,-3.2776,-2.1603,0.6477,0.2868,-0.007,0.0011,0.2789,-0.0164,0.0357,0.0273,-0.0007,0.0001,-0.6624,-2.2393,-3.2212,0.2868,-0.007,0.0011,-0.0346,-0.0095,0.2793,0.0273,-0.0007,0.0001,,,,,21.9,moving
2026-09-21T13:09:45.686+09:00,TEST_0005_TEST_P01,TEST_P01,SOFT_GRIP_ENTRY,,673.2538452148438,60.505096435546875,486.6943054199219,178.5962677001953,-89.7784652709961,-179.94253540039062,-3.2776,-2.1603,0.6477,0.2868,-0.007,0.0011,0.2789,-0.0164,0.0357,0.0273,-0.0007,0.0001,-0.6624,-2.2393,-3.2212,0.2868,-0.007,0.0011,-0.0346,-0.0095,0.2793,0.0273,-0.0007,0.0001,0.2789,-0.004,,,21.6,moving
2026-09-21T13:09:45.742+09:00,TEST_0005_TEST_P01,TEST_P01,SOFT_GRIP_ENTRY,,673.2522583007812,60.505863189697266,486.6964416503906,178.5965576171875,-89.77840423583984,-179.94305419921875,-3.2776,-2.1603,0.6477,0.2868,-0.007,0.0011,0.2789,-0.0164,0.0357,0.0273,-0.0007,0.0001,-0.6624,-2.2393,-3.2212,0.2868,-0.007,0.0011,-0.0346,-0.0095,0.2793,0.0273,-0.0007,0.0001,0.2789,-0.0056,,,18.9,moving
2026-09-21T13:09:45.798+09:00,TEST_0005_TEST_P01,TEST_P01,SOFT_GRIP_ENTRY,,673.2568969726562,60.50749969482422,486.72222900390625,178.59722900390625,-89.77642059326172,-179.9447479248047,-3.2483,-2.1978,0.6326,0.3363,-0.0082,0.0013,0.3082,-0.0539,0.0205,0.0768,-0.0019,0.0003,-0.6472,-2.276,-3.191,0.3363,-0.0082,0.0013,-0.0194,-0.0463,0.3095,0.0768,-0.0019,0.0003,0.3082,-0.001,,,17.4,holding
2026-09-21T13:09:45.854+09:00,TEST_0005_TEST_P01,TEST_P01,SOFT_GRIP_ENTRY,,673.3311767578125,60.5242805480957,486.9093933105469,178.6001434326172,-89.76142120361328,-179.95211791992188,-3.2483,-2.1978,0.6326,0.3363,-0.0082,0.0013,0.3082,-0.0539,0.0205,0.0768,-0.0019,0.0003,-0.5373,-2.3635,-3.7884,0.3971,-0.0097,0.0016,0.0905,-0.1337,-0.2879,0.1375,-0.0034,0.0006,0.3082,0.0733,,,17.4,holding
2026-09-21T13:09:45.910+09:00,TEST_0005_TEST_P01,TEST_P01,SOFT_GRIP_ENTRY,,673.61376953125,60.5443115234375,487.1930847167969,178.6025390625,-89.73933410644531,-179.95550537109375,-3.8472,-2.2707,0.5195,0.3971,-0.0097,0.0016,-0.2907,-0.1267,-0.0925,0.1375,-0.0034,0.0006,-0.5373,-2.3635,-3.7884,0.3971,-0.0097,0.0016,0.0905,-0.1337,-0.2879,0.1375,-0.0034,0.0006,0.2907,0.3559,,,17.4,holding
2026-09-21T13:09:45.965+09:00,TEST_0005_TEST_P01,TEST_P01,SOFT_GRIP_ENTRY,,674.0701904296875,60.56023406982422,487.1136169433594,178.60372924804688,-89.74683380126953,-179.9521484375,-5.2403,-2.0097,0.7007,0.3805,-0.0093,0.0017,-1.6838,0.1342,0.0887,0.121,-0.0029,0.0007,-0.7255,-2.1362,-5.1866,0.3805,-0.0093,0.0017,-0.0977,0.0936,-1.6861,0.121,-0.0029,0.0007,1.6838,0.8123,,,17.4,holding
2026-09-21T13:09:46.020+09:00,TEST_0005_TEST_P01,TEST_P01,SOFT_GRIP_ENTRY,,674.6300048828125,60.55636215209961,487.0614318847656,178.6027374267578,-89.75200653076172,-179.94834899902344,-5.2403,-2.0097,0.7007,0.3805,-0.0093,0.0017,-1.6838,0.1342,0.0887,0.121,-0.0029,0.0007,-0.7255,-2.1362,-5.1866,0.3805,-0.0093,0.0017,-0.0977,0.0936,-1.6861,0.121,-0.0029,0.0007,1.6838,1.3721,,,17.4,holding
2026-09-21T13:09:46.075+09:00,TEST_0005_TEST_P01,TEST_P01,SOFT_GRIP_ENTRY,,675.19970703125,60.5595817565918,487.03125,178.60260009765625,-89.75558471679688,-179.94837951660156,-4.8718,-1.8196,0.6825,0.3752,-0.0092,0.0016,-1.3153,0.3243,0.0705,0.1157,-0.0028,0.0006,-0.7048,-1.9372,-4.823,0.3752,-0.0092,0.0016,-0.077,0.2926,-1.3225,0.1157,-0.0028,0.0006,1.3153,1.9418,,,17.4,holding
2026-09-21T13:09:46.130+09:00,TEST_0005_TEST_P01,TEST_P01,SOFT_GRIP_ENTRY,,675.7775268554688,60.577972412109375,487.0264892578125,178.60394287109375,-89.75618743896484,-179.9452667236328,-4.8718,-1.8196,0.6825,0.3752,-0.0092,0.0016,-1.3153,0.3243,0.0705,0.1157,-0.0028,0.0006,-0.7048,-1.9372,-4.823,0.3752,-0.0092,0.0016,-0.077,0.2926,-1.3225,0.1157,-0.0028,0.0006,1.3153,2.5197,,,17.4,holding
2026-09-21T13:09:46.185+09:00,TEST_0005_TEST_P01,TEST_P01,SOFT_GRIP_ENTRY,,676.3538818359375,60.57889938354492,486.9232482910156,178.60394287109375,-89.76495361328125,-179.94586181640625,-4.9856,-1.7722,0.6909,0.3827,-0.0093,0.0016,-1.429,0.3717,0.0788,0.1231,-0.003,0.0006,-0.7137,-1.8925,-4.9379,0.3827,-0.0093,0.0016,-0.0859,0.3373,-1.4374,0.1231,-0.003,0.0006,1.429,3.096,,,17.4,holding
2026-09-21T13:09:46.240+09:00,TEST_0005_TEST_P01,TEST_P01,SOFT_GRIP_ENTRY,,676.9124145507812,60.53948211669922,486.8693542480469,178.60057067871094,-89.76972961425781,-179.9523162841797,-4.9856,-1.7722,0.6909,0.3827,-0.0093,0.0016,-1.429,0.3717,0.0788,0.1231,-0.003,0.0006,-0.7137,-1.8925,-4.9379,0.3827,-0.0093,0.0016,-0.0859,0.3373,-1.4374,0.1231,-0.003,0.0006,1.429,3.6545,,,17.4,holding
2026-09-21T13:09:46.295+09:00,TEST_0005_TEST_P01,TEST_P01,SOFT_GRIP_ENTRY,,677.4633178710938,60.50832748413086,486.9256591796875,178.59815979003906,-89.76509857177734,-179.9510955810547,-4.9282,-1.5764,0.9157,0.3952,-0.0096,0.0016,-1.3716,0.5675,0.3037,0.1357,-0.0033,0.0006,-0.9367,-1.6956,-4.8845,0.3952,-0.0096,0.0016,-0.3089,0.5342,-1.3839,0.1357,-0.0033,0.0006,1.3716,4.2054,,,17.4,holding
2026-09-21T13:09:46.351+09:00,TEST_0005_TEST_P01,TEST_P01,SOFT_GRIP_ENTRY,,678.03662109375,60.51929473876953,486.91064453125,178.5986785888672,-89.76627349853516,-179.94815063476562,-4.9282,-1.5764,0.9157,0.3952,-0.0096,0.0016,-1.3716,0.5675,0.3037,0.1357,-0.0033,0.0006,-0.9367,-1.6956,-4.8845,0.3952,-0.0096,0.0016,-0.3089,0.5342,-1.3839,0.1357,-0.0033,0.0006,1.3716,4.7787,,,17.4,holding
2026-09-21T13:09:46.407+09:00,TEST_0005_TEST_P01,TEST_P01,SOFT_GRIP_ENTRY,,678.5942993164062,60.53116226196289,486.89971923828125,178.59947204589844,-89.7673568725586,-179.95030212402344,-5.6848,-1.5059,0.9552,0.3968,-0.0097,0.0016,-2.1283,0.638,0.3432,0.1373,-0.0033,0.0006,-0.9798,-1.6435,-5.6423,0.3968,-0.0097,0.0016,-0.352,0.5862,-2.1418,0.1373,-0.0033,0.0006,2.1283,5.3364,,,17.4,holding
2026-09-21T13:09:46.462+09:00,TEST_0005_TEST_P01,TEST_P01,SOFT_GRIP_ENTRY,,679.140869140625,60.525657653808594,486.8880615234375,178.5989227294922,-89.7679214477539,-179.9475860595703,-5.606,-1.6169,0.9817,0.4027,-0.0098,0.0016,-2.0495,0.5271,0.3696,0.1432,-0.0035,0.0006,-1.0059,-1.7525,-5.5608,0.4027,-0.0098,0.0016,-0.3781,0.4773,-2.0602,0.1432,-0.0035,0.0006,2.0495,5.883,,,17.4,holding
2026-09-21T13:09:46.519+09:00,TEST_0005_TEST_P01,TEST_P01,SOFT_GRIP_ENTRY,,679.7269897460938,60.49577713012695,486.8935546875,178.5959930419922,-89.76731872558594,-179.94454956054688,-5.606,-1.6169,0.9817,0.4027,-0.0098,0.0016,-2.0495,0.5271,0.3696,0.1432,-0.0035,0.0006,-1.0059,-1.7525,-5.5608,0.4027,-0.0098,0.0016,-0.3781,0.4773,-2.0602,0.1432,-0.0035,0.0006,2.0495,6.4691,,,17.4,holding
2026-09-21T13:09:46.574+09:00,TEST_0005_TEST_P01,TEST_P01,SOFT_GRIP_ENTRY,,680.2841796875,60.493289947509766,486.93572998046875,178.5955352783203,-89.763916015625,-179.94683837890625,-5.6528,-1.6588,1.109,0.4082,-0.01,0.0017,-2.0963,0.4851,0.4969,0.1487,-0.0036,0.0007,-1.1335,-1.7958,-5.6059,0.4082,-0.01,0.0017,-0.5057,0.434,-2.1053,0.1487,-0.0036,0.0007,2.0963,7.0263,,,17.4,holding
2026-09-21T13:09:46.629+09:00,TEST_0005_TEST_P01,TEST_P01,SOFT_GRIP_ENTRY,,680.8141479492188,60.51627731323242,486.8443908691406,178.5977020263672,-89.77105712890625,-179.94674682617188,-5.6528,-1.6588,1.109,0.4082,-0.01,0.0017,-2.0963,0.4851,0.4969,0.1487,-0.0036,0.0007,-1.1335,-1.7958,-5.6059,0.4082,-0.01,0.0017,-0.5057,0.434,-2.1053,0.1487,-0.0036,0.0007,2.0963,7.5563,,,17.4,holding
2026-09-21T13:09:46.684+09:00,TEST_0005_TEST_P01,TEST_P01,SOFT_GRIP_ENTRY,,681.368896484375,60.54948425292969,486.80535888671875,178.60049438476562,-89.77445983886719,-179.94664001464844,-5.6633,-1.7298,1.23,0.4121,-0.0101,0.0017,-2.1068,0.4141,0.618,0.1526,-0.0037,0.0007,-1.2539,-1.8665,-5.6144,0.4121,-0.0101,0.0017,-0.6261,0.3632,-2.1139,0.1526,-0.0037,0.0007,2.1068,8.111,,,17.4,holding
2026-09-21T13:09:46.739+09:00,TEST_0005_TEST_P01,TEST_P01,SOFT_GRIP_ENTRY,,681.9293823242188,60.571781158447266,486.8554382324219,178.60211181640625,-89.77061462402344,-179.94876098632812,-5.6633,-1.7298,1.23,0.4121,-0.0101,0.0017,-2.1068,0.4141,0.618,0.1526,-0.0037,0.0007,-1.2539,-1.8665,-5.6144,0.4121,-0.0101,0.0017,-0.6261,0.3632,-2.1139,0.1526,-0.0037,0.0007,2.1068,8.6715,,,17.4,holding
2026-09-21T13:09:46.794+09:00,TEST_0005_TEST_P01,TEST_P01,SOFT_GRIP_ENTRY,,682.4751586914062,60.5568962097168,486.8661804199219,178.60125732421875,-89.7696304321289,-179.94821166992188,-5.6355,-1.7244,1.0481,0.4188,-0.0102,0.0017,-2.079,0.4195,0.4361,0.1593,-0.0039,0.0007,-1.0723,-1.8604,-5.5875,0.4188,-0.0102,0.0017,-0.4445,0.3694,-2.087,0.1593,-0.0039,0.0007,2.079,9.2173,,,17.4,holding
2026-09-21T13:09:46.851+09:00,TEST_0005_TEST_P01,TEST_P01,SOFT_GRIP_ENTRY,,683.035400390625,60.52227783203125,486.8603820800781,178.5984344482422,-89.77001953125,-179.94573974609375,-5.6355,-1.7244,1.0481,0.4188,-0.0102,0.0017,-2.079,0.4195,0.4361,0.1593,-0.0039,0.0007,-1.0723,-1.8604,-5.5875,0.4188,-0.0102,0.0017,-0.4445,0.3694,-2.087,0.1593,-0.0039,0.0007,2.079,9.7775,,,17.4,holding
2026-09-21T13:09:46.907+09:00,TEST_0005_TEST_P01,TEST_P01,SOFT_GRIP_ENTRY,,683.6287841796875,60.51560592651367,486.7810974121094,178.59732055664062,-89.77666473388672,-179.95069885253906,-5.8216,-1.6138,1.2254,0.4229,-0.0103,0.0017,-2.2651,0.5301,0.6134,0.1634,-0.004,0.0007,-1.2503,-1.7546,-5.7755,0.4229,-0.0103,0.0017,-0.6225,0.4752,-2.2749,0.1634,-0.004,0.0007,2.2651,10.3709,,,17.4,holding
2026-09-21T13:09:46.963+09:00,TEST_0005_TEST_P01,TEST_P01,SOFT_GRIP_ENTRY,,684.1921997070312,60.530479431152344,486.7795104980469,178.59854125976562,-89.77665710449219,-179.95065307617188,-6.0925,-1.5844,1.2647,0.4198,-0.0103,0.0016,-2.536,0.5595,0.6527,0.1602,-0.0039,0.0006,-1.2897,-1.7318,-6.047,0.4198,-0.0103,0.0016,-0.6619,0.4979,-2.5464,0.1602,-0.0039,0.0006,2.536,10.9343,,,17.4,holding
2026-09-21T13:09:47.019+09:00,TEST_0005_TEST_P01,TEST_P01,SOFT_GRIP_ENTRY,,684.7491455078125,60.54115295410156,486.8653259277344,178.59927368164062,-89.76949310302734,-179.9456329345703,-6.0925,-1.5844,1.2647,0.4198,-0.0103,0.0016,-2.536,0.5595,0.6527,0.1602,-0.0039,0.0006,-1.2897,-1.7318,-6.047,0.4198,-0.0103,0.0016,-0.6619,0.4979,-2.5464,0.1602,-0.0039,0.0006,2.536,11.4913,,,17.6,holding
2026-09-21T13:09:47.075+09:00,TEST_0005_TEST_P01,TEST_P01,SOFT_GRIP_ENTRY,,685.3068237304688,60.51643371582031,486.78228759765625,178.59695434570312,-89.77629089355469,-179.947265625,-6.8081,-1.5339,1.6602,0.421,-0.0103,0.0017,-3.2516,0.6101,1.0482,0.1615,-0.0039,0.0007,-1.6887,-1.6984,-6.7619,0.421,-0.0103,0.0017,-1.0609,0.5314,-3.2613,0.1615,-0.0039,0.0007,3.2516,12.049,,,17.6,holding
2026-09-21T13:09:47.131+09:00,TEST_0005_TEST_P01,TEST_P01,SOFT_GRIP_ENTRY,,685.86474609375,60.47285461425781,486.76910400390625,178.59349060058594,-89.777099609375,-179.9476776123047,-6.8081,-1.5339,1.6602,0.421,-0.0103,0.0017,-3.2516,0.6101,1.0482,0.1615,-0.0039,0.0007,-1.6887,-1.6984,-6.7619,0.421,-0.0103,0.0017,-1.0609,0.5314,-3.2613,0.1615,-0.0039,0.0007,3.2516,12.6069,,,17.6,holding
2026-09-21T13:09:47.186+09:00,TEST_0005_TEST_P01,TEST_P01,SOFT_GRIP_ENTRY,,686.4093627929688,60.44855880737305,486.8813171386719,178.59141540527344,-89.76769256591797,-179.94192504882812,-7.5592,-1.2768,1.9736,0.4191,-0.0103,0.0016,-4.0027,0.8671,1.3616,0.1596,-0.0039,0.0006,-2.0045,-1.4602,-7.5178,0.4191,-0.0103,0.0016,-1.3767,0.7696,-4.0173,0.1596,-0.0039,0.0006,4.0027,13.1515,,,17.6,holding
2026-09-21T13:09:47.241+09:00,TEST_0005_TEST_P01,TEST_P01,SOFT_GRIP_ENTRY,,686.96240234375,60.447017669677734,486.9327392578125,178.5908966064453,-89.76347351074219,-179.94015502929688,-7.5592,-1.2768,1.9736,0.4191,-0.0103,0.0016,-4.0027,0.8671,1.3616,0.1596,-0.0039,0.0006,-2.0045,-1.4602,-7.5178,0.4191,-0.0103,0.0016,-1.3767,0.7696,-4.0173,0.1596,-0.0039,0.0006,4.0027,13.7045,,,17.6,holding
2026-09-21T13:09:47.297+09:00,TEST_0005_TEST_P01,TEST_P01,SOFT_GRIP_ENTRY,,687.5186767578125,60.451332092285156,486.8547668457031,178.5912628173828,-89.76992797851562,-179.94622802734375,-8.5331,-1.3849,2.2793,0.4204,-0.0103,0.0017,-4.9765,0.759,1.6673,0.1608,-0.004,0.0007,-2.3159,-1.5919,-8.487,0.4204,-0.0103,0.0017,-1.6881,0.6378,-4.9864,0.1608,-0.004,0.0007,4.9765,14.2608,,,17.7,holding
2026-09-21T13:09:47.352+09:00,TEST_0005_TEST_P01,TEST_P01,SOFT_GRIP_ENTRY,,688.0662231445312,60.44793701171875,486.8353271484375,178.59146118164062,-89.77149963378906,-179.94622802734375,-8.5331,-1.3849,2.2793,0.4204,-0.0103,0.0017,-4.9765,0.759,1.6673,0.1608,-0.004,0.0007,-2.3159,-1.5919,-8.487,0.4204,-0.0103,0.0017,-1.6881,0.6378,-4.9864,0.1608,-0.004,0.0007,4.9765,14.8083,,,17.7,holding
2026-09-21T13:09:47.410+09:00,TEST_0005_TEST_P01,TEST_P01,SOFT_GRIP_ENTRY,,688.6402587890625,60.4254264831543,486.849853515625,178.5894775390625,-89.77041625976562,-179.94332885742188,-8.1354,-1.4866,2.2427,0.4188,-0.0103,0.0017,-4.5788,0.6573,1.6307,0.1593,-0.0039,0.0007,-2.2766,-1.684,-8.0873,0.4188,-0.0103,0.0017,-1.6488,0.5458,-4.5868,0.1593,-0.0039,0.0007,4.5788,15.3824,,,17.7,holding
2026-09-21T13:09:47.466+09:00,TEST_0005_TEST_P01,TEST_P01,SOFT_GRIP_ENTRY,,689.2340698242188,60.41215515136719,486.8589782714844,178.58778381347656,-89.76970672607422,-179.9461669921875,-7.4482,-1.5635,2.094,0.4183,-0.0103,0.0017,-3.8917,0.5804,1.482,0.1588,-0.0039,0.0007,-2.1252,-1.7446,-7.399,0.4183,-0.0103,0.0017,-1.4974,0.4852,-3.8984,0.1588,-0.0039,0.0007,3.8917,15.9762,,,17.7,holding
2026-09-21T13:09:47.521+09:00,TEST_0005_TEST_P01,TEST_P01,SOFT_GRIP_ENTRY,,689.7542114257812,60.437076568603516,486.80181884765625,178.59036254882812,-89.77411651611328,-179.94874572753906,-7.4482,-1.5635,2.094,0.4183,-0.0103,0.0017,-3.8917,0.5804,1.482,0.1588,-0.0039,0.0007,-2.1252,-1.7446,-7.399,0.4183,-0.0103,0.0017,-1.4974,0.4852,-3.8984,0.1588,-0.0039,0.0007,3.8917,16.4963,,,17.7,holding
2026-09-21T13:09:47.577+09:00,TEST_0005_TEST_P01,TEST_P01,SOFT_GRIP_ENTRY,,690.2962646484375,60.471839904785156,486.8123474121094,178.5935821533203,-89.77335357666016,-179.94471740722656,-8.4532,-1.7637,2.4816,0.4125,-0.0102,0.0016,-4.8967,0.3802,1.8696,0.153,-0.0038,0.0006,-2.517,-1.9685,-8.3974,0.4125,-0.0102,0.0016,-1.8892,0.2613,-4.8968,0.153,-0.0038,0.0006,4.8967,17.0384,,,17.7,holding
2026-09-21T13:09:47.633+09:00,TEST_0005_TEST_P01,TEST_P01,SOFT_GRIP_ENTRY,,690.8805541992188,60.49436569213867,486.8099365234375,178.59498596191406,-89.77356719970703,-179.94371032714844,-8.4532,-1.7637,2.4816,0.4125,-0.0102,0.0016,-4.8967,0.3802,1.8696,0.153,-0.0038,0.0006,-2.517,-1.9685,-8.3974,0.4125,-0.0102,0.0016,-1.8892,0.2613,-4.8968,0.153,-0.0038,0.0006,4.8967,17.6227,,,17.7,holding
2026-09-21T13:09:47.688+09:00,TEST_0005_TEST_P01,TEST_P01,SOFT_GRIP_ENTRY,,691.4306640625,60.4920768737793,486.834716796875,178.5946044921875,-89.77136993408203,-179.94688415527344,-8.5052,-1.6456,2.5843,0.407,-0.01,0.0016,-4.9486,0.4983,1.9723,0.1475,-0.0036,0.0006,-2.6192,-1.8512,-8.4521,0.407,-0.01,0.0016,-1.9914,0.3786,-4.9515,0.1475,-0.0036,0.0006,4.9486,18.1728,,,17.7,holding
2026-09-21T13:09:47.744+09:00,TEST_0005_TEST_P01,TEST_P01,SOFT_GRIP_ENTRY,,691.96875,60.47132110595703,486.8567810058594,178.59300231933594,-89.76927185058594,-179.9437255859375,-8.5052,-1.6456,2.5843,0.407,-0.01,0.0016,-4.9486,0.4983,1.9723,0.1475,-0.0036,0.0006,-2.6192,-1.8512,-8.4521,0.407,-0.01,0.0016,-1.9914,0.3786,-4.9515,0.1475,-0.0036,0.0006,4.9486,18.7109,,,17.7,holding
2026-09-21T13:09:47.799+09:00,TEST_0005_TEST_P01,TEST_P01,SOFT_GRIP_ENTRY,,692.5147094726562,60.470340728759766,486.841796875,178.59274291992188,-89.77033996582031,-179.9410400390625,-8.9029,-1.0288,2.6886,0.3996,-0.0098,0.0016,-5.3463,1.1151,2.0766,0.1401,-0.0035,0.0006,-2.7257,-1.2445,-8.864,0.3996,-0.0098,0.0016,-2.0979,0.9853,-5.3635,0.1401,-0.0035,0.0006,5.3463,19.2568,,,17.7,holding
2026-09-21T13:09:47.855+09:00,TEST_0005_TEST_P01,TEST_P01,SOFT_GRIP_ENTRY,,693.0850830078125,60.503231048583984,486.84857177734375,178.59544372558594,-89.77022552490234,-179.94131469726562,-9.5248,-0.524,3.1798,0.3901,-0.0096,0.0016,-5.9683,1.6199,2.5678,0.1306,-0.0032,0.0006,-3.2187,-0.7541,-9.4963,0.3901,-0.0096,0.0016,-2.5909,1.4757,-5.9958,0.1306,-0.0032,0.0006,5.9683,19.8272,,,17.7,holding
2026-09-21T13:09:47.913+09:00,TEST_0005_TEST_P01,TEST_P01,SOFT_GRIP_ENTRY,,693.6566772460938,60.53958511352539,486.80206298828125,178.59854125976562,-89.77395629882812,-179.94537353515625,-9.5248,-0.524,3.1798,0.3901,-0.0096,0.0016,-5.9683,1.6199,2.5678,0.1306,-0.0032,0.0006,-3.2187,-0.7541,-9.4963,0.3901,-0.0096,0.0016,-2.5909,1.4757,-5.9958,0.1306,-0.0032,0.0006,5.9683,20.3988,,,17.7,holding
2026-09-21T13:09:47.970+09:00,TEST_0005_TEST_P01,TEST_P01,SOFT_GRIP_ENTRY,,694.2310180664062,60.562808990478516,486.6750183105469,178.60043334960938,-89.78421783447266,-179.9452667236328,-10.3577,-0.229,2.6448,0.3865,-0.0095,0.0015,-6.8012,1.9149,2.0328,0.127,-0.0031,0.0005,-2.6843,-0.4795,-10.339,0.3865,-0.0095,0.0015,-2.0565,1.7503,-6.8384,0.127,-0.0031,0.0005,6.8012,20.9731,,,17.7,holding
2026-09-21T13:09:48.026+09:00,TEST_0005_TEST_P01,TEST_P01,SOFT_GRIP_ENTRY,,694.8230590820312,60.572669982910156,486.583984375,178.60122680664062,-89.79193115234375,-179.94496154785156,-10.3577,-0.229,2.6448,0.3865,-0.0095,0.0015,-6.8012,1.9149,2.0328,0.127,-0.0031,0.0005,-2.6843,-0.4795,-10.339,0.3865,-0.0095,0.0015,-2.0565,1.7503,-6.8384,0.127,-0.0031,0.0005,6.8012,21.5652,,,17.9,holding
2026-09-21T13:09:48.082+09:00,TEST_0005_TEST_P01,TEST_P01,SOFT_GRIP_ENTRY,,695.4005126953125,60.57910919189453,486.5269775390625,178.60177612304688,-89.79690551757812,-179.9476776123047,-10.5597,0.5002,1.6492,0.3765,-0.0092,0.0014,-7.0032,2.6441,1.0372,0.117,-0.0028,0.0004,-1.6875,0.244,-10.5627,0.3765,-0.0092,0.0014,-1.0597,2.4737,-7.0621,0.117,-0.0028,0.0004,7.0032,22.1426,,,17.9,holding
2026-09-21T13:09:48.138+09:00,TEST_0005_TEST_P01,TEST_P01,SOFT_GRIP_ENTRY,,695.9727783203125,60.596107482910156,486.47930908203125,178.6029052734375,-89.80065155029297,-179.9520721435547,-10.5597,0.5002,1.6492,0.3765,-0.0092,0.0014,-7.0032,2.6441,1.0372,0.117,-0.0028,0.0004,-1.6875,0.244,-10.5627,0.3765,-0.0092,0.0014,-1.0597,2.4737,-7.0621,0.117,-0.0028,0.0004,7.0032,22.7149,,,18.1,holding
2026-09-21T13:09:48.193+09:00,TEST_0005_TEST_P01,TEST_P01,SOFT_GRIP_ENTRY,,696.5361328125,60.6355094909668,486.3995361328125,178.60598754882812,-89.80699920654297,-179.95074462890625,-10.7193,1.9756,-0.0873,0.3812,-0.0093,0.0013,-7.1628,4.1195,-0.6993,0.1216,-0.0029,0.0003,0.0517,1.7138,-10.7645,0.3812,-0.0093,0.0013,0.6795,3.9436,-7.264,0.1216,-0.0029,0.0003,7.1628,23.2783,,,18.1,holding
2026-09-21T13:09:48.248+09:00,TEST_0005_TEST_P01,TEST_P01,SOFT_GRIP_ENTRY,,697.0487670898438,60.66416549682617,486.345458984375,178.60829162597656,-89.81129455566406,-179.94793701171875,-10.7193,1.9756,-0.0873,0.3812,-0.0093,0.0013,-7.1628,4.1195,-0.6993,0.1216,-0.0029,0.0003,0.0517,1.7138,-10.7645,0.3812,-0.0093,0.0013,0.6795,3.9436,-7.264,0.1216,-0.0029,0.0003,7.1628,23.7909,,,18.1,holding
2026-09-21T13:09:48.306+09:00,TEST_0005_TEST_P01,TEST_P01,SOFT_GRIP_ENTRY,,697.541259765625,60.68021774291992,486.3990478515625,178.60983276367188,-89.80695343017578,-179.9462127685547,-11.769,3.2048,-1.1826,0.4017,-0.0098,0.0013,-8.2124,5.3487,-1.7946,0.1421,-0.0034,0.0003,1.146,2.9169,-11.8472,0.4017,-0.0098,0.0013,1.7738,5.1467,-8.3466,0.1421,-0.0034,0.0003,8.2124,24.2834,,,18.2,holding
2026-09-21T13:09:49.363+09:00,TEST_0005_TEST_P01,TEST_P01,SOFT_GRIP_ENTRY,SOFT_GRIP_STABILIZATION_END,698.3175659179688,60.48921203613281,486.6554870605469,178.5940704345703,-89.78176879882812,-179.9393768310547,-11.4372,5.3221,-0.9432,0.5263,-0.0129,0.002,0.0,0.0,0.0,0.0,0.0,0.0,0.9045,5.039,-11.5678,0.5263,-0.0129,0.002,0.0,0.0,0.0,0.0,0.0,0.0,,,,,18.2,holding
2026-09-21T13:09:49.425+09:00,TEST_0005_TEST_P01,TEST_P01,HARD_GRIP,HARD_GRIP_COMMAND,698.314697265625,60.48857879638672,486.6627502441406,178.59405517578125,-89.78119659423828,-179.9394073486328,-11.4372,5.3221,-0.9432,0.5263,-0.0129,0.002,0.0,0.0,0.0,0.0,0.0,0.0,0.9045,5.039,-11.5678,0.5263,-0.0129,0.002,0.0,0.0,0.0,0.0,0.0,0.0,,,,,18.2,holding
2026-09-21T13:09:50.429+09:00,TEST_0005_TEST_P01,TEST_P01,HARD_GRIP,HARD_GRIP_STABILIZATION_END,698.2670288085938,60.47697830200195,486.7574462890625,178.59332275390625,-89.77336120605469,-179.9415283203125,-7.7983,3.2172,-3.3677,0.6222,-0.0153,0.0024,0.0,0.0,0.0,0.0,0.0,0.0,3.3397,3.0214,-7.8882,0.6222,-0.0153,0.0024,0.0,0.0,0.0,0.0,0.0,0.0,,,,,17.6,moving
2026-09-21T13:09:50.454+09:00,TEST_0005_TEST_P01,TEST_P01,PULL_TEST,,698.265869140625,60.476776123046875,486.7598571777344,178.59332275390625,-89.77316284179688,-179.94163513183594,-7.7983,3.2172,-3.3677,0.6222,-0.0153,0.0024,0.0,0.0,0.0,0.0,0.0,0.0,3.378,2.7986,-8.0762,0.6172,-0.0152,0.0024,0.0383,-0.2228,-0.188,-0.005,0.0001,-0.0,,,0.0,0.0012,17.6,moving
2026-09-21T13:09:50.509+09:00,TEST_0005_TEST_P01,TEST_P01,PULL_TEST,,698.2609252929688,60.47593307495117,486.7681579589844,178.59332275390625,-89.77249908447266,-179.94151306152344,-7.9915,2.9991,-3.4071,0.6172,-0.0152,0.0024,-0.1932,-0.2181,-0.0394,-0.005,0.0001,-0.0,3.378,2.7986,-8.0762,0.6172,-0.0152,0.0024,0.0383,-0.2228,-0.188,-0.005,0.0001,-0.0,,,0.1932,0.0061,17.4,moving
2026-09-21T13:09:50.566+09:00,TEST_0005_TEST_P01,TEST_P01,PULL_TEST,,698.2095336914062,60.4678840637207,486.86187744140625,178.5932159423828,-89.7649154663086,-179.93991088867188,-7.5609,2.8983,-3.7429,0.6106,-0.015,0.0024,0.2374,-0.3189,-0.3752,-0.0116,0.0003,-0.0,3.7147,2.708,-7.6449,0.6106,-0.015,0.0024,0.375,-0.3134,0.2433,-0.0116,0.0003,-0.0,,,0.2374,0.0575,17.4,moving
2026-09-21T13:09:50.621+09:00,TEST_0005_TEST_P01,TEST_P01,PULL_TEST,,698.0355834960938,60.426856994628906,487.0851745605469,178.5899658203125,-89.7467269897461,-179.93040466308594,-7.5609,2.8983,-3.7429,0.6106,-0.015,0.0024,0.2374,-0.3189,-0.3752,-0.0116,0.0003,-0.0,3.7147,2.708,-7.6449,0.6106,-0.015,0.0024,0.375,-0.3134,0.2433,-0.0116,0.0003,-0.0,,,0.2374,0.2314,17.4,moving
2026-09-21T13:09:50.679+09:00,TEST_0005_TEST_P01,TEST_P01,PULL_TEST,,697.7037353515625,60.376304626464844,487.1851501464844,178.58541870117188,-89.737548828125,-179.92837524414062,-5.8438,2.9655,-4.5182,0.6079,-0.015,0.0026,1.9546,-0.2517,-1.1505,-0.0142,0.0003,0.0002,4.4948,2.8149,-5.9356,0.6079,-0.015,0.0026,1.1551,-0.2064,1.9526,-0.0142,0.0003,0.0002,,,1.9546,0.5633,17.4,moving
2026-09-21T13:09:50.734+09:00,TEST_0005_TEST_P01,TEST_P01,PULL_TEST,,697.2325439453125,60.34693145751953,487.27288818359375,178.583251953125,-89.72966003417969,-179.9275360107422,-5.8438,2.9655,-4.5182,0.6079,-0.015,0.0026,1.9546,-0.2517,-1.1505,-0.0142,0.0003,0.0002,4.4948,2.8149,-5.9356,0.6079,-0.015,0.0026,1.1551,-0.2064,1.9526,-0.0142,0.0003,0.0002,,,1.9546,1.0345,17.4,moving
2026-09-21T13:09:50.789+09:00,TEST_0005_TEST_P01,TEST_P01,PULL_TEST,,696.6668090820312,60.344757080078125,487.20440673828125,178.5834503173828,-89.73448181152344,-179.92822265625,-5.1926,2.8221,-4.8573,0.6546,-0.0162,0.003,2.6057,-0.3951,-1.4896,0.0325,-0.0009,0.0006,4.8363,2.6868,-5.2832,0.6546,-0.0162,0.003,1.4966,-0.3346,2.605,0.0325,-0.0009,0.0006,,,2.6057,1.6002,17.4,moving
2026-09-21T13:09:50.844+09:00,TEST_0005_TEST_P01,TEST_P01,PULL_TEST,,696.114990234375,60.366641998291016,487.1082458496094,178.58522033691406,-89.7416000366211,-179.9308624267578,-5.1926,2.8221,-4.8573,0.6546,-0.0162,0.003,2.6057,-0.3951,-1.4896,0.0325,-0.0009,0.0006,4.8363,2.6868,-5.2832,0.6546,-0.0162,0.003,1.4966,-0.3346,2.605,0.0325,-0.0009,0.0006,,,2.6057,2.152,17.4,moving
2026-09-21T13:09:50.900+09:00,TEST_0005_TEST_P01,TEST_P01,PULL_TEST,,695.5562133789062,60.36316680908203,487.0549011230469,178.58474731445312,-89.74551391601562,-179.93655395507812,-5.3704,2.7411,-4.5997,0.7285,-0.018,0.0033,2.428,-0.4761,-1.232,0.1064,-0.0027,0.0009,4.5783,2.6023,-5.4571,0.7285,-0.018,0.0033,1.2386,-0.4191,2.4311,0.1064,-0.0027,0.0009,,,2.428,2.7108,17.4,moving
2026-09-21T13:09:50.958+09:00,TEST_0005_TEST_P01,TEST_P01,PULL_TEST,,694.9742431640625,60.34988784790039,486.9903564453125,178.58377075195312,-89.75076293945312,-179.9365234375,-4.5115,2.8272,-4.6039,0.8016,-0.0198,0.0036,3.2868,-0.39,-1.2362,0.1794,-0.0045,0.0011,4.5869,2.7098,-4.6,0.8016,-0.0198,0.0036,1.2472,-0.3116,3.2882,0.1794,-0.0045,0.0011,,,3.2868,3.2928,17.4,moving
2026-09-21T13:09:51.014+09:00,TEST_0005_TEST_P01,TEST_P01,PULL_TEST,,694.3921508789062,60.35675048828125,486.9101257324219,178.58444213867188,-89.75724792480469,-179.9339141845703,-4.5115,2.8272,-4.6039,0.8016,-0.0198,0.0036,3.2868,-0.39,-1.2362,0.1794,-0.0045,0.0011,4.5869,2.7098,-4.6,0.8016,-0.0198,0.0036,1.2472,-0.3116,3.2882,0.1794,-0.0045,0.0011,,,3.2868,3.8749,17.4,moving
2026-09-21T13:09:51.072+09:00,TEST_0005_TEST_P01,TEST_P01,PULL_TEST,,693.8211059570312,60.39365005493164,486.8145751953125,178.58758544921875,-89.76483917236328,-179.93447875976562,-3.3071,2.8554,-4.6653,0.8359,-0.0207,0.0036,4.4912,-0.3618,-1.2976,0.2138,-0.0054,0.0011,4.6545,2.7676,-3.3959,0.8359,-0.0207,0.0036,1.3148,-0.2538,4.4923,0.2138,-0.0054,0.0011,,,4.4912,4.4459,17.4,moving
2026-09-21T13:09:51.128+09:00,TEST_0005_TEST_P01,TEST_P01,PULL_TEST,,693.2418823242188,60.436073303222656,486.8504943847656,178.59144592285156,-89.76232147216797,-179.93704223632812,-3.3071,2.8554,-4.6653,0.8359,-0.0207,0.0036,4.4912,-0.3618,-1.2976,0.2138,-0.0054,0.0011,4.6545,2.7676,-3.3959,0.8359,-0.0207,0.0036,1.3148,-0.2538,4.4923,0.2138,-0.0054,0.0011,,,4.4912,5.0251,17.4,moving
2026-09-21T13:09:51.184+09:00,TEST_0005_TEST_P01,TEST_P01,PULL_TEST,,692.6697387695312,60.42879867553711,486.8077087402344,178.5909881591797,-89.76593017578125,-179.93853759765625,-1.4574,3.0267,-5.1676,0.862,-0.0212,0.0036,6.3409,-0.1905,-1.7999,0.2399,-0.0059,0.0011,5.1645,2.9844,-1.5526,0.862,-0.0212,0.0036,1.8248,-0.037,6.3356,0.2399,-0.0059,0.0011,,,6.3409,5.5973,17.4,moving
2026-09-21T13:09:51.239+09:00,TEST_0005_TEST_P01,TEST_P01,PULL_TEST,,692.1221313476562,60.41621398925781,486.7196044921875,178.59002685546875,-89.77310180664062,-179.9384765625,-1.4574,3.0267,-5.1676,0.862,-0.0212,0.0036,6.3409,-0.1905,-1.7999,0.2399,-0.0059,0.0011,5.1645,2.9844,-1.5526,0.862,-0.0212,0.0036,1.8248,-0.037,6.3356,0.2399,-0.0059,0.0011,,,6.3409,6.1449,17.4,moving
2026-09-21T13:09:51.294+09:00,TEST_0005_TEST_P01,TEST_P01,PULL_TEST,,691.5664672851562,60.42091369628906,486.6945495605469,178.5906982421875,-89.77497863769531,-179.94020080566406,-0.9126,3.0162,-5.2701,0.8752,-0.0215,0.0035,6.8858,-0.201,-1.9024,0.253,-0.0063,0.0011,5.2694,2.9871,-1.0076,0.8752,-0.0215,0.0035,1.9297,-0.0343,6.8806,0.253,-0.0063,0.0011,,,6.8858,6.7006,17.4,moving
2026-09-21T13:09:51.350+09:00,TEST_0005_TEST_P01,TEST_P01,PULL_TEST,,690.9948120117188,60.44353103637695,486.72259521484375,178.59255981445312,-89.7725830078125,-179.94334411621094,-0.9126,3.0162,-5.2701,0.8752,-0.0215,0.0035,6.8858,-0.201,-1.9024,0.253,-0.0063,0.0011,5.2694,2.9871,-1.0076,0.8752,-0.0215,0.0035,1.9297,-0.0343,6.8806,0.253,-0.0063,0.0011,,,6.8858,7.2722,17.4,moving
2026-09-21T13:09:51.405+09:00,TEST_0005_TEST_P01,TEST_P01,PULL_TEST,,690.4491577148438,60.47996520996094,486.7043151855469,178.5950927734375,-89.7739028930664,-179.94354248046875,0.56,3.0757,-5.597,0.8958,-0.022,0.0036,8.3583,-0.1415,-2.2293,0.2736,-0.0068,0.0011,5.6019,3.083,0.4622,0.8958,-0.022,0.0036,2.2622,0.0616,8.3503,0.2736,-0.0068,0.0011,,,8.3583,7.8179,17.4,moving
2026-09-21T13:10:09.523+09:00,TEST_0005_TEST_P01,TEST_P01,RELEASE,RETURN_SOFT_GRIP_COMMAND,690.2987670898438,60.494720458984375,486.6971130371094,178.5959930419922,-89.77733612060547,-179.9423065185547,-2.8547,0.5489,-3.4865,0.8582,-0.021,0.0033,0.0,0.0,0.0,0.0,0.0,0.0,3.4758,0.4753,-2.8808,0.8582,-0.021,0.0033,0.0,0.0,0.0,0.0,0.0,0.0,,,,,17.2,holding
2026-09-21T13:10:10.225+09:00,TEST_0005_TEST_P01,TEST_P01,RELEASE,RETURN_SOFT_GRIP_OPEN_REACHED,690.2969970703125,60.49129104614258,486.70233154296875,178.59555053710938,-89.77674865722656,-179.94224548339844,-3.2566,-0.581,-0.7516,0.8353,-0.0205,0.0033,0.0,0.0,0.0,0.0,0.0,0.0,0.7383,-0.6614,-3.2443,0.8353,-0.0205,0.0033,0.0,0.0,0.0,0.0,0.0,0.0,,,,,21.1,moving
